"lemma","poscode","surface"
"iphone se","3","iphone se"
"sony xperia xz","3","sony xperia xz","xperia xz","xperia","xperia","xz","sony xperia"
"lg g5","3","lg g5","g5","g5","lg g5","lgg5"
"oneplus 3","3","oneplus 3","oneplus3"
"htc 10","3","htc 10","htc10"
"motorola moto z","3","motorola moto z","moto z","motoz"
"iphone 7","3","iphone 7","iphone7"
"iphone 7 plus","3","iphone 7 plus","iphone7p","iphone 7+"
"samsung galaxy s7 edge","3","samsung galaxy s7 edge","galaxy s7 edge","s7 edge"
"samsung galaxy s7","3","samsung galaxy s7","galaxy s7","s7"
"iphone","3","iphone","i phone","i-phone"
"samsung galaxy ","3","samsung galaxy","galaxy"
"lg v20","3","lg v20","v20","lgv20"
"lg k10","3","lg k10","k10","lgk10"
"lg v10","3","lg v10","lgv10","v10"
"samsung galaxy s7 active","3","samsung galaxy s7 active","galaxy s7 active","s7 active"
"kyocera duraforce pro","3","kyocera duraforce pro","duraforce pro"
"samsung galaxy s6","3","samsung galaxy s6","galaxy s6","s6"
"lg escape 2","3","lg escape 2","escape 2"
"samsung galaxy s5","3","samsung galaxy s5","galaxy s5","s5"
"lg g vista 2","3","lg g vista 2","g vista 2","vista 2"
"htc one a9","3","htc one a9","htc 1 a9","one a9"
"priv by blackberry","3","priv by blackberry","priv"
"microsoft lumia 950","3","microsoft lumia 950","lumia 950"
"microsoft lumia 640 xl","3","microsoft lumia 640 xl","lumia 640 xl"
"kyocera duraforce","3","kyocera duraforce","duraforce"
"samsung galaxy s6 active ","3","samsung galaxy s6 active","galaxy s6 active","s6 active"
"lg g2 ","3","lg g2","g2"
"kyrocera duraforce xd","3","kyrocera duraforce xd","duraforce xd"
"samsung galaxy 6s edge","3","samsung galaxy 6s edge","galaxy 6s edge","6s edge"
"lg g3 ","3","lg g3","g3"
"htc one (m8) for windows","3","htc one (m8) for windows","htc one m8"," htc one for windows"
"apple ipad","3","apple ipad","ipad","i-pad"
"nec terrain","3","nec terrain","terrain"
"htc first","3","htc first"
"htc desire 610","3","htc desire 610","desire 610","610"
"lg g pad f 8.0","3","lg g pad f 8.0","g pad f 8.0","lg g pad"
"apple ipad pro (9.7 inch)","3","apple ipad pro (9.7 inch)","9.7 inch ipad pro","smaller ipad pro","small ipad pro"
"apple ipad pro (12.9 inch)","3","apple ipad pro (12.9 inch)","12.9 inch ipad pro","larger ipad pro","large ipad pro"
"apple ipad pro","3","apple ipad pro","ipad pro","pro ipad"
"at&t trek 2 hs","3","at&t trek 2 hs","trek 2 hs","2 hs","2hs","trek2hs"
"apple ipad air 2","3","apple ipad air 2","ipad air 2"
"samsung galaxy tab e","3","samsung galaxy tab e","galaxy tab e"
"apple ipad mini 2","3","apple ipad mini 2","ipad mini 2","mini 2"
"samsung galaxy tab 4 8.0 ","3","samsung galaxy tab 4 8.0 ","galaxy tab 4 8.0"
"apple ipad air 2 16 gb","3","apple ipad air 2 16 gb","16 gb ipad air 2"
"at&t trek hd","3","at&t trek hd","trek hd","att trek hd","at t trek hd"
"samsung galaxy tab e","3","samsung galaxy tab e","galaxy tab e"
"apple ipad mini 4","3","apple ipad mini 4","ipad mini 4"
"lg g pad x8.0 ","3","lg g pad x8.0","g pad x8.0"
"asus memo pad 7 lte","3","asus memo pad 7 lte","memo pad 7","memo pad 7 lte"
"lg g pad x 10.1","3","lg g pad x 10.1","g pad x 10.1"
"samsung galaxy view 18.4","3","samsung galaxy view 18.4","galaxy view 18.4"
"apple watch series 2","3","apple watch series 2","apple watch 2"
"apple watch","3","apple watch"
"apple watch nike+","3","apple watch nike+"
"samsung gear s2 classic","3","samsung gear s2 classic","gear 2s classic"
"at&t velocity ","3","at&t velocity","velocity","att velocity","at t velocity"
"samsung gear s2","3","samsung gear s2","gear 2s"
"zte mobley","3","zte mobley"
"at&t beam","3","at&t beam","att beam","at t beam","beam"
"at&t unite explore","3","at&t unite explore","unite explore"
"lg watch urbane 2nd edition lte","3","lg watch urbane 2nd edition lte"
"car connection 2.0 ","3","car connection 2.0"
"galaxy note ","3","galaxy note"
"galaxy note ii","3","galaxy note ii","galaxy note 2","note 2","note two"
"galaxy note 3","3","galaxy note iii","galaxy note 3","note 3","note iii"
"galaxy note 4","3","galaxy note iv","galaxy note 4","note 4","note iv"
"galaxy note edge","3","galaxy note edge","galaxy edge","note edge"
"galaxy note 5","3","galaxy note v","galaxy note 5","note 5","note v"
"galaxy note 7","3","galaxy note 7","galaxy note vii","note 7","nove vii"
"go phone","3","go phone"
