"lemma","poscode","surface"
"wi-fi","3","wi-fi","wifi","wi fi"
"connectivity","3","connectivity"
"web browser","3","web browser","internet","internet connection","web"
"bluetooth","3","bluetooth","OPP","PBAP","A2DP","AVRCP","HID"
"firefox","3","firefox","mozilla firefox"
"internet explorer","3","internet explorer"
"GSM/EDGE","3","GSM/EDGE","GSM","EDGE"
"lte","3","lte"
"4g","3","4g"
"3g","3","3g"
"cdma","3","cdma"
"EV-DO","3","EV-DO"
"UMTS","3","UMTS"
"NFC","3","NFC"
"IDEN","3","IDEN"
"WiMAX","3","WiMAX"
"tethering","3","tethering"
"email","3","email"
"data usage","3","data usage"
"data","3","data"
"online","3","online"
