"lemma","poscode","surface"
"button","3","button","bottons"
"battery","3","battery","batteries"
"charger","3","charger","chargers"
"screen","3","screen","screens"
"phone case","3","phone case"
"casing","3","casing"
"camera","3","camera"
"front-facing camera","3","front-facing camera","frong facing camera","front camera"
"headphone jack","3","headphone jack","headphone jacks"
"graphics","3","graphics","2d graphics","3d graphics"
"keyboard","3","keyboard","keyboards"
"volume control","3","volume control","volume controls"
"touch screen","3","touch screen","touchscreen","touchscreens","touch screens"
"multi touch","3","multi touch"
"sim card","3","sim card"
"sim cards","3","sim cards"
