"lemma","poscode","surface"
"messaging","3","messaging"
"sms","3","sms"
"mms","3","mms"
"facetiming","2","facetiming","face timing"
"video calling","3","video calling","video-calling"
"phone calls","3","phone calls","calls"
"imessage","3","imessage"
"text message","3","text message"
"text messaging","2","text messaging"
"facetime","3","facetime","face time"
"texts","3","texts"
"minutes","3","minutes"
"voice based features","3","voice based features"
"coverage","3","coverage"
"service","3","service"
"voicemail","3","voicemail"
"cell service","3","cell service"
"broadband network","3","broadband network"
"reception","3","reception"
"wireless coverage","3","wireless coverage"
"wireless service","3","wireless service"
"roaming","3","roaming"
"coverage","3","coverage"
"signal","3","signal"
"dropped call","3","dropped call"
"dropped calls","3","dropped calls"
"network","3","network"
