{
  "id" : "0388f8e0-fedb-11e6-adfe-7b21e22b049b-5",
  "name" : "1067c69d8113357543b74e3caebf8a5f.txt",
  "version" : 3,
  "text" : "Adding a Cell Tower\n\nHello,I have 30 acres of property and I am trying to see about having\nAT&amp;T; add a new cell tower on the property. How do I go about this?.\n\n",
  "docLength" : 0,
  "language" : "EN",
  "status" : "READY",
  "modifiedDate" : 1488750982718,
  "documentSet" : [ ],
  "preannotation" : [ "PRE_LW" ],
  "sentences" : [ {
    "id" : "s0",
    "begin" : 0,
    "end" : 19,
    "text" : "Adding a Cell Tower",
    "tokens" : [ {
      "id" : "s0-t0",
      "begin" : 0,
      "end" : 6,
      "text" : "Adding",
      "whiteSpace" : false
    }, {
      "id" : "s0-t1",
      "begin" : 7,
      "end" : 8,
      "text" : "a",
      "whiteSpace" : false
    }, {
      "id" : "s0-t2",
      "begin" : 9,
      "end" : 13,
      "text" : "Cell",
      "whiteSpace" : false
    }, {
      "id" : "s0-t3",
      "begin" : 14,
      "end" : 19,
      "text" : "Tower",
      "whiteSpace" : false
    } ]
  }, {
    "id" : "s1",
    "begin" : 21,
    "end" : 138,
    "text" : "Hello,I have 30 acres of property and I am trying to see about having\nAT&amp;T; add a new cell tower on the property.",
    "tokens" : [ {
      "id" : "s1-t0",
      "begin" : 21,
      "end" : 26,
      "text" : "Hello",
      "whiteSpace" : false
    }, {
      "id" : "s1-t1",
      "begin" : 26,
      "end" : 27,
      "text" : ",",
      "whiteSpace" : false
    }, {
      "id" : "s1-t2",
      "begin" : 27,
      "end" : 28,
      "text" : "I",
      "whiteSpace" : false
    }, {
      "id" : "s1-t3",
      "begin" : 29,
      "end" : 33,
      "text" : "have",
      "whiteSpace" : false
    }, {
      "id" : "s1-t4",
      "begin" : 34,
      "end" : 36,
      "text" : "30",
      "whiteSpace" : false
    }, {
      "id" : "s1-t5",
      "begin" : 37,
      "end" : 42,
      "text" : "acres",
      "whiteSpace" : false
    }, {
      "id" : "s1-t6",
      "begin" : 43,
      "end" : 45,
      "text" : "of",
      "whiteSpace" : false
    }, {
      "id" : "s1-t7",
      "begin" : 46,
      "end" : 54,
      "text" : "property",
      "whiteSpace" : false
    }, {
      "id" : "s1-t8",
      "begin" : 55,
      "end" : 58,
      "text" : "and",
      "whiteSpace" : false
    }, {
      "id" : "s1-t9",
      "begin" : 59,
      "end" : 60,
      "text" : "I",
      "whiteSpace" : false
    }, {
      "id" : "s1-t10",
      "begin" : 61,
      "end" : 63,
      "text" : "am",
      "whiteSpace" : false
    }, {
      "id" : "s1-t11",
      "begin" : 64,
      "end" : 70,
      "text" : "trying",
      "whiteSpace" : false
    }, {
      "id" : "s1-t12",
      "begin" : 71,
      "end" : 73,
      "text" : "to",
      "whiteSpace" : false
    }, {
      "id" : "s1-t13",
      "begin" : 74,
      "end" : 77,
      "text" : "see",
      "whiteSpace" : false
    }, {
      "id" : "s1-t14",
      "begin" : 78,
      "end" : 83,
      "text" : "about",
      "whiteSpace" : false
    }, {
      "id" : "s1-t15",
      "begin" : 84,
      "end" : 90,
      "text" : "having",
      "whiteSpace" : false
    }, {
      "id" : "s1-t16",
      "begin" : 91,
      "end" : 93,
      "text" : "AT",
      "whiteSpace" : false
    }, {
      "id" : "s1-t17",
      "begin" : 93,
      "end" : 98,
      "text" : "&amp;",
      "whiteSpace" : false
    }, {
      "id" : "s1-t18",
      "begin" : 98,
      "end" : 100,
      "text" : "T;",
      "whiteSpace" : false
    }, {
      "id" : "s1-t19",
      "begin" : 101,
      "end" : 104,
      "text" : "add",
      "whiteSpace" : false
    }, {
      "id" : "s1-t20",
      "begin" : 105,
      "end" : 106,
      "text" : "a",
      "whiteSpace" : false
    }, {
      "id" : "s1-t21",
      "begin" : 107,
      "end" : 110,
      "text" : "new",
      "whiteSpace" : false
    }, {
      "id" : "s1-t22",
      "begin" : 111,
      "end" : 115,
      "text" : "cell",
      "whiteSpace" : false
    }, {
      "id" : "s1-t23",
      "begin" : 116,
      "end" : 121,
      "text" : "tower",
      "whiteSpace" : false
    }, {
      "id" : "s1-t24",
      "begin" : 122,
      "end" : 124,
      "text" : "on",
      "whiteSpace" : false
    }, {
      "id" : "s1-t25",
      "begin" : 125,
      "end" : 128,
      "text" : "the",
      "whiteSpace" : false
    }, {
      "id" : "s1-t26",
      "begin" : 129,
      "end" : 137,
      "text" : "property",
      "whiteSpace" : false
    }, {
      "id" : "s1-t27",
      "begin" : 137,
      "end" : 138,
      "text" : ".",
      "whiteSpace" : false
    } ]
  }, {
    "id" : "s2",
    "begin" : 139,
    "end" : 163,
    "text" : "How do I go about this?.",
    "tokens" : [ {
      "id" : "s2-t0",
      "begin" : 139,
      "end" : 142,
      "text" : "How",
      "whiteSpace" : false
    }, {
      "id" : "s2-t1",
      "begin" : 143,
      "end" : 145,
      "text" : "do",
      "whiteSpace" : false
    }, {
      "id" : "s2-t2",
      "begin" : 146,
      "end" : 147,
      "text" : "I",
      "whiteSpace" : false
    }, {
      "id" : "s2-t3",
      "begin" : 148,
      "end" : 150,
      "text" : "go",
      "whiteSpace" : false
    }, {
      "id" : "s2-t4",
      "begin" : 151,
      "end" : 156,
      "text" : "about",
      "whiteSpace" : false
    }, {
      "id" : "s2-t5",
      "begin" : 157,
      "end" : 161,
      "text" : "this",
      "whiteSpace" : false
    }, {
      "id" : "s2-t6",
      "begin" : 161,
      "end" : 162,
      "text" : "?",
      "whiteSpace" : false
    }, {
      "id" : "s2-t7",
      "begin" : 162,
      "end" : 163,
      "text" : ".",
      "whiteSpace" : false
    } ]
  } ],
  "mentions" : [ {
    "id" : "s1-m1",
    "properties" : {
      "SIRE_MENTION_ROLE" : "Service_Provider",
      "SIRE_ENTITY_SUBTYPE" : "NONE",
      "SIRE_MENTION_TYPE" : "NONE",
      "SIRE_MENTION_CLASS" : "SPC"
    },
    "type" : "Service_Provider",
    "begin" : 91,
    "end" : 99,
    "inCoref" : false
  } ],
  "relations" : [ ],
  "corefs" : [ ],
  "typeResolved" : true,
  "userResolved" : false
}