{
  "id" : "0388f8e0-fedb-11e6-adfe-7b21e22b049b-3",
  "name" : "1a4c52b9e9e1ed766d4e704c421cbcc2.txt",
  "version" : 3,
  "text" : "Service outage Colorado\n\nWoke up this morning @8. No cell service so far today.\n\n",
  "docLength" : 0,
  "language" : "EN",
  "status" : "READY",
  "modifiedDate" : 1488750962386,
  "documentSet" : [ ],
  "preannotation" : [ "PRE_LW" ],
  "sentences" : [ {
    "id" : "s0",
    "begin" : 0,
    "end" : 23,
    "text" : "Service outage Colorado",
    "tokens" : [ {
      "id" : "s0-t0",
      "begin" : 0,
      "end" : 7,
      "text" : "Service",
      "whiteSpace" : false
    }, {
      "id" : "s0-t1",
      "begin" : 8,
      "end" : 14,
      "text" : "outage",
      "whiteSpace" : false
    }, {
      "id" : "s0-t2",
      "begin" : 15,
      "end" : 23,
      "text" : "Colorado",
      "whiteSpace" : false
    } ]
  }, {
    "id" : "s1",
    "begin" : 25,
    "end" : 49,
    "text" : "Woke up this morning @8.",
    "tokens" : [ {
      "id" : "s1-t0",
      "begin" : 25,
      "end" : 29,
      "text" : "Woke",
      "whiteSpace" : false
    }, {
      "id" : "s1-t1",
      "begin" : 30,
      "end" : 32,
      "text" : "up",
      "whiteSpace" : false
    }, {
      "id" : "s1-t2",
      "begin" : 33,
      "end" : 37,
      "text" : "this",
      "whiteSpace" : false
    }, {
      "id" : "s1-t3",
      "begin" : 38,
      "end" : 45,
      "text" : "morning",
      "whiteSpace" : false
    }, {
      "id" : "s1-t4",
      "begin" : 46,
      "end" : 48,
      "text" : "@8",
      "whiteSpace" : false
    }, {
      "id" : "s1-t5",
      "begin" : 48,
      "end" : 49,
      "text" : ".",
      "whiteSpace" : false
    } ]
  }, {
    "id" : "s2",
    "begin" : 50,
    "end" : 79,
    "text" : "No cell service so far today.",
    "tokens" : [ {
      "id" : "s2-t0",
      "begin" : 50,
      "end" : 52,
      "text" : "No",
      "whiteSpace" : false
    }, {
      "id" : "s2-t1",
      "begin" : 53,
      "end" : 57,
      "text" : "cell",
      "whiteSpace" : false
    }, {
      "id" : "s2-t2",
      "begin" : 58,
      "end" : 65,
      "text" : "service",
      "whiteSpace" : false
    }, {
      "id" : "s2-t3",
      "begin" : 66,
      "end" : 68,
      "text" : "so",
      "whiteSpace" : false
    }, {
      "id" : "s2-t4",
      "begin" : 69,
      "end" : 72,
      "text" : "far",
      "whiteSpace" : false
    }, {
      "id" : "s2-t5",
      "begin" : 73,
      "end" : 78,
      "text" : "today",
      "whiteSpace" : false
    }, {
      "id" : "s2-t6",
      "begin" : 78,
      "end" : 79,
      "text" : ".",
      "whiteSpace" : false
    } ]
  } ],
  "mentions" : [ {
    "id" : "s0-m2",
    "properties" : {
      "SIRE_MENTION_ROLE" : "Voice_Text",
      "SIRE_ENTITY_SUBTYPE" : "NONE",
      "SIRE_MENTION_TYPE" : "NONE",
      "SIRE_MENTION_CLASS" : "SPC"
    },
    "type" : "Voice_Text",
    "begin" : 0,
    "end" : 7,
    "inCoref" : false
  }, {
    "id" : "s0-m1",
    "properties" : {
      "SIRE_MENTION_ROLE" : "Voice_Text",
      "SIRE_ENTITY_SUBTYPE" : "NONE",
      "SIRE_MENTION_TYPE" : "NONE",
      "SIRE_MENTION_CLASS" : "SPC"
    },
    "type" : "Voice_Text",
    "begin" : 8,
    "end" : 14,
    "inCoref" : false
  }, {
    "id" : "s2-m1",
    "properties" : {
      "SIRE_MENTION_ROLE" : "Voice_Text",
      "SIRE_ENTITY_SUBTYPE" : "NONE",
      "SIRE_MENTION_TYPE" : "NONE",
      "SIRE_MENTION_CLASS" : "SPC"
    },
    "type" : "Voice_Text",
    "begin" : 58,
    "end" : 65,
    "inCoref" : false
  } ],
  "relations" : [ ],
  "corefs" : [ ],
  "typeResolved" : true,
  "userResolved" : false
}