{
  "id" : "0388f8e0-fedb-11e6-adfe-7b21e22b049b-8",
  "name" : "1067c69d8113357543b74e3caec0685f.txt",
  "version" : 3,
  "text" : "wave range\n\nWhat kind of wave range that cellphone use does AT&amp;T; offer?Solved!Go to\nSolution.\n\n",
  "docLength" : 0,
  "language" : "EN",
  "status" : "READY",
  "modifiedDate" : 1488751013723,
  "documentSet" : [ ],
  "preannotation" : [ "PRE_LW" ],
  "sentences" : [ {
    "id" : "s0",
    "begin" : 0,
    "end" : 10,
    "text" : "wave range",
    "tokens" : [ {
      "id" : "s0-t0",
      "begin" : 0,
      "end" : 4,
      "text" : "wave",
      "whiteSpace" : false
    }, {
      "id" : "s0-t1",
      "begin" : 5,
      "end" : 10,
      "text" : "range",
      "whiteSpace" : false
    } ]
  }, {
    "id" : "s1",
    "begin" : 12,
    "end" : 76,
    "text" : "What kind of wave range that cellphone use does AT&amp;T; offer?",
    "tokens" : [ {
      "id" : "s1-t0",
      "begin" : 12,
      "end" : 16,
      "text" : "What",
      "whiteSpace" : false
    }, {
      "id" : "s1-t1",
      "begin" : 17,
      "end" : 21,
      "text" : "kind",
      "whiteSpace" : false
    }, {
      "id" : "s1-t2",
      "begin" : 22,
      "end" : 24,
      "text" : "of",
      "whiteSpace" : false
    }, {
      "id" : "s1-t3",
      "begin" : 25,
      "end" : 29,
      "text" : "wave",
      "whiteSpace" : false
    }, {
      "id" : "s1-t4",
      "begin" : 30,
      "end" : 35,
      "text" : "range",
      "whiteSpace" : false
    }, {
      "id" : "s1-t5",
      "begin" : 36,
      "end" : 40,
      "text" : "that",
      "whiteSpace" : false
    }, {
      "id" : "s1-t6",
      "begin" : 41,
      "end" : 50,
      "text" : "cellphone",
      "whiteSpace" : false
    }, {
      "id" : "s1-t7",
      "begin" : 51,
      "end" : 54,
      "text" : "use",
      "whiteSpace" : false
    }, {
      "id" : "s1-t8",
      "begin" : 55,
      "end" : 59,
      "text" : "does",
      "whiteSpace" : false
    }, {
      "id" : "s1-t9",
      "begin" : 60,
      "end" : 62,
      "text" : "AT",
      "whiteSpace" : false
    }, {
      "id" : "s1-t10",
      "begin" : 62,
      "end" : 67,
      "text" : "&amp;",
      "whiteSpace" : false
    }, {
      "id" : "s1-t11",
      "begin" : 67,
      "end" : 69,
      "text" : "T;",
      "whiteSpace" : false
    }, {
      "id" : "s1-t12",
      "begin" : 70,
      "end" : 75,
      "text" : "offer",
      "whiteSpace" : false
    }, {
      "id" : "s1-t13",
      "begin" : 75,
      "end" : 76,
      "text" : "?",
      "whiteSpace" : false
    } ]
  }, {
    "id" : "s2",
    "begin" : 76,
    "end" : 98,
    "text" : "Solved!Go to\nSolution.",
    "tokens" : [ {
      "id" : "s2-t0",
      "begin" : 76,
      "end" : 83,
      "text" : "Solved!",
      "whiteSpace" : false
    }, {
      "id" : "s2-t1",
      "begin" : 83,
      "end" : 85,
      "text" : "Go",
      "whiteSpace" : false
    }, {
      "id" : "s2-t2",
      "begin" : 86,
      "end" : 88,
      "text" : "to",
      "whiteSpace" : false
    }, {
      "id" : "s2-t3",
      "begin" : 89,
      "end" : 97,
      "text" : "Solution",
      "whiteSpace" : false
    }, {
      "id" : "s2-t4",
      "begin" : 97,
      "end" : 98,
      "text" : ".",
      "whiteSpace" : false
    } ]
  } ],
  "mentions" : [ {
    "id" : "s1-m1",
    "properties" : {
      "SIRE_MENTION_ROLE" : "Service_Provider",
      "SIRE_ENTITY_SUBTYPE" : "NONE",
      "SIRE_MENTION_TYPE" : "NONE",
      "SIRE_MENTION_CLASS" : "SPC"
    },
    "type" : "Service_Provider",
    "begin" : 60,
    "end" : 68,
    "inCoref" : false
  } ],
  "relations" : [ ],
  "corefs" : [ ],
  "typeResolved" : true,
  "userResolved" : false
}