{
  "id" : "0a567200-fed7-11e6-a612-ff9c6742bb13-5",
  "name" : "159f2d7b63f76ef7d222dce9798d99ca.txt",
  "version" : 3,
  "text" : "Billing issues\n\nI am so frustrated and upset. Every month for the past six months I have had\nto call in, sit online for over an hour, talk to multiple people, and after\nabout two hours finally get some service that I need. My bill is corrected and\nthe deductions are taken off. I've also been told for time for my troubles\nthat I would be issued a visa card with the hundred dollars on them. Have not\nseen one. And again this month, my bill is that to the original problem. I do\nnot want to spend another day and three hours of my time trying this issue\nagain please... HELP\n\n",
  "docLength" : 0,
  "language" : "EN",
  "status" : "READY",
  "modifiedDate" : 1488746310898,
  "documentSet" : [ ],
  "preannotation" : [ "PRE_LW" ],
  "sentences" : [ {
    "id" : "s0",
    "begin" : 0,
    "end" : 14,
    "text" : "Billing issues",
    "tokens" : [ {
      "id" : "s0-t0",
      "begin" : 0,
      "end" : 7,
      "text" : "Billing",
      "whiteSpace" : false
    }, {
      "id" : "s0-t1",
      "begin" : 8,
      "end" : 14,
      "text" : "issues",
      "whiteSpace" : false
    } ]
  }, {
    "id" : "s1",
    "begin" : 16,
    "end" : 45,
    "text" : "I am so frustrated and upset.",
    "tokens" : [ {
      "id" : "s1-t0",
      "begin" : 16,
      "end" : 17,
      "text" : "I",
      "whiteSpace" : false
    }, {
      "id" : "s1-t1",
      "begin" : 18,
      "end" : 20,
      "text" : "am",
      "whiteSpace" : false
    }, {
      "id" : "s1-t2",
      "begin" : 21,
      "end" : 23,
      "text" : "so",
      "whiteSpace" : false
    }, {
      "id" : "s1-t3",
      "begin" : 24,
      "end" : 34,
      "text" : "frustrated",
      "whiteSpace" : false
    }, {
      "id" : "s1-t4",
      "begin" : 35,
      "end" : 38,
      "text" : "and",
      "whiteSpace" : false
    }, {
      "id" : "s1-t5",
      "begin" : 39,
      "end" : 44,
      "text" : "upset",
      "whiteSpace" : false
    }, {
      "id" : "s1-t6",
      "begin" : 44,
      "end" : 45,
      "text" : ".",
      "whiteSpace" : false
    } ]
  }, {
    "id" : "s2",
    "begin" : 46,
    "end" : 222,
    "text" : "Every month for the past six months I have had\nto call in, sit online for over an hour, talk to multiple people, and after\nabout two hours finally get some service that I need.",
    "tokens" : [ {
      "id" : "s2-t0",
      "begin" : 46,
      "end" : 51,
      "text" : "Every",
      "whiteSpace" : false
    }, {
      "id" : "s2-t1",
      "begin" : 52,
      "end" : 57,
      "text" : "month",
      "whiteSpace" : false
    }, {
      "id" : "s2-t2",
      "begin" : 58,
      "end" : 61,
      "text" : "for",
      "whiteSpace" : false
    }, {
      "id" : "s2-t3",
      "begin" : 62,
      "end" : 65,
      "text" : "the",
      "whiteSpace" : false
    }, {
      "id" : "s2-t4",
      "begin" : 66,
      "end" : 70,
      "text" : "past",
      "whiteSpace" : false
    }, {
      "id" : "s2-t5",
      "begin" : 71,
      "end" : 74,
      "text" : "six",
      "whiteSpace" : false
    }, {
      "id" : "s2-t6",
      "begin" : 75,
      "end" : 81,
      "text" : "months",
      "whiteSpace" : false
    }, {
      "id" : "s2-t7",
      "begin" : 82,
      "end" : 83,
      "text" : "I",
      "whiteSpace" : false
    }, {
      "id" : "s2-t8",
      "begin" : 84,
      "end" : 88,
      "text" : "have",
      "whiteSpace" : false
    }, {
      "id" : "s2-t9",
      "begin" : 89,
      "end" : 92,
      "text" : "had",
      "whiteSpace" : false
    }, {
      "id" : "s2-t10",
      "begin" : 93,
      "end" : 95,
      "text" : "to",
      "whiteSpace" : false
    }, {
      "id" : "s2-t11",
      "begin" : 96,
      "end" : 100,
      "text" : "call",
      "whiteSpace" : false
    }, {
      "id" : "s2-t12",
      "begin" : 101,
      "end" : 103,
      "text" : "in",
      "whiteSpace" : false
    }, {
      "id" : "s2-t13",
      "begin" : 103,
      "end" : 104,
      "text" : ",",
      "whiteSpace" : false
    }, {
      "id" : "s2-t14",
      "begin" : 105,
      "end" : 108,
      "text" : "sit",
      "whiteSpace" : false
    }, {
      "id" : "s2-t15",
      "begin" : 109,
      "end" : 115,
      "text" : "online",
      "whiteSpace" : false
    }, {
      "id" : "s2-t16",
      "begin" : 116,
      "end" : 119,
      "text" : "for",
      "whiteSpace" : false
    }, {
      "id" : "s2-t17",
      "begin" : 120,
      "end" : 124,
      "text" : "over",
      "whiteSpace" : false
    }, {
      "id" : "s2-t18",
      "begin" : 125,
      "end" : 127,
      "text" : "an",
      "whiteSpace" : false
    }, {
      "id" : "s2-t19",
      "begin" : 128,
      "end" : 132,
      "text" : "hour",
      "whiteSpace" : false
    }, {
      "id" : "s2-t20",
      "begin" : 132,
      "end" : 133,
      "text" : ",",
      "whiteSpace" : false
    }, {
      "id" : "s2-t21",
      "begin" : 134,
      "end" : 138,
      "text" : "talk",
      "whiteSpace" : false
    }, {
      "id" : "s2-t22",
      "begin" : 139,
      "end" : 141,
      "text" : "to",
      "whiteSpace" : false
    }, {
      "id" : "s2-t23",
      "begin" : 142,
      "end" : 150,
      "text" : "multiple",
      "whiteSpace" : false
    }, {
      "id" : "s2-t24",
      "begin" : 151,
      "end" : 157,
      "text" : "people",
      "whiteSpace" : false
    }, {
      "id" : "s2-t25",
      "begin" : 157,
      "end" : 158,
      "text" : ",",
      "whiteSpace" : false
    }, {
      "id" : "s2-t26",
      "begin" : 159,
      "end" : 162,
      "text" : "and",
      "whiteSpace" : false
    }, {
      "id" : "s2-t27",
      "begin" : 163,
      "end" : 168,
      "text" : "after",
      "whiteSpace" : false
    }, {
      "id" : "s2-t28",
      "begin" : 169,
      "end" : 174,
      "text" : "about",
      "whiteSpace" : false
    }, {
      "id" : "s2-t29",
      "begin" : 175,
      "end" : 178,
      "text" : "two",
      "whiteSpace" : false
    }, {
      "id" : "s2-t30",
      "begin" : 179,
      "end" : 184,
      "text" : "hours",
      "whiteSpace" : false
    }, {
      "id" : "s2-t31",
      "begin" : 185,
      "end" : 192,
      "text" : "finally",
      "whiteSpace" : false
    }, {
      "id" : "s2-t32",
      "begin" : 193,
      "end" : 196,
      "text" : "get",
      "whiteSpace" : false
    }, {
      "id" : "s2-t33",
      "begin" : 197,
      "end" : 201,
      "text" : "some",
      "whiteSpace" : false
    }, {
      "id" : "s2-t34",
      "begin" : 202,
      "end" : 209,
      "text" : "service",
      "whiteSpace" : false
    }, {
      "id" : "s2-t35",
      "begin" : 210,
      "end" : 214,
      "text" : "that",
      "whiteSpace" : false
    }, {
      "id" : "s2-t36",
      "begin" : 215,
      "end" : 216,
      "text" : "I",
      "whiteSpace" : false
    }, {
      "id" : "s2-t37",
      "begin" : 217,
      "end" : 221,
      "text" : "need",
      "whiteSpace" : false
    }, {
      "id" : "s2-t38",
      "begin" : 221,
      "end" : 222,
      "text" : ".",
      "whiteSpace" : false
    } ]
  }, {
    "id" : "s3",
    "begin" : 223,
    "end" : 277,
    "text" : "My bill is corrected and\nthe deductions are taken off.",
    "tokens" : [ {
      "id" : "s3-t0",
      "begin" : 223,
      "end" : 225,
      "text" : "My",
      "whiteSpace" : false
    }, {
      "id" : "s3-t1",
      "begin" : 226,
      "end" : 230,
      "text" : "bill",
      "whiteSpace" : false
    }, {
      "id" : "s3-t2",
      "begin" : 231,
      "end" : 233,
      "text" : "is",
      "whiteSpace" : false
    }, {
      "id" : "s3-t3",
      "begin" : 234,
      "end" : 243,
      "text" : "corrected",
      "whiteSpace" : false
    }, {
      "id" : "s3-t4",
      "begin" : 244,
      "end" : 247,
      "text" : "and",
      "whiteSpace" : false
    }, {
      "id" : "s3-t5",
      "begin" : 248,
      "end" : 251,
      "text" : "the",
      "whiteSpace" : false
    }, {
      "id" : "s3-t6",
      "begin" : 252,
      "end" : 262,
      "text" : "deductions",
      "whiteSpace" : false
    }, {
      "id" : "s3-t7",
      "begin" : 263,
      "end" : 266,
      "text" : "are",
      "whiteSpace" : false
    }, {
      "id" : "s3-t8",
      "begin" : 267,
      "end" : 272,
      "text" : "taken",
      "whiteSpace" : false
    }, {
      "id" : "s3-t9",
      "begin" : 273,
      "end" : 276,
      "text" : "off",
      "whiteSpace" : false
    }, {
      "id" : "s3-t10",
      "begin" : 276,
      "end" : 277,
      "text" : ".",
      "whiteSpace" : false
    } ]
  }, {
    "id" : "s4",
    "begin" : 278,
    "end" : 391,
    "text" : "I've also been told for time for my troubles\nthat I would be issued a visa card with the hundred dollars on them.",
    "tokens" : [ {
      "id" : "s4-t0",
      "begin" : 278,
      "end" : 279,
      "text" : "I",
      "whiteSpace" : false
    }, {
      "id" : "s4-t1",
      "begin" : 279,
      "end" : 282,
      "text" : "'ve",
      "whiteSpace" : false
    }, {
      "id" : "s4-t2",
      "begin" : 283,
      "end" : 287,
      "text" : "also",
      "whiteSpace" : false
    }, {
      "id" : "s4-t3",
      "begin" : 288,
      "end" : 292,
      "text" : "been",
      "whiteSpace" : false
    }, {
      "id" : "s4-t4",
      "begin" : 293,
      "end" : 297,
      "text" : "told",
      "whiteSpace" : false
    }, {
      "id" : "s4-t5",
      "begin" : 298,
      "end" : 301,
      "text" : "for",
      "whiteSpace" : false
    }, {
      "id" : "s4-t6",
      "begin" : 302,
      "end" : 306,
      "text" : "time",
      "whiteSpace" : false
    }, {
      "id" : "s4-t7",
      "begin" : 307,
      "end" : 310,
      "text" : "for",
      "whiteSpace" : false
    }, {
      "id" : "s4-t8",
      "begin" : 311,
      "end" : 313,
      "text" : "my",
      "whiteSpace" : false
    }, {
      "id" : "s4-t9",
      "begin" : 314,
      "end" : 322,
      "text" : "troubles",
      "whiteSpace" : false
    }, {
      "id" : "s4-t10",
      "begin" : 323,
      "end" : 327,
      "text" : "that",
      "whiteSpace" : false
    }, {
      "id" : "s4-t11",
      "begin" : 328,
      "end" : 329,
      "text" : "I",
      "whiteSpace" : false
    }, {
      "id" : "s4-t12",
      "begin" : 330,
      "end" : 335,
      "text" : "would",
      "whiteSpace" : false
    }, {
      "id" : "s4-t13",
      "begin" : 336,
      "end" : 338,
      "text" : "be",
      "whiteSpace" : false
    }, {
      "id" : "s4-t14",
      "begin" : 339,
      "end" : 345,
      "text" : "issued",
      "whiteSpace" : false
    }, {
      "id" : "s4-t15",
      "begin" : 346,
      "end" : 347,
      "text" : "a",
      "whiteSpace" : false
    }, {
      "id" : "s4-t16",
      "begin" : 348,
      "end" : 352,
      "text" : "visa",
      "whiteSpace" : false
    }, {
      "id" : "s4-t17",
      "begin" : 353,
      "end" : 357,
      "text" : "card",
      "whiteSpace" : false
    }, {
      "id" : "s4-t18",
      "begin" : 358,
      "end" : 362,
      "text" : "with",
      "whiteSpace" : false
    }, {
      "id" : "s4-t19",
      "begin" : 363,
      "end" : 366,
      "text" : "the",
      "whiteSpace" : false
    }, {
      "id" : "s4-t20",
      "begin" : 367,
      "end" : 374,
      "text" : "hundred",
      "whiteSpace" : false
    }, {
      "id" : "s4-t21",
      "begin" : 375,
      "end" : 382,
      "text" : "dollars",
      "whiteSpace" : false
    }, {
      "id" : "s4-t22",
      "begin" : 383,
      "end" : 385,
      "text" : "on",
      "whiteSpace" : false
    }, {
      "id" : "s4-t23",
      "begin" : 386,
      "end" : 390,
      "text" : "them",
      "whiteSpace" : false
    }, {
      "id" : "s4-t24",
      "begin" : 390,
      "end" : 391,
      "text" : ".",
      "whiteSpace" : false
    } ]
  }, {
    "id" : "s5",
    "begin" : 392,
    "end" : 410,
    "text" : "Have not\nseen one.",
    "tokens" : [ {
      "id" : "s5-t0",
      "begin" : 392,
      "end" : 396,
      "text" : "Have",
      "whiteSpace" : false
    }, {
      "id" : "s5-t1",
      "begin" : 397,
      "end" : 400,
      "text" : "not",
      "whiteSpace" : false
    }, {
      "id" : "s5-t2",
      "begin" : 401,
      "end" : 405,
      "text" : "seen",
      "whiteSpace" : false
    }, {
      "id" : "s5-t3",
      "begin" : 406,
      "end" : 409,
      "text" : "one",
      "whiteSpace" : false
    }, {
      "id" : "s5-t4",
      "begin" : 409,
      "end" : 410,
      "text" : ".",
      "whiteSpace" : false
    } ]
  }, {
    "id" : "s6",
    "begin" : 411,
    "end" : 473,
    "text" : "And again this month, my bill is that to the original problem.",
    "tokens" : [ {
      "id" : "s6-t0",
      "begin" : 411,
      "end" : 414,
      "text" : "And",
      "whiteSpace" : false
    }, {
      "id" : "s6-t1",
      "begin" : 415,
      "end" : 420,
      "text" : "again",
      "whiteSpace" : false
    }, {
      "id" : "s6-t2",
      "begin" : 421,
      "end" : 425,
      "text" : "this",
      "whiteSpace" : false
    }, {
      "id" : "s6-t3",
      "begin" : 426,
      "end" : 431,
      "text" : "month",
      "whiteSpace" : false
    }, {
      "id" : "s6-t4",
      "begin" : 431,
      "end" : 432,
      "text" : ",",
      "whiteSpace" : false
    }, {
      "id" : "s6-t5",
      "begin" : 433,
      "end" : 435,
      "text" : "my",
      "whiteSpace" : false
    }, {
      "id" : "s6-t6",
      "begin" : 436,
      "end" : 440,
      "text" : "bill",
      "whiteSpace" : false
    }, {
      "id" : "s6-t7",
      "begin" : 441,
      "end" : 443,
      "text" : "is",
      "whiteSpace" : false
    }, {
      "id" : "s6-t8",
      "begin" : 444,
      "end" : 448,
      "text" : "that",
      "whiteSpace" : false
    }, {
      "id" : "s6-t9",
      "begin" : 449,
      "end" : 451,
      "text" : "to",
      "whiteSpace" : false
    }, {
      "id" : "s6-t10",
      "begin" : 452,
      "end" : 455,
      "text" : "the",
      "whiteSpace" : false
    }, {
      "id" : "s6-t11",
      "begin" : 456,
      "end" : 464,
      "text" : "original",
      "whiteSpace" : false
    }, {
      "id" : "s6-t12",
      "begin" : 465,
      "end" : 472,
      "text" : "problem",
      "whiteSpace" : false
    }, {
      "id" : "s6-t13",
      "begin" : 472,
      "end" : 473,
      "text" : ".",
      "whiteSpace" : false
    } ]
  }, {
    "id" : "s7",
    "begin" : 474,
    "end" : 574,
    "text" : "I do\nnot want to spend another day and three hours of my time trying this issue\nagain please... HELP",
    "tokens" : [ {
      "id" : "s7-t0",
      "begin" : 474,
      "end" : 475,
      "text" : "I",
      "whiteSpace" : false
    }, {
      "id" : "s7-t1",
      "begin" : 476,
      "end" : 478,
      "text" : "do",
      "whiteSpace" : false
    }, {
      "id" : "s7-t2",
      "begin" : 479,
      "end" : 482,
      "text" : "not",
      "whiteSpace" : false
    }, {
      "id" : "s7-t3",
      "begin" : 483,
      "end" : 487,
      "text" : "want",
      "whiteSpace" : false
    }, {
      "id" : "s7-t4",
      "begin" : 488,
      "end" : 490,
      "text" : "to",
      "whiteSpace" : false
    }, {
      "id" : "s7-t5",
      "begin" : 491,
      "end" : 496,
      "text" : "spend",
      "whiteSpace" : false
    }, {
      "id" : "s7-t6",
      "begin" : 497,
      "end" : 504,
      "text" : "another",
      "whiteSpace" : false
    }, {
      "id" : "s7-t7",
      "begin" : 505,
      "end" : 508,
      "text" : "day",
      "whiteSpace" : false
    }, {
      "id" : "s7-t8",
      "begin" : 509,
      "end" : 512,
      "text" : "and",
      "whiteSpace" : false
    }, {
      "id" : "s7-t9",
      "begin" : 513,
      "end" : 518,
      "text" : "three",
      "whiteSpace" : false
    }, {
      "id" : "s7-t10",
      "begin" : 519,
      "end" : 524,
      "text" : "hours",
      "whiteSpace" : false
    }, {
      "id" : "s7-t11",
      "begin" : 525,
      "end" : 527,
      "text" : "of",
      "whiteSpace" : false
    }, {
      "id" : "s7-t12",
      "begin" : 528,
      "end" : 530,
      "text" : "my",
      "whiteSpace" : false
    }, {
      "id" : "s7-t13",
      "begin" : 531,
      "end" : 535,
      "text" : "time",
      "whiteSpace" : false
    }, {
      "id" : "s7-t14",
      "begin" : 536,
      "end" : 542,
      "text" : "trying",
      "whiteSpace" : false
    }, {
      "id" : "s7-t15",
      "begin" : 543,
      "end" : 547,
      "text" : "this",
      "whiteSpace" : false
    }, {
      "id" : "s7-t16",
      "begin" : 548,
      "end" : 553,
      "text" : "issue",
      "whiteSpace" : false
    }, {
      "id" : "s7-t17",
      "begin" : 554,
      "end" : 559,
      "text" : "again",
      "whiteSpace" : false
    }, {
      "id" : "s7-t18",
      "begin" : 560,
      "end" : 566,
      "text" : "please",
      "whiteSpace" : false
    }, {
      "id" : "s7-t19",
      "begin" : 566,
      "end" : 569,
      "text" : "...",
      "whiteSpace" : false
    }, {
      "id" : "s7-t20",
      "begin" : 570,
      "end" : 574,
      "text" : "HELP",
      "whiteSpace" : false
    } ]
  } ],
  "mentions" : [ ],
  "relations" : [ ],
  "corefs" : [ ],
  "typeResolved" : true,
  "userResolved" : false
}