{
  "id" : "0a567200-fed7-11e6-a612-ff9c6742bb13-2",
  "name" : "159f2d7b63f76ef7d222dce979ad580f.txt",
  "version" : 3,
  "text" : "At&amp;t; giving me the run around over $25 a month.\n\nI have been an At&amp;t; customer for over 5 years on a family plan with my\nparents. Recently, I was finally eligible to upgrade my phone and did so.\nAbout a week prior to this, my parents decided to take advantage of the new\npricing plans and switched us all to the 10GB data plan for 5 phones. Saved us\nall some money so yeah! Then comes a week later and I am the first eligible to\nupgrade. I did gladly as I always did via online after the 2 years and\nresigned the new contract. Prior to this I had spoken online and on the phone\nwith several customer service agents as I compared phones. Finally decided on\none and was happy. Until we got out next bill. From the switch my parents\nmade, all our data plans should have been $15 a month. Mine was still $40.\nWhen she called to inquire about it, she was told that I had changed my plan\nby upgrading my phone and there fore was not eligible. We both went back and\nforth with various customer service agents from online chat, phone, FB and\ntwitter. We got a few refunds and credits, but still to this day I am the only\none who has to pay the $40 dollars a month. My father upgraded recently and\ntalked ot someone at a retail store...decided to go with the Next plan.\nMentioned my issue and he was told that if i had sent the phone back within 14\ndays and chosen the next plan, I would have been eligible for hte $15 data\nplan and $25 savings a month. Never once was this mentioned to me when I was\ntalking to anyone in the time after I got the phone nor after we got hte bill.\nI have been talked down too, told I should have read the contract more\ncarfully and what not. I feel like I have been abused and that no one cares.\nThis is $25 a month we are talking. To me that is a lot of money. I wish there\nis something that could be done about this other than a credit one month which\nonly helps that month. Every other month I still have to pay the extra. I\nfigure i wont hear form anyone or if I do, once agian I will get hte run\naround or told I am stupid like one agent said.\n\n",
  "docLength" : 0,
  "language" : "EN",
  "status" : "READY",
  "modifiedDate" : 1488746205697,
  "documentSet" : [ ],
  "preannotation" : [ "PRE_LW" ],
  "sentences" : [ {
    "id" : "s0",
    "begin" : 0,
    "end" : 52,
    "text" : "At&amp;t; giving me the run around over $25 a month.",
    "tokens" : [ {
      "id" : "s0-t0",
      "begin" : 0,
      "end" : 2,
      "text" : "At",
      "whiteSpace" : false
    }, {
      "id" : "s0-t1",
      "begin" : 2,
      "end" : 7,
      "text" : "&amp;",
      "whiteSpace" : false
    }, {
      "id" : "s0-t2",
      "begin" : 7,
      "end" : 9,
      "text" : "t;",
      "whiteSpace" : false
    }, {
      "id" : "s0-t3",
      "begin" : 10,
      "end" : 16,
      "text" : "giving",
      "whiteSpace" : false
    }, {
      "id" : "s0-t4",
      "begin" : 17,
      "end" : 19,
      "text" : "me",
      "whiteSpace" : false
    }, {
      "id" : "s0-t5",
      "begin" : 20,
      "end" : 23,
      "text" : "the",
      "whiteSpace" : false
    }, {
      "id" : "s0-t6",
      "begin" : 24,
      "end" : 27,
      "text" : "run",
      "whiteSpace" : false
    }, {
      "id" : "s0-t7",
      "begin" : 28,
      "end" : 34,
      "text" : "around",
      "whiteSpace" : false
    }, {
      "id" : "s0-t8",
      "begin" : 35,
      "end" : 39,
      "text" : "over",
      "whiteSpace" : false
    }, {
      "id" : "s0-t9",
      "begin" : 40,
      "end" : 41,
      "text" : "$",
      "whiteSpace" : false
    }, {
      "id" : "s0-t10",
      "begin" : 41,
      "end" : 43,
      "text" : "25",
      "whiteSpace" : false
    }, {
      "id" : "s0-t11",
      "begin" : 44,
      "end" : 45,
      "text" : "a",
      "whiteSpace" : false
    }, {
      "id" : "s0-t12",
      "begin" : 46,
      "end" : 51,
      "text" : "month",
      "whiteSpace" : false
    }, {
      "id" : "s0-t13",
      "begin" : 51,
      "end" : 52,
      "text" : ".",
      "whiteSpace" : false
    } ]
  }, {
    "id" : "s1",
    "begin" : 54,
    "end" : 138,
    "text" : "I have been an At&amp;t; customer for over 5 years on a family plan with my\nparents.",
    "tokens" : [ {
      "id" : "s1-t0",
      "begin" : 54,
      "end" : 55,
      "text" : "I",
      "whiteSpace" : false
    }, {
      "id" : "s1-t1",
      "begin" : 56,
      "end" : 60,
      "text" : "have",
      "whiteSpace" : false
    }, {
      "id" : "s1-t2",
      "begin" : 61,
      "end" : 65,
      "text" : "been",
      "whiteSpace" : false
    }, {
      "id" : "s1-t3",
      "begin" : 66,
      "end" : 68,
      "text" : "an",
      "whiteSpace" : false
    }, {
      "id" : "s1-t4",
      "begin" : 69,
      "end" : 71,
      "text" : "At",
      "whiteSpace" : false
    }, {
      "id" : "s1-t5",
      "begin" : 71,
      "end" : 76,
      "text" : "&amp;",
      "whiteSpace" : false
    }, {
      "id" : "s1-t6",
      "begin" : 76,
      "end" : 78,
      "text" : "t;",
      "whiteSpace" : false
    }, {
      "id" : "s1-t7",
      "begin" : 79,
      "end" : 87,
      "text" : "customer",
      "whiteSpace" : false
    }, {
      "id" : "s1-t8",
      "begin" : 88,
      "end" : 91,
      "text" : "for",
      "whiteSpace" : false
    }, {
      "id" : "s1-t9",
      "begin" : 92,
      "end" : 96,
      "text" : "over",
      "whiteSpace" : false
    }, {
      "id" : "s1-t10",
      "begin" : 97,
      "end" : 98,
      "text" : "5",
      "whiteSpace" : false
    }, {
      "id" : "s1-t11",
      "begin" : 99,
      "end" : 104,
      "text" : "years",
      "whiteSpace" : false
    }, {
      "id" : "s1-t12",
      "begin" : 105,
      "end" : 107,
      "text" : "on",
      "whiteSpace" : false
    }, {
      "id" : "s1-t13",
      "begin" : 108,
      "end" : 109,
      "text" : "a",
      "whiteSpace" : false
    }, {
      "id" : "s1-t14",
      "begin" : 110,
      "end" : 116,
      "text" : "family",
      "whiteSpace" : false
    }, {
      "id" : "s1-t15",
      "begin" : 117,
      "end" : 121,
      "text" : "plan",
      "whiteSpace" : false
    }, {
      "id" : "s1-t16",
      "begin" : 122,
      "end" : 126,
      "text" : "with",
      "whiteSpace" : false
    }, {
      "id" : "s1-t17",
      "begin" : 127,
      "end" : 129,
      "text" : "my",
      "whiteSpace" : false
    }, {
      "id" : "s1-t18",
      "begin" : 130,
      "end" : 137,
      "text" : "parents",
      "whiteSpace" : false
    }, {
      "id" : "s1-t19",
      "begin" : 137,
      "end" : 138,
      "text" : ".",
      "whiteSpace" : false
    } ]
  }, {
    "id" : "s2",
    "begin" : 139,
    "end" : 203,
    "text" : "Recently, I was finally eligible to upgrade my phone and did so.",
    "tokens" : [ {
      "id" : "s2-t0",
      "begin" : 139,
      "end" : 147,
      "text" : "Recently",
      "whiteSpace" : false
    }, {
      "id" : "s2-t1",
      "begin" : 147,
      "end" : 148,
      "text" : ",",
      "whiteSpace" : false
    }, {
      "id" : "s2-t2",
      "begin" : 149,
      "end" : 150,
      "text" : "I",
      "whiteSpace" : false
    }, {
      "id" : "s2-t3",
      "begin" : 151,
      "end" : 154,
      "text" : "was",
      "whiteSpace" : false
    }, {
      "id" : "s2-t4",
      "begin" : 155,
      "end" : 162,
      "text" : "finally",
      "whiteSpace" : false
    }, {
      "id" : "s2-t5",
      "begin" : 163,
      "end" : 171,
      "text" : "eligible",
      "whiteSpace" : false
    }, {
      "id" : "s2-t6",
      "begin" : 172,
      "end" : 174,
      "text" : "to",
      "whiteSpace" : false
    }, {
      "id" : "s2-t7",
      "begin" : 175,
      "end" : 182,
      "text" : "upgrade",
      "whiteSpace" : false
    }, {
      "id" : "s2-t8",
      "begin" : 183,
      "end" : 185,
      "text" : "my",
      "whiteSpace" : false
    }, {
      "id" : "s2-t9",
      "begin" : 186,
      "end" : 191,
      "text" : "phone",
      "whiteSpace" : false
    }, {
      "id" : "s2-t10",
      "begin" : 192,
      "end" : 195,
      "text" : "and",
      "whiteSpace" : false
    }, {
      "id" : "s2-t11",
      "begin" : 196,
      "end" : 199,
      "text" : "did",
      "whiteSpace" : false
    }, {
      "id" : "s2-t12",
      "begin" : 200,
      "end" : 202,
      "text" : "so",
      "whiteSpace" : false
    }, {
      "id" : "s2-t13",
      "begin" : 202,
      "end" : 203,
      "text" : ".",
      "whiteSpace" : false
    } ]
  }, {
    "id" : "s3",
    "begin" : 204,
    "end" : 349,
    "text" : "About a week prior to this, my parents decided to take advantage of the new\npricing plans and switched us all to the 10GB data plan for 5 phones.",
    "tokens" : [ {
      "id" : "s3-t0",
      "begin" : 204,
      "end" : 209,
      "text" : "About",
      "whiteSpace" : false
    }, {
      "id" : "s3-t1",
      "begin" : 210,
      "end" : 211,
      "text" : "a",
      "whiteSpace" : false
    }, {
      "id" : "s3-t2",
      "begin" : 212,
      "end" : 216,
      "text" : "week",
      "whiteSpace" : false
    }, {
      "id" : "s3-t3",
      "begin" : 217,
      "end" : 222,
      "text" : "prior",
      "whiteSpace" : false
    }, {
      "id" : "s3-t4",
      "begin" : 223,
      "end" : 225,
      "text" : "to",
      "whiteSpace" : false
    }, {
      "id" : "s3-t5",
      "begin" : 226,
      "end" : 230,
      "text" : "this",
      "whiteSpace" : false
    }, {
      "id" : "s3-t6",
      "begin" : 230,
      "end" : 231,
      "text" : ",",
      "whiteSpace" : false
    }, {
      "id" : "s3-t7",
      "begin" : 232,
      "end" : 234,
      "text" : "my",
      "whiteSpace" : false
    }, {
      "id" : "s3-t8",
      "begin" : 235,
      "end" : 242,
      "text" : "parents",
      "whiteSpace" : false
    }, {
      "id" : "s3-t9",
      "begin" : 243,
      "end" : 250,
      "text" : "decided",
      "whiteSpace" : false
    }, {
      "id" : "s3-t10",
      "begin" : 251,
      "end" : 253,
      "text" : "to",
      "whiteSpace" : false
    }, {
      "id" : "s3-t11",
      "begin" : 254,
      "end" : 258,
      "text" : "take",
      "whiteSpace" : false
    }, {
      "id" : "s3-t12",
      "begin" : 259,
      "end" : 268,
      "text" : "advantage",
      "whiteSpace" : false
    }, {
      "id" : "s3-t13",
      "begin" : 269,
      "end" : 271,
      "text" : "of",
      "whiteSpace" : false
    }, {
      "id" : "s3-t14",
      "begin" : 272,
      "end" : 275,
      "text" : "the",
      "whiteSpace" : false
    }, {
      "id" : "s3-t15",
      "begin" : 276,
      "end" : 279,
      "text" : "new",
      "whiteSpace" : false
    }, {
      "id" : "s3-t16",
      "begin" : 280,
      "end" : 287,
      "text" : "pricing",
      "whiteSpace" : false
    }, {
      "id" : "s3-t17",
      "begin" : 288,
      "end" : 293,
      "text" : "plans",
      "whiteSpace" : false
    }, {
      "id" : "s3-t18",
      "begin" : 294,
      "end" : 297,
      "text" : "and",
      "whiteSpace" : false
    }, {
      "id" : "s3-t19",
      "begin" : 298,
      "end" : 306,
      "text" : "switched",
      "whiteSpace" : false
    }, {
      "id" : "s3-t20",
      "begin" : 307,
      "end" : 309,
      "text" : "us",
      "whiteSpace" : false
    }, {
      "id" : "s3-t21",
      "begin" : 310,
      "end" : 313,
      "text" : "all",
      "whiteSpace" : false
    }, {
      "id" : "s3-t22",
      "begin" : 314,
      "end" : 316,
      "text" : "to",
      "whiteSpace" : false
    }, {
      "id" : "s3-t23",
      "begin" : 317,
      "end" : 320,
      "text" : "the",
      "whiteSpace" : false
    }, {
      "id" : "s3-t24",
      "begin" : 321,
      "end" : 325,
      "text" : "10GB",
      "whiteSpace" : false
    }, {
      "id" : "s3-t25",
      "begin" : 326,
      "end" : 330,
      "text" : "data",
      "whiteSpace" : false
    }, {
      "id" : "s3-t26",
      "begin" : 331,
      "end" : 335,
      "text" : "plan",
      "whiteSpace" : false
    }, {
      "id" : "s3-t27",
      "begin" : 336,
      "end" : 339,
      "text" : "for",
      "whiteSpace" : false
    }, {
      "id" : "s3-t28",
      "begin" : 340,
      "end" : 341,
      "text" : "5",
      "whiteSpace" : false
    }, {
      "id" : "s3-t29",
      "begin" : 342,
      "end" : 348,
      "text" : "phones",
      "whiteSpace" : false
    }, {
      "id" : "s3-t30",
      "begin" : 348,
      "end" : 349,
      "text" : ".",
      "whiteSpace" : false
    } ]
  }, {
    "id" : "s4",
    "begin" : 350,
    "end" : 382,
    "text" : "Saved us\nall some money so yeah!",
    "tokens" : [ {
      "id" : "s4-t0",
      "begin" : 350,
      "end" : 355,
      "text" : "Saved",
      "whiteSpace" : false
    }, {
      "id" : "s4-t1",
      "begin" : 356,
      "end" : 358,
      "text" : "us",
      "whiteSpace" : false
    }, {
      "id" : "s4-t2",
      "begin" : 359,
      "end" : 362,
      "text" : "all",
      "whiteSpace" : false
    }, {
      "id" : "s4-t3",
      "begin" : 363,
      "end" : 367,
      "text" : "some",
      "whiteSpace" : false
    }, {
      "id" : "s4-t4",
      "begin" : 368,
      "end" : 373,
      "text" : "money",
      "whiteSpace" : false
    }, {
      "id" : "s4-t5",
      "begin" : 374,
      "end" : 376,
      "text" : "so",
      "whiteSpace" : false
    }, {
      "id" : "s4-t6",
      "begin" : 377,
      "end" : 381,
      "text" : "yeah",
      "whiteSpace" : false
    }, {
      "id" : "s4-t7",
      "begin" : 381,
      "end" : 382,
      "text" : "!",
      "whiteSpace" : false
    } ]
  }, {
    "id" : "s5",
    "begin" : 383,
    "end" : 446,
    "text" : "Then comes a week later and I am the first eligible to\nupgrade.",
    "tokens" : [ {
      "id" : "s5-t0",
      "begin" : 383,
      "end" : 387,
      "text" : "Then",
      "whiteSpace" : false
    }, {
      "id" : "s5-t1",
      "begin" : 388,
      "end" : 393,
      "text" : "comes",
      "whiteSpace" : false
    }, {
      "id" : "s5-t2",
      "begin" : 394,
      "end" : 395,
      "text" : "a",
      "whiteSpace" : false
    }, {
      "id" : "s5-t3",
      "begin" : 396,
      "end" : 400,
      "text" : "week",
      "whiteSpace" : false
    }, {
      "id" : "s5-t4",
      "begin" : 401,
      "end" : 406,
      "text" : "later",
      "whiteSpace" : false
    }, {
      "id" : "s5-t5",
      "begin" : 407,
      "end" : 410,
      "text" : "and",
      "whiteSpace" : false
    }, {
      "id" : "s5-t6",
      "begin" : 411,
      "end" : 412,
      "text" : "I",
      "whiteSpace" : false
    }, {
      "id" : "s5-t7",
      "begin" : 413,
      "end" : 415,
      "text" : "am",
      "whiteSpace" : false
    }, {
      "id" : "s5-t8",
      "begin" : 416,
      "end" : 419,
      "text" : "the",
      "whiteSpace" : false
    }, {
      "id" : "s5-t9",
      "begin" : 420,
      "end" : 425,
      "text" : "first",
      "whiteSpace" : false
    }, {
      "id" : "s5-t10",
      "begin" : 426,
      "end" : 434,
      "text" : "eligible",
      "whiteSpace" : false
    }, {
      "id" : "s5-t11",
      "begin" : 435,
      "end" : 437,
      "text" : "to",
      "whiteSpace" : false
    }, {
      "id" : "s5-t12",
      "begin" : 438,
      "end" : 445,
      "text" : "upgrade",
      "whiteSpace" : false
    }, {
      "id" : "s5-t13",
      "begin" : 445,
      "end" : 446,
      "text" : ".",
      "whiteSpace" : false
    } ]
  }, {
    "id" : "s6",
    "begin" : 447,
    "end" : 535,
    "text" : "I did gladly as I always did via online after the 2 years and\nresigned the new contract.",
    "tokens" : [ {
      "id" : "s6-t0",
      "begin" : 447,
      "end" : 448,
      "text" : "I",
      "whiteSpace" : false
    }, {
      "id" : "s6-t1",
      "begin" : 449,
      "end" : 452,
      "text" : "did",
      "whiteSpace" : false
    }, {
      "id" : "s6-t2",
      "begin" : 453,
      "end" : 459,
      "text" : "gladly",
      "whiteSpace" : false
    }, {
      "id" : "s6-t3",
      "begin" : 460,
      "end" : 462,
      "text" : "as",
      "whiteSpace" : false
    }, {
      "id" : "s6-t4",
      "begin" : 463,
      "end" : 464,
      "text" : "I",
      "whiteSpace" : false
    }, {
      "id" : "s6-t5",
      "begin" : 465,
      "end" : 471,
      "text" : "always",
      "whiteSpace" : false
    }, {
      "id" : "s6-t6",
      "begin" : 472,
      "end" : 475,
      "text" : "did",
      "whiteSpace" : false
    }, {
      "id" : "s6-t7",
      "begin" : 476,
      "end" : 479,
      "text" : "via",
      "whiteSpace" : false
    }, {
      "id" : "s6-t8",
      "begin" : 480,
      "end" : 486,
      "text" : "online",
      "whiteSpace" : false
    }, {
      "id" : "s6-t9",
      "begin" : 487,
      "end" : 492,
      "text" : "after",
      "whiteSpace" : false
    }, {
      "id" : "s6-t10",
      "begin" : 493,
      "end" : 496,
      "text" : "the",
      "whiteSpace" : false
    }, {
      "id" : "s6-t11",
      "begin" : 497,
      "end" : 498,
      "text" : "2",
      "whiteSpace" : false
    }, {
      "id" : "s6-t12",
      "begin" : 499,
      "end" : 504,
      "text" : "years",
      "whiteSpace" : false
    }, {
      "id" : "s6-t13",
      "begin" : 505,
      "end" : 508,
      "text" : "and",
      "whiteSpace" : false
    }, {
      "id" : "s6-t14",
      "begin" : 509,
      "end" : 517,
      "text" : "resigned",
      "whiteSpace" : false
    }, {
      "id" : "s6-t15",
      "begin" : 518,
      "end" : 521,
      "text" : "the",
      "whiteSpace" : false
    }, {
      "id" : "s6-t16",
      "begin" : 522,
      "end" : 525,
      "text" : "new",
      "whiteSpace" : false
    }, {
      "id" : "s6-t17",
      "begin" : 526,
      "end" : 534,
      "text" : "contract",
      "whiteSpace" : false
    }, {
      "id" : "s6-t18",
      "begin" : 534,
      "end" : 535,
      "text" : ".",
      "whiteSpace" : false
    } ]
  }, {
    "id" : "s7",
    "begin" : 536,
    "end" : 645,
    "text" : "Prior to this I had spoken online and on the phone\nwith several customer service agents as I compared phones.",
    "tokens" : [ {
      "id" : "s7-t0",
      "begin" : 536,
      "end" : 541,
      "text" : "Prior",
      "whiteSpace" : false
    }, {
      "id" : "s7-t1",
      "begin" : 542,
      "end" : 544,
      "text" : "to",
      "whiteSpace" : false
    }, {
      "id" : "s7-t2",
      "begin" : 545,
      "end" : 549,
      "text" : "this",
      "whiteSpace" : false
    }, {
      "id" : "s7-t3",
      "begin" : 550,
      "end" : 551,
      "text" : "I",
      "whiteSpace" : false
    }, {
      "id" : "s7-t4",
      "begin" : 552,
      "end" : 555,
      "text" : "had",
      "whiteSpace" : false
    }, {
      "id" : "s7-t5",
      "begin" : 556,
      "end" : 562,
      "text" : "spoken",
      "whiteSpace" : false
    }, {
      "id" : "s7-t6",
      "begin" : 563,
      "end" : 569,
      "text" : "online",
      "whiteSpace" : false
    }, {
      "id" : "s7-t7",
      "begin" : 570,
      "end" : 573,
      "text" : "and",
      "whiteSpace" : false
    }, {
      "id" : "s7-t8",
      "begin" : 574,
      "end" : 576,
      "text" : "on",
      "whiteSpace" : false
    }, {
      "id" : "s7-t9",
      "begin" : 577,
      "end" : 580,
      "text" : "the",
      "whiteSpace" : false
    }, {
      "id" : "s7-t10",
      "begin" : 581,
      "end" : 586,
      "text" : "phone",
      "whiteSpace" : false
    }, {
      "id" : "s7-t11",
      "begin" : 587,
      "end" : 591,
      "text" : "with",
      "whiteSpace" : false
    }, {
      "id" : "s7-t12",
      "begin" : 592,
      "end" : 599,
      "text" : "several",
      "whiteSpace" : false
    }, {
      "id" : "s7-t13",
      "begin" : 600,
      "end" : 608,
      "text" : "customer",
      "whiteSpace" : false
    }, {
      "id" : "s7-t14",
      "begin" : 609,
      "end" : 616,
      "text" : "service",
      "whiteSpace" : false
    }, {
      "id" : "s7-t15",
      "begin" : 617,
      "end" : 623,
      "text" : "agents",
      "whiteSpace" : false
    }, {
      "id" : "s7-t16",
      "begin" : 624,
      "end" : 626,
      "text" : "as",
      "whiteSpace" : false
    }, {
      "id" : "s7-t17",
      "begin" : 627,
      "end" : 628,
      "text" : "I",
      "whiteSpace" : false
    }, {
      "id" : "s7-t18",
      "begin" : 629,
      "end" : 637,
      "text" : "compared",
      "whiteSpace" : false
    }, {
      "id" : "s7-t19",
      "begin" : 638,
      "end" : 644,
      "text" : "phones",
      "whiteSpace" : false
    }, {
      "id" : "s7-t20",
      "begin" : 644,
      "end" : 645,
      "text" : ".",
      "whiteSpace" : false
    } ]
  }, {
    "id" : "s8",
    "begin" : 646,
    "end" : 683,
    "text" : "Finally decided on\none and was happy.",
    "tokens" : [ {
      "id" : "s8-t0",
      "begin" : 646,
      "end" : 653,
      "text" : "Finally",
      "whiteSpace" : false
    }, {
      "id" : "s8-t1",
      "begin" : 654,
      "end" : 661,
      "text" : "decided",
      "whiteSpace" : false
    }, {
      "id" : "s8-t2",
      "begin" : 662,
      "end" : 664,
      "text" : "on",
      "whiteSpace" : false
    }, {
      "id" : "s8-t3",
      "begin" : 665,
      "end" : 668,
      "text" : "one",
      "whiteSpace" : false
    }, {
      "id" : "s8-t4",
      "begin" : 669,
      "end" : 672,
      "text" : "and",
      "whiteSpace" : false
    }, {
      "id" : "s8-t5",
      "begin" : 673,
      "end" : 676,
      "text" : "was",
      "whiteSpace" : false
    }, {
      "id" : "s8-t6",
      "begin" : 677,
      "end" : 682,
      "text" : "happy",
      "whiteSpace" : false
    }, {
      "id" : "s8-t7",
      "begin" : 682,
      "end" : 683,
      "text" : ".",
      "whiteSpace" : false
    } ]
  }, {
    "id" : "s9",
    "begin" : 684,
    "end" : 711,
    "text" : "Until we got out next bill.",
    "tokens" : [ {
      "id" : "s9-t0",
      "begin" : 684,
      "end" : 689,
      "text" : "Until",
      "whiteSpace" : false
    }, {
      "id" : "s9-t1",
      "begin" : 690,
      "end" : 692,
      "text" : "we",
      "whiteSpace" : false
    }, {
      "id" : "s9-t2",
      "begin" : 693,
      "end" : 696,
      "text" : "got",
      "whiteSpace" : false
    }, {
      "id" : "s9-t3",
      "begin" : 697,
      "end" : 700,
      "text" : "out",
      "whiteSpace" : false
    }, {
      "id" : "s9-t4",
      "begin" : 701,
      "end" : 705,
      "text" : "next",
      "whiteSpace" : false
    }, {
      "id" : "s9-t5",
      "begin" : 706,
      "end" : 710,
      "text" : "bill",
      "whiteSpace" : false
    }, {
      "id" : "s9-t6",
      "begin" : 710,
      "end" : 711,
      "text" : ".",
      "whiteSpace" : false
    } ]
  }, {
    "id" : "s10",
    "begin" : 712,
    "end" : 793,
    "text" : "From the switch my parents\nmade, all our data plans should have been $15 a month.",
    "tokens" : [ {
      "id" : "s10-t0",
      "begin" : 712,
      "end" : 716,
      "text" : "From",
      "whiteSpace" : false
    }, {
      "id" : "s10-t1",
      "begin" : 717,
      "end" : 720,
      "text" : "the",
      "whiteSpace" : false
    }, {
      "id" : "s10-t2",
      "begin" : 721,
      "end" : 727,
      "text" : "switch",
      "whiteSpace" : false
    }, {
      "id" : "s10-t3",
      "begin" : 728,
      "end" : 730,
      "text" : "my",
      "whiteSpace" : false
    }, {
      "id" : "s10-t4",
      "begin" : 731,
      "end" : 738,
      "text" : "parents",
      "whiteSpace" : false
    }, {
      "id" : "s10-t5",
      "begin" : 739,
      "end" : 743,
      "text" : "made",
      "whiteSpace" : false
    }, {
      "id" : "s10-t6",
      "begin" : 743,
      "end" : 744,
      "text" : ",",
      "whiteSpace" : false
    }, {
      "id" : "s10-t7",
      "begin" : 745,
      "end" : 748,
      "text" : "all",
      "whiteSpace" : false
    }, {
      "id" : "s10-t8",
      "begin" : 749,
      "end" : 752,
      "text" : "our",
      "whiteSpace" : false
    }, {
      "id" : "s10-t9",
      "begin" : 753,
      "end" : 757,
      "text" : "data",
      "whiteSpace" : false
    }, {
      "id" : "s10-t10",
      "begin" : 758,
      "end" : 763,
      "text" : "plans",
      "whiteSpace" : false
    }, {
      "id" : "s10-t11",
      "begin" : 764,
      "end" : 770,
      "text" : "should",
      "whiteSpace" : false
    }, {
      "id" : "s10-t12",
      "begin" : 771,
      "end" : 775,
      "text" : "have",
      "whiteSpace" : false
    }, {
      "id" : "s10-t13",
      "begin" : 776,
      "end" : 780,
      "text" : "been",
      "whiteSpace" : false
    }, {
      "id" : "s10-t14",
      "begin" : 781,
      "end" : 782,
      "text" : "$",
      "whiteSpace" : false
    }, {
      "id" : "s10-t15",
      "begin" : 782,
      "end" : 784,
      "text" : "15",
      "whiteSpace" : false
    }, {
      "id" : "s10-t16",
      "begin" : 785,
      "end" : 786,
      "text" : "a",
      "whiteSpace" : false
    }, {
      "id" : "s10-t17",
      "begin" : 787,
      "end" : 792,
      "text" : "month",
      "whiteSpace" : false
    }, {
      "id" : "s10-t18",
      "begin" : 792,
      "end" : 793,
      "text" : ".",
      "whiteSpace" : false
    } ]
  }, {
    "id" : "s11",
    "begin" : 794,
    "end" : 813,
    "text" : "Mine was still $40.",
    "tokens" : [ {
      "id" : "s11-t0",
      "begin" : 794,
      "end" : 798,
      "text" : "Mine",
      "whiteSpace" : false
    }, {
      "id" : "s11-t1",
      "begin" : 799,
      "end" : 802,
      "text" : "was",
      "whiteSpace" : false
    }, {
      "id" : "s11-t2",
      "begin" : 803,
      "end" : 808,
      "text" : "still",
      "whiteSpace" : false
    }, {
      "id" : "s11-t3",
      "begin" : 809,
      "end" : 810,
      "text" : "$",
      "whiteSpace" : false
    }, {
      "id" : "s11-t4",
      "begin" : 810,
      "end" : 812,
      "text" : "40",
      "whiteSpace" : false
    }, {
      "id" : "s11-t5",
      "begin" : 812,
      "end" : 813,
      "text" : ".",
      "whiteSpace" : false
    } ]
  }, {
    "id" : "s12",
    "begin" : 814,
    "end" : 945,
    "text" : "When she called to inquire about it, she was told that I had changed my plan\nby upgrading my phone and there fore was not eligible.",
    "tokens" : [ {
      "id" : "s12-t0",
      "begin" : 814,
      "end" : 818,
      "text" : "When",
      "whiteSpace" : false
    }, {
      "id" : "s12-t1",
      "begin" : 819,
      "end" : 822,
      "text" : "she",
      "whiteSpace" : false
    }, {
      "id" : "s12-t2",
      "begin" : 823,
      "end" : 829,
      "text" : "called",
      "whiteSpace" : false
    }, {
      "id" : "s12-t3",
      "begin" : 830,
      "end" : 832,
      "text" : "to",
      "whiteSpace" : false
    }, {
      "id" : "s12-t4",
      "begin" : 833,
      "end" : 840,
      "text" : "inquire",
      "whiteSpace" : false
    }, {
      "id" : "s12-t5",
      "begin" : 841,
      "end" : 846,
      "text" : "about",
      "whiteSpace" : false
    }, {
      "id" : "s12-t6",
      "begin" : 847,
      "end" : 849,
      "text" : "it",
      "whiteSpace" : false
    }, {
      "id" : "s12-t7",
      "begin" : 849,
      "end" : 850,
      "text" : ",",
      "whiteSpace" : false
    }, {
      "id" : "s12-t8",
      "begin" : 851,
      "end" : 854,
      "text" : "she",
      "whiteSpace" : false
    }, {
      "id" : "s12-t9",
      "begin" : 855,
      "end" : 858,
      "text" : "was",
      "whiteSpace" : false
    }, {
      "id" : "s12-t10",
      "begin" : 859,
      "end" : 863,
      "text" : "told",
      "whiteSpace" : false
    }, {
      "id" : "s12-t11",
      "begin" : 864,
      "end" : 868,
      "text" : "that",
      "whiteSpace" : false
    }, {
      "id" : "s12-t12",
      "begin" : 869,
      "end" : 870,
      "text" : "I",
      "whiteSpace" : false
    }, {
      "id" : "s12-t13",
      "begin" : 871,
      "end" : 874,
      "text" : "had",
      "whiteSpace" : false
    }, {
      "id" : "s12-t14",
      "begin" : 875,
      "end" : 882,
      "text" : "changed",
      "whiteSpace" : false
    }, {
      "id" : "s12-t15",
      "begin" : 883,
      "end" : 885,
      "text" : "my",
      "whiteSpace" : false
    }, {
      "id" : "s12-t16",
      "begin" : 886,
      "end" : 890,
      "text" : "plan",
      "whiteSpace" : false
    }, {
      "id" : "s12-t17",
      "begin" : 891,
      "end" : 893,
      "text" : "by",
      "whiteSpace" : false
    }, {
      "id" : "s12-t18",
      "begin" : 894,
      "end" : 903,
      "text" : "upgrading",
      "whiteSpace" : false
    }, {
      "id" : "s12-t19",
      "begin" : 904,
      "end" : 906,
      "text" : "my",
      "whiteSpace" : false
    }, {
      "id" : "s12-t20",
      "begin" : 907,
      "end" : 912,
      "text" : "phone",
      "whiteSpace" : false
    }, {
      "id" : "s12-t21",
      "begin" : 913,
      "end" : 916,
      "text" : "and",
      "whiteSpace" : false
    }, {
      "id" : "s12-t22",
      "begin" : 917,
      "end" : 922,
      "text" : "there",
      "whiteSpace" : false
    }, {
      "id" : "s12-t23",
      "begin" : 923,
      "end" : 927,
      "text" : "fore",
      "whiteSpace" : false
    }, {
      "id" : "s12-t24",
      "begin" : 928,
      "end" : 931,
      "text" : "was",
      "whiteSpace" : false
    }, {
      "id" : "s12-t25",
      "begin" : 932,
      "end" : 935,
      "text" : "not",
      "whiteSpace" : false
    }, {
      "id" : "s12-t26",
      "begin" : 936,
      "end" : 944,
      "text" : "eligible",
      "whiteSpace" : false
    }, {
      "id" : "s12-t27",
      "begin" : 944,
      "end" : 945,
      "text" : ".",
      "whiteSpace" : false
    } ]
  }, {
    "id" : "s13",
    "begin" : 946,
    "end" : 1051,
    "text" : "We both went back and\nforth with various customer service agents from online chat, phone, FB and\ntwitter.",
    "tokens" : [ {
      "id" : "s13-t0",
      "begin" : 946,
      "end" : 948,
      "text" : "We",
      "whiteSpace" : false
    }, {
      "id" : "s13-t1",
      "begin" : 949,
      "end" : 953,
      "text" : "both",
      "whiteSpace" : false
    }, {
      "id" : "s13-t2",
      "begin" : 954,
      "end" : 958,
      "text" : "went",
      "whiteSpace" : false
    }, {
      "id" : "s13-t3",
      "begin" : 959,
      "end" : 963,
      "text" : "back",
      "whiteSpace" : false
    }, {
      "id" : "s13-t4",
      "begin" : 964,
      "end" : 967,
      "text" : "and",
      "whiteSpace" : false
    }, {
      "id" : "s13-t5",
      "begin" : 968,
      "end" : 973,
      "text" : "forth",
      "whiteSpace" : false
    }, {
      "id" : "s13-t6",
      "begin" : 974,
      "end" : 978,
      "text" : "with",
      "whiteSpace" : false
    }, {
      "id" : "s13-t7",
      "begin" : 979,
      "end" : 986,
      "text" : "various",
      "whiteSpace" : false
    }, {
      "id" : "s13-t8",
      "begin" : 987,
      "end" : 995,
      "text" : "customer",
      "whiteSpace" : false
    }, {
      "id" : "s13-t9",
      "begin" : 996,
      "end" : 1003,
      "text" : "service",
      "whiteSpace" : false
    }, {
      "id" : "s13-t10",
      "begin" : 1004,
      "end" : 1010,
      "text" : "agents",
      "whiteSpace" : false
    }, {
      "id" : "s13-t11",
      "begin" : 1011,
      "end" : 1015,
      "text" : "from",
      "whiteSpace" : false
    }, {
      "id" : "s13-t12",
      "begin" : 1016,
      "end" : 1022,
      "text" : "online",
      "whiteSpace" : false
    }, {
      "id" : "s13-t13",
      "begin" : 1023,
      "end" : 1027,
      "text" : "chat",
      "whiteSpace" : false
    }, {
      "id" : "s13-t14",
      "begin" : 1027,
      "end" : 1028,
      "text" : ",",
      "whiteSpace" : false
    }, {
      "id" : "s13-t15",
      "begin" : 1029,
      "end" : 1034,
      "text" : "phone",
      "whiteSpace" : false
    }, {
      "id" : "s13-t16",
      "begin" : 1034,
      "end" : 1035,
      "text" : ",",
      "whiteSpace" : false
    }, {
      "id" : "s13-t17",
      "begin" : 1036,
      "end" : 1038,
      "text" : "FB",
      "whiteSpace" : false
    }, {
      "id" : "s13-t18",
      "begin" : 1039,
      "end" : 1042,
      "text" : "and",
      "whiteSpace" : false
    }, {
      "id" : "s13-t19",
      "begin" : 1043,
      "end" : 1050,
      "text" : "twitter",
      "whiteSpace" : false
    }, {
      "id" : "s13-t20",
      "begin" : 1050,
      "end" : 1051,
      "text" : ".",
      "whiteSpace" : false
    } ]
  }, {
    "id" : "s14",
    "begin" : 1052,
    "end" : 1165,
    "text" : "We got a few refunds and credits, but still to this day I am the only\none who has to pay the $40 dollars a month.",
    "tokens" : [ {
      "id" : "s14-t0",
      "begin" : 1052,
      "end" : 1054,
      "text" : "We",
      "whiteSpace" : false
    }, {
      "id" : "s14-t1",
      "begin" : 1055,
      "end" : 1058,
      "text" : "got",
      "whiteSpace" : false
    }, {
      "id" : "s14-t2",
      "begin" : 1059,
      "end" : 1060,
      "text" : "a",
      "whiteSpace" : false
    }, {
      "id" : "s14-t3",
      "begin" : 1061,
      "end" : 1064,
      "text" : "few",
      "whiteSpace" : false
    }, {
      "id" : "s14-t4",
      "begin" : 1065,
      "end" : 1072,
      "text" : "refunds",
      "whiteSpace" : false
    }, {
      "id" : "s14-t5",
      "begin" : 1073,
      "end" : 1076,
      "text" : "and",
      "whiteSpace" : false
    }, {
      "id" : "s14-t6",
      "begin" : 1077,
      "end" : 1084,
      "text" : "credits",
      "whiteSpace" : false
    }, {
      "id" : "s14-t7",
      "begin" : 1084,
      "end" : 1085,
      "text" : ",",
      "whiteSpace" : false
    }, {
      "id" : "s14-t8",
      "begin" : 1086,
      "end" : 1089,
      "text" : "but",
      "whiteSpace" : false
    }, {
      "id" : "s14-t9",
      "begin" : 1090,
      "end" : 1095,
      "text" : "still",
      "whiteSpace" : false
    }, {
      "id" : "s14-t10",
      "begin" : 1096,
      "end" : 1098,
      "text" : "to",
      "whiteSpace" : false
    }, {
      "id" : "s14-t11",
      "begin" : 1099,
      "end" : 1103,
      "text" : "this",
      "whiteSpace" : false
    }, {
      "id" : "s14-t12",
      "begin" : 1104,
      "end" : 1107,
      "text" : "day",
      "whiteSpace" : false
    }, {
      "id" : "s14-t13",
      "begin" : 1108,
      "end" : 1109,
      "text" : "I",
      "whiteSpace" : false
    }, {
      "id" : "s14-t14",
      "begin" : 1110,
      "end" : 1112,
      "text" : "am",
      "whiteSpace" : false
    }, {
      "id" : "s14-t15",
      "begin" : 1113,
      "end" : 1116,
      "text" : "the",
      "whiteSpace" : false
    }, {
      "id" : "s14-t16",
      "begin" : 1117,
      "end" : 1121,
      "text" : "only",
      "whiteSpace" : false
    }, {
      "id" : "s14-t17",
      "begin" : 1122,
      "end" : 1125,
      "text" : "one",
      "whiteSpace" : false
    }, {
      "id" : "s14-t18",
      "begin" : 1126,
      "end" : 1129,
      "text" : "who",
      "whiteSpace" : false
    }, {
      "id" : "s14-t19",
      "begin" : 1130,
      "end" : 1133,
      "text" : "has",
      "whiteSpace" : false
    }, {
      "id" : "s14-t20",
      "begin" : 1134,
      "end" : 1136,
      "text" : "to",
      "whiteSpace" : false
    }, {
      "id" : "s14-t21",
      "begin" : 1137,
      "end" : 1140,
      "text" : "pay",
      "whiteSpace" : false
    }, {
      "id" : "s14-t22",
      "begin" : 1141,
      "end" : 1144,
      "text" : "the",
      "whiteSpace" : false
    }, {
      "id" : "s14-t23",
      "begin" : 1145,
      "end" : 1146,
      "text" : "$",
      "whiteSpace" : false
    }, {
      "id" : "s14-t24",
      "begin" : 1146,
      "end" : 1148,
      "text" : "40",
      "whiteSpace" : false
    }, {
      "id" : "s14-t25",
      "begin" : 1149,
      "end" : 1156,
      "text" : "dollars",
      "whiteSpace" : false
    }, {
      "id" : "s14-t26",
      "begin" : 1157,
      "end" : 1158,
      "text" : "a",
      "whiteSpace" : false
    }, {
      "id" : "s14-t27",
      "begin" : 1159,
      "end" : 1164,
      "text" : "month",
      "whiteSpace" : false
    }, {
      "id" : "s14-t28",
      "begin" : 1164,
      "end" : 1165,
      "text" : ".",
      "whiteSpace" : false
    } ]
  }, {
    "id" : "s15",
    "begin" : 1166,
    "end" : 1269,
    "text" : "My father upgraded recently and\ntalked ot someone at a retail store...decided to go with the Next plan.",
    "tokens" : [ {
      "id" : "s15-t0",
      "begin" : 1166,
      "end" : 1168,
      "text" : "My",
      "whiteSpace" : false
    }, {
      "id" : "s15-t1",
      "begin" : 1169,
      "end" : 1175,
      "text" : "father",
      "whiteSpace" : false
    }, {
      "id" : "s15-t2",
      "begin" : 1176,
      "end" : 1184,
      "text" : "upgraded",
      "whiteSpace" : false
    }, {
      "id" : "s15-t3",
      "begin" : 1185,
      "end" : 1193,
      "text" : "recently",
      "whiteSpace" : false
    }, {
      "id" : "s15-t4",
      "begin" : 1194,
      "end" : 1197,
      "text" : "and",
      "whiteSpace" : false
    }, {
      "id" : "s15-t5",
      "begin" : 1198,
      "end" : 1204,
      "text" : "talked",
      "whiteSpace" : false
    }, {
      "id" : "s15-t6",
      "begin" : 1205,
      "end" : 1207,
      "text" : "ot",
      "whiteSpace" : false
    }, {
      "id" : "s15-t7",
      "begin" : 1208,
      "end" : 1215,
      "text" : "someone",
      "whiteSpace" : false
    }, {
      "id" : "s15-t8",
      "begin" : 1216,
      "end" : 1218,
      "text" : "at",
      "whiteSpace" : false
    }, {
      "id" : "s15-t9",
      "begin" : 1219,
      "end" : 1220,
      "text" : "a",
      "whiteSpace" : false
    }, {
      "id" : "s15-t10",
      "begin" : 1221,
      "end" : 1227,
      "text" : "retail",
      "whiteSpace" : false
    }, {
      "id" : "s15-t11",
      "begin" : 1228,
      "end" : 1233,
      "text" : "store",
      "whiteSpace" : false
    }, {
      "id" : "s15-t12",
      "begin" : 1233,
      "end" : 1236,
      "text" : "...",
      "whiteSpace" : false
    }, {
      "id" : "s15-t13",
      "begin" : 1236,
      "end" : 1243,
      "text" : "decided",
      "whiteSpace" : false
    }, {
      "id" : "s15-t14",
      "begin" : 1244,
      "end" : 1246,
      "text" : "to",
      "whiteSpace" : false
    }, {
      "id" : "s15-t15",
      "begin" : 1247,
      "end" : 1249,
      "text" : "go",
      "whiteSpace" : false
    }, {
      "id" : "s15-t16",
      "begin" : 1250,
      "end" : 1254,
      "text" : "with",
      "whiteSpace" : false
    }, {
      "id" : "s15-t17",
      "begin" : 1255,
      "end" : 1258,
      "text" : "the",
      "whiteSpace" : false
    }, {
      "id" : "s15-t18",
      "begin" : 1259,
      "end" : 1263,
      "text" : "Next",
      "whiteSpace" : false
    }, {
      "id" : "s15-t19",
      "begin" : 1264,
      "end" : 1268,
      "text" : "plan",
      "whiteSpace" : false
    }, {
      "id" : "s15-t20",
      "begin" : 1268,
      "end" : 1269,
      "text" : ".",
      "whiteSpace" : false
    } ]
  }, {
    "id" : "s16",
    "begin" : 1270,
    "end" : 1453,
    "text" : "Mentioned my issue and he was told that if i had sent the phone back within 14\ndays and chosen the next plan, I would have been eligible for hte $15 data\nplan and $25 savings a month.",
    "tokens" : [ {
      "id" : "s16-t0",
      "begin" : 1270,
      "end" : 1279,
      "text" : "Mentioned",
      "whiteSpace" : false
    }, {
      "id" : "s16-t1",
      "begin" : 1280,
      "end" : 1282,
      "text" : "my",
      "whiteSpace" : false
    }, {
      "id" : "s16-t2",
      "begin" : 1283,
      "end" : 1288,
      "text" : "issue",
      "whiteSpace" : false
    }, {
      "id" : "s16-t3",
      "begin" : 1289,
      "end" : 1292,
      "text" : "and",
      "whiteSpace" : false
    }, {
      "id" : "s16-t4",
      "begin" : 1293,
      "end" : 1295,
      "text" : "he",
      "whiteSpace" : false
    }, {
      "id" : "s16-t5",
      "begin" : 1296,
      "end" : 1299,
      "text" : "was",
      "whiteSpace" : false
    }, {
      "id" : "s16-t6",
      "begin" : 1300,
      "end" : 1304,
      "text" : "told",
      "whiteSpace" : false
    }, {
      "id" : "s16-t7",
      "begin" : 1305,
      "end" : 1309,
      "text" : "that",
      "whiteSpace" : false
    }, {
      "id" : "s16-t8",
      "begin" : 1310,
      "end" : 1312,
      "text" : "if",
      "whiteSpace" : false
    }, {
      "id" : "s16-t9",
      "begin" : 1313,
      "end" : 1314,
      "text" : "i",
      "whiteSpace" : false
    }, {
      "id" : "s16-t10",
      "begin" : 1315,
      "end" : 1318,
      "text" : "had",
      "whiteSpace" : false
    }, {
      "id" : "s16-t11",
      "begin" : 1319,
      "end" : 1323,
      "text" : "sent",
      "whiteSpace" : false
    }, {
      "id" : "s16-t12",
      "begin" : 1324,
      "end" : 1327,
      "text" : "the",
      "whiteSpace" : false
    }, {
      "id" : "s16-t13",
      "begin" : 1328,
      "end" : 1333,
      "text" : "phone",
      "whiteSpace" : false
    }, {
      "id" : "s16-t14",
      "begin" : 1334,
      "end" : 1338,
      "text" : "back",
      "whiteSpace" : false
    }, {
      "id" : "s16-t15",
      "begin" : 1339,
      "end" : 1345,
      "text" : "within",
      "whiteSpace" : false
    }, {
      "id" : "s16-t16",
      "begin" : 1346,
      "end" : 1348,
      "text" : "14",
      "whiteSpace" : false
    }, {
      "id" : "s16-t17",
      "begin" : 1349,
      "end" : 1353,
      "text" : "days",
      "whiteSpace" : false
    }, {
      "id" : "s16-t18",
      "begin" : 1354,
      "end" : 1357,
      "text" : "and",
      "whiteSpace" : false
    }, {
      "id" : "s16-t19",
      "begin" : 1358,
      "end" : 1364,
      "text" : "chosen",
      "whiteSpace" : false
    }, {
      "id" : "s16-t20",
      "begin" : 1365,
      "end" : 1368,
      "text" : "the",
      "whiteSpace" : false
    }, {
      "id" : "s16-t21",
      "begin" : 1369,
      "end" : 1373,
      "text" : "next",
      "whiteSpace" : false
    }, {
      "id" : "s16-t22",
      "begin" : 1374,
      "end" : 1378,
      "text" : "plan",
      "whiteSpace" : false
    }, {
      "id" : "s16-t23",
      "begin" : 1378,
      "end" : 1379,
      "text" : ",",
      "whiteSpace" : false
    }, {
      "id" : "s16-t24",
      "begin" : 1380,
      "end" : 1381,
      "text" : "I",
      "whiteSpace" : false
    }, {
      "id" : "s16-t25",
      "begin" : 1382,
      "end" : 1387,
      "text" : "would",
      "whiteSpace" : false
    }, {
      "id" : "s16-t26",
      "begin" : 1388,
      "end" : 1392,
      "text" : "have",
      "whiteSpace" : false
    }, {
      "id" : "s16-t27",
      "begin" : 1393,
      "end" : 1397,
      "text" : "been",
      "whiteSpace" : false
    }, {
      "id" : "s16-t28",
      "begin" : 1398,
      "end" : 1406,
      "text" : "eligible",
      "whiteSpace" : false
    }, {
      "id" : "s16-t29",
      "begin" : 1407,
      "end" : 1410,
      "text" : "for",
      "whiteSpace" : false
    }, {
      "id" : "s16-t30",
      "begin" : 1411,
      "end" : 1414,
      "text" : "hte",
      "whiteSpace" : false
    }, {
      "id" : "s16-t31",
      "begin" : 1415,
      "end" : 1416,
      "text" : "$",
      "whiteSpace" : false
    }, {
      "id" : "s16-t32",
      "begin" : 1416,
      "end" : 1418,
      "text" : "15",
      "whiteSpace" : false
    }, {
      "id" : "s16-t33",
      "begin" : 1419,
      "end" : 1423,
      "text" : "data",
      "whiteSpace" : false
    }, {
      "id" : "s16-t34",
      "begin" : 1424,
      "end" : 1428,
      "text" : "plan",
      "whiteSpace" : false
    }, {
      "id" : "s16-t35",
      "begin" : 1429,
      "end" : 1432,
      "text" : "and",
      "whiteSpace" : false
    }, {
      "id" : "s16-t36",
      "begin" : 1433,
      "end" : 1434,
      "text" : "$",
      "whiteSpace" : false
    }, {
      "id" : "s16-t37",
      "begin" : 1434,
      "end" : 1436,
      "text" : "25",
      "whiteSpace" : false
    }, {
      "id" : "s16-t38",
      "begin" : 1437,
      "end" : 1444,
      "text" : "savings",
      "whiteSpace" : false
    }, {
      "id" : "s16-t39",
      "begin" : 1445,
      "end" : 1446,
      "text" : "a",
      "whiteSpace" : false
    }, {
      "id" : "s16-t40",
      "begin" : 1447,
      "end" : 1452,
      "text" : "month",
      "whiteSpace" : false
    }, {
      "id" : "s16-t41",
      "begin" : 1452,
      "end" : 1453,
      "text" : ".",
      "whiteSpace" : false
    } ]
  }, {
    "id" : "s17",
    "begin" : 1454,
    "end" : 1579,
    "text" : "Never once was this mentioned to me when I was\ntalking to anyone in the time after I got the phone nor after we got hte bill.",
    "tokens" : [ {
      "id" : "s17-t0",
      "begin" : 1454,
      "end" : 1459,
      "text" : "Never",
      "whiteSpace" : false
    }, {
      "id" : "s17-t1",
      "begin" : 1460,
      "end" : 1464,
      "text" : "once",
      "whiteSpace" : false
    }, {
      "id" : "s17-t2",
      "begin" : 1465,
      "end" : 1468,
      "text" : "was",
      "whiteSpace" : false
    }, {
      "id" : "s17-t3",
      "begin" : 1469,
      "end" : 1473,
      "text" : "this",
      "whiteSpace" : false
    }, {
      "id" : "s17-t4",
      "begin" : 1474,
      "end" : 1483,
      "text" : "mentioned",
      "whiteSpace" : false
    }, {
      "id" : "s17-t5",
      "begin" : 1484,
      "end" : 1486,
      "text" : "to",
      "whiteSpace" : false
    }, {
      "id" : "s17-t6",
      "begin" : 1487,
      "end" : 1489,
      "text" : "me",
      "whiteSpace" : false
    }, {
      "id" : "s17-t7",
      "begin" : 1490,
      "end" : 1494,
      "text" : "when",
      "whiteSpace" : false
    }, {
      "id" : "s17-t8",
      "begin" : 1495,
      "end" : 1496,
      "text" : "I",
      "whiteSpace" : false
    }, {
      "id" : "s17-t9",
      "begin" : 1497,
      "end" : 1500,
      "text" : "was",
      "whiteSpace" : false
    }, {
      "id" : "s17-t10",
      "begin" : 1501,
      "end" : 1508,
      "text" : "talking",
      "whiteSpace" : false
    }, {
      "id" : "s17-t11",
      "begin" : 1509,
      "end" : 1511,
      "text" : "to",
      "whiteSpace" : false
    }, {
      "id" : "s17-t12",
      "begin" : 1512,
      "end" : 1518,
      "text" : "anyone",
      "whiteSpace" : false
    }, {
      "id" : "s17-t13",
      "begin" : 1519,
      "end" : 1521,
      "text" : "in",
      "whiteSpace" : false
    }, {
      "id" : "s17-t14",
      "begin" : 1522,
      "end" : 1525,
      "text" : "the",
      "whiteSpace" : false
    }, {
      "id" : "s17-t15",
      "begin" : 1526,
      "end" : 1530,
      "text" : "time",
      "whiteSpace" : false
    }, {
      "id" : "s17-t16",
      "begin" : 1531,
      "end" : 1536,
      "text" : "after",
      "whiteSpace" : false
    }, {
      "id" : "s17-t17",
      "begin" : 1537,
      "end" : 1538,
      "text" : "I",
      "whiteSpace" : false
    }, {
      "id" : "s17-t18",
      "begin" : 1539,
      "end" : 1542,
      "text" : "got",
      "whiteSpace" : false
    }, {
      "id" : "s17-t19",
      "begin" : 1543,
      "end" : 1546,
      "text" : "the",
      "whiteSpace" : false
    }, {
      "id" : "s17-t20",
      "begin" : 1547,
      "end" : 1552,
      "text" : "phone",
      "whiteSpace" : false
    }, {
      "id" : "s17-t21",
      "begin" : 1553,
      "end" : 1556,
      "text" : "nor",
      "whiteSpace" : false
    }, {
      "id" : "s17-t22",
      "begin" : 1557,
      "end" : 1562,
      "text" : "after",
      "whiteSpace" : false
    }, {
      "id" : "s17-t23",
      "begin" : 1563,
      "end" : 1565,
      "text" : "we",
      "whiteSpace" : false
    }, {
      "id" : "s17-t24",
      "begin" : 1566,
      "end" : 1569,
      "text" : "got",
      "whiteSpace" : false
    }, {
      "id" : "s17-t25",
      "begin" : 1570,
      "end" : 1573,
      "text" : "hte",
      "whiteSpace" : false
    }, {
      "id" : "s17-t26",
      "begin" : 1574,
      "end" : 1578,
      "text" : "bill",
      "whiteSpace" : false
    }, {
      "id" : "s17-t27",
      "begin" : 1578,
      "end" : 1579,
      "text" : ".",
      "whiteSpace" : false
    } ]
  }, {
    "id" : "s18",
    "begin" : 1580,
    "end" : 1673,
    "text" : "I have been talked down too, told I should have read the contract more\ncarfully and what not.",
    "tokens" : [ {
      "id" : "s18-t0",
      "begin" : 1580,
      "end" : 1581,
      "text" : "I",
      "whiteSpace" : false
    }, {
      "id" : "s18-t1",
      "begin" : 1582,
      "end" : 1586,
      "text" : "have",
      "whiteSpace" : false
    }, {
      "id" : "s18-t2",
      "begin" : 1587,
      "end" : 1591,
      "text" : "been",
      "whiteSpace" : false
    }, {
      "id" : "s18-t3",
      "begin" : 1592,
      "end" : 1598,
      "text" : "talked",
      "whiteSpace" : false
    }, {
      "id" : "s18-t4",
      "begin" : 1599,
      "end" : 1603,
      "text" : "down",
      "whiteSpace" : false
    }, {
      "id" : "s18-t5",
      "begin" : 1604,
      "end" : 1607,
      "text" : "too",
      "whiteSpace" : false
    }, {
      "id" : "s18-t6",
      "begin" : 1607,
      "end" : 1608,
      "text" : ",",
      "whiteSpace" : false
    }, {
      "id" : "s18-t7",
      "begin" : 1609,
      "end" : 1613,
      "text" : "told",
      "whiteSpace" : false
    }, {
      "id" : "s18-t8",
      "begin" : 1614,
      "end" : 1615,
      "text" : "I",
      "whiteSpace" : false
    }, {
      "id" : "s18-t9",
      "begin" : 1616,
      "end" : 1622,
      "text" : "should",
      "whiteSpace" : false
    }, {
      "id" : "s18-t10",
      "begin" : 1623,
      "end" : 1627,
      "text" : "have",
      "whiteSpace" : false
    }, {
      "id" : "s18-t11",
      "begin" : 1628,
      "end" : 1632,
      "text" : "read",
      "whiteSpace" : false
    }, {
      "id" : "s18-t12",
      "begin" : 1633,
      "end" : 1636,
      "text" : "the",
      "whiteSpace" : false
    }, {
      "id" : "s18-t13",
      "begin" : 1637,
      "end" : 1645,
      "text" : "contract",
      "whiteSpace" : false
    }, {
      "id" : "s18-t14",
      "begin" : 1646,
      "end" : 1650,
      "text" : "more",
      "whiteSpace" : false
    }, {
      "id" : "s18-t15",
      "begin" : 1651,
      "end" : 1659,
      "text" : "carfully",
      "whiteSpace" : false
    }, {
      "id" : "s18-t16",
      "begin" : 1660,
      "end" : 1663,
      "text" : "and",
      "whiteSpace" : false
    }, {
      "id" : "s18-t17",
      "begin" : 1664,
      "end" : 1668,
      "text" : "what",
      "whiteSpace" : false
    }, {
      "id" : "s18-t18",
      "begin" : 1669,
      "end" : 1672,
      "text" : "not",
      "whiteSpace" : false
    }, {
      "id" : "s18-t19",
      "begin" : 1672,
      "end" : 1673,
      "text" : ".",
      "whiteSpace" : false
    } ]
  }, {
    "id" : "s19",
    "begin" : 1674,
    "end" : 1727,
    "text" : "I feel like I have been abused and that no one cares.",
    "tokens" : [ {
      "id" : "s19-t0",
      "begin" : 1674,
      "end" : 1675,
      "text" : "I",
      "whiteSpace" : false
    }, {
      "id" : "s19-t1",
      "begin" : 1676,
      "end" : 1680,
      "text" : "feel",
      "whiteSpace" : false
    }, {
      "id" : "s19-t2",
      "begin" : 1681,
      "end" : 1685,
      "text" : "like",
      "whiteSpace" : false
    }, {
      "id" : "s19-t3",
      "begin" : 1686,
      "end" : 1687,
      "text" : "I",
      "whiteSpace" : false
    }, {
      "id" : "s19-t4",
      "begin" : 1688,
      "end" : 1692,
      "text" : "have",
      "whiteSpace" : false
    }, {
      "id" : "s19-t5",
      "begin" : 1693,
      "end" : 1697,
      "text" : "been",
      "whiteSpace" : false
    }, {
      "id" : "s19-t6",
      "begin" : 1698,
      "end" : 1704,
      "text" : "abused",
      "whiteSpace" : false
    }, {
      "id" : "s19-t7",
      "begin" : 1705,
      "end" : 1708,
      "text" : "and",
      "whiteSpace" : false
    }, {
      "id" : "s19-t8",
      "begin" : 1709,
      "end" : 1713,
      "text" : "that",
      "whiteSpace" : false
    }, {
      "id" : "s19-t9",
      "begin" : 1714,
      "end" : 1716,
      "text" : "no",
      "whiteSpace" : false
    }, {
      "id" : "s19-t10",
      "begin" : 1717,
      "end" : 1720,
      "text" : "one",
      "whiteSpace" : false
    }, {
      "id" : "s19-t11",
      "begin" : 1721,
      "end" : 1726,
      "text" : "cares",
      "whiteSpace" : false
    }, {
      "id" : "s19-t12",
      "begin" : 1726,
      "end" : 1727,
      "text" : ".",
      "whiteSpace" : false
    } ]
  }, {
    "id" : "s20",
    "begin" : 1728,
    "end" : 1763,
    "text" : "This is $25 a month we are talking.",
    "tokens" : [ {
      "id" : "s20-t0",
      "begin" : 1728,
      "end" : 1732,
      "text" : "This",
      "whiteSpace" : false
    }, {
      "id" : "s20-t1",
      "begin" : 1733,
      "end" : 1735,
      "text" : "is",
      "whiteSpace" : false
    }, {
      "id" : "s20-t2",
      "begin" : 1736,
      "end" : 1737,
      "text" : "$",
      "whiteSpace" : false
    }, {
      "id" : "s20-t3",
      "begin" : 1737,
      "end" : 1739,
      "text" : "25",
      "whiteSpace" : false
    }, {
      "id" : "s20-t4",
      "begin" : 1740,
      "end" : 1741,
      "text" : "a",
      "whiteSpace" : false
    }, {
      "id" : "s20-t5",
      "begin" : 1742,
      "end" : 1747,
      "text" : "month",
      "whiteSpace" : false
    }, {
      "id" : "s20-t6",
      "begin" : 1748,
      "end" : 1750,
      "text" : "we",
      "whiteSpace" : false
    }, {
      "id" : "s20-t7",
      "begin" : 1751,
      "end" : 1754,
      "text" : "are",
      "whiteSpace" : false
    }, {
      "id" : "s20-t8",
      "begin" : 1755,
      "end" : 1762,
      "text" : "talking",
      "whiteSpace" : false
    }, {
      "id" : "s20-t9",
      "begin" : 1762,
      "end" : 1763,
      "text" : ".",
      "whiteSpace" : false
    } ]
  }, {
    "id" : "s21",
    "begin" : 1764,
    "end" : 1793,
    "text" : "To me that is a lot of money.",
    "tokens" : [ {
      "id" : "s21-t0",
      "begin" : 1764,
      "end" : 1766,
      "text" : "To",
      "whiteSpace" : false
    }, {
      "id" : "s21-t1",
      "begin" : 1767,
      "end" : 1769,
      "text" : "me",
      "whiteSpace" : false
    }, {
      "id" : "s21-t2",
      "begin" : 1770,
      "end" : 1774,
      "text" : "that",
      "whiteSpace" : false
    }, {
      "id" : "s21-t3",
      "begin" : 1775,
      "end" : 1777,
      "text" : "is",
      "whiteSpace" : false
    }, {
      "id" : "s21-t4",
      "begin" : 1778,
      "end" : 1779,
      "text" : "a",
      "whiteSpace" : false
    }, {
      "id" : "s21-t5",
      "begin" : 1780,
      "end" : 1783,
      "text" : "lot",
      "whiteSpace" : false
    }, {
      "id" : "s21-t6",
      "begin" : 1784,
      "end" : 1786,
      "text" : "of",
      "whiteSpace" : false
    }, {
      "id" : "s21-t7",
      "begin" : 1787,
      "end" : 1792,
      "text" : "money",
      "whiteSpace" : false
    }, {
      "id" : "s21-t8",
      "begin" : 1792,
      "end" : 1793,
      "text" : ".",
      "whiteSpace" : false
    } ]
  }, {
    "id" : "s22",
    "begin" : 1794,
    "end" : 1908,
    "text" : "I wish there\nis something that could be done about this other than a credit one month which\nonly helps that month.",
    "tokens" : [ {
      "id" : "s22-t0",
      "begin" : 1794,
      "end" : 1795,
      "text" : "I",
      "whiteSpace" : false
    }, {
      "id" : "s22-t1",
      "begin" : 1796,
      "end" : 1800,
      "text" : "wish",
      "whiteSpace" : false
    }, {
      "id" : "s22-t2",
      "begin" : 1801,
      "end" : 1806,
      "text" : "there",
      "whiteSpace" : false
    }, {
      "id" : "s22-t3",
      "begin" : 1807,
      "end" : 1809,
      "text" : "is",
      "whiteSpace" : false
    }, {
      "id" : "s22-t4",
      "begin" : 1810,
      "end" : 1819,
      "text" : "something",
      "whiteSpace" : false
    }, {
      "id" : "s22-t5",
      "begin" : 1820,
      "end" : 1824,
      "text" : "that",
      "whiteSpace" : false
    }, {
      "id" : "s22-t6",
      "begin" : 1825,
      "end" : 1830,
      "text" : "could",
      "whiteSpace" : false
    }, {
      "id" : "s22-t7",
      "begin" : 1831,
      "end" : 1833,
      "text" : "be",
      "whiteSpace" : false
    }, {
      "id" : "s22-t8",
      "begin" : 1834,
      "end" : 1838,
      "text" : "done",
      "whiteSpace" : false
    }, {
      "id" : "s22-t9",
      "begin" : 1839,
      "end" : 1844,
      "text" : "about",
      "whiteSpace" : false
    }, {
      "id" : "s22-t10",
      "begin" : 1845,
      "end" : 1849,
      "text" : "this",
      "whiteSpace" : false
    }, {
      "id" : "s22-t11",
      "begin" : 1850,
      "end" : 1855,
      "text" : "other",
      "whiteSpace" : false
    }, {
      "id" : "s22-t12",
      "begin" : 1856,
      "end" : 1860,
      "text" : "than",
      "whiteSpace" : false
    }, {
      "id" : "s22-t13",
      "begin" : 1861,
      "end" : 1862,
      "text" : "a",
      "whiteSpace" : false
    }, {
      "id" : "s22-t14",
      "begin" : 1863,
      "end" : 1869,
      "text" : "credit",
      "whiteSpace" : false
    }, {
      "id" : "s22-t15",
      "begin" : 1870,
      "end" : 1873,
      "text" : "one",
      "whiteSpace" : false
    }, {
      "id" : "s22-t16",
      "begin" : 1874,
      "end" : 1879,
      "text" : "month",
      "whiteSpace" : false
    }, {
      "id" : "s22-t17",
      "begin" : 1880,
      "end" : 1885,
      "text" : "which",
      "whiteSpace" : false
    }, {
      "id" : "s22-t18",
      "begin" : 1886,
      "end" : 1890,
      "text" : "only",
      "whiteSpace" : false
    }, {
      "id" : "s22-t19",
      "begin" : 1891,
      "end" : 1896,
      "text" : "helps",
      "whiteSpace" : false
    }, {
      "id" : "s22-t20",
      "begin" : 1897,
      "end" : 1901,
      "text" : "that",
      "whiteSpace" : false
    }, {
      "id" : "s22-t21",
      "begin" : 1902,
      "end" : 1907,
      "text" : "month",
      "whiteSpace" : false
    }, {
      "id" : "s22-t22",
      "begin" : 1907,
      "end" : 1908,
      "text" : ".",
      "whiteSpace" : false
    } ]
  }, {
    "id" : "s23",
    "begin" : 1909,
    "end" : 1957,
    "text" : "Every other month I still have to pay the extra.",
    "tokens" : [ {
      "id" : "s23-t0",
      "begin" : 1909,
      "end" : 1914,
      "text" : "Every",
      "whiteSpace" : false
    }, {
      "id" : "s23-t1",
      "begin" : 1915,
      "end" : 1920,
      "text" : "other",
      "whiteSpace" : false
    }, {
      "id" : "s23-t2",
      "begin" : 1921,
      "end" : 1926,
      "text" : "month",
      "whiteSpace" : false
    }, {
      "id" : "s23-t3",
      "begin" : 1927,
      "end" : 1928,
      "text" : "I",
      "whiteSpace" : false
    }, {
      "id" : "s23-t4",
      "begin" : 1929,
      "end" : 1934,
      "text" : "still",
      "whiteSpace" : false
    }, {
      "id" : "s23-t5",
      "begin" : 1935,
      "end" : 1939,
      "text" : "have",
      "whiteSpace" : false
    }, {
      "id" : "s23-t6",
      "begin" : 1940,
      "end" : 1942,
      "text" : "to",
      "whiteSpace" : false
    }, {
      "id" : "s23-t7",
      "begin" : 1943,
      "end" : 1946,
      "text" : "pay",
      "whiteSpace" : false
    }, {
      "id" : "s23-t8",
      "begin" : 1947,
      "end" : 1950,
      "text" : "the",
      "whiteSpace" : false
    }, {
      "id" : "s23-t9",
      "begin" : 1951,
      "end" : 1956,
      "text" : "extra",
      "whiteSpace" : false
    }, {
      "id" : "s23-t10",
      "begin" : 1956,
      "end" : 1957,
      "text" : ".",
      "whiteSpace" : false
    } ]
  }, {
    "id" : "s24",
    "begin" : 1958,
    "end" : 2080,
    "text" : "I\nfigure i wont hear form anyone or if I do, once agian I will get hte run\naround or told I am stupid like one agent said.",
    "tokens" : [ {
      "id" : "s24-t0",
      "begin" : 1958,
      "end" : 1959,
      "text" : "I",
      "whiteSpace" : false
    }, {
      "id" : "s24-t1",
      "begin" : 1960,
      "end" : 1966,
      "text" : "figure",
      "whiteSpace" : false
    }, {
      "id" : "s24-t2",
      "begin" : 1967,
      "end" : 1968,
      "text" : "i",
      "whiteSpace" : false
    }, {
      "id" : "s24-t3",
      "begin" : 1969,
      "end" : 1973,
      "text" : "wont",
      "whiteSpace" : false
    }, {
      "id" : "s24-t4",
      "begin" : 1974,
      "end" : 1978,
      "text" : "hear",
      "whiteSpace" : false
    }, {
      "id" : "s24-t5",
      "begin" : 1979,
      "end" : 1983,
      "text" : "form",
      "whiteSpace" : false
    }, {
      "id" : "s24-t6",
      "begin" : 1984,
      "end" : 1990,
      "text" : "anyone",
      "whiteSpace" : false
    }, {
      "id" : "s24-t7",
      "begin" : 1991,
      "end" : 1993,
      "text" : "or",
      "whiteSpace" : false
    }, {
      "id" : "s24-t8",
      "begin" : 1994,
      "end" : 1996,
      "text" : "if",
      "whiteSpace" : false
    }, {
      "id" : "s24-t9",
      "begin" : 1997,
      "end" : 1998,
      "text" : "I",
      "whiteSpace" : false
    }, {
      "id" : "s24-t10",
      "begin" : 1999,
      "end" : 2001,
      "text" : "do",
      "whiteSpace" : false
    }, {
      "id" : "s24-t11",
      "begin" : 2001,
      "end" : 2002,
      "text" : ",",
      "whiteSpace" : false
    }, {
      "id" : "s24-t12",
      "begin" : 2003,
      "end" : 2007,
      "text" : "once",
      "whiteSpace" : false
    }, {
      "id" : "s24-t13",
      "begin" : 2008,
      "end" : 2013,
      "text" : "agian",
      "whiteSpace" : false
    }, {
      "id" : "s24-t14",
      "begin" : 2014,
      "end" : 2015,
      "text" : "I",
      "whiteSpace" : false
    }, {
      "id" : "s24-t15",
      "begin" : 2016,
      "end" : 2020,
      "text" : "will",
      "whiteSpace" : false
    }, {
      "id" : "s24-t16",
      "begin" : 2021,
      "end" : 2024,
      "text" : "get",
      "whiteSpace" : false
    }, {
      "id" : "s24-t17",
      "begin" : 2025,
      "end" : 2028,
      "text" : "hte",
      "whiteSpace" : false
    }, {
      "id" : "s24-t18",
      "begin" : 2029,
      "end" : 2032,
      "text" : "run",
      "whiteSpace" : false
    }, {
      "id" : "s24-t19",
      "begin" : 2033,
      "end" : 2039,
      "text" : "around",
      "whiteSpace" : false
    }, {
      "id" : "s24-t20",
      "begin" : 2040,
      "end" : 2042,
      "text" : "or",
      "whiteSpace" : false
    }, {
      "id" : "s24-t21",
      "begin" : 2043,
      "end" : 2047,
      "text" : "told",
      "whiteSpace" : false
    }, {
      "id" : "s24-t22",
      "begin" : 2048,
      "end" : 2049,
      "text" : "I",
      "whiteSpace" : false
    }, {
      "id" : "s24-t23",
      "begin" : 2050,
      "end" : 2052,
      "text" : "am",
      "whiteSpace" : false
    }, {
      "id" : "s24-t24",
      "begin" : 2053,
      "end" : 2059,
      "text" : "stupid",
      "whiteSpace" : false
    }, {
      "id" : "s24-t25",
      "begin" : 2060,
      "end" : 2064,
      "text" : "like",
      "whiteSpace" : false
    }, {
      "id" : "s24-t26",
      "begin" : 2065,
      "end" : 2068,
      "text" : "one",
      "whiteSpace" : false
    }, {
      "id" : "s24-t27",
      "begin" : 2069,
      "end" : 2074,
      "text" : "agent",
      "whiteSpace" : false
    }, {
      "id" : "s24-t28",
      "begin" : 2075,
      "end" : 2079,
      "text" : "said",
      "whiteSpace" : false
    }, {
      "id" : "s24-t29",
      "begin" : 2079,
      "end" : 2080,
      "text" : ".",
      "whiteSpace" : false
    } ]
  } ],
  "mentions" : [ {
    "id" : "cm1",
    "properties" : {
      "SIRE_MENTION_ROLE" : "Service_Plan",
      "SIRE_ENTITY_SUBTYPE" : "NONE",
      "SIRE_MENTION_TYPE" : "NONE",
      "SIRE_MENTION_CLASS" : "SPC"
    },
    "type" : "Service_Plan",
    "begin" : 110,
    "end" : 121,
    "inCoref" : false
  }, {
    "id" : "cm2",
    "properties" : {
      "SIRE_MENTION_ROLE" : "Service_Plan",
      "SIRE_ENTITY_SUBTYPE" : "NONE",
      "SIRE_MENTION_TYPE" : "NONE",
      "SIRE_MENTION_CLASS" : "SPC"
    },
    "type" : "Service_Plan",
    "begin" : 288,
    "end" : 293,
    "inCoref" : false
  }, {
    "id" : "cm3",
    "properties" : {
      "SIRE_MENTION_ROLE" : "Service_Plan",
      "SIRE_ENTITY_SUBTYPE" : "NONE",
      "SIRE_MENTION_TYPE" : "NONE",
      "SIRE_MENTION_CLASS" : "SPC"
    },
    "type" : "Service_Plan",
    "begin" : 321,
    "end" : 335,
    "inCoref" : false
  }, {
    "id" : "cm4",
    "properties" : {
      "SIRE_MENTION_ROLE" : "Service_Plan",
      "SIRE_ENTITY_SUBTYPE" : "NONE",
      "SIRE_MENTION_TYPE" : "NONE",
      "SIRE_MENTION_CLASS" : "SPC"
    },
    "type" : "Service_Plan",
    "begin" : 753,
    "end" : 763,
    "inCoref" : false
  }, {
    "id" : "cm5",
    "properties" : {
      "SIRE_MENTION_ROLE" : "Service_Plan",
      "SIRE_ENTITY_SUBTYPE" : "NONE",
      "SIRE_MENTION_TYPE" : "NONE",
      "SIRE_MENTION_CLASS" : "SPC"
    },
    "type" : "Service_Plan",
    "begin" : 886,
    "end" : 890,
    "inCoref" : false
  }, {
    "id" : "cm6",
    "properties" : {
      "SIRE_MENTION_ROLE" : "Service_Plan",
      "SIRE_ENTITY_SUBTYPE" : "NONE",
      "SIRE_MENTION_TYPE" : "NONE",
      "SIRE_MENTION_CLASS" : "SPC"
    },
    "type" : "Service_Plan",
    "begin" : 1264,
    "end" : 1268,
    "inCoref" : false
  }, {
    "id" : "cm7",
    "properties" : {
      "SIRE_MENTION_ROLE" : "Service_Plan",
      "SIRE_ENTITY_SUBTYPE" : "NONE",
      "SIRE_MENTION_TYPE" : "NONE",
      "SIRE_MENTION_CLASS" : "SPC"
    },
    "type" : "Service_Plan",
    "begin" : 1374,
    "end" : 1378,
    "inCoref" : false
  }, {
    "id" : "cm8",
    "properties" : {
      "SIRE_MENTION_ROLE" : "Service_Plan",
      "SIRE_ENTITY_SUBTYPE" : "NONE",
      "SIRE_MENTION_TYPE" : "NONE",
      "SIRE_MENTION_CLASS" : "SPC"
    },
    "type" : "Service_Plan",
    "begin" : 1415,
    "end" : 1428,
    "inCoref" : false
  } ],
  "relations" : [ ],
  "corefs" : [ ],
  "typeResolved" : true,
  "userResolved" : false
}