{
  "id" : "103f6870-fedc-11e6-adfe-7b21e22b049b-0",
  "name" : "1a4c52b9e9e1ed766d4e704c42a0b47a.txt",
  "version" : 3,
  "text" : "iPhone number porting\n\nI received my iPhone 5 this morning, and entered the information the phone\nasked for to transfer my phone number to the new phone. Two hours later I\nstill cannot make phone calls. I have turned the phone off and on.I've never\nhad to wait this long for a phone number transfer - is there something else I\nshould be doing?BrettSolved!Go to Solution.\n\n",
  "docLength" : 0,
  "language" : "EN",
  "status" : "READY",
  "modifiedDate" : 1488748587123,
  "documentSet" : [ ],
  "preannotation" : [ "PRE_LW" ],
  "sentences" : [ {
    "id" : "s0",
    "begin" : 0,
    "end" : 21,
    "text" : "iPhone number porting",
    "tokens" : [ {
      "id" : "s0-t0",
      "begin" : 0,
      "end" : 6,
      "text" : "iPhone",
      "whiteSpace" : false
    }, {
      "id" : "s0-t1",
      "begin" : 7,
      "end" : 13,
      "text" : "number",
      "whiteSpace" : false
    }, {
      "id" : "s0-t2",
      "begin" : 14,
      "end" : 21,
      "text" : "porting",
      "whiteSpace" : false
    } ]
  }, {
    "id" : "s1",
    "begin" : 23,
    "end" : 153,
    "text" : "I received my iPhone 5 this morning, and entered the information the phone\nasked for to transfer my phone number to the new phone.",
    "tokens" : [ {
      "id" : "s1-t0",
      "begin" : 23,
      "end" : 24,
      "text" : "I",
      "whiteSpace" : false
    }, {
      "id" : "s1-t1",
      "begin" : 25,
      "end" : 33,
      "text" : "received",
      "whiteSpace" : false
    }, {
      "id" : "s1-t2",
      "begin" : 34,
      "end" : 36,
      "text" : "my",
      "whiteSpace" : false
    }, {
      "id" : "s1-t3",
      "begin" : 37,
      "end" : 43,
      "text" : "iPhone",
      "whiteSpace" : false
    }, {
      "id" : "s1-t4",
      "begin" : 44,
      "end" : 45,
      "text" : "5",
      "whiteSpace" : false
    }, {
      "id" : "s1-t5",
      "begin" : 46,
      "end" : 50,
      "text" : "this",
      "whiteSpace" : false
    }, {
      "id" : "s1-t6",
      "begin" : 51,
      "end" : 58,
      "text" : "morning",
      "whiteSpace" : false
    }, {
      "id" : "s1-t7",
      "begin" : 58,
      "end" : 59,
      "text" : ",",
      "whiteSpace" : false
    }, {
      "id" : "s1-t8",
      "begin" : 60,
      "end" : 63,
      "text" : "and",
      "whiteSpace" : false
    }, {
      "id" : "s1-t9",
      "begin" : 64,
      "end" : 71,
      "text" : "entered",
      "whiteSpace" : false
    }, {
      "id" : "s1-t10",
      "begin" : 72,
      "end" : 75,
      "text" : "the",
      "whiteSpace" : false
    }, {
      "id" : "s1-t11",
      "begin" : 76,
      "end" : 87,
      "text" : "information",
      "whiteSpace" : false
    }, {
      "id" : "s1-t12",
      "begin" : 88,
      "end" : 91,
      "text" : "the",
      "whiteSpace" : false
    }, {
      "id" : "s1-t13",
      "begin" : 92,
      "end" : 97,
      "text" : "phone",
      "whiteSpace" : false
    }, {
      "id" : "s1-t14",
      "begin" : 98,
      "end" : 103,
      "text" : "asked",
      "whiteSpace" : false
    }, {
      "id" : "s1-t15",
      "begin" : 104,
      "end" : 107,
      "text" : "for",
      "whiteSpace" : false
    }, {
      "id" : "s1-t16",
      "begin" : 108,
      "end" : 110,
      "text" : "to",
      "whiteSpace" : false
    }, {
      "id" : "s1-t17",
      "begin" : 111,
      "end" : 119,
      "text" : "transfer",
      "whiteSpace" : false
    }, {
      "id" : "s1-t18",
      "begin" : 120,
      "end" : 122,
      "text" : "my",
      "whiteSpace" : false
    }, {
      "id" : "s1-t19",
      "begin" : 123,
      "end" : 128,
      "text" : "phone",
      "whiteSpace" : false
    }, {
      "id" : "s1-t20",
      "begin" : 129,
      "end" : 135,
      "text" : "number",
      "whiteSpace" : false
    }, {
      "id" : "s1-t21",
      "begin" : 136,
      "end" : 138,
      "text" : "to",
      "whiteSpace" : false
    }, {
      "id" : "s1-t22",
      "begin" : 139,
      "end" : 142,
      "text" : "the",
      "whiteSpace" : false
    }, {
      "id" : "s1-t23",
      "begin" : 143,
      "end" : 146,
      "text" : "new",
      "whiteSpace" : false
    }, {
      "id" : "s1-t24",
      "begin" : 147,
      "end" : 152,
      "text" : "phone",
      "whiteSpace" : false
    }, {
      "id" : "s1-t25",
      "begin" : 152,
      "end" : 153,
      "text" : ".",
      "whiteSpace" : false
    } ]
  }, {
    "id" : "s2",
    "begin" : 154,
    "end" : 202,
    "text" : "Two hours later I\nstill cannot make phone calls.",
    "tokens" : [ {
      "id" : "s2-t0",
      "begin" : 154,
      "end" : 157,
      "text" : "Two",
      "whiteSpace" : false
    }, {
      "id" : "s2-t1",
      "begin" : 158,
      "end" : 163,
      "text" : "hours",
      "whiteSpace" : false
    }, {
      "id" : "s2-t2",
      "begin" : 164,
      "end" : 169,
      "text" : "later",
      "whiteSpace" : false
    }, {
      "id" : "s2-t3",
      "begin" : 170,
      "end" : 171,
      "text" : "I",
      "whiteSpace" : false
    }, {
      "id" : "s2-t4",
      "begin" : 172,
      "end" : 177,
      "text" : "still",
      "whiteSpace" : false
    }, {
      "id" : "s2-t5",
      "begin" : 178,
      "end" : 184,
      "text" : "cannot",
      "whiteSpace" : false
    }, {
      "id" : "s2-t6",
      "begin" : 185,
      "end" : 189,
      "text" : "make",
      "whiteSpace" : false
    }, {
      "id" : "s2-t7",
      "begin" : 190,
      "end" : 195,
      "text" : "phone",
      "whiteSpace" : false
    }, {
      "id" : "s2-t8",
      "begin" : 196,
      "end" : 201,
      "text" : "calls",
      "whiteSpace" : false
    }, {
      "id" : "s2-t9",
      "begin" : 201,
      "end" : 202,
      "text" : ".",
      "whiteSpace" : false
    } ]
  }, {
    "id" : "s3",
    "begin" : 203,
    "end" : 343,
    "text" : "I have turned the phone off and on.I've never\nhad to wait this long for a phone number transfer - is there something else I\nshould be doing?",
    "tokens" : [ {
      "id" : "s3-t0",
      "begin" : 203,
      "end" : 204,
      "text" : "I",
      "whiteSpace" : false
    }, {
      "id" : "s3-t1",
      "begin" : 205,
      "end" : 209,
      "text" : "have",
      "whiteSpace" : false
    }, {
      "id" : "s3-t2",
      "begin" : 210,
      "end" : 216,
      "text" : "turned",
      "whiteSpace" : false
    }, {
      "id" : "s3-t3",
      "begin" : 217,
      "end" : 220,
      "text" : "the",
      "whiteSpace" : false
    }, {
      "id" : "s3-t4",
      "begin" : 221,
      "end" : 226,
      "text" : "phone",
      "whiteSpace" : false
    }, {
      "id" : "s3-t5",
      "begin" : 227,
      "end" : 230,
      "text" : "off",
      "whiteSpace" : false
    }, {
      "id" : "s3-t6",
      "begin" : 231,
      "end" : 234,
      "text" : "and",
      "whiteSpace" : false
    }, {
      "id" : "s3-t7",
      "begin" : 235,
      "end" : 239,
      "text" : "on.I",
      "whiteSpace" : false
    }, {
      "id" : "s3-t8",
      "begin" : 239,
      "end" : 242,
      "text" : "'ve",
      "whiteSpace" : false
    }, {
      "id" : "s3-t9",
      "begin" : 243,
      "end" : 248,
      "text" : "never",
      "whiteSpace" : false
    }, {
      "id" : "s3-t10",
      "begin" : 249,
      "end" : 252,
      "text" : "had",
      "whiteSpace" : false
    }, {
      "id" : "s3-t11",
      "begin" : 253,
      "end" : 255,
      "text" : "to",
      "whiteSpace" : false
    }, {
      "id" : "s3-t12",
      "begin" : 256,
      "end" : 260,
      "text" : "wait",
      "whiteSpace" : false
    }, {
      "id" : "s3-t13",
      "begin" : 261,
      "end" : 265,
      "text" : "this",
      "whiteSpace" : false
    }, {
      "id" : "s3-t14",
      "begin" : 266,
      "end" : 270,
      "text" : "long",
      "whiteSpace" : false
    }, {
      "id" : "s3-t15",
      "begin" : 271,
      "end" : 274,
      "text" : "for",
      "whiteSpace" : false
    }, {
      "id" : "s3-t16",
      "begin" : 275,
      "end" : 276,
      "text" : "a",
      "whiteSpace" : false
    }, {
      "id" : "s3-t17",
      "begin" : 277,
      "end" : 282,
      "text" : "phone",
      "whiteSpace" : false
    }, {
      "id" : "s3-t18",
      "begin" : 283,
      "end" : 289,
      "text" : "number",
      "whiteSpace" : false
    }, {
      "id" : "s3-t19",
      "begin" : 290,
      "end" : 298,
      "text" : "transfer",
      "whiteSpace" : false
    }, {
      "id" : "s3-t20",
      "begin" : 299,
      "end" : 300,
      "text" : "-",
      "whiteSpace" : false
    }, {
      "id" : "s3-t21",
      "begin" : 301,
      "end" : 303,
      "text" : "is",
      "whiteSpace" : false
    }, {
      "id" : "s3-t22",
      "begin" : 304,
      "end" : 309,
      "text" : "there",
      "whiteSpace" : false
    }, {
      "id" : "s3-t23",
      "begin" : 310,
      "end" : 319,
      "text" : "something",
      "whiteSpace" : false
    }, {
      "id" : "s3-t24",
      "begin" : 320,
      "end" : 324,
      "text" : "else",
      "whiteSpace" : false
    }, {
      "id" : "s3-t25",
      "begin" : 325,
      "end" : 326,
      "text" : "I",
      "whiteSpace" : false
    }, {
      "id" : "s3-t26",
      "begin" : 327,
      "end" : 333,
      "text" : "should",
      "whiteSpace" : false
    }, {
      "id" : "s3-t27",
      "begin" : 334,
      "end" : 336,
      "text" : "be",
      "whiteSpace" : false
    }, {
      "id" : "s3-t28",
      "begin" : 337,
      "end" : 342,
      "text" : "doing",
      "whiteSpace" : false
    }, {
      "id" : "s3-t29",
      "begin" : 342,
      "end" : 343,
      "text" : "?",
      "whiteSpace" : false
    } ]
  }, {
    "id" : "s4",
    "begin" : 343,
    "end" : 370,
    "text" : "BrettSolved!Go to Solution.",
    "tokens" : [ {
      "id" : "s4-t0",
      "begin" : 343,
      "end" : 355,
      "text" : "BrettSolved!",
      "whiteSpace" : false
    }, {
      "id" : "s4-t1",
      "begin" : 355,
      "end" : 357,
      "text" : "Go",
      "whiteSpace" : false
    }, {
      "id" : "s4-t2",
      "begin" : 358,
      "end" : 360,
      "text" : "to",
      "whiteSpace" : false
    }, {
      "id" : "s4-t3",
      "begin" : 361,
      "end" : 369,
      "text" : "Solution",
      "whiteSpace" : false
    }, {
      "id" : "s4-t4",
      "begin" : 369,
      "end" : 370,
      "text" : ".",
      "whiteSpace" : false
    } ]
  } ],
  "mentions" : [ {
    "id" : "s0-m1",
    "properties" : {
      "SIRE_MENTION_ROLE" : "Product",
      "SIRE_ENTITY_SUBTYPE" : "NONE",
      "SIRE_MENTION_TYPE" : "NONE",
      "SIRE_MENTION_CLASS" : "SPC"
    },
    "type" : "Product",
    "begin" : 0,
    "end" : 6,
    "inCoref" : false
  }, {
    "id" : "cm1",
    "properties" : {
      "SIRE_MENTION_ROLE" : "Product",
      "SIRE_ENTITY_SUBTYPE" : "NONE",
      "SIRE_MENTION_TYPE" : "NONE",
      "SIRE_MENTION_CLASS" : "SPC"
    },
    "type" : "Product",
    "begin" : 37,
    "end" : 45,
    "inCoref" : false
  }, {
    "id" : "s1-m2",
    "properties" : {
      "SIRE_MENTION_ROLE" : "Voice_Text",
      "SIRE_ENTITY_SUBTYPE" : "NONE",
      "SIRE_MENTION_TYPE" : "NONE",
      "SIRE_MENTION_CLASS" : "SPC"
    },
    "type" : "Voice_Text",
    "begin" : 123,
    "end" : 135,
    "inCoref" : false
  }, {
    "id" : "cm2",
    "properties" : {
      "SIRE_MENTION_ROLE" : "Voice_Text",
      "SIRE_ENTITY_SUBTYPE" : "NONE",
      "SIRE_MENTION_TYPE" : "NONE",
      "SIRE_MENTION_CLASS" : "SPC"
    },
    "type" : "Voice_Text",
    "begin" : 190,
    "end" : 201,
    "inCoref" : false
  }, {
    "id" : "s3-m1",
    "properties" : {
      "SIRE_MENTION_ROLE" : "Voice_Text",
      "SIRE_ENTITY_SUBTYPE" : "NONE",
      "SIRE_MENTION_TYPE" : "NONE",
      "SIRE_MENTION_CLASS" : "SPC"
    },
    "type" : "Voice_Text",
    "begin" : 277,
    "end" : 289,
    "inCoref" : false
  } ],
  "relations" : [ ],
  "corefs" : [ ],
  "typeResolved" : true,
  "userResolved" : false
}