{
  "id" : "103f6870-fedc-11e6-adfe-7b21e22b049b-9",
  "name" : "1a4c52b9e9e1ed766d4e704c42886fb4.txt",
  "version" : 3,
  "text" : "Setting up bluetooth on iphone\n\nI have a bluetooth devise in my car that is on my visor. I can't find on the\niPhone where the bluetooth set up is? Can anyone help Solved!Go to Solution.\n\n",
  "docLength" : 0,
  "language" : "EN",
  "status" : "READY",
  "modifiedDate" : 1488748670347,
  "documentSet" : [ ],
  "preannotation" : [ "PRE_LW" ],
  "sentences" : [ {
    "id" : "s0",
    "begin" : 0,
    "end" : 30,
    "text" : "Setting up bluetooth on iphone",
    "tokens" : [ {
      "id" : "s0-t0",
      "begin" : 0,
      "end" : 7,
      "text" : "Setting",
      "whiteSpace" : false
    }, {
      "id" : "s0-t1",
      "begin" : 8,
      "end" : 10,
      "text" : "up",
      "whiteSpace" : false
    }, {
      "id" : "s0-t2",
      "begin" : 11,
      "end" : 20,
      "text" : "bluetooth",
      "whiteSpace" : false
    }, {
      "id" : "s0-t3",
      "begin" : 21,
      "end" : 23,
      "text" : "on",
      "whiteSpace" : false
    }, {
      "id" : "s0-t4",
      "begin" : 24,
      "end" : 30,
      "text" : "iphone",
      "whiteSpace" : false
    } ]
  }, {
    "id" : "s1",
    "begin" : 32,
    "end" : 88,
    "text" : "I have a bluetooth devise in my car that is on my visor.",
    "tokens" : [ {
      "id" : "s1-t0",
      "begin" : 32,
      "end" : 33,
      "text" : "I",
      "whiteSpace" : false
    }, {
      "id" : "s1-t1",
      "begin" : 34,
      "end" : 38,
      "text" : "have",
      "whiteSpace" : false
    }, {
      "id" : "s1-t2",
      "begin" : 39,
      "end" : 40,
      "text" : "a",
      "whiteSpace" : false
    }, {
      "id" : "s1-t3",
      "begin" : 41,
      "end" : 50,
      "text" : "bluetooth",
      "whiteSpace" : false
    }, {
      "id" : "s1-t4",
      "begin" : 51,
      "end" : 57,
      "text" : "devise",
      "whiteSpace" : false
    }, {
      "id" : "s1-t5",
      "begin" : 58,
      "end" : 60,
      "text" : "in",
      "whiteSpace" : false
    }, {
      "id" : "s1-t6",
      "begin" : 61,
      "end" : 63,
      "text" : "my",
      "whiteSpace" : false
    }, {
      "id" : "s1-t7",
      "begin" : 64,
      "end" : 67,
      "text" : "car",
      "whiteSpace" : false
    }, {
      "id" : "s1-t8",
      "begin" : 68,
      "end" : 72,
      "text" : "that",
      "whiteSpace" : false
    }, {
      "id" : "s1-t9",
      "begin" : 73,
      "end" : 75,
      "text" : "is",
      "whiteSpace" : false
    }, {
      "id" : "s1-t10",
      "begin" : 76,
      "end" : 78,
      "text" : "on",
      "whiteSpace" : false
    }, {
      "id" : "s1-t11",
      "begin" : 79,
      "end" : 81,
      "text" : "my",
      "whiteSpace" : false
    }, {
      "id" : "s1-t12",
      "begin" : 82,
      "end" : 87,
      "text" : "visor",
      "whiteSpace" : false
    }, {
      "id" : "s1-t13",
      "begin" : 87,
      "end" : 88,
      "text" : ".",
      "whiteSpace" : false
    } ]
  }, {
    "id" : "s2",
    "begin" : 89,
    "end" : 146,
    "text" : "I can't find on the\niPhone where the bluetooth set up is?",
    "tokens" : [ {
      "id" : "s2-t0",
      "begin" : 89,
      "end" : 90,
      "text" : "I",
      "whiteSpace" : false
    }, {
      "id" : "s2-t1",
      "begin" : 91,
      "end" : 93,
      "text" : "ca",
      "whiteSpace" : false
    }, {
      "id" : "s2-t2",
      "begin" : 93,
      "end" : 96,
      "text" : "n't",
      "whiteSpace" : false
    }, {
      "id" : "s2-t3",
      "begin" : 97,
      "end" : 101,
      "text" : "find",
      "whiteSpace" : false
    }, {
      "id" : "s2-t4",
      "begin" : 102,
      "end" : 104,
      "text" : "on",
      "whiteSpace" : false
    }, {
      "id" : "s2-t5",
      "begin" : 105,
      "end" : 108,
      "text" : "the",
      "whiteSpace" : false
    }, {
      "id" : "s2-t6",
      "begin" : 109,
      "end" : 115,
      "text" : "iPhone",
      "whiteSpace" : false
    }, {
      "id" : "s2-t7",
      "begin" : 116,
      "end" : 121,
      "text" : "where",
      "whiteSpace" : false
    }, {
      "id" : "s2-t8",
      "begin" : 122,
      "end" : 125,
      "text" : "the",
      "whiteSpace" : false
    }, {
      "id" : "s2-t9",
      "begin" : 126,
      "end" : 135,
      "text" : "bluetooth",
      "whiteSpace" : false
    }, {
      "id" : "s2-t10",
      "begin" : 136,
      "end" : 139,
      "text" : "set",
      "whiteSpace" : false
    }, {
      "id" : "s2-t11",
      "begin" : 140,
      "end" : 142,
      "text" : "up",
      "whiteSpace" : false
    }, {
      "id" : "s2-t12",
      "begin" : 143,
      "end" : 145,
      "text" : "is",
      "whiteSpace" : false
    }, {
      "id" : "s2-t13",
      "begin" : 145,
      "end" : 146,
      "text" : "?",
      "whiteSpace" : false
    } ]
  }, {
    "id" : "s3",
    "begin" : 147,
    "end" : 170,
    "text" : "Can anyone help Solved!",
    "tokens" : [ {
      "id" : "s3-t0",
      "begin" : 147,
      "end" : 150,
      "text" : "Can",
      "whiteSpace" : false
    }, {
      "id" : "s3-t1",
      "begin" : 151,
      "end" : 157,
      "text" : "anyone",
      "whiteSpace" : false
    }, {
      "id" : "s3-t2",
      "begin" : 158,
      "end" : 162,
      "text" : "help",
      "whiteSpace" : false
    }, {
      "id" : "s3-t3",
      "begin" : 163,
      "end" : 169,
      "text" : "Solved",
      "whiteSpace" : false
    }, {
      "id" : "s3-t4",
      "begin" : 169,
      "end" : 170,
      "text" : "!",
      "whiteSpace" : false
    } ]
  }, {
    "id" : "s4",
    "begin" : 170,
    "end" : 185,
    "text" : "Go to Solution.",
    "tokens" : [ {
      "id" : "s4-t0",
      "begin" : 170,
      "end" : 172,
      "text" : "Go",
      "whiteSpace" : false
    }, {
      "id" : "s4-t1",
      "begin" : 173,
      "end" : 175,
      "text" : "to",
      "whiteSpace" : false
    }, {
      "id" : "s4-t2",
      "begin" : 176,
      "end" : 184,
      "text" : "Solution",
      "whiteSpace" : false
    }, {
      "id" : "s4-t3",
      "begin" : 184,
      "end" : 185,
      "text" : ".",
      "whiteSpace" : false
    } ]
  } ],
  "mentions" : [ {
    "id" : "s0-m0",
    "properties" : {
      "SIRE_MENTION_ROLE" : "Internet_Connectivity",
      "SIRE_ENTITY_SUBTYPE" : "NONE",
      "SIRE_MENTION_TYPE" : "NONE",
      "SIRE_MENTION_CLASS" : "SPC"
    },
    "type" : "Internet_Connectivity",
    "begin" : 11,
    "end" : 20,
    "inCoref" : false
  }, {
    "id" : "s0-m1",
    "properties" : {
      "SIRE_MENTION_ROLE" : "Product",
      "SIRE_MENTION_TYPE" : "NONE",
      "SIRE_ENTITY_SUBTYPE" : "NONE",
      "SIRE_MENTION_CLASS" : "SPC"
    },
    "type" : "Product",
    "begin" : 24,
    "end" : 30,
    "inCoref" : false
  }, {
    "id" : "s1-m0",
    "properties" : {
      "SIRE_MENTION_ROLE" : "Internet_Connectivity",
      "SIRE_ENTITY_SUBTYPE" : "NONE",
      "SIRE_MENTION_TYPE" : "NONE",
      "SIRE_MENTION_CLASS" : "SPC"
    },
    "type" : "Internet_Connectivity",
    "begin" : 41,
    "end" : 50,
    "inCoref" : false
  }, {
    "id" : "s2-m2",
    "properties" : {
      "SIRE_MENTION_ROLE" : "Product",
      "SIRE_ENTITY_SUBTYPE" : "NONE",
      "SIRE_MENTION_TYPE" : "NONE",
      "SIRE_MENTION_CLASS" : "SPC"
    },
    "type" : "Product",
    "begin" : 109,
    "end" : 115,
    "inCoref" : false
  }, {
    "id" : "s3-m0",
    "properties" : {
      "SIRE_MENTION_ROLE" : "Internet_Connectivity",
      "SIRE_ENTITY_SUBTYPE" : "NONE",
      "SIRE_MENTION_TYPE" : "NONE",
      "SIRE_MENTION_CLASS" : "SPC"
    },
    "type" : "Internet_Connectivity",
    "begin" : 126,
    "end" : 135,
    "inCoref" : false
  } ],
  "relations" : [ ],
  "corefs" : [ ],
  "typeResolved" : true,
  "userResolved" : false
}