{
  "id" : "19918610-fed7-11e6-8c66-35e044ecf34d-4",
  "name" : "159f2d7b63f76ef7d222dce979b71eee.txt",
  "version" : 3,
  "text" : "Plan due date\n\nI have the $45 per month plan. I started service on the 7th which is when my\nbill will be due however, I would like to pay the $45 each month on the 15th.\nHow can I make this change without having my service cut? If I sign up for\nauto pay it still keeps the due date of the 7th. My plan is a flat rate $45\nper month. No cardsSolved!Go to Solution.\n\n",
  "docLength" : 0,
  "language" : "EN",
  "status" : "READY",
  "modifiedDate" : 1488746483414,
  "documentSet" : [ ],
  "preannotation" : [ "PRE_LW" ],
  "sentences" : [ {
    "id" : "s0",
    "begin" : 0,
    "end" : 13,
    "text" : "Plan due date",
    "tokens" : [ {
      "id" : "s0-t0",
      "begin" : 0,
      "end" : 4,
      "text" : "Plan",
      "whiteSpace" : false
    }, {
      "id" : "s0-t1",
      "begin" : 5,
      "end" : 8,
      "text" : "due",
      "whiteSpace" : false
    }, {
      "id" : "s0-t2",
      "begin" : 9,
      "end" : 13,
      "text" : "date",
      "whiteSpace" : false
    } ]
  }, {
    "id" : "s1",
    "begin" : 15,
    "end" : 45,
    "text" : "I have the $45 per month plan.",
    "tokens" : [ {
      "id" : "s1-t0",
      "begin" : 15,
      "end" : 16,
      "text" : "I",
      "whiteSpace" : false
    }, {
      "id" : "s1-t1",
      "begin" : 17,
      "end" : 21,
      "text" : "have",
      "whiteSpace" : false
    }, {
      "id" : "s1-t2",
      "begin" : 22,
      "end" : 25,
      "text" : "the",
      "whiteSpace" : false
    }, {
      "id" : "s1-t3",
      "begin" : 26,
      "end" : 27,
      "text" : "$",
      "whiteSpace" : false
    }, {
      "id" : "s1-t4",
      "begin" : 27,
      "end" : 29,
      "text" : "45",
      "whiteSpace" : false
    }, {
      "id" : "s1-t5",
      "begin" : 30,
      "end" : 33,
      "text" : "per",
      "whiteSpace" : false
    }, {
      "id" : "s1-t6",
      "begin" : 34,
      "end" : 39,
      "text" : "month",
      "whiteSpace" : false
    }, {
      "id" : "s1-t7",
      "begin" : 40,
      "end" : 44,
      "text" : "plan",
      "whiteSpace" : false
    }, {
      "id" : "s1-t8",
      "begin" : 44,
      "end" : 45,
      "text" : ".",
      "whiteSpace" : false
    } ]
  }, {
    "id" : "s2",
    "begin" : 46,
    "end" : 169,
    "text" : "I started service on the 7th which is when my\nbill will be due however, I would like to pay the $45 each month on the 15th.",
    "tokens" : [ {
      "id" : "s2-t0",
      "begin" : 46,
      "end" : 47,
      "text" : "I",
      "whiteSpace" : false
    }, {
      "id" : "s2-t1",
      "begin" : 48,
      "end" : 55,
      "text" : "started",
      "whiteSpace" : false
    }, {
      "id" : "s2-t2",
      "begin" : 56,
      "end" : 63,
      "text" : "service",
      "whiteSpace" : false
    }, {
      "id" : "s2-t3",
      "begin" : 64,
      "end" : 66,
      "text" : "on",
      "whiteSpace" : false
    }, {
      "id" : "s2-t4",
      "begin" : 67,
      "end" : 70,
      "text" : "the",
      "whiteSpace" : false
    }, {
      "id" : "s2-t5",
      "begin" : 71,
      "end" : 74,
      "text" : "7th",
      "whiteSpace" : false
    }, {
      "id" : "s2-t6",
      "begin" : 75,
      "end" : 80,
      "text" : "which",
      "whiteSpace" : false
    }, {
      "id" : "s2-t7",
      "begin" : 81,
      "end" : 83,
      "text" : "is",
      "whiteSpace" : false
    }, {
      "id" : "s2-t8",
      "begin" : 84,
      "end" : 88,
      "text" : "when",
      "whiteSpace" : false
    }, {
      "id" : "s2-t9",
      "begin" : 89,
      "end" : 91,
      "text" : "my",
      "whiteSpace" : false
    }, {
      "id" : "s2-t10",
      "begin" : 92,
      "end" : 96,
      "text" : "bill",
      "whiteSpace" : false
    }, {
      "id" : "s2-t11",
      "begin" : 97,
      "end" : 101,
      "text" : "will",
      "whiteSpace" : false
    }, {
      "id" : "s2-t12",
      "begin" : 102,
      "end" : 104,
      "text" : "be",
      "whiteSpace" : false
    }, {
      "id" : "s2-t13",
      "begin" : 105,
      "end" : 108,
      "text" : "due",
      "whiteSpace" : false
    }, {
      "id" : "s2-t14",
      "begin" : 109,
      "end" : 116,
      "text" : "however",
      "whiteSpace" : false
    }, {
      "id" : "s2-t15",
      "begin" : 116,
      "end" : 117,
      "text" : ",",
      "whiteSpace" : false
    }, {
      "id" : "s2-t16",
      "begin" : 118,
      "end" : 119,
      "text" : "I",
      "whiteSpace" : false
    }, {
      "id" : "s2-t17",
      "begin" : 120,
      "end" : 125,
      "text" : "would",
      "whiteSpace" : false
    }, {
      "id" : "s2-t18",
      "begin" : 126,
      "end" : 130,
      "text" : "like",
      "whiteSpace" : false
    }, {
      "id" : "s2-t19",
      "begin" : 131,
      "end" : 133,
      "text" : "to",
      "whiteSpace" : false
    }, {
      "id" : "s2-t20",
      "begin" : 134,
      "end" : 137,
      "text" : "pay",
      "whiteSpace" : false
    }, {
      "id" : "s2-t21",
      "begin" : 138,
      "end" : 141,
      "text" : "the",
      "whiteSpace" : false
    }, {
      "id" : "s2-t22",
      "begin" : 142,
      "end" : 143,
      "text" : "$",
      "whiteSpace" : false
    }, {
      "id" : "s2-t23",
      "begin" : 143,
      "end" : 145,
      "text" : "45",
      "whiteSpace" : false
    }, {
      "id" : "s2-t24",
      "begin" : 146,
      "end" : 150,
      "text" : "each",
      "whiteSpace" : false
    }, {
      "id" : "s2-t25",
      "begin" : 151,
      "end" : 156,
      "text" : "month",
      "whiteSpace" : false
    }, {
      "id" : "s2-t26",
      "begin" : 157,
      "end" : 159,
      "text" : "on",
      "whiteSpace" : false
    }, {
      "id" : "s2-t27",
      "begin" : 160,
      "end" : 163,
      "text" : "the",
      "whiteSpace" : false
    }, {
      "id" : "s2-t28",
      "begin" : 164,
      "end" : 168,
      "text" : "15th",
      "whiteSpace" : false
    }, {
      "id" : "s2-t29",
      "begin" : 168,
      "end" : 169,
      "text" : ".",
      "whiteSpace" : false
    } ]
  }, {
    "id" : "s3",
    "begin" : 170,
    "end" : 227,
    "text" : "How can I make this change without having my service cut?",
    "tokens" : [ {
      "id" : "s3-t0",
      "begin" : 170,
      "end" : 173,
      "text" : "How",
      "whiteSpace" : false
    }, {
      "id" : "s3-t1",
      "begin" : 174,
      "end" : 177,
      "text" : "can",
      "whiteSpace" : false
    }, {
      "id" : "s3-t2",
      "begin" : 178,
      "end" : 179,
      "text" : "I",
      "whiteSpace" : false
    }, {
      "id" : "s3-t3",
      "begin" : 180,
      "end" : 184,
      "text" : "make",
      "whiteSpace" : false
    }, {
      "id" : "s3-t4",
      "begin" : 185,
      "end" : 189,
      "text" : "this",
      "whiteSpace" : false
    }, {
      "id" : "s3-t5",
      "begin" : 190,
      "end" : 196,
      "text" : "change",
      "whiteSpace" : false
    }, {
      "id" : "s3-t6",
      "begin" : 197,
      "end" : 204,
      "text" : "without",
      "whiteSpace" : false
    }, {
      "id" : "s3-t7",
      "begin" : 205,
      "end" : 211,
      "text" : "having",
      "whiteSpace" : false
    }, {
      "id" : "s3-t8",
      "begin" : 212,
      "end" : 214,
      "text" : "my",
      "whiteSpace" : false
    }, {
      "id" : "s3-t9",
      "begin" : 215,
      "end" : 222,
      "text" : "service",
      "whiteSpace" : false
    }, {
      "id" : "s3-t10",
      "begin" : 223,
      "end" : 226,
      "text" : "cut",
      "whiteSpace" : false
    }, {
      "id" : "s3-t11",
      "begin" : 226,
      "end" : 227,
      "text" : "?",
      "whiteSpace" : false
    } ]
  }, {
    "id" : "s4",
    "begin" : 228,
    "end" : 293,
    "text" : "If I sign up for\nauto pay it still keeps the due date of the 7th.",
    "tokens" : [ {
      "id" : "s4-t0",
      "begin" : 228,
      "end" : 230,
      "text" : "If",
      "whiteSpace" : false
    }, {
      "id" : "s4-t1",
      "begin" : 231,
      "end" : 232,
      "text" : "I",
      "whiteSpace" : false
    }, {
      "id" : "s4-t2",
      "begin" : 233,
      "end" : 237,
      "text" : "sign",
      "whiteSpace" : false
    }, {
      "id" : "s4-t3",
      "begin" : 238,
      "end" : 240,
      "text" : "up",
      "whiteSpace" : false
    }, {
      "id" : "s4-t4",
      "begin" : 241,
      "end" : 244,
      "text" : "for",
      "whiteSpace" : false
    }, {
      "id" : "s4-t5",
      "begin" : 245,
      "end" : 249,
      "text" : "auto",
      "whiteSpace" : false
    }, {
      "id" : "s4-t6",
      "begin" : 250,
      "end" : 253,
      "text" : "pay",
      "whiteSpace" : false
    }, {
      "id" : "s4-t7",
      "begin" : 254,
      "end" : 256,
      "text" : "it",
      "whiteSpace" : false
    }, {
      "id" : "s4-t8",
      "begin" : 257,
      "end" : 262,
      "text" : "still",
      "whiteSpace" : false
    }, {
      "id" : "s4-t9",
      "begin" : 263,
      "end" : 268,
      "text" : "keeps",
      "whiteSpace" : false
    }, {
      "id" : "s4-t10",
      "begin" : 269,
      "end" : 272,
      "text" : "the",
      "whiteSpace" : false
    }, {
      "id" : "s4-t11",
      "begin" : 273,
      "end" : 276,
      "text" : "due",
      "whiteSpace" : false
    }, {
      "id" : "s4-t12",
      "begin" : 277,
      "end" : 281,
      "text" : "date",
      "whiteSpace" : false
    }, {
      "id" : "s4-t13",
      "begin" : 282,
      "end" : 284,
      "text" : "of",
      "whiteSpace" : false
    }, {
      "id" : "s4-t14",
      "begin" : 285,
      "end" : 288,
      "text" : "the",
      "whiteSpace" : false
    }, {
      "id" : "s4-t15",
      "begin" : 289,
      "end" : 292,
      "text" : "7th",
      "whiteSpace" : false
    }, {
      "id" : "s4-t16",
      "begin" : 292,
      "end" : 293,
      "text" : ".",
      "whiteSpace" : false
    } ]
  }, {
    "id" : "s5",
    "begin" : 294,
    "end" : 331,
    "text" : "My plan is a flat rate $45\nper month.",
    "tokens" : [ {
      "id" : "s5-t0",
      "begin" : 294,
      "end" : 296,
      "text" : "My",
      "whiteSpace" : false
    }, {
      "id" : "s5-t1",
      "begin" : 297,
      "end" : 301,
      "text" : "plan",
      "whiteSpace" : false
    }, {
      "id" : "s5-t2",
      "begin" : 302,
      "end" : 304,
      "text" : "is",
      "whiteSpace" : false
    }, {
      "id" : "s5-t3",
      "begin" : 305,
      "end" : 306,
      "text" : "a",
      "whiteSpace" : false
    }, {
      "id" : "s5-t4",
      "begin" : 307,
      "end" : 311,
      "text" : "flat",
      "whiteSpace" : false
    }, {
      "id" : "s5-t5",
      "begin" : 312,
      "end" : 316,
      "text" : "rate",
      "whiteSpace" : false
    }, {
      "id" : "s5-t6",
      "begin" : 317,
      "end" : 318,
      "text" : "$",
      "whiteSpace" : false
    }, {
      "id" : "s5-t7",
      "begin" : 318,
      "end" : 320,
      "text" : "45",
      "whiteSpace" : false
    }, {
      "id" : "s5-t8",
      "begin" : 321,
      "end" : 324,
      "text" : "per",
      "whiteSpace" : false
    }, {
      "id" : "s5-t9",
      "begin" : 325,
      "end" : 330,
      "text" : "month",
      "whiteSpace" : false
    }, {
      "id" : "s5-t10",
      "begin" : 330,
      "end" : 331,
      "text" : ".",
      "whiteSpace" : false
    } ]
  }, {
    "id" : "s6",
    "begin" : 332,
    "end" : 347,
    "text" : "No cardsSolved!",
    "tokens" : [ {
      "id" : "s6-t0",
      "begin" : 332,
      "end" : 334,
      "text" : "No",
      "whiteSpace" : false
    }, {
      "id" : "s6-t1",
      "begin" : 335,
      "end" : 346,
      "text" : "cardsSolved",
      "whiteSpace" : false
    }, {
      "id" : "s6-t2",
      "begin" : 346,
      "end" : 347,
      "text" : "!",
      "whiteSpace" : false
    } ]
  }, {
    "id" : "s7",
    "begin" : 347,
    "end" : 362,
    "text" : "Go to Solution.",
    "tokens" : [ {
      "id" : "s7-t0",
      "begin" : 347,
      "end" : 349,
      "text" : "Go",
      "whiteSpace" : false
    }, {
      "id" : "s7-t1",
      "begin" : 350,
      "end" : 352,
      "text" : "to",
      "whiteSpace" : false
    }, {
      "id" : "s7-t2",
      "begin" : 353,
      "end" : 361,
      "text" : "Solution",
      "whiteSpace" : false
    }, {
      "id" : "s7-t3",
      "begin" : 361,
      "end" : 362,
      "text" : ".",
      "whiteSpace" : false
    } ]
  } ],
  "mentions" : [ {
    "id" : "cm1",
    "properties" : {
      "SIRE_MENTION_ROLE" : "Service_Plan",
      "SIRE_ENTITY_SUBTYPE" : "NONE",
      "SIRE_MENTION_TYPE" : "NONE",
      "SIRE_MENTION_CLASS" : "SPC"
    },
    "type" : "Service_Plan",
    "begin" : 26,
    "end" : 44,
    "inCoref" : false
  }, {
    "id" : "s3-m1",
    "properties" : {
      "SIRE_MENTION_ROLE" : "Voice_Text",
      "SIRE_ENTITY_SUBTYPE" : "NONE",
      "SIRE_MENTION_TYPE" : "NONE",
      "SIRE_MENTION_CLASS" : "SPC"
    },
    "type" : "Voice_Text",
    "begin" : 215,
    "end" : 222,
    "inCoref" : false
  }, {
    "id" : "cm2",
    "properties" : {
      "SIRE_MENTION_ROLE" : "Service_Plan",
      "SIRE_ENTITY_SUBTYPE" : "NONE",
      "SIRE_MENTION_TYPE" : "NONE",
      "SIRE_MENTION_CLASS" : "SPC"
    },
    "type" : "Service_Plan",
    "begin" : 297,
    "end" : 301,
    "inCoref" : false
  } ],
  "relations" : [ ],
  "corefs" : [ ],
  "typeResolved" : true,
  "userResolved" : false
}