{
  "id" : "19918610-fed7-11e6-8c66-35e044ecf34d-6",
  "name" : "159f2d7b63f76ef7d222dce979c6cfa0.txt",
  "version" : 3,
  "text" : "checking account option not available\n\nI just recently changed banks and dont have a debit card. I had to close\naccount because of fraud and thats why the dishonored check. I can only pay\nwith new checking account today. I need to make payment today and att wont\naccept it. I work and watch grandkids. Going to store and paying is not an\noption. How can I pay my bill with my checking account?\n\n",
  "docLength" : 0,
  "language" : "EN",
  "status" : "READY",
  "modifiedDate" : 1488746505360,
  "documentSet" : [ ],
  "preannotation" : [ "PRE_LW" ],
  "sentences" : [ {
    "id" : "s0",
    "begin" : 0,
    "end" : 37,
    "text" : "checking account option not available",
    "tokens" : [ {
      "id" : "s0-t0",
      "begin" : 0,
      "end" : 8,
      "text" : "checking",
      "whiteSpace" : false
    }, {
      "id" : "s0-t1",
      "begin" : 9,
      "end" : 16,
      "text" : "account",
      "whiteSpace" : false
    }, {
      "id" : "s0-t2",
      "begin" : 17,
      "end" : 23,
      "text" : "option",
      "whiteSpace" : false
    }, {
      "id" : "s0-t3",
      "begin" : 24,
      "end" : 27,
      "text" : "not",
      "whiteSpace" : false
    }, {
      "id" : "s0-t4",
      "begin" : 28,
      "end" : 37,
      "text" : "available",
      "whiteSpace" : false
    } ]
  }, {
    "id" : "s1",
    "begin" : 39,
    "end" : 96,
    "text" : "I just recently changed banks and dont have a debit card.",
    "tokens" : [ {
      "id" : "s1-t0",
      "begin" : 39,
      "end" : 40,
      "text" : "I",
      "whiteSpace" : false
    }, {
      "id" : "s1-t1",
      "begin" : 41,
      "end" : 45,
      "text" : "just",
      "whiteSpace" : false
    }, {
      "id" : "s1-t2",
      "begin" : 46,
      "end" : 54,
      "text" : "recently",
      "whiteSpace" : false
    }, {
      "id" : "s1-t3",
      "begin" : 55,
      "end" : 62,
      "text" : "changed",
      "whiteSpace" : false
    }, {
      "id" : "s1-t4",
      "begin" : 63,
      "end" : 68,
      "text" : "banks",
      "whiteSpace" : false
    }, {
      "id" : "s1-t5",
      "begin" : 69,
      "end" : 72,
      "text" : "and",
      "whiteSpace" : false
    }, {
      "id" : "s1-t6",
      "begin" : 73,
      "end" : 77,
      "text" : "dont",
      "whiteSpace" : false
    }, {
      "id" : "s1-t7",
      "begin" : 78,
      "end" : 82,
      "text" : "have",
      "whiteSpace" : false
    }, {
      "id" : "s1-t8",
      "begin" : 83,
      "end" : 84,
      "text" : "a",
      "whiteSpace" : false
    }, {
      "id" : "s1-t9",
      "begin" : 85,
      "end" : 90,
      "text" : "debit",
      "whiteSpace" : false
    }, {
      "id" : "s1-t10",
      "begin" : 91,
      "end" : 95,
      "text" : "card",
      "whiteSpace" : false
    }, {
      "id" : "s1-t11",
      "begin" : 95,
      "end" : 96,
      "text" : ".",
      "whiteSpace" : false
    } ]
  }, {
    "id" : "s2",
    "begin" : 97,
    "end" : 172,
    "text" : "I had to close\naccount because of fraud and thats why the dishonored check.",
    "tokens" : [ {
      "id" : "s2-t0",
      "begin" : 97,
      "end" : 98,
      "text" : "I",
      "whiteSpace" : false
    }, {
      "id" : "s2-t1",
      "begin" : 99,
      "end" : 102,
      "text" : "had",
      "whiteSpace" : false
    }, {
      "id" : "s2-t2",
      "begin" : 103,
      "end" : 105,
      "text" : "to",
      "whiteSpace" : false
    }, {
      "id" : "s2-t3",
      "begin" : 106,
      "end" : 111,
      "text" : "close",
      "whiteSpace" : false
    }, {
      "id" : "s2-t4",
      "begin" : 112,
      "end" : 119,
      "text" : "account",
      "whiteSpace" : false
    }, {
      "id" : "s2-t5",
      "begin" : 120,
      "end" : 127,
      "text" : "because",
      "whiteSpace" : false
    }, {
      "id" : "s2-t6",
      "begin" : 128,
      "end" : 130,
      "text" : "of",
      "whiteSpace" : false
    }, {
      "id" : "s2-t7",
      "begin" : 131,
      "end" : 136,
      "text" : "fraud",
      "whiteSpace" : false
    }, {
      "id" : "s2-t8",
      "begin" : 137,
      "end" : 140,
      "text" : "and",
      "whiteSpace" : false
    }, {
      "id" : "s2-t9",
      "begin" : 141,
      "end" : 146,
      "text" : "thats",
      "whiteSpace" : false
    }, {
      "id" : "s2-t10",
      "begin" : 147,
      "end" : 150,
      "text" : "why",
      "whiteSpace" : false
    }, {
      "id" : "s2-t11",
      "begin" : 151,
      "end" : 154,
      "text" : "the",
      "whiteSpace" : false
    }, {
      "id" : "s2-t12",
      "begin" : 155,
      "end" : 165,
      "text" : "dishonored",
      "whiteSpace" : false
    }, {
      "id" : "s2-t13",
      "begin" : 166,
      "end" : 171,
      "text" : "check",
      "whiteSpace" : false
    }, {
      "id" : "s2-t14",
      "begin" : 171,
      "end" : 172,
      "text" : ".",
      "whiteSpace" : false
    } ]
  }, {
    "id" : "s3",
    "begin" : 173,
    "end" : 220,
    "text" : "I can only pay\nwith new checking account today.",
    "tokens" : [ {
      "id" : "s3-t0",
      "begin" : 173,
      "end" : 174,
      "text" : "I",
      "whiteSpace" : false
    }, {
      "id" : "s3-t1",
      "begin" : 175,
      "end" : 178,
      "text" : "can",
      "whiteSpace" : false
    }, {
      "id" : "s3-t2",
      "begin" : 179,
      "end" : 183,
      "text" : "only",
      "whiteSpace" : false
    }, {
      "id" : "s3-t3",
      "begin" : 184,
      "end" : 187,
      "text" : "pay",
      "whiteSpace" : false
    }, {
      "id" : "s3-t4",
      "begin" : 188,
      "end" : 192,
      "text" : "with",
      "whiteSpace" : false
    }, {
      "id" : "s3-t5",
      "begin" : 193,
      "end" : 196,
      "text" : "new",
      "whiteSpace" : false
    }, {
      "id" : "s3-t6",
      "begin" : 197,
      "end" : 205,
      "text" : "checking",
      "whiteSpace" : false
    }, {
      "id" : "s3-t7",
      "begin" : 206,
      "end" : 213,
      "text" : "account",
      "whiteSpace" : false
    }, {
      "id" : "s3-t8",
      "begin" : 214,
      "end" : 219,
      "text" : "today",
      "whiteSpace" : false
    }, {
      "id" : "s3-t9",
      "begin" : 219,
      "end" : 220,
      "text" : ".",
      "whiteSpace" : false
    } ]
  }, {
    "id" : "s4",
    "begin" : 221,
    "end" : 273,
    "text" : "I need to make payment today and att wont\naccept it.",
    "tokens" : [ {
      "id" : "s4-t0",
      "begin" : 221,
      "end" : 222,
      "text" : "I",
      "whiteSpace" : false
    }, {
      "id" : "s4-t1",
      "begin" : 223,
      "end" : 227,
      "text" : "need",
      "whiteSpace" : false
    }, {
      "id" : "s4-t2",
      "begin" : 228,
      "end" : 230,
      "text" : "to",
      "whiteSpace" : false
    }, {
      "id" : "s4-t3",
      "begin" : 231,
      "end" : 235,
      "text" : "make",
      "whiteSpace" : false
    }, {
      "id" : "s4-t4",
      "begin" : 236,
      "end" : 243,
      "text" : "payment",
      "whiteSpace" : false
    }, {
      "id" : "s4-t5",
      "begin" : 244,
      "end" : 249,
      "text" : "today",
      "whiteSpace" : false
    }, {
      "id" : "s4-t6",
      "begin" : 250,
      "end" : 253,
      "text" : "and",
      "whiteSpace" : false
    }, {
      "id" : "s4-t7",
      "begin" : 254,
      "end" : 257,
      "text" : "att",
      "whiteSpace" : false
    }, {
      "id" : "s4-t8",
      "begin" : 258,
      "end" : 262,
      "text" : "wont",
      "whiteSpace" : false
    }, {
      "id" : "s4-t9",
      "begin" : 263,
      "end" : 269,
      "text" : "accept",
      "whiteSpace" : false
    }, {
      "id" : "s4-t10",
      "begin" : 270,
      "end" : 272,
      "text" : "it",
      "whiteSpace" : false
    }, {
      "id" : "s4-t11",
      "begin" : 272,
      "end" : 273,
      "text" : ".",
      "whiteSpace" : false
    } ]
  }, {
    "id" : "s5",
    "begin" : 274,
    "end" : 301,
    "text" : "I work and watch grandkids.",
    "tokens" : [ {
      "id" : "s5-t0",
      "begin" : 274,
      "end" : 275,
      "text" : "I",
      "whiteSpace" : false
    }, {
      "id" : "s5-t1",
      "begin" : 276,
      "end" : 280,
      "text" : "work",
      "whiteSpace" : false
    }, {
      "id" : "s5-t2",
      "begin" : 281,
      "end" : 284,
      "text" : "and",
      "whiteSpace" : false
    }, {
      "id" : "s5-t3",
      "begin" : 285,
      "end" : 290,
      "text" : "watch",
      "whiteSpace" : false
    }, {
      "id" : "s5-t4",
      "begin" : 291,
      "end" : 300,
      "text" : "grandkids",
      "whiteSpace" : false
    }, {
      "id" : "s5-t5",
      "begin" : 300,
      "end" : 301,
      "text" : ".",
      "whiteSpace" : false
    } ]
  }, {
    "id" : "s6",
    "begin" : 302,
    "end" : 345,
    "text" : "Going to store and paying is not an\noption.",
    "tokens" : [ {
      "id" : "s6-t0",
      "begin" : 302,
      "end" : 307,
      "text" : "Going",
      "whiteSpace" : false
    }, {
      "id" : "s6-t1",
      "begin" : 308,
      "end" : 310,
      "text" : "to",
      "whiteSpace" : false
    }, {
      "id" : "s6-t2",
      "begin" : 311,
      "end" : 316,
      "text" : "store",
      "whiteSpace" : false
    }, {
      "id" : "s6-t3",
      "begin" : 317,
      "end" : 320,
      "text" : "and",
      "whiteSpace" : false
    }, {
      "id" : "s6-t4",
      "begin" : 321,
      "end" : 327,
      "text" : "paying",
      "whiteSpace" : false
    }, {
      "id" : "s6-t5",
      "begin" : 328,
      "end" : 330,
      "text" : "is",
      "whiteSpace" : false
    }, {
      "id" : "s6-t6",
      "begin" : 331,
      "end" : 334,
      "text" : "not",
      "whiteSpace" : false
    }, {
      "id" : "s6-t7",
      "begin" : 335,
      "end" : 337,
      "text" : "an",
      "whiteSpace" : false
    }, {
      "id" : "s6-t8",
      "begin" : 338,
      "end" : 344,
      "text" : "option",
      "whiteSpace" : false
    }, {
      "id" : "s6-t9",
      "begin" : 344,
      "end" : 345,
      "text" : ".",
      "whiteSpace" : false
    } ]
  }, {
    "id" : "s7",
    "begin" : 346,
    "end" : 393,
    "text" : "How can I pay my bill with my checking account?",
    "tokens" : [ {
      "id" : "s7-t0",
      "begin" : 346,
      "end" : 349,
      "text" : "How",
      "whiteSpace" : false
    }, {
      "id" : "s7-t1",
      "begin" : 350,
      "end" : 353,
      "text" : "can",
      "whiteSpace" : false
    }, {
      "id" : "s7-t2",
      "begin" : 354,
      "end" : 355,
      "text" : "I",
      "whiteSpace" : false
    }, {
      "id" : "s7-t3",
      "begin" : 356,
      "end" : 359,
      "text" : "pay",
      "whiteSpace" : false
    }, {
      "id" : "s7-t4",
      "begin" : 360,
      "end" : 362,
      "text" : "my",
      "whiteSpace" : false
    }, {
      "id" : "s7-t5",
      "begin" : 363,
      "end" : 367,
      "text" : "bill",
      "whiteSpace" : false
    }, {
      "id" : "s7-t6",
      "begin" : 368,
      "end" : 372,
      "text" : "with",
      "whiteSpace" : false
    }, {
      "id" : "s7-t7",
      "begin" : 373,
      "end" : 375,
      "text" : "my",
      "whiteSpace" : false
    }, {
      "id" : "s7-t8",
      "begin" : 376,
      "end" : 384,
      "text" : "checking",
      "whiteSpace" : false
    }, {
      "id" : "s7-t9",
      "begin" : 385,
      "end" : 392,
      "text" : "account",
      "whiteSpace" : false
    }, {
      "id" : "s7-t10",
      "begin" : 392,
      "end" : 393,
      "text" : "?",
      "whiteSpace" : false
    } ]
  } ],
  "mentions" : [ {
    "id" : "s6-m0",
    "properties" : {
      "SIRE_MENTION_ROLE" : "Service_Provider",
      "SIRE_MENTION_TYPE" : "NONE",
      "SIRE_ENTITY_SUBTYPE" : "NONE",
      "SIRE_MENTION_CLASS" : "SPC"
    },
    "type" : "Service_Provider",
    "begin" : 254,
    "end" : 257,
    "inCoref" : false
  } ],
  "relations" : [ ],
  "corefs" : [ ],
  "typeResolved" : true,
  "userResolved" : false
}