{
  "id" : "19918610-fed7-11e6-8c66-35e044ecf34d-8",
  "name" : "159f2d7b63f76ef7d222dce979c7057f.txt",
  "version" : 3,
  "text" : "Scheduling a oayment\n\nFor th ed last 8 to 10 months I go in and schedule a payment on my phone bill\nwith my debit card to be deducted the last day of the month when I recieve my\npay. I have been trying to schedule it for this month for the last 2 days and\nit won't take it. My bank says there is no problem with my card and I can not\nfigure out why it won't let me do it.\n\n",
  "docLength" : 0,
  "language" : "EN",
  "status" : "READY",
  "modifiedDate" : 1488746523904,
  "documentSet" : [ ],
  "preannotation" : [ "PRE_LW" ],
  "sentences" : [ {
    "id" : "s0",
    "begin" : 0,
    "end" : 20,
    "text" : "Scheduling a oayment",
    "tokens" : [ {
      "id" : "s0-t0",
      "begin" : 0,
      "end" : 10,
      "text" : "Scheduling",
      "whiteSpace" : false
    }, {
      "id" : "s0-t1",
      "begin" : 11,
      "end" : 12,
      "text" : "a",
      "whiteSpace" : false
    }, {
      "id" : "s0-t2",
      "begin" : 13,
      "end" : 20,
      "text" : "oayment",
      "whiteSpace" : false
    } ]
  }, {
    "id" : "s1",
    "begin" : 22,
    "end" : 182,
    "text" : "For th ed last 8 to 10 months I go in and schedule a payment on my phone bill\nwith my debit card to be deducted the last day of the month when I recieve my\npay.",
    "tokens" : [ {
      "id" : "s1-t0",
      "begin" : 22,
      "end" : 25,
      "text" : "For",
      "whiteSpace" : false
    }, {
      "id" : "s1-t1",
      "begin" : 26,
      "end" : 28,
      "text" : "th",
      "whiteSpace" : false
    }, {
      "id" : "s1-t2",
      "begin" : 29,
      "end" : 31,
      "text" : "ed",
      "whiteSpace" : false
    }, {
      "id" : "s1-t3",
      "begin" : 32,
      "end" : 36,
      "text" : "last",
      "whiteSpace" : false
    }, {
      "id" : "s1-t4",
      "begin" : 37,
      "end" : 38,
      "text" : "8",
      "whiteSpace" : false
    }, {
      "id" : "s1-t5",
      "begin" : 39,
      "end" : 41,
      "text" : "to",
      "whiteSpace" : false
    }, {
      "id" : "s1-t6",
      "begin" : 42,
      "end" : 44,
      "text" : "10",
      "whiteSpace" : false
    }, {
      "id" : "s1-t7",
      "begin" : 45,
      "end" : 51,
      "text" : "months",
      "whiteSpace" : false
    }, {
      "id" : "s1-t8",
      "begin" : 52,
      "end" : 53,
      "text" : "I",
      "whiteSpace" : false
    }, {
      "id" : "s1-t9",
      "begin" : 54,
      "end" : 56,
      "text" : "go",
      "whiteSpace" : false
    }, {
      "id" : "s1-t10",
      "begin" : 57,
      "end" : 59,
      "text" : "in",
      "whiteSpace" : false
    }, {
      "id" : "s1-t11",
      "begin" : 60,
      "end" : 63,
      "text" : "and",
      "whiteSpace" : false
    }, {
      "id" : "s1-t12",
      "begin" : 64,
      "end" : 72,
      "text" : "schedule",
      "whiteSpace" : false
    }, {
      "id" : "s1-t13",
      "begin" : 73,
      "end" : 74,
      "text" : "a",
      "whiteSpace" : false
    }, {
      "id" : "s1-t14",
      "begin" : 75,
      "end" : 82,
      "text" : "payment",
      "whiteSpace" : false
    }, {
      "id" : "s1-t15",
      "begin" : 83,
      "end" : 85,
      "text" : "on",
      "whiteSpace" : false
    }, {
      "id" : "s1-t16",
      "begin" : 86,
      "end" : 88,
      "text" : "my",
      "whiteSpace" : false
    }, {
      "id" : "s1-t17",
      "begin" : 89,
      "end" : 94,
      "text" : "phone",
      "whiteSpace" : false
    }, {
      "id" : "s1-t18",
      "begin" : 95,
      "end" : 99,
      "text" : "bill",
      "whiteSpace" : false
    }, {
      "id" : "s1-t19",
      "begin" : 100,
      "end" : 104,
      "text" : "with",
      "whiteSpace" : false
    }, {
      "id" : "s1-t20",
      "begin" : 105,
      "end" : 107,
      "text" : "my",
      "whiteSpace" : false
    }, {
      "id" : "s1-t21",
      "begin" : 108,
      "end" : 113,
      "text" : "debit",
      "whiteSpace" : false
    }, {
      "id" : "s1-t22",
      "begin" : 114,
      "end" : 118,
      "text" : "card",
      "whiteSpace" : false
    }, {
      "id" : "s1-t23",
      "begin" : 119,
      "end" : 121,
      "text" : "to",
      "whiteSpace" : false
    }, {
      "id" : "s1-t24",
      "begin" : 122,
      "end" : 124,
      "text" : "be",
      "whiteSpace" : false
    }, {
      "id" : "s1-t25",
      "begin" : 125,
      "end" : 133,
      "text" : "deducted",
      "whiteSpace" : false
    }, {
      "id" : "s1-t26",
      "begin" : 134,
      "end" : 137,
      "text" : "the",
      "whiteSpace" : false
    }, {
      "id" : "s1-t27",
      "begin" : 138,
      "end" : 142,
      "text" : "last",
      "whiteSpace" : false
    }, {
      "id" : "s1-t28",
      "begin" : 143,
      "end" : 146,
      "text" : "day",
      "whiteSpace" : false
    }, {
      "id" : "s1-t29",
      "begin" : 147,
      "end" : 149,
      "text" : "of",
      "whiteSpace" : false
    }, {
      "id" : "s1-t30",
      "begin" : 150,
      "end" : 153,
      "text" : "the",
      "whiteSpace" : false
    }, {
      "id" : "s1-t31",
      "begin" : 154,
      "end" : 159,
      "text" : "month",
      "whiteSpace" : false
    }, {
      "id" : "s1-t32",
      "begin" : 160,
      "end" : 164,
      "text" : "when",
      "whiteSpace" : false
    }, {
      "id" : "s1-t33",
      "begin" : 165,
      "end" : 166,
      "text" : "I",
      "whiteSpace" : false
    }, {
      "id" : "s1-t34",
      "begin" : 167,
      "end" : 174,
      "text" : "recieve",
      "whiteSpace" : false
    }, {
      "id" : "s1-t35",
      "begin" : 175,
      "end" : 177,
      "text" : "my",
      "whiteSpace" : false
    }, {
      "id" : "s1-t36",
      "begin" : 178,
      "end" : 181,
      "text" : "pay",
      "whiteSpace" : false
    }, {
      "id" : "s1-t37",
      "begin" : 181,
      "end" : 182,
      "text" : ".",
      "whiteSpace" : false
    } ]
  }, {
    "id" : "s2",
    "begin" : 183,
    "end" : 273,
    "text" : "I have been trying to schedule it for this month for the last 2 days and\nit won't take it.",
    "tokens" : [ {
      "id" : "s2-t0",
      "begin" : 183,
      "end" : 184,
      "text" : "I",
      "whiteSpace" : false
    }, {
      "id" : "s2-t1",
      "begin" : 185,
      "end" : 189,
      "text" : "have",
      "whiteSpace" : false
    }, {
      "id" : "s2-t2",
      "begin" : 190,
      "end" : 194,
      "text" : "been",
      "whiteSpace" : false
    }, {
      "id" : "s2-t3",
      "begin" : 195,
      "end" : 201,
      "text" : "trying",
      "whiteSpace" : false
    }, {
      "id" : "s2-t4",
      "begin" : 202,
      "end" : 204,
      "text" : "to",
      "whiteSpace" : false
    }, {
      "id" : "s2-t5",
      "begin" : 205,
      "end" : 213,
      "text" : "schedule",
      "whiteSpace" : false
    }, {
      "id" : "s2-t6",
      "begin" : 214,
      "end" : 216,
      "text" : "it",
      "whiteSpace" : false
    }, {
      "id" : "s2-t7",
      "begin" : 217,
      "end" : 220,
      "text" : "for",
      "whiteSpace" : false
    }, {
      "id" : "s2-t8",
      "begin" : 221,
      "end" : 225,
      "text" : "this",
      "whiteSpace" : false
    }, {
      "id" : "s2-t9",
      "begin" : 226,
      "end" : 231,
      "text" : "month",
      "whiteSpace" : false
    }, {
      "id" : "s2-t10",
      "begin" : 232,
      "end" : 235,
      "text" : "for",
      "whiteSpace" : false
    }, {
      "id" : "s2-t11",
      "begin" : 236,
      "end" : 239,
      "text" : "the",
      "whiteSpace" : false
    }, {
      "id" : "s2-t12",
      "begin" : 240,
      "end" : 244,
      "text" : "last",
      "whiteSpace" : false
    }, {
      "id" : "s2-t13",
      "begin" : 245,
      "end" : 246,
      "text" : "2",
      "whiteSpace" : false
    }, {
      "id" : "s2-t14",
      "begin" : 247,
      "end" : 251,
      "text" : "days",
      "whiteSpace" : false
    }, {
      "id" : "s2-t15",
      "begin" : 252,
      "end" : 255,
      "text" : "and",
      "whiteSpace" : false
    }, {
      "id" : "s2-t16",
      "begin" : 256,
      "end" : 258,
      "text" : "it",
      "whiteSpace" : false
    }, {
      "id" : "s2-t17",
      "begin" : 259,
      "end" : 261,
      "text" : "wo",
      "whiteSpace" : false
    }, {
      "id" : "s2-t18",
      "begin" : 261,
      "end" : 264,
      "text" : "n't",
      "whiteSpace" : false
    }, {
      "id" : "s2-t19",
      "begin" : 265,
      "end" : 269,
      "text" : "take",
      "whiteSpace" : false
    }, {
      "id" : "s2-t20",
      "begin" : 270,
      "end" : 272,
      "text" : "it",
      "whiteSpace" : false
    }, {
      "id" : "s2-t21",
      "begin" : 272,
      "end" : 273,
      "text" : ".",
      "whiteSpace" : false
    } ]
  }, {
    "id" : "s3",
    "begin" : 274,
    "end" : 371,
    "text" : "My bank says there is no problem with my card and I can not\nfigure out why it won't let me do it.",
    "tokens" : [ {
      "id" : "s3-t0",
      "begin" : 274,
      "end" : 276,
      "text" : "My",
      "whiteSpace" : false
    }, {
      "id" : "s3-t1",
      "begin" : 277,
      "end" : 281,
      "text" : "bank",
      "whiteSpace" : false
    }, {
      "id" : "s3-t2",
      "begin" : 282,
      "end" : 286,
      "text" : "says",
      "whiteSpace" : false
    }, {
      "id" : "s3-t3",
      "begin" : 287,
      "end" : 292,
      "text" : "there",
      "whiteSpace" : false
    }, {
      "id" : "s3-t4",
      "begin" : 293,
      "end" : 295,
      "text" : "is",
      "whiteSpace" : false
    }, {
      "id" : "s3-t5",
      "begin" : 296,
      "end" : 298,
      "text" : "no",
      "whiteSpace" : false
    }, {
      "id" : "s3-t6",
      "begin" : 299,
      "end" : 306,
      "text" : "problem",
      "whiteSpace" : false
    }, {
      "id" : "s3-t7",
      "begin" : 307,
      "end" : 311,
      "text" : "with",
      "whiteSpace" : false
    }, {
      "id" : "s3-t8",
      "begin" : 312,
      "end" : 314,
      "text" : "my",
      "whiteSpace" : false
    }, {
      "id" : "s3-t9",
      "begin" : 315,
      "end" : 319,
      "text" : "card",
      "whiteSpace" : false
    }, {
      "id" : "s3-t10",
      "begin" : 320,
      "end" : 323,
      "text" : "and",
      "whiteSpace" : false
    }, {
      "id" : "s3-t11",
      "begin" : 324,
      "end" : 325,
      "text" : "I",
      "whiteSpace" : false
    }, {
      "id" : "s3-t12",
      "begin" : 326,
      "end" : 329,
      "text" : "can",
      "whiteSpace" : false
    }, {
      "id" : "s3-t13",
      "begin" : 330,
      "end" : 333,
      "text" : "not",
      "whiteSpace" : false
    }, {
      "id" : "s3-t14",
      "begin" : 334,
      "end" : 340,
      "text" : "figure",
      "whiteSpace" : false
    }, {
      "id" : "s3-t15",
      "begin" : 341,
      "end" : 344,
      "text" : "out",
      "whiteSpace" : false
    }, {
      "id" : "s3-t16",
      "begin" : 345,
      "end" : 348,
      "text" : "why",
      "whiteSpace" : false
    }, {
      "id" : "s3-t17",
      "begin" : 349,
      "end" : 351,
      "text" : "it",
      "whiteSpace" : false
    }, {
      "id" : "s3-t18",
      "begin" : 352,
      "end" : 354,
      "text" : "wo",
      "whiteSpace" : false
    }, {
      "id" : "s3-t19",
      "begin" : 354,
      "end" : 357,
      "text" : "n't",
      "whiteSpace" : false
    }, {
      "id" : "s3-t20",
      "begin" : 358,
      "end" : 361,
      "text" : "let",
      "whiteSpace" : false
    }, {
      "id" : "s3-t21",
      "begin" : 362,
      "end" : 364,
      "text" : "me",
      "whiteSpace" : false
    }, {
      "id" : "s3-t22",
      "begin" : 365,
      "end" : 367,
      "text" : "do",
      "whiteSpace" : false
    }, {
      "id" : "s3-t23",
      "begin" : 368,
      "end" : 370,
      "text" : "it",
      "whiteSpace" : false
    }, {
      "id" : "s3-t24",
      "begin" : 370,
      "end" : 371,
      "text" : ".",
      "whiteSpace" : false
    } ]
  } ],
  "mentions" : [ ],
  "relations" : [ ],
  "corefs" : [ ],
  "typeResolved" : true,
  "userResolved" : false
}