{
  "id" : "296b9940-fed7-11e6-a1dc-cbf647ea05c1-9",
  "name" : "1c9971bf139935885fcdef9155466162.txt",
  "version" : 3,
  "text" : "Error 500 when viewing details in AT&amp;T; Mobile Purchases & Downloads\n\nI found that I've been charged 2.99 for accidentally opening the pre-installed\nWhere app on my Android device. After finally figuring out that I have to\ncancel it on the AT&amp;T; website, I find that I keep getting this message\nwhen I click on the application I want to cancel/challenge:We are experiencing\na failure. Please try your request again shortly.Error 500.Anyone have an idea\nwhat's going on?Solved!Go to Solution.\n\n",
  "docLength" : 0,
  "language" : "EN",
  "status" : "READY",
  "modifiedDate" : 1488746746876,
  "documentSet" : [ ],
  "preannotation" : [ "PRE_LW" ],
  "sentences" : [ {
    "id" : "s0",
    "begin" : 0,
    "end" : 72,
    "text" : "Error 500 when viewing details in AT&amp;T; Mobile Purchases & Downloads",
    "tokens" : [ {
      "id" : "s0-t0",
      "begin" : 0,
      "end" : 5,
      "text" : "Error",
      "whiteSpace" : false
    }, {
      "id" : "s0-t1",
      "begin" : 6,
      "end" : 9,
      "text" : "500",
      "whiteSpace" : false
    }, {
      "id" : "s0-t2",
      "begin" : 10,
      "end" : 14,
      "text" : "when",
      "whiteSpace" : false
    }, {
      "id" : "s0-t3",
      "begin" : 15,
      "end" : 22,
      "text" : "viewing",
      "whiteSpace" : false
    }, {
      "id" : "s0-t4",
      "begin" : 23,
      "end" : 30,
      "text" : "details",
      "whiteSpace" : false
    }, {
      "id" : "s0-t5",
      "begin" : 31,
      "end" : 33,
      "text" : "in",
      "whiteSpace" : false
    }, {
      "id" : "s0-t6",
      "begin" : 34,
      "end" : 36,
      "text" : "AT",
      "whiteSpace" : false
    }, {
      "id" : "s0-t7",
      "begin" : 36,
      "end" : 41,
      "text" : "&amp;",
      "whiteSpace" : false
    }, {
      "id" : "s0-t8",
      "begin" : 41,
      "end" : 43,
      "text" : "T;",
      "whiteSpace" : false
    }, {
      "id" : "s0-t9",
      "begin" : 44,
      "end" : 50,
      "text" : "Mobile",
      "whiteSpace" : false
    }, {
      "id" : "s0-t10",
      "begin" : 51,
      "end" : 60,
      "text" : "Purchases",
      "whiteSpace" : false
    }, {
      "id" : "s0-t11",
      "begin" : 61,
      "end" : 62,
      "text" : "&",
      "whiteSpace" : false
    }, {
      "id" : "s0-t12",
      "begin" : 63,
      "end" : 72,
      "text" : "Downloads",
      "whiteSpace" : false
    } ]
  }, {
    "id" : "s1",
    "begin" : 74,
    "end" : 184,
    "text" : "I found that I've been charged 2.99 for accidentally opening the pre-installed\nWhere app on my Android device.",
    "tokens" : [ {
      "id" : "s1-t0",
      "begin" : 74,
      "end" : 75,
      "text" : "I",
      "whiteSpace" : false
    }, {
      "id" : "s1-t1",
      "begin" : 76,
      "end" : 81,
      "text" : "found",
      "whiteSpace" : false
    }, {
      "id" : "s1-t2",
      "begin" : 82,
      "end" : 86,
      "text" : "that",
      "whiteSpace" : false
    }, {
      "id" : "s1-t3",
      "begin" : 87,
      "end" : 88,
      "text" : "I",
      "whiteSpace" : false
    }, {
      "id" : "s1-t4",
      "begin" : 88,
      "end" : 91,
      "text" : "'ve",
      "whiteSpace" : false
    }, {
      "id" : "s1-t5",
      "begin" : 92,
      "end" : 96,
      "text" : "been",
      "whiteSpace" : false
    }, {
      "id" : "s1-t6",
      "begin" : 97,
      "end" : 104,
      "text" : "charged",
      "whiteSpace" : false
    }, {
      "id" : "s1-t7",
      "begin" : 105,
      "end" : 109,
      "text" : "2.99",
      "whiteSpace" : false
    }, {
      "id" : "s1-t8",
      "begin" : 110,
      "end" : 113,
      "text" : "for",
      "whiteSpace" : false
    }, {
      "id" : "s1-t9",
      "begin" : 114,
      "end" : 126,
      "text" : "accidentally",
      "whiteSpace" : false
    }, {
      "id" : "s1-t10",
      "begin" : 127,
      "end" : 134,
      "text" : "opening",
      "whiteSpace" : false
    }, {
      "id" : "s1-t11",
      "begin" : 135,
      "end" : 138,
      "text" : "the",
      "whiteSpace" : false
    }, {
      "id" : "s1-t12",
      "begin" : 139,
      "end" : 152,
      "text" : "pre-installed",
      "whiteSpace" : false
    }, {
      "id" : "s1-t13",
      "begin" : 153,
      "end" : 158,
      "text" : "Where",
      "whiteSpace" : false
    }, {
      "id" : "s1-t14",
      "begin" : 159,
      "end" : 162,
      "text" : "app",
      "whiteSpace" : false
    }, {
      "id" : "s1-t15",
      "begin" : 163,
      "end" : 165,
      "text" : "on",
      "whiteSpace" : false
    }, {
      "id" : "s1-t16",
      "begin" : 166,
      "end" : 168,
      "text" : "my",
      "whiteSpace" : false
    }, {
      "id" : "s1-t17",
      "begin" : 169,
      "end" : 176,
      "text" : "Android",
      "whiteSpace" : false
    }, {
      "id" : "s1-t18",
      "begin" : 177,
      "end" : 183,
      "text" : "device",
      "whiteSpace" : false
    }, {
      "id" : "s1-t19",
      "begin" : 183,
      "end" : 184,
      "text" : ".",
      "whiteSpace" : false
    } ]
  }, {
    "id" : "s2",
    "begin" : 185,
    "end" : 392,
    "text" : "After finally figuring out that I have to\ncancel it on the AT&amp;T; website, I find that I keep getting this message\nwhen I click on the application I want to cancel/challenge:We are experiencing\na failure.",
    "tokens" : [ {
      "id" : "s2-t0",
      "begin" : 185,
      "end" : 190,
      "text" : "After",
      "whiteSpace" : false
    }, {
      "id" : "s2-t1",
      "begin" : 191,
      "end" : 198,
      "text" : "finally",
      "whiteSpace" : false
    }, {
      "id" : "s2-t2",
      "begin" : 199,
      "end" : 207,
      "text" : "figuring",
      "whiteSpace" : false
    }, {
      "id" : "s2-t3",
      "begin" : 208,
      "end" : 211,
      "text" : "out",
      "whiteSpace" : false
    }, {
      "id" : "s2-t4",
      "begin" : 212,
      "end" : 216,
      "text" : "that",
      "whiteSpace" : false
    }, {
      "id" : "s2-t5",
      "begin" : 217,
      "end" : 218,
      "text" : "I",
      "whiteSpace" : false
    }, {
      "id" : "s2-t6",
      "begin" : 219,
      "end" : 223,
      "text" : "have",
      "whiteSpace" : false
    }, {
      "id" : "s2-t7",
      "begin" : 224,
      "end" : 226,
      "text" : "to",
      "whiteSpace" : false
    }, {
      "id" : "s2-t8",
      "begin" : 227,
      "end" : 233,
      "text" : "cancel",
      "whiteSpace" : false
    }, {
      "id" : "s2-t9",
      "begin" : 234,
      "end" : 236,
      "text" : "it",
      "whiteSpace" : false
    }, {
      "id" : "s2-t10",
      "begin" : 237,
      "end" : 239,
      "text" : "on",
      "whiteSpace" : false
    }, {
      "id" : "s2-t11",
      "begin" : 240,
      "end" : 243,
      "text" : "the",
      "whiteSpace" : false
    }, {
      "id" : "s2-t12",
      "begin" : 244,
      "end" : 246,
      "text" : "AT",
      "whiteSpace" : false
    }, {
      "id" : "s2-t13",
      "begin" : 246,
      "end" : 251,
      "text" : "&amp;",
      "whiteSpace" : false
    }, {
      "id" : "s2-t14",
      "begin" : 251,
      "end" : 253,
      "text" : "T;",
      "whiteSpace" : false
    }, {
      "id" : "s2-t15",
      "begin" : 254,
      "end" : 261,
      "text" : "website",
      "whiteSpace" : false
    }, {
      "id" : "s2-t16",
      "begin" : 261,
      "end" : 262,
      "text" : ",",
      "whiteSpace" : false
    }, {
      "id" : "s2-t17",
      "begin" : 263,
      "end" : 264,
      "text" : "I",
      "whiteSpace" : false
    }, {
      "id" : "s2-t18",
      "begin" : 265,
      "end" : 269,
      "text" : "find",
      "whiteSpace" : false
    }, {
      "id" : "s2-t19",
      "begin" : 270,
      "end" : 274,
      "text" : "that",
      "whiteSpace" : false
    }, {
      "id" : "s2-t20",
      "begin" : 275,
      "end" : 276,
      "text" : "I",
      "whiteSpace" : false
    }, {
      "id" : "s2-t21",
      "begin" : 277,
      "end" : 281,
      "text" : "keep",
      "whiteSpace" : false
    }, {
      "id" : "s2-t22",
      "begin" : 282,
      "end" : 289,
      "text" : "getting",
      "whiteSpace" : false
    }, {
      "id" : "s2-t23",
      "begin" : 290,
      "end" : 294,
      "text" : "this",
      "whiteSpace" : false
    }, {
      "id" : "s2-t24",
      "begin" : 295,
      "end" : 302,
      "text" : "message",
      "whiteSpace" : false
    }, {
      "id" : "s2-t25",
      "begin" : 303,
      "end" : 307,
      "text" : "when",
      "whiteSpace" : false
    }, {
      "id" : "s2-t26",
      "begin" : 308,
      "end" : 309,
      "text" : "I",
      "whiteSpace" : false
    }, {
      "id" : "s2-t27",
      "begin" : 310,
      "end" : 315,
      "text" : "click",
      "whiteSpace" : false
    }, {
      "id" : "s2-t28",
      "begin" : 316,
      "end" : 318,
      "text" : "on",
      "whiteSpace" : false
    }, {
      "id" : "s2-t29",
      "begin" : 319,
      "end" : 322,
      "text" : "the",
      "whiteSpace" : false
    }, {
      "id" : "s2-t30",
      "begin" : 323,
      "end" : 334,
      "text" : "application",
      "whiteSpace" : false
    }, {
      "id" : "s2-t31",
      "begin" : 335,
      "end" : 336,
      "text" : "I",
      "whiteSpace" : false
    }, {
      "id" : "s2-t32",
      "begin" : 337,
      "end" : 341,
      "text" : "want",
      "whiteSpace" : false
    }, {
      "id" : "s2-t33",
      "begin" : 342,
      "end" : 344,
      "text" : "to",
      "whiteSpace" : false
    }, {
      "id" : "s2-t34",
      "begin" : 345,
      "end" : 351,
      "text" : "cancel",
      "whiteSpace" : false
    }, {
      "id" : "s2-t35",
      "begin" : 351,
      "end" : 352,
      "text" : "/",
      "whiteSpace" : false
    }, {
      "id" : "s2-t36",
      "begin" : 352,
      "end" : 361,
      "text" : "challenge",
      "whiteSpace" : false
    }, {
      "id" : "s2-t37",
      "begin" : 361,
      "end" : 362,
      "text" : ":",
      "whiteSpace" : false
    }, {
      "id" : "s2-t38",
      "begin" : 362,
      "end" : 364,
      "text" : "We",
      "whiteSpace" : false
    }, {
      "id" : "s2-t39",
      "begin" : 365,
      "end" : 368,
      "text" : "are",
      "whiteSpace" : false
    }, {
      "id" : "s2-t40",
      "begin" : 369,
      "end" : 381,
      "text" : "experiencing",
      "whiteSpace" : false
    }, {
      "id" : "s2-t41",
      "begin" : 382,
      "end" : 383,
      "text" : "a",
      "whiteSpace" : false
    }, {
      "id" : "s2-t42",
      "begin" : 384,
      "end" : 391,
      "text" : "failure",
      "whiteSpace" : false
    }, {
      "id" : "s2-t43",
      "begin" : 391,
      "end" : 392,
      "text" : ".",
      "whiteSpace" : false
    } ]
  }, {
    "id" : "s3",
    "begin" : 393,
    "end" : 431,
    "text" : "Please try your request again shortly.",
    "tokens" : [ {
      "id" : "s3-t0",
      "begin" : 393,
      "end" : 399,
      "text" : "Please",
      "whiteSpace" : false
    }, {
      "id" : "s3-t1",
      "begin" : 400,
      "end" : 403,
      "text" : "try",
      "whiteSpace" : false
    }, {
      "id" : "s3-t2",
      "begin" : 404,
      "end" : 408,
      "text" : "your",
      "whiteSpace" : false
    }, {
      "id" : "s3-t3",
      "begin" : 409,
      "end" : 416,
      "text" : "request",
      "whiteSpace" : false
    }, {
      "id" : "s3-t4",
      "begin" : 417,
      "end" : 422,
      "text" : "again",
      "whiteSpace" : false
    }, {
      "id" : "s3-t5",
      "begin" : 423,
      "end" : 430,
      "text" : "shortly",
      "whiteSpace" : false
    }, {
      "id" : "s3-t6",
      "begin" : 430,
      "end" : 431,
      "text" : ".",
      "whiteSpace" : false
    } ]
  }, {
    "id" : "s4",
    "begin" : 431,
    "end" : 477,
    "text" : "Error 500.Anyone have an idea\nwhat's going on?",
    "tokens" : [ {
      "id" : "s4-t0",
      "begin" : 431,
      "end" : 436,
      "text" : "Error",
      "whiteSpace" : false
    }, {
      "id" : "s4-t1",
      "begin" : 437,
      "end" : 447,
      "text" : "500.Anyone",
      "whiteSpace" : false
    }, {
      "id" : "s4-t2",
      "begin" : 448,
      "end" : 452,
      "text" : "have",
      "whiteSpace" : false
    }, {
      "id" : "s4-t3",
      "begin" : 453,
      "end" : 455,
      "text" : "an",
      "whiteSpace" : false
    }, {
      "id" : "s4-t4",
      "begin" : 456,
      "end" : 460,
      "text" : "idea",
      "whiteSpace" : false
    }, {
      "id" : "s4-t5",
      "begin" : 461,
      "end" : 465,
      "text" : "what",
      "whiteSpace" : false
    }, {
      "id" : "s4-t6",
      "begin" : 465,
      "end" : 467,
      "text" : "'s",
      "whiteSpace" : false
    }, {
      "id" : "s4-t7",
      "begin" : 468,
      "end" : 473,
      "text" : "going",
      "whiteSpace" : false
    }, {
      "id" : "s4-t8",
      "begin" : 474,
      "end" : 476,
      "text" : "on",
      "whiteSpace" : false
    }, {
      "id" : "s4-t9",
      "begin" : 476,
      "end" : 477,
      "text" : "?",
      "whiteSpace" : false
    } ]
  }, {
    "id" : "s5",
    "begin" : 477,
    "end" : 499,
    "text" : "Solved!Go to Solution.",
    "tokens" : [ {
      "id" : "s5-t0",
      "begin" : 477,
      "end" : 484,
      "text" : "Solved!",
      "whiteSpace" : false
    }, {
      "id" : "s5-t1",
      "begin" : 484,
      "end" : 486,
      "text" : "Go",
      "whiteSpace" : false
    }, {
      "id" : "s5-t2",
      "begin" : 487,
      "end" : 489,
      "text" : "to",
      "whiteSpace" : false
    }, {
      "id" : "s5-t3",
      "begin" : 490,
      "end" : 498,
      "text" : "Solution",
      "whiteSpace" : false
    }, {
      "id" : "s5-t4",
      "begin" : 498,
      "end" : 499,
      "text" : ".",
      "whiteSpace" : false
    } ]
  } ],
  "mentions" : [ {
    "id" : "cm1",
    "properties" : {
      "SIRE_MENTION_ROLE" : "Service_Provider",
      "SIRE_ENTITY_SUBTYPE" : "NONE",
      "SIRE_MENTION_TYPE" : "NONE",
      "SIRE_MENTION_CLASS" : "SPC"
    },
    "type" : "Service_Provider",
    "begin" : 34,
    "end" : 43,
    "inCoref" : false
  }, {
    "id" : "s1-m2",
    "properties" : {
      "SIRE_MENTION_ROLE" : "Application",
      "SIRE_ENTITY_SUBTYPE" : "NONE",
      "SIRE_MENTION_TYPE" : "NONE",
      "SIRE_MENTION_CLASS" : "SPC"
    },
    "type" : "Application",
    "begin" : 153,
    "end" : 158,
    "inCoref" : false
  }, {
    "id" : "s1-m3",
    "properties" : {
      "SIRE_MENTION_ROLE" : "Application",
      "SIRE_ENTITY_SUBTYPE" : "NONE",
      "SIRE_MENTION_TYPE" : "NONE",
      "SIRE_MENTION_CLASS" : "SPC"
    },
    "type" : "Application",
    "begin" : 159,
    "end" : 162,
    "inCoref" : false
  }, {
    "id" : "cm3",
    "properties" : {
      "SIRE_MENTION_ROLE" : "Product",
      "SIRE_ENTITY_SUBTYPE" : "NONE",
      "SIRE_MENTION_TYPE" : "NONE",
      "SIRE_MENTION_CLASS" : "SPC"
    },
    "type" : "Product",
    "begin" : 169,
    "end" : 176,
    "inCoref" : false
  }, {
    "id" : "cm2",
    "properties" : {
      "SIRE_MENTION_ROLE" : "Service_Provider",
      "SIRE_ENTITY_SUBTYPE" : "NONE",
      "SIRE_MENTION_TYPE" : "NONE",
      "SIRE_MENTION_CLASS" : "SPC"
    },
    "type" : "Service_Provider",
    "begin" : 244,
    "end" : 253,
    "inCoref" : false
  }, {
    "id" : "s2-m2",
    "properties" : {
      "SIRE_MENTION_ROLE" : "Application",
      "SIRE_ENTITY_SUBTYPE" : "NONE",
      "SIRE_MENTION_TYPE" : "NONE",
      "SIRE_MENTION_CLASS" : "SPC"
    },
    "type" : "Application",
    "begin" : 323,
    "end" : 334,
    "inCoref" : false
  } ],
  "relations" : [ ],
  "corefs" : [ ],
  "typeResolved" : true,
  "userResolved" : false
}