{
  "id" : "296b9940-fed7-11e6-a1dc-cbf647ea05c1-3",
  "name" : "1c9971bf139935885fcdef915544b118.txt",
  "version" : 3,
  "text" : "When does the Mobile Share Value plan take effect?\n\nI went over my data and called to upgrade my plan. The rep talked me into\ngetting a 2GB Mobile Share plan on my IPhone. This plan was supposed to be\neffective on 4/14/2014 I even received a Text telling me this. However, every\ntime I look at my account or receive a Data Usage Alert it still has me on the\n3GB non-mobile share plan.Does anybody know what is going on? If it's not true\nthen I need to decrease my Data and just use the Computer. Staying on the\ncurrent plan is too expensive for me.Thank you\n\n",
  "docLength" : 0,
  "language" : "EN",
  "status" : "READY",
  "modifiedDate" : 1488746659167,
  "documentSet" : [ ],
  "preannotation" : [ "PRE_LW" ],
  "sentences" : [ {
    "id" : "s0",
    "begin" : 0,
    "end" : 50,
    "text" : "When does the Mobile Share Value plan take effect?",
    "tokens" : [ {
      "id" : "s0-t0",
      "begin" : 0,
      "end" : 4,
      "text" : "When",
      "whiteSpace" : false
    }, {
      "id" : "s0-t1",
      "begin" : 5,
      "end" : 9,
      "text" : "does",
      "whiteSpace" : false
    }, {
      "id" : "s0-t2",
      "begin" : 10,
      "end" : 13,
      "text" : "the",
      "whiteSpace" : false
    }, {
      "id" : "s0-t3",
      "begin" : 14,
      "end" : 20,
      "text" : "Mobile",
      "whiteSpace" : false
    }, {
      "id" : "s0-t4",
      "begin" : 21,
      "end" : 26,
      "text" : "Share",
      "whiteSpace" : false
    }, {
      "id" : "s0-t5",
      "begin" : 27,
      "end" : 32,
      "text" : "Value",
      "whiteSpace" : false
    }, {
      "id" : "s0-t6",
      "begin" : 33,
      "end" : 37,
      "text" : "plan",
      "whiteSpace" : false
    }, {
      "id" : "s0-t7",
      "begin" : 38,
      "end" : 42,
      "text" : "take",
      "whiteSpace" : false
    }, {
      "id" : "s0-t8",
      "begin" : 43,
      "end" : 49,
      "text" : "effect",
      "whiteSpace" : false
    }, {
      "id" : "s0-t9",
      "begin" : 49,
      "end" : 50,
      "text" : "?",
      "whiteSpace" : false
    } ]
  }, {
    "id" : "s1",
    "begin" : 52,
    "end" : 102,
    "text" : "I went over my data and called to upgrade my plan.",
    "tokens" : [ {
      "id" : "s1-t0",
      "begin" : 52,
      "end" : 53,
      "text" : "I",
      "whiteSpace" : false
    }, {
      "id" : "s1-t1",
      "begin" : 54,
      "end" : 58,
      "text" : "went",
      "whiteSpace" : false
    }, {
      "id" : "s1-t2",
      "begin" : 59,
      "end" : 63,
      "text" : "over",
      "whiteSpace" : false
    }, {
      "id" : "s1-t3",
      "begin" : 64,
      "end" : 66,
      "text" : "my",
      "whiteSpace" : false
    }, {
      "id" : "s1-t4",
      "begin" : 67,
      "end" : 71,
      "text" : "data",
      "whiteSpace" : false
    }, {
      "id" : "s1-t5",
      "begin" : 72,
      "end" : 75,
      "text" : "and",
      "whiteSpace" : false
    }, {
      "id" : "s1-t6",
      "begin" : 76,
      "end" : 82,
      "text" : "called",
      "whiteSpace" : false
    }, {
      "id" : "s1-t7",
      "begin" : 83,
      "end" : 85,
      "text" : "to",
      "whiteSpace" : false
    }, {
      "id" : "s1-t8",
      "begin" : 86,
      "end" : 93,
      "text" : "upgrade",
      "whiteSpace" : false
    }, {
      "id" : "s1-t9",
      "begin" : 94,
      "end" : 96,
      "text" : "my",
      "whiteSpace" : false
    }, {
      "id" : "s1-t10",
      "begin" : 97,
      "end" : 101,
      "text" : "plan",
      "whiteSpace" : false
    }, {
      "id" : "s1-t11",
      "begin" : 101,
      "end" : 102,
      "text" : ".",
      "whiteSpace" : false
    } ]
  }, {
    "id" : "s2",
    "begin" : 103,
    "end" : 171,
    "text" : "The rep talked me into\ngetting a 2GB Mobile Share plan on my IPhone.",
    "tokens" : [ {
      "id" : "s2-t0",
      "begin" : 103,
      "end" : 106,
      "text" : "The",
      "whiteSpace" : false
    }, {
      "id" : "s2-t1",
      "begin" : 107,
      "end" : 110,
      "text" : "rep",
      "whiteSpace" : false
    }, {
      "id" : "s2-t2",
      "begin" : 111,
      "end" : 117,
      "text" : "talked",
      "whiteSpace" : false
    }, {
      "id" : "s2-t3",
      "begin" : 118,
      "end" : 120,
      "text" : "me",
      "whiteSpace" : false
    }, {
      "id" : "s2-t4",
      "begin" : 121,
      "end" : 125,
      "text" : "into",
      "whiteSpace" : false
    }, {
      "id" : "s2-t5",
      "begin" : 126,
      "end" : 133,
      "text" : "getting",
      "whiteSpace" : false
    }, {
      "id" : "s2-t6",
      "begin" : 134,
      "end" : 135,
      "text" : "a",
      "whiteSpace" : false
    }, {
      "id" : "s2-t7",
      "begin" : 136,
      "end" : 139,
      "text" : "2GB",
      "whiteSpace" : false
    }, {
      "id" : "s2-t8",
      "begin" : 140,
      "end" : 146,
      "text" : "Mobile",
      "whiteSpace" : false
    }, {
      "id" : "s2-t9",
      "begin" : 147,
      "end" : 152,
      "text" : "Share",
      "whiteSpace" : false
    }, {
      "id" : "s2-t10",
      "begin" : 153,
      "end" : 157,
      "text" : "plan",
      "whiteSpace" : false
    }, {
      "id" : "s2-t11",
      "begin" : 158,
      "end" : 160,
      "text" : "on",
      "whiteSpace" : false
    }, {
      "id" : "s2-t12",
      "begin" : 161,
      "end" : 163,
      "text" : "my",
      "whiteSpace" : false
    }, {
      "id" : "s2-t13",
      "begin" : 164,
      "end" : 170,
      "text" : "IPhone",
      "whiteSpace" : false
    }, {
      "id" : "s2-t14",
      "begin" : 170,
      "end" : 171,
      "text" : ".",
      "whiteSpace" : false
    } ]
  }, {
    "id" : "s3",
    "begin" : 172,
    "end" : 263,
    "text" : "This plan was supposed to be\neffective on 4/14/2014 I even received a Text telling me this.",
    "tokens" : [ {
      "id" : "s3-t0",
      "begin" : 172,
      "end" : 176,
      "text" : "This",
      "whiteSpace" : false
    }, {
      "id" : "s3-t1",
      "begin" : 177,
      "end" : 181,
      "text" : "plan",
      "whiteSpace" : false
    }, {
      "id" : "s3-t2",
      "begin" : 182,
      "end" : 185,
      "text" : "was",
      "whiteSpace" : false
    }, {
      "id" : "s3-t3",
      "begin" : 186,
      "end" : 194,
      "text" : "supposed",
      "whiteSpace" : false
    }, {
      "id" : "s3-t4",
      "begin" : 195,
      "end" : 197,
      "text" : "to",
      "whiteSpace" : false
    }, {
      "id" : "s3-t5",
      "begin" : 198,
      "end" : 200,
      "text" : "be",
      "whiteSpace" : false
    }, {
      "id" : "s3-t6",
      "begin" : 201,
      "end" : 210,
      "text" : "effective",
      "whiteSpace" : false
    }, {
      "id" : "s3-t7",
      "begin" : 211,
      "end" : 213,
      "text" : "on",
      "whiteSpace" : false
    }, {
      "id" : "s3-t8",
      "begin" : 214,
      "end" : 223,
      "text" : "4/14/2014",
      "whiteSpace" : false
    }, {
      "id" : "s3-t9",
      "begin" : 224,
      "end" : 225,
      "text" : "I",
      "whiteSpace" : false
    }, {
      "id" : "s3-t10",
      "begin" : 226,
      "end" : 230,
      "text" : "even",
      "whiteSpace" : false
    }, {
      "id" : "s3-t11",
      "begin" : 231,
      "end" : 239,
      "text" : "received",
      "whiteSpace" : false
    }, {
      "id" : "s3-t12",
      "begin" : 240,
      "end" : 241,
      "text" : "a",
      "whiteSpace" : false
    }, {
      "id" : "s3-t13",
      "begin" : 242,
      "end" : 246,
      "text" : "Text",
      "whiteSpace" : false
    }, {
      "id" : "s3-t14",
      "begin" : 247,
      "end" : 254,
      "text" : "telling",
      "whiteSpace" : false
    }, {
      "id" : "s3-t15",
      "begin" : 255,
      "end" : 257,
      "text" : "me",
      "whiteSpace" : false
    }, {
      "id" : "s3-t16",
      "begin" : 258,
      "end" : 262,
      "text" : "this",
      "whiteSpace" : false
    }, {
      "id" : "s3-t17",
      "begin" : 262,
      "end" : 263,
      "text" : ".",
      "whiteSpace" : false
    } ]
  }, {
    "id" : "s4",
    "begin" : 264,
    "end" : 384,
    "text" : "However, every\ntime I look at my account or receive a Data Usage Alert it still has me on the\n3GB non-mobile share plan.",
    "tokens" : [ {
      "id" : "s4-t0",
      "begin" : 264,
      "end" : 271,
      "text" : "However",
      "whiteSpace" : false
    }, {
      "id" : "s4-t1",
      "begin" : 271,
      "end" : 272,
      "text" : ",",
      "whiteSpace" : false
    }, {
      "id" : "s4-t2",
      "begin" : 273,
      "end" : 278,
      "text" : "every",
      "whiteSpace" : false
    }, {
      "id" : "s4-t3",
      "begin" : 279,
      "end" : 283,
      "text" : "time",
      "whiteSpace" : false
    }, {
      "id" : "s4-t4",
      "begin" : 284,
      "end" : 285,
      "text" : "I",
      "whiteSpace" : false
    }, {
      "id" : "s4-t5",
      "begin" : 286,
      "end" : 290,
      "text" : "look",
      "whiteSpace" : false
    }, {
      "id" : "s4-t6",
      "begin" : 291,
      "end" : 293,
      "text" : "at",
      "whiteSpace" : false
    }, {
      "id" : "s4-t7",
      "begin" : 294,
      "end" : 296,
      "text" : "my",
      "whiteSpace" : false
    }, {
      "id" : "s4-t8",
      "begin" : 297,
      "end" : 304,
      "text" : "account",
      "whiteSpace" : false
    }, {
      "id" : "s4-t9",
      "begin" : 305,
      "end" : 307,
      "text" : "or",
      "whiteSpace" : false
    }, {
      "id" : "s4-t10",
      "begin" : 308,
      "end" : 315,
      "text" : "receive",
      "whiteSpace" : false
    }, {
      "id" : "s4-t11",
      "begin" : 316,
      "end" : 317,
      "text" : "a",
      "whiteSpace" : false
    }, {
      "id" : "s4-t12",
      "begin" : 318,
      "end" : 322,
      "text" : "Data",
      "whiteSpace" : false
    }, {
      "id" : "s4-t13",
      "begin" : 323,
      "end" : 328,
      "text" : "Usage",
      "whiteSpace" : false
    }, {
      "id" : "s4-t14",
      "begin" : 329,
      "end" : 334,
      "text" : "Alert",
      "whiteSpace" : false
    }, {
      "id" : "s4-t15",
      "begin" : 335,
      "end" : 337,
      "text" : "it",
      "whiteSpace" : false
    }, {
      "id" : "s4-t16",
      "begin" : 338,
      "end" : 343,
      "text" : "still",
      "whiteSpace" : false
    }, {
      "id" : "s4-t17",
      "begin" : 344,
      "end" : 347,
      "text" : "has",
      "whiteSpace" : false
    }, {
      "id" : "s4-t18",
      "begin" : 348,
      "end" : 350,
      "text" : "me",
      "whiteSpace" : false
    }, {
      "id" : "s4-t19",
      "begin" : 351,
      "end" : 353,
      "text" : "on",
      "whiteSpace" : false
    }, {
      "id" : "s4-t20",
      "begin" : 354,
      "end" : 357,
      "text" : "the",
      "whiteSpace" : false
    }, {
      "id" : "s4-t21",
      "begin" : 358,
      "end" : 361,
      "text" : "3GB",
      "whiteSpace" : false
    }, {
      "id" : "s4-t22",
      "begin" : 362,
      "end" : 365,
      "text" : "non",
      "whiteSpace" : false
    }, {
      "id" : "s4-t23",
      "begin" : 365,
      "end" : 366,
      "text" : "-",
      "whiteSpace" : false
    }, {
      "id" : "s4-t24",
      "begin" : 366,
      "end" : 372,
      "text" : "mobile",
      "whiteSpace" : false
    }, {
      "id" : "s4-t25",
      "begin" : 373,
      "end" : 378,
      "text" : "share",
      "whiteSpace" : false
    }, {
      "id" : "s4-t26",
      "begin" : 379,
      "end" : 383,
      "text" : "plan",
      "whiteSpace" : false
    }, {
      "id" : "s4-t27",
      "begin" : 383,
      "end" : 384,
      "text" : ".",
      "whiteSpace" : false
    } ]
  }, {
    "id" : "s5",
    "begin" : 384,
    "end" : 419,
    "text" : "Does anybody know what is going on?",
    "tokens" : [ {
      "id" : "s5-t0",
      "begin" : 384,
      "end" : 388,
      "text" : "Does",
      "whiteSpace" : false
    }, {
      "id" : "s5-t1",
      "begin" : 389,
      "end" : 396,
      "text" : "anybody",
      "whiteSpace" : false
    }, {
      "id" : "s5-t2",
      "begin" : 397,
      "end" : 401,
      "text" : "know",
      "whiteSpace" : false
    }, {
      "id" : "s5-t3",
      "begin" : 402,
      "end" : 406,
      "text" : "what",
      "whiteSpace" : false
    }, {
      "id" : "s5-t4",
      "begin" : 407,
      "end" : 409,
      "text" : "is",
      "whiteSpace" : false
    }, {
      "id" : "s5-t5",
      "begin" : 410,
      "end" : 415,
      "text" : "going",
      "whiteSpace" : false
    }, {
      "id" : "s5-t6",
      "begin" : 416,
      "end" : 418,
      "text" : "on",
      "whiteSpace" : false
    }, {
      "id" : "s5-t7",
      "begin" : 418,
      "end" : 419,
      "text" : "?",
      "whiteSpace" : false
    } ]
  }, {
    "id" : "s6",
    "begin" : 420,
    "end" : 495,
    "text" : "If it's not true\nthen I need to decrease my Data and just use the Computer.",
    "tokens" : [ {
      "id" : "s6-t0",
      "begin" : 420,
      "end" : 422,
      "text" : "If",
      "whiteSpace" : false
    }, {
      "id" : "s6-t1",
      "begin" : 423,
      "end" : 425,
      "text" : "it",
      "whiteSpace" : false
    }, {
      "id" : "s6-t2",
      "begin" : 425,
      "end" : 427,
      "text" : "'s",
      "whiteSpace" : false
    }, {
      "id" : "s6-t3",
      "begin" : 428,
      "end" : 431,
      "text" : "not",
      "whiteSpace" : false
    }, {
      "id" : "s6-t4",
      "begin" : 432,
      "end" : 436,
      "text" : "true",
      "whiteSpace" : false
    }, {
      "id" : "s6-t5",
      "begin" : 437,
      "end" : 441,
      "text" : "then",
      "whiteSpace" : false
    }, {
      "id" : "s6-t6",
      "begin" : 442,
      "end" : 443,
      "text" : "I",
      "whiteSpace" : false
    }, {
      "id" : "s6-t7",
      "begin" : 444,
      "end" : 448,
      "text" : "need",
      "whiteSpace" : false
    }, {
      "id" : "s6-t8",
      "begin" : 449,
      "end" : 451,
      "text" : "to",
      "whiteSpace" : false
    }, {
      "id" : "s6-t9",
      "begin" : 452,
      "end" : 460,
      "text" : "decrease",
      "whiteSpace" : false
    }, {
      "id" : "s6-t10",
      "begin" : 461,
      "end" : 463,
      "text" : "my",
      "whiteSpace" : false
    }, {
      "id" : "s6-t11",
      "begin" : 464,
      "end" : 468,
      "text" : "Data",
      "whiteSpace" : false
    }, {
      "id" : "s6-t12",
      "begin" : 469,
      "end" : 472,
      "text" : "and",
      "whiteSpace" : false
    }, {
      "id" : "s6-t13",
      "begin" : 473,
      "end" : 477,
      "text" : "just",
      "whiteSpace" : false
    }, {
      "id" : "s6-t14",
      "begin" : 478,
      "end" : 481,
      "text" : "use",
      "whiteSpace" : false
    }, {
      "id" : "s6-t15",
      "begin" : 482,
      "end" : 485,
      "text" : "the",
      "whiteSpace" : false
    }, {
      "id" : "s6-t16",
      "begin" : 486,
      "end" : 494,
      "text" : "Computer",
      "whiteSpace" : false
    }, {
      "id" : "s6-t17",
      "begin" : 494,
      "end" : 495,
      "text" : ".",
      "whiteSpace" : false
    } ]
  }, {
    "id" : "s7",
    "begin" : 496,
    "end" : 548,
    "text" : "Staying on the\ncurrent plan is too expensive for me.",
    "tokens" : [ {
      "id" : "s7-t0",
      "begin" : 496,
      "end" : 503,
      "text" : "Staying",
      "whiteSpace" : false
    }, {
      "id" : "s7-t1",
      "begin" : 504,
      "end" : 506,
      "text" : "on",
      "whiteSpace" : false
    }, {
      "id" : "s7-t2",
      "begin" : 507,
      "end" : 510,
      "text" : "the",
      "whiteSpace" : false
    }, {
      "id" : "s7-t3",
      "begin" : 511,
      "end" : 518,
      "text" : "current",
      "whiteSpace" : false
    }, {
      "id" : "s7-t4",
      "begin" : 519,
      "end" : 523,
      "text" : "plan",
      "whiteSpace" : false
    }, {
      "id" : "s7-t5",
      "begin" : 524,
      "end" : 526,
      "text" : "is",
      "whiteSpace" : false
    }, {
      "id" : "s7-t6",
      "begin" : 527,
      "end" : 530,
      "text" : "too",
      "whiteSpace" : false
    }, {
      "id" : "s7-t7",
      "begin" : 531,
      "end" : 540,
      "text" : "expensive",
      "whiteSpace" : false
    }, {
      "id" : "s7-t8",
      "begin" : 541,
      "end" : 544,
      "text" : "for",
      "whiteSpace" : false
    }, {
      "id" : "s7-t9",
      "begin" : 545,
      "end" : 547,
      "text" : "me",
      "whiteSpace" : false
    }, {
      "id" : "s7-t10",
      "begin" : 547,
      "end" : 548,
      "text" : ".",
      "whiteSpace" : false
    } ]
  }, {
    "id" : "s8",
    "begin" : 548,
    "end" : 557,
    "text" : "Thank you",
    "tokens" : [ {
      "id" : "s8-t0",
      "begin" : 548,
      "end" : 553,
      "text" : "Thank",
      "whiteSpace" : false
    }, {
      "id" : "s8-t1",
      "begin" : 554,
      "end" : 557,
      "text" : "you",
      "whiteSpace" : false
    } ]
  } ],
  "mentions" : [ {
    "id" : "cm2",
    "properties" : {
      "SIRE_MENTION_ROLE" : "Service_Plan",
      "SIRE_ENTITY_SUBTYPE" : "NONE",
      "SIRE_MENTION_TYPE" : "NONE",
      "SIRE_MENTION_CLASS" : "SPC"
    },
    "type" : "Service_Plan",
    "begin" : 14,
    "end" : 37,
    "inCoref" : false
  }, {
    "id" : "cm8",
    "properties" : {
      "SIRE_MENTION_ROLE" : "Internet_Connectivity",
      "SIRE_ENTITY_SUBTYPE" : "NONE",
      "SIRE_MENTION_TYPE" : "NONE",
      "SIRE_MENTION_CLASS" : "SPC"
    },
    "type" : "Internet_Connectivity",
    "begin" : 67,
    "end" : 71,
    "inCoref" : false
  }, {
    "id" : "cm3",
    "properties" : {
      "SIRE_MENTION_ROLE" : "Service_Plan",
      "SIRE_ENTITY_SUBTYPE" : "NONE",
      "SIRE_MENTION_TYPE" : "NONE",
      "SIRE_MENTION_CLASS" : "SPC"
    },
    "type" : "Service_Plan",
    "begin" : 97,
    "end" : 101,
    "inCoref" : false
  }, {
    "id" : "cm4",
    "properties" : {
      "SIRE_MENTION_ROLE" : "Service_Plan",
      "SIRE_ENTITY_SUBTYPE" : "NONE",
      "SIRE_MENTION_TYPE" : "NONE",
      "SIRE_MENTION_CLASS" : "SPC"
    },
    "type" : "Service_Plan",
    "begin" : 136,
    "end" : 157,
    "inCoref" : false
  }, {
    "id" : "cm1",
    "properties" : {
      "SIRE_MENTION_ROLE" : "Product",
      "SIRE_ENTITY_SUBTYPE" : "NONE",
      "SIRE_MENTION_TYPE" : "NONE",
      "SIRE_MENTION_CLASS" : "SPC"
    },
    "type" : "Product",
    "begin" : 164,
    "end" : 170,
    "inCoref" : false
  }, {
    "id" : "cm5",
    "properties" : {
      "SIRE_MENTION_ROLE" : "Service_Plan",
      "SIRE_ENTITY_SUBTYPE" : "NONE",
      "SIRE_MENTION_TYPE" : "NONE",
      "SIRE_MENTION_CLASS" : "SPC"
    },
    "type" : "Service_Plan",
    "begin" : 177,
    "end" : 181,
    "inCoref" : false
  }, {
    "id" : "s3-m2",
    "properties" : {
      "SIRE_MENTION_ROLE" : "Voice_Text",
      "SIRE_ENTITY_SUBTYPE" : "NONE",
      "SIRE_MENTION_TYPE" : "NONE",
      "SIRE_MENTION_CLASS" : "SPC"
    },
    "type" : "Voice_Text",
    "begin" : 242,
    "end" : 246,
    "inCoref" : false
  }, {
    "id" : "s4-m2",
    "properties" : {
      "SIRE_MENTION_ROLE" : "Internet_Connectivity",
      "SIRE_ENTITY_SUBTYPE" : "NONE",
      "SIRE_MENTION_TYPE" : "NONE",
      "SIRE_MENTION_CLASS" : "SPC"
    },
    "type" : "Internet_Connectivity",
    "begin" : 318,
    "end" : 328,
    "inCoref" : false
  }, {
    "id" : "cm6",
    "properties" : {
      "SIRE_MENTION_ROLE" : "Service_Plan",
      "SIRE_ENTITY_SUBTYPE" : "NONE",
      "SIRE_MENTION_TYPE" : "NONE",
      "SIRE_MENTION_CLASS" : "SPC"
    },
    "type" : "Service_Plan",
    "begin" : 358,
    "end" : 383,
    "inCoref" : false
  }, {
    "id" : "s6-m1",
    "properties" : {
      "SIRE_MENTION_ROLE" : "Internet_Connectivity",
      "SIRE_ENTITY_SUBTYPE" : "NONE",
      "SIRE_MENTION_TYPE" : "NONE",
      "SIRE_MENTION_CLASS" : "SPC"
    },
    "type" : "Internet_Connectivity",
    "begin" : 464,
    "end" : 468,
    "inCoref" : false
  }, {
    "id" : "cm7",
    "properties" : {
      "SIRE_MENTION_ROLE" : "Service_Plan",
      "SIRE_ENTITY_SUBTYPE" : "NONE",
      "SIRE_MENTION_TYPE" : "NONE",
      "SIRE_MENTION_CLASS" : "SPC"
    },
    "type" : "Service_Plan",
    "begin" : 519,
    "end" : 523,
    "inCoref" : false
  } ],
  "relations" : [ ],
  "corefs" : [ ],
  "typeResolved" : true,
  "userResolved" : false
}