{
  "id" : "296b9940-fed7-11e6-a1dc-cbf647ea05c1-0",
  "name" : "1c9971bf139935885fcdef91552e1bbe.txt",
  "version" : 3,
  "text" : "PlayPhone Questions and Discussion\n\nI just got a text that I was subscribed to the PlayPhone. What is lovely is\nthat when you call AT&amp;T; to remove it, they openly acknowledge that you\ndid nothing to subscribe (no accidental user error). You have to reply STOP to\nthe text message or are auto-subscribed. Can you imagine advertisers being\nable to send you a snail mail letter and auto-subscribe you to a service\nunless you responded no? That is similar to this. I can't believe that this is\nactually sanctioned by AT&amp;T.; What is different about this & the deceptive\npractices that Discover Card used to get people to sign up for a payment\nprotection plan (& is now in trouble for with the CFPB?Solved!Go to Solution.\n\n",
  "docLength" : 0,
  "language" : "EN",
  "status" : "READY",
  "modifiedDate" : 1488746586434,
  "documentSet" : [ ],
  "preannotation" : [ "PRE_LW" ],
  "sentences" : [ {
    "id" : "s0",
    "begin" : 0,
    "end" : 34,
    "text" : "PlayPhone Questions and Discussion",
    "tokens" : [ {
      "id" : "s0-t0",
      "begin" : 0,
      "end" : 9,
      "text" : "PlayPhone",
      "whiteSpace" : false
    }, {
      "id" : "s0-t1",
      "begin" : 10,
      "end" : 19,
      "text" : "Questions",
      "whiteSpace" : false
    }, {
      "id" : "s0-t2",
      "begin" : 20,
      "end" : 23,
      "text" : "and",
      "whiteSpace" : false
    }, {
      "id" : "s0-t3",
      "begin" : 24,
      "end" : 34,
      "text" : "Discussion",
      "whiteSpace" : false
    } ]
  }, {
    "id" : "s1",
    "begin" : 36,
    "end" : 93,
    "text" : "I just got a text that I was subscribed to the PlayPhone.",
    "tokens" : [ {
      "id" : "s1-t0",
      "begin" : 36,
      "end" : 37,
      "text" : "I",
      "whiteSpace" : false
    }, {
      "id" : "s1-t1",
      "begin" : 38,
      "end" : 42,
      "text" : "just",
      "whiteSpace" : false
    }, {
      "id" : "s1-t2",
      "begin" : 43,
      "end" : 46,
      "text" : "got",
      "whiteSpace" : false
    }, {
      "id" : "s1-t3",
      "begin" : 47,
      "end" : 48,
      "text" : "a",
      "whiteSpace" : false
    }, {
      "id" : "s1-t4",
      "begin" : 49,
      "end" : 53,
      "text" : "text",
      "whiteSpace" : false
    }, {
      "id" : "s1-t5",
      "begin" : 54,
      "end" : 58,
      "text" : "that",
      "whiteSpace" : false
    }, {
      "id" : "s1-t6",
      "begin" : 59,
      "end" : 60,
      "text" : "I",
      "whiteSpace" : false
    }, {
      "id" : "s1-t7",
      "begin" : 61,
      "end" : 64,
      "text" : "was",
      "whiteSpace" : false
    }, {
      "id" : "s1-t8",
      "begin" : 65,
      "end" : 75,
      "text" : "subscribed",
      "whiteSpace" : false
    }, {
      "id" : "s1-t9",
      "begin" : 76,
      "end" : 78,
      "text" : "to",
      "whiteSpace" : false
    }, {
      "id" : "s1-t10",
      "begin" : 79,
      "end" : 82,
      "text" : "the",
      "whiteSpace" : false
    }, {
      "id" : "s1-t11",
      "begin" : 83,
      "end" : 92,
      "text" : "PlayPhone",
      "whiteSpace" : false
    }, {
      "id" : "s1-t12",
      "begin" : 92,
      "end" : 93,
      "text" : ".",
      "whiteSpace" : false
    } ]
  }, {
    "id" : "s2",
    "begin" : 94,
    "end" : 240,
    "text" : "What is lovely is\nthat when you call AT&amp;T; to remove it, they openly acknowledge that you\ndid nothing to subscribe (no accidental user error).",
    "tokens" : [ {
      "id" : "s2-t0",
      "begin" : 94,
      "end" : 98,
      "text" : "What",
      "whiteSpace" : false
    }, {
      "id" : "s2-t1",
      "begin" : 99,
      "end" : 101,
      "text" : "is",
      "whiteSpace" : false
    }, {
      "id" : "s2-t2",
      "begin" : 102,
      "end" : 108,
      "text" : "lovely",
      "whiteSpace" : false
    }, {
      "id" : "s2-t3",
      "begin" : 109,
      "end" : 111,
      "text" : "is",
      "whiteSpace" : false
    }, {
      "id" : "s2-t4",
      "begin" : 112,
      "end" : 116,
      "text" : "that",
      "whiteSpace" : false
    }, {
      "id" : "s2-t5",
      "begin" : 117,
      "end" : 121,
      "text" : "when",
      "whiteSpace" : false
    }, {
      "id" : "s2-t6",
      "begin" : 122,
      "end" : 125,
      "text" : "you",
      "whiteSpace" : false
    }, {
      "id" : "s2-t7",
      "begin" : 126,
      "end" : 130,
      "text" : "call",
      "whiteSpace" : false
    }, {
      "id" : "s2-t8",
      "begin" : 131,
      "end" : 133,
      "text" : "AT",
      "whiteSpace" : false
    }, {
      "id" : "s2-t9",
      "begin" : 133,
      "end" : 138,
      "text" : "&amp;",
      "whiteSpace" : false
    }, {
      "id" : "s2-t10",
      "begin" : 138,
      "end" : 140,
      "text" : "T;",
      "whiteSpace" : false
    }, {
      "id" : "s2-t11",
      "begin" : 141,
      "end" : 143,
      "text" : "to",
      "whiteSpace" : false
    }, {
      "id" : "s2-t12",
      "begin" : 144,
      "end" : 150,
      "text" : "remove",
      "whiteSpace" : false
    }, {
      "id" : "s2-t13",
      "begin" : 151,
      "end" : 153,
      "text" : "it",
      "whiteSpace" : false
    }, {
      "id" : "s2-t14",
      "begin" : 153,
      "end" : 154,
      "text" : ",",
      "whiteSpace" : false
    }, {
      "id" : "s2-t15",
      "begin" : 155,
      "end" : 159,
      "text" : "they",
      "whiteSpace" : false
    }, {
      "id" : "s2-t16",
      "begin" : 160,
      "end" : 166,
      "text" : "openly",
      "whiteSpace" : false
    }, {
      "id" : "s2-t17",
      "begin" : 167,
      "end" : 178,
      "text" : "acknowledge",
      "whiteSpace" : false
    }, {
      "id" : "s2-t18",
      "begin" : 179,
      "end" : 183,
      "text" : "that",
      "whiteSpace" : false
    }, {
      "id" : "s2-t19",
      "begin" : 184,
      "end" : 187,
      "text" : "you",
      "whiteSpace" : false
    }, {
      "id" : "s2-t20",
      "begin" : 188,
      "end" : 191,
      "text" : "did",
      "whiteSpace" : false
    }, {
      "id" : "s2-t21",
      "begin" : 192,
      "end" : 199,
      "text" : "nothing",
      "whiteSpace" : false
    }, {
      "id" : "s2-t22",
      "begin" : 200,
      "end" : 202,
      "text" : "to",
      "whiteSpace" : false
    }, {
      "id" : "s2-t23",
      "begin" : 203,
      "end" : 212,
      "text" : "subscribe",
      "whiteSpace" : false
    }, {
      "id" : "s2-t24",
      "begin" : 213,
      "end" : 214,
      "text" : "(",
      "whiteSpace" : false
    }, {
      "id" : "s2-t25",
      "begin" : 214,
      "end" : 216,
      "text" : "no",
      "whiteSpace" : false
    }, {
      "id" : "s2-t26",
      "begin" : 217,
      "end" : 227,
      "text" : "accidental",
      "whiteSpace" : false
    }, {
      "id" : "s2-t27",
      "begin" : 228,
      "end" : 232,
      "text" : "user",
      "whiteSpace" : false
    }, {
      "id" : "s2-t28",
      "begin" : 233,
      "end" : 238,
      "text" : "error",
      "whiteSpace" : false
    }, {
      "id" : "s2-t29",
      "begin" : 238,
      "end" : 239,
      "text" : ")",
      "whiteSpace" : false
    }, {
      "id" : "s2-t30",
      "begin" : 239,
      "end" : 240,
      "text" : ".",
      "whiteSpace" : false
    } ]
  }, {
    "id" : "s3",
    "begin" : 241,
    "end" : 307,
    "text" : "You have to reply STOP to\nthe text message or are auto-subscribed.",
    "tokens" : [ {
      "id" : "s3-t0",
      "begin" : 241,
      "end" : 244,
      "text" : "You",
      "whiteSpace" : false
    }, {
      "id" : "s3-t1",
      "begin" : 245,
      "end" : 249,
      "text" : "have",
      "whiteSpace" : false
    }, {
      "id" : "s3-t2",
      "begin" : 250,
      "end" : 252,
      "text" : "to",
      "whiteSpace" : false
    }, {
      "id" : "s3-t3",
      "begin" : 253,
      "end" : 258,
      "text" : "reply",
      "whiteSpace" : false
    }, {
      "id" : "s3-t4",
      "begin" : 259,
      "end" : 263,
      "text" : "STOP",
      "whiteSpace" : false
    }, {
      "id" : "s3-t5",
      "begin" : 264,
      "end" : 266,
      "text" : "to",
      "whiteSpace" : false
    }, {
      "id" : "s3-t6",
      "begin" : 267,
      "end" : 270,
      "text" : "the",
      "whiteSpace" : false
    }, {
      "id" : "s3-t7",
      "begin" : 271,
      "end" : 275,
      "text" : "text",
      "whiteSpace" : false
    }, {
      "id" : "s3-t8",
      "begin" : 276,
      "end" : 283,
      "text" : "message",
      "whiteSpace" : false
    }, {
      "id" : "s3-t9",
      "begin" : 284,
      "end" : 286,
      "text" : "or",
      "whiteSpace" : false
    }, {
      "id" : "s3-t10",
      "begin" : 287,
      "end" : 290,
      "text" : "are",
      "whiteSpace" : false
    }, {
      "id" : "s3-t11",
      "begin" : 291,
      "end" : 295,
      "text" : "auto",
      "whiteSpace" : false
    }, {
      "id" : "s3-t12",
      "begin" : 295,
      "end" : 296,
      "text" : "-",
      "whiteSpace" : false
    }, {
      "id" : "s3-t13",
      "begin" : 296,
      "end" : 306,
      "text" : "subscribed",
      "whiteSpace" : false
    }, {
      "id" : "s3-t14",
      "begin" : 306,
      "end" : 307,
      "text" : ".",
      "whiteSpace" : false
    } ]
  }, {
    "id" : "s4",
    "begin" : 308,
    "end" : 439,
    "text" : "Can you imagine advertisers being\nable to send you a snail mail letter and auto-subscribe you to a service\nunless you responded no?",
    "tokens" : [ {
      "id" : "s4-t0",
      "begin" : 308,
      "end" : 311,
      "text" : "Can",
      "whiteSpace" : false
    }, {
      "id" : "s4-t1",
      "begin" : 312,
      "end" : 315,
      "text" : "you",
      "whiteSpace" : false
    }, {
      "id" : "s4-t2",
      "begin" : 316,
      "end" : 323,
      "text" : "imagine",
      "whiteSpace" : false
    }, {
      "id" : "s4-t3",
      "begin" : 324,
      "end" : 335,
      "text" : "advertisers",
      "whiteSpace" : false
    }, {
      "id" : "s4-t4",
      "begin" : 336,
      "end" : 341,
      "text" : "being",
      "whiteSpace" : false
    }, {
      "id" : "s4-t5",
      "begin" : 342,
      "end" : 346,
      "text" : "able",
      "whiteSpace" : false
    }, {
      "id" : "s4-t6",
      "begin" : 347,
      "end" : 349,
      "text" : "to",
      "whiteSpace" : false
    }, {
      "id" : "s4-t7",
      "begin" : 350,
      "end" : 354,
      "text" : "send",
      "whiteSpace" : false
    }, {
      "id" : "s4-t8",
      "begin" : 355,
      "end" : 358,
      "text" : "you",
      "whiteSpace" : false
    }, {
      "id" : "s4-t9",
      "begin" : 359,
      "end" : 360,
      "text" : "a",
      "whiteSpace" : false
    }, {
      "id" : "s4-t10",
      "begin" : 361,
      "end" : 366,
      "text" : "snail",
      "whiteSpace" : false
    }, {
      "id" : "s4-t11",
      "begin" : 367,
      "end" : 371,
      "text" : "mail",
      "whiteSpace" : false
    }, {
      "id" : "s4-t12",
      "begin" : 372,
      "end" : 378,
      "text" : "letter",
      "whiteSpace" : false
    }, {
      "id" : "s4-t13",
      "begin" : 379,
      "end" : 382,
      "text" : "and",
      "whiteSpace" : false
    }, {
      "id" : "s4-t14",
      "begin" : 383,
      "end" : 387,
      "text" : "auto",
      "whiteSpace" : false
    }, {
      "id" : "s4-t15",
      "begin" : 387,
      "end" : 388,
      "text" : "-",
      "whiteSpace" : false
    }, {
      "id" : "s4-t16",
      "begin" : 388,
      "end" : 397,
      "text" : "subscribe",
      "whiteSpace" : false
    }, {
      "id" : "s4-t17",
      "begin" : 398,
      "end" : 401,
      "text" : "you",
      "whiteSpace" : false
    }, {
      "id" : "s4-t18",
      "begin" : 402,
      "end" : 404,
      "text" : "to",
      "whiteSpace" : false
    }, {
      "id" : "s4-t19",
      "begin" : 405,
      "end" : 406,
      "text" : "a",
      "whiteSpace" : false
    }, {
      "id" : "s4-t20",
      "begin" : 407,
      "end" : 414,
      "text" : "service",
      "whiteSpace" : false
    }, {
      "id" : "s4-t21",
      "begin" : 415,
      "end" : 421,
      "text" : "unless",
      "whiteSpace" : false
    }, {
      "id" : "s4-t22",
      "begin" : 422,
      "end" : 425,
      "text" : "you",
      "whiteSpace" : false
    }, {
      "id" : "s4-t23",
      "begin" : 426,
      "end" : 435,
      "text" : "responded",
      "whiteSpace" : false
    }, {
      "id" : "s4-t24",
      "begin" : 436,
      "end" : 438,
      "text" : "no",
      "whiteSpace" : false
    }, {
      "id" : "s4-t25",
      "begin" : 438,
      "end" : 439,
      "text" : "?",
      "whiteSpace" : false
    } ]
  }, {
    "id" : "s5",
    "begin" : 440,
    "end" : 464,
    "text" : "That is similar to this.",
    "tokens" : [ {
      "id" : "s5-t0",
      "begin" : 440,
      "end" : 444,
      "text" : "That",
      "whiteSpace" : false
    }, {
      "id" : "s5-t1",
      "begin" : 445,
      "end" : 447,
      "text" : "is",
      "whiteSpace" : false
    }, {
      "id" : "s5-t2",
      "begin" : 448,
      "end" : 455,
      "text" : "similar",
      "whiteSpace" : false
    }, {
      "id" : "s5-t3",
      "begin" : 456,
      "end" : 458,
      "text" : "to",
      "whiteSpace" : false
    }, {
      "id" : "s5-t4",
      "begin" : 459,
      "end" : 463,
      "text" : "this",
      "whiteSpace" : false
    }, {
      "id" : "s5-t5",
      "begin" : 463,
      "end" : 464,
      "text" : ".",
      "whiteSpace" : false
    } ]
  }, {
    "id" : "s6",
    "begin" : 465,
    "end" : 723,
    "text" : "I can't believe that this is\nactually sanctioned by AT&amp;T.; What is different about this & the deceptive\npractices that Discover Card used to get people to sign up for a payment\nprotection plan (& is now in trouble for with the CFPB?Solved!Go to Solution.",
    "tokens" : [ {
      "id" : "s6-t0",
      "begin" : 465,
      "end" : 466,
      "text" : "I",
      "whiteSpace" : false
    }, {
      "id" : "s6-t1",
      "begin" : 467,
      "end" : 469,
      "text" : "ca",
      "whiteSpace" : false
    }, {
      "id" : "s6-t2",
      "begin" : 469,
      "end" : 472,
      "text" : "n't",
      "whiteSpace" : false
    }, {
      "id" : "s6-t3",
      "begin" : 473,
      "end" : 480,
      "text" : "believe",
      "whiteSpace" : false
    }, {
      "id" : "s6-t4",
      "begin" : 481,
      "end" : 485,
      "text" : "that",
      "whiteSpace" : false
    }, {
      "id" : "s6-t5",
      "begin" : 486,
      "end" : 490,
      "text" : "this",
      "whiteSpace" : false
    }, {
      "id" : "s6-t6",
      "begin" : 491,
      "end" : 493,
      "text" : "is",
      "whiteSpace" : false
    }, {
      "id" : "s6-t7",
      "begin" : 494,
      "end" : 502,
      "text" : "actually",
      "whiteSpace" : false
    }, {
      "id" : "s6-t8",
      "begin" : 503,
      "end" : 513,
      "text" : "sanctioned",
      "whiteSpace" : false
    }, {
      "id" : "s6-t9",
      "begin" : 514,
      "end" : 516,
      "text" : "by",
      "whiteSpace" : false
    }, {
      "id" : "s6-t10",
      "begin" : 517,
      "end" : 519,
      "text" : "AT",
      "whiteSpace" : false
    }, {
      "id" : "s6-t11",
      "begin" : 519,
      "end" : 524,
      "text" : "&amp;",
      "whiteSpace" : false
    }, {
      "id" : "s6-t12",
      "begin" : 524,
      "end" : 526,
      "text" : "T.",
      "whiteSpace" : false
    }, {
      "id" : "s6-t13",
      "begin" : 526,
      "end" : 527,
      "text" : ";",
      "whiteSpace" : false
    }, {
      "id" : "s6-t14",
      "begin" : 528,
      "end" : 532,
      "text" : "What",
      "whiteSpace" : false
    }, {
      "id" : "s6-t15",
      "begin" : 533,
      "end" : 535,
      "text" : "is",
      "whiteSpace" : false
    }, {
      "id" : "s6-t16",
      "begin" : 536,
      "end" : 545,
      "text" : "different",
      "whiteSpace" : false
    }, {
      "id" : "s6-t17",
      "begin" : 546,
      "end" : 551,
      "text" : "about",
      "whiteSpace" : false
    }, {
      "id" : "s6-t18",
      "begin" : 552,
      "end" : 556,
      "text" : "this",
      "whiteSpace" : false
    }, {
      "id" : "s6-t19",
      "begin" : 557,
      "end" : 558,
      "text" : "&",
      "whiteSpace" : false
    }, {
      "id" : "s6-t20",
      "begin" : 559,
      "end" : 562,
      "text" : "the",
      "whiteSpace" : false
    }, {
      "id" : "s6-t21",
      "begin" : 563,
      "end" : 572,
      "text" : "deceptive",
      "whiteSpace" : false
    }, {
      "id" : "s6-t22",
      "begin" : 573,
      "end" : 582,
      "text" : "practices",
      "whiteSpace" : false
    }, {
      "id" : "s6-t23",
      "begin" : 583,
      "end" : 587,
      "text" : "that",
      "whiteSpace" : false
    }, {
      "id" : "s6-t24",
      "begin" : 588,
      "end" : 596,
      "text" : "Discover",
      "whiteSpace" : false
    }, {
      "id" : "s6-t25",
      "begin" : 597,
      "end" : 601,
      "text" : "Card",
      "whiteSpace" : false
    }, {
      "id" : "s6-t26",
      "begin" : 602,
      "end" : 606,
      "text" : "used",
      "whiteSpace" : false
    }, {
      "id" : "s6-t27",
      "begin" : 607,
      "end" : 609,
      "text" : "to",
      "whiteSpace" : false
    }, {
      "id" : "s6-t28",
      "begin" : 610,
      "end" : 613,
      "text" : "get",
      "whiteSpace" : false
    }, {
      "id" : "s6-t29",
      "begin" : 614,
      "end" : 620,
      "text" : "people",
      "whiteSpace" : false
    }, {
      "id" : "s6-t30",
      "begin" : 621,
      "end" : 623,
      "text" : "to",
      "whiteSpace" : false
    }, {
      "id" : "s6-t31",
      "begin" : 624,
      "end" : 628,
      "text" : "sign",
      "whiteSpace" : false
    }, {
      "id" : "s6-t32",
      "begin" : 629,
      "end" : 631,
      "text" : "up",
      "whiteSpace" : false
    }, {
      "id" : "s6-t33",
      "begin" : 632,
      "end" : 635,
      "text" : "for",
      "whiteSpace" : false
    }, {
      "id" : "s6-t34",
      "begin" : 636,
      "end" : 637,
      "text" : "a",
      "whiteSpace" : false
    }, {
      "id" : "s6-t35",
      "begin" : 638,
      "end" : 645,
      "text" : "payment",
      "whiteSpace" : false
    }, {
      "id" : "s6-t36",
      "begin" : 646,
      "end" : 656,
      "text" : "protection",
      "whiteSpace" : false
    }, {
      "id" : "s6-t37",
      "begin" : 657,
      "end" : 661,
      "text" : "plan",
      "whiteSpace" : false
    }, {
      "id" : "s6-t38",
      "begin" : 662,
      "end" : 663,
      "text" : "(",
      "whiteSpace" : false
    }, {
      "id" : "s6-t39",
      "begin" : 663,
      "end" : 664,
      "text" : "&",
      "whiteSpace" : false
    }, {
      "id" : "s6-t40",
      "begin" : 665,
      "end" : 667,
      "text" : "is",
      "whiteSpace" : false
    }, {
      "id" : "s6-t41",
      "begin" : 668,
      "end" : 671,
      "text" : "now",
      "whiteSpace" : false
    }, {
      "id" : "s6-t42",
      "begin" : 672,
      "end" : 674,
      "text" : "in",
      "whiteSpace" : false
    }, {
      "id" : "s6-t43",
      "begin" : 675,
      "end" : 682,
      "text" : "trouble",
      "whiteSpace" : false
    }, {
      "id" : "s6-t44",
      "begin" : 683,
      "end" : 686,
      "text" : "for",
      "whiteSpace" : false
    }, {
      "id" : "s6-t45",
      "begin" : 687,
      "end" : 691,
      "text" : "with",
      "whiteSpace" : false
    }, {
      "id" : "s6-t46",
      "begin" : 692,
      "end" : 695,
      "text" : "the",
      "whiteSpace" : false
    }, {
      "id" : "s6-t47",
      "begin" : 696,
      "end" : 708,
      "text" : "CFPB?Solved!",
      "whiteSpace" : false
    }, {
      "id" : "s6-t48",
      "begin" : 708,
      "end" : 710,
      "text" : "Go",
      "whiteSpace" : false
    }, {
      "id" : "s6-t49",
      "begin" : 711,
      "end" : 713,
      "text" : "to",
      "whiteSpace" : false
    }, {
      "id" : "s6-t50",
      "begin" : 714,
      "end" : 722,
      "text" : "Solution",
      "whiteSpace" : false
    }, {
      "id" : "s6-t51",
      "begin" : 722,
      "end" : 723,
      "text" : ".",
      "whiteSpace" : false
    } ]
  } ],
  "mentions" : [ {
    "id" : "cm1",
    "properties" : {
      "SIRE_MENTION_ROLE" : "Product",
      "SIRE_ENTITY_SUBTYPE" : "NONE",
      "SIRE_MENTION_TYPE" : "NONE",
      "SIRE_MENTION_CLASS" : "SPC"
    },
    "type" : "Product",
    "begin" : 0,
    "end" : 9,
    "inCoref" : false
  }, {
    "id" : "s1-m2",
    "properties" : {
      "SIRE_MENTION_ROLE" : "Voice_Text",
      "SIRE_ENTITY_SUBTYPE" : "NONE",
      "SIRE_MENTION_TYPE" : "NONE",
      "SIRE_MENTION_CLASS" : "SPC"
    },
    "type" : "Voice_Text",
    "begin" : 49,
    "end" : 53,
    "inCoref" : false
  }, {
    "id" : "cm2",
    "properties" : {
      "SIRE_MENTION_ROLE" : "Product",
      "SIRE_ENTITY_SUBTYPE" : "NONE",
      "SIRE_MENTION_TYPE" : "NONE",
      "SIRE_MENTION_CLASS" : "SPC"
    },
    "type" : "Product",
    "begin" : 83,
    "end" : 92,
    "inCoref" : false
  }, {
    "id" : "cm4",
    "properties" : {
      "SIRE_MENTION_ROLE" : "Service_Provider",
      "SIRE_ENTITY_SUBTYPE" : "NONE",
      "SIRE_MENTION_TYPE" : "NONE",
      "SIRE_MENTION_CLASS" : "SPC"
    },
    "type" : "Service_Provider",
    "begin" : 131,
    "end" : 140,
    "inCoref" : false
  }, {
    "id" : "s3-m1",
    "properties" : {
      "SIRE_MENTION_ROLE" : "Voice_Text",
      "SIRE_ENTITY_SUBTYPE" : "NONE",
      "SIRE_MENTION_TYPE" : "NONE",
      "SIRE_MENTION_CLASS" : "SPC"
    },
    "type" : "Voice_Text",
    "begin" : 271,
    "end" : 283,
    "inCoref" : false
  }, {
    "id" : "cm5",
    "properties" : {
      "SIRE_MENTION_ROLE" : "Service_Provider",
      "SIRE_ENTITY_SUBTYPE" : "NONE",
      "SIRE_MENTION_TYPE" : "NONE",
      "SIRE_MENTION_CLASS" : "SPC"
    },
    "type" : "Service_Provider",
    "begin" : 517,
    "end" : 526,
    "inCoref" : false
  }, {
    "id" : "cm3",
    "properties" : {
      "SIRE_MENTION_ROLE" : "Service_Plan",
      "SIRE_ENTITY_SUBTYPE" : "NONE",
      "SIRE_MENTION_TYPE" : "NONE",
      "SIRE_MENTION_CLASS" : "SPC"
    },
    "type" : "Service_Plan",
    "begin" : 638,
    "end" : 661,
    "inCoref" : false
  } ],
  "relations" : [ ],
  "corefs" : [ ],
  "typeResolved" : true,
  "userResolved" : false
}