{
  "id" : "296b9940-fed7-11e6-a1dc-cbf647ea05c1-5",
  "name" : "1c9971bf139935885fcdef9155374a49.txt",
  "version" : 3,
  "text" : "scam $9.99 per month\n\nI was scamed $9.99 every month from last month.Thiswas owedby a trash text.I\ndon't know what should I do for this mistake.Can you help me?Solved!Go to\nSolution.\n\n",
  "docLength" : 0,
  "language" : "EN",
  "status" : "READY",
  "modifiedDate" : 1488746677897,
  "documentSet" : [ ],
  "preannotation" : [ "PRE_LW" ],
  "sentences" : [ {
    "id" : "s0",
    "begin" : 0,
    "end" : 20,
    "text" : "scam $9.99 per month",
    "tokens" : [ {
      "id" : "s0-t0",
      "begin" : 0,
      "end" : 4,
      "text" : "scam",
      "whiteSpace" : false
    }, {
      "id" : "s0-t1",
      "begin" : 5,
      "end" : 6,
      "text" : "$",
      "whiteSpace" : false
    }, {
      "id" : "s0-t2",
      "begin" : 6,
      "end" : 10,
      "text" : "9.99",
      "whiteSpace" : false
    }, {
      "id" : "s0-t3",
      "begin" : 11,
      "end" : 14,
      "text" : "per",
      "whiteSpace" : false
    }, {
      "id" : "s0-t4",
      "begin" : 15,
      "end" : 20,
      "text" : "month",
      "whiteSpace" : false
    } ]
  }, {
    "id" : "s1",
    "begin" : 22,
    "end" : 69,
    "text" : "I was scamed $9.99 every month from last month.",
    "tokens" : [ {
      "id" : "s1-t0",
      "begin" : 22,
      "end" : 23,
      "text" : "I",
      "whiteSpace" : false
    }, {
      "id" : "s1-t1",
      "begin" : 24,
      "end" : 27,
      "text" : "was",
      "whiteSpace" : false
    }, {
      "id" : "s1-t2",
      "begin" : 28,
      "end" : 34,
      "text" : "scamed",
      "whiteSpace" : false
    }, {
      "id" : "s1-t3",
      "begin" : 35,
      "end" : 36,
      "text" : "$",
      "whiteSpace" : false
    }, {
      "id" : "s1-t4",
      "begin" : 36,
      "end" : 40,
      "text" : "9.99",
      "whiteSpace" : false
    }, {
      "id" : "s1-t5",
      "begin" : 41,
      "end" : 46,
      "text" : "every",
      "whiteSpace" : false
    }, {
      "id" : "s1-t6",
      "begin" : 47,
      "end" : 52,
      "text" : "month",
      "whiteSpace" : false
    }, {
      "id" : "s1-t7",
      "begin" : 53,
      "end" : 57,
      "text" : "from",
      "whiteSpace" : false
    }, {
      "id" : "s1-t8",
      "begin" : 58,
      "end" : 62,
      "text" : "last",
      "whiteSpace" : false
    }, {
      "id" : "s1-t9",
      "begin" : 63,
      "end" : 68,
      "text" : "month",
      "whiteSpace" : false
    }, {
      "id" : "s1-t10",
      "begin" : 68,
      "end" : 69,
      "text" : ".",
      "whiteSpace" : false
    } ]
  }, {
    "id" : "s2",
    "begin" : 69,
    "end" : 144,
    "text" : "Thiswas owedby a trash text.I\ndon't know what should I do for this mistake.",
    "tokens" : [ {
      "id" : "s2-t0",
      "begin" : 69,
      "end" : 76,
      "text" : "Thiswas",
      "whiteSpace" : false
    }, {
      "id" : "s2-t1",
      "begin" : 77,
      "end" : 83,
      "text" : "owedby",
      "whiteSpace" : false
    }, {
      "id" : "s2-t2",
      "begin" : 84,
      "end" : 85,
      "text" : "a",
      "whiteSpace" : false
    }, {
      "id" : "s2-t3",
      "begin" : 86,
      "end" : 91,
      "text" : "trash",
      "whiteSpace" : false
    }, {
      "id" : "s2-t4",
      "begin" : 92,
      "end" : 98,
      "text" : "text.I",
      "whiteSpace" : false
    }, {
      "id" : "s2-t5",
      "begin" : 99,
      "end" : 101,
      "text" : "do",
      "whiteSpace" : false
    }, {
      "id" : "s2-t6",
      "begin" : 101,
      "end" : 104,
      "text" : "n't",
      "whiteSpace" : false
    }, {
      "id" : "s2-t7",
      "begin" : 105,
      "end" : 109,
      "text" : "know",
      "whiteSpace" : false
    }, {
      "id" : "s2-t8",
      "begin" : 110,
      "end" : 114,
      "text" : "what",
      "whiteSpace" : false
    }, {
      "id" : "s2-t9",
      "begin" : 115,
      "end" : 121,
      "text" : "should",
      "whiteSpace" : false
    }, {
      "id" : "s2-t10",
      "begin" : 122,
      "end" : 123,
      "text" : "I",
      "whiteSpace" : false
    }, {
      "id" : "s2-t11",
      "begin" : 124,
      "end" : 126,
      "text" : "do",
      "whiteSpace" : false
    }, {
      "id" : "s2-t12",
      "begin" : 127,
      "end" : 130,
      "text" : "for",
      "whiteSpace" : false
    }, {
      "id" : "s2-t13",
      "begin" : 131,
      "end" : 135,
      "text" : "this",
      "whiteSpace" : false
    }, {
      "id" : "s2-t14",
      "begin" : 136,
      "end" : 143,
      "text" : "mistake",
      "whiteSpace" : false
    }, {
      "id" : "s2-t15",
      "begin" : 143,
      "end" : 144,
      "text" : ".",
      "whiteSpace" : false
    } ]
  }, {
    "id" : "s3",
    "begin" : 144,
    "end" : 160,
    "text" : "Can you help me?",
    "tokens" : [ {
      "id" : "s3-t0",
      "begin" : 144,
      "end" : 147,
      "text" : "Can",
      "whiteSpace" : false
    }, {
      "id" : "s3-t1",
      "begin" : 148,
      "end" : 151,
      "text" : "you",
      "whiteSpace" : false
    }, {
      "id" : "s3-t2",
      "begin" : 152,
      "end" : 156,
      "text" : "help",
      "whiteSpace" : false
    }, {
      "id" : "s3-t3",
      "begin" : 157,
      "end" : 159,
      "text" : "me",
      "whiteSpace" : false
    }, {
      "id" : "s3-t4",
      "begin" : 159,
      "end" : 160,
      "text" : "?",
      "whiteSpace" : false
    } ]
  }, {
    "id" : "s4",
    "begin" : 160,
    "end" : 182,
    "text" : "Solved!Go to\nSolution.",
    "tokens" : [ {
      "id" : "s4-t0",
      "begin" : 160,
      "end" : 167,
      "text" : "Solved!",
      "whiteSpace" : false
    }, {
      "id" : "s4-t1",
      "begin" : 167,
      "end" : 169,
      "text" : "Go",
      "whiteSpace" : false
    }, {
      "id" : "s4-t2",
      "begin" : 170,
      "end" : 172,
      "text" : "to",
      "whiteSpace" : false
    }, {
      "id" : "s4-t3",
      "begin" : 173,
      "end" : 181,
      "text" : "Solution",
      "whiteSpace" : false
    }, {
      "id" : "s4-t4",
      "begin" : 181,
      "end" : 182,
      "text" : ".",
      "whiteSpace" : false
    } ]
  } ],
  "mentions" : [ {
    "id" : "s2-m1",
    "properties" : {
      "SIRE_MENTION_ROLE" : "Voice_Text",
      "SIRE_ENTITY_SUBTYPE" : "NONE",
      "SIRE_MENTION_TYPE" : "NONE",
      "SIRE_MENTION_CLASS" : "SPC"
    },
    "type" : "Voice_Text",
    "begin" : 92,
    "end" : 96,
    "inCoref" : false
  } ],
  "relations" : [ ],
  "corefs" : [ ],
  "typeResolved" : true,
  "userResolved" : false
}