{
  "id" : "29f08e70-fedc-11e6-bdaf-657283dc3f11-4",
  "name" : "1a4c52b9e9e1ed766d4e704c42e0a8c7.txt",
  "version" : 3,
  "text" : "Won't unlock my phone\n\nI keep getting denied for my device to be unlocked even though I fully paid\noff my phone. Help!\n\n",
  "docLength" : 0,
  "language" : "EN",
  "status" : "READY",
  "modifiedDate" : 1488748895803,
  "documentSet" : [ ],
  "preannotation" : [ "PRE_LW" ],
  "sentences" : [ {
    "id" : "s0",
    "begin" : 0,
    "end" : 21,
    "text" : "Won't unlock my phone",
    "tokens" : [ {
      "id" : "s0-t0",
      "begin" : 0,
      "end" : 2,
      "text" : "Wo",
      "whiteSpace" : false
    }, {
      "id" : "s0-t1",
      "begin" : 2,
      "end" : 5,
      "text" : "n't",
      "whiteSpace" : false
    }, {
      "id" : "s0-t2",
      "begin" : 6,
      "end" : 12,
      "text" : "unlock",
      "whiteSpace" : false
    }, {
      "id" : "s0-t3",
      "begin" : 13,
      "end" : 15,
      "text" : "my",
      "whiteSpace" : false
    }, {
      "id" : "s0-t4",
      "begin" : 16,
      "end" : 21,
      "text" : "phone",
      "whiteSpace" : false
    } ]
  }, {
    "id" : "s1",
    "begin" : 23,
    "end" : 112,
    "text" : "I keep getting denied for my device to be unlocked even though I fully paid\noff my phone.",
    "tokens" : [ {
      "id" : "s1-t0",
      "begin" : 23,
      "end" : 24,
      "text" : "I",
      "whiteSpace" : false
    }, {
      "id" : "s1-t1",
      "begin" : 25,
      "end" : 29,
      "text" : "keep",
      "whiteSpace" : false
    }, {
      "id" : "s1-t2",
      "begin" : 30,
      "end" : 37,
      "text" : "getting",
      "whiteSpace" : false
    }, {
      "id" : "s1-t3",
      "begin" : 38,
      "end" : 44,
      "text" : "denied",
      "whiteSpace" : false
    }, {
      "id" : "s1-t4",
      "begin" : 45,
      "end" : 48,
      "text" : "for",
      "whiteSpace" : false
    }, {
      "id" : "s1-t5",
      "begin" : 49,
      "end" : 51,
      "text" : "my",
      "whiteSpace" : false
    }, {
      "id" : "s1-t6",
      "begin" : 52,
      "end" : 58,
      "text" : "device",
      "whiteSpace" : false
    }, {
      "id" : "s1-t7",
      "begin" : 59,
      "end" : 61,
      "text" : "to",
      "whiteSpace" : false
    }, {
      "id" : "s1-t8",
      "begin" : 62,
      "end" : 64,
      "text" : "be",
      "whiteSpace" : false
    }, {
      "id" : "s1-t9",
      "begin" : 65,
      "end" : 73,
      "text" : "unlocked",
      "whiteSpace" : false
    }, {
      "id" : "s1-t10",
      "begin" : 74,
      "end" : 78,
      "text" : "even",
      "whiteSpace" : false
    }, {
      "id" : "s1-t11",
      "begin" : 79,
      "end" : 85,
      "text" : "though",
      "whiteSpace" : false
    }, {
      "id" : "s1-t12",
      "begin" : 86,
      "end" : 87,
      "text" : "I",
      "whiteSpace" : false
    }, {
      "id" : "s1-t13",
      "begin" : 88,
      "end" : 93,
      "text" : "fully",
      "whiteSpace" : false
    }, {
      "id" : "s1-t14",
      "begin" : 94,
      "end" : 98,
      "text" : "paid",
      "whiteSpace" : false
    }, {
      "id" : "s1-t15",
      "begin" : 99,
      "end" : 102,
      "text" : "off",
      "whiteSpace" : false
    }, {
      "id" : "s1-t16",
      "begin" : 103,
      "end" : 105,
      "text" : "my",
      "whiteSpace" : false
    }, {
      "id" : "s1-t17",
      "begin" : 106,
      "end" : 111,
      "text" : "phone",
      "whiteSpace" : false
    }, {
      "id" : "s1-t18",
      "begin" : 111,
      "end" : 112,
      "text" : ".",
      "whiteSpace" : false
    } ]
  }, {
    "id" : "s2",
    "begin" : 113,
    "end" : 118,
    "text" : "Help!",
    "tokens" : [ {
      "id" : "s2-t0",
      "begin" : 113,
      "end" : 117,
      "text" : "Help",
      "whiteSpace" : false
    }, {
      "id" : "s2-t1",
      "begin" : 117,
      "end" : 118,
      "text" : "!",
      "whiteSpace" : false
    } ]
  } ],
  "mentions" : [ ],
  "relations" : [ ],
  "corefs" : [ ],
  "typeResolved" : true,
  "userResolved" : false
}