{
  "id" : "29f08e70-fedc-11e6-bdaf-657283dc3f11-5",
  "name" : "1a4c52b9e9e1ed766d4e704c42e0c2ac.txt",
  "version" : 3,
  "text" : "SIM card\n\nWill I get charged for getting a SIM card for a iPhone 6s Plus\n\n",
  "docLength" : 0,
  "language" : "EN",
  "status" : "READY",
  "modifiedDate" : 1488748900655,
  "documentSet" : [ ],
  "preannotation" : [ "PRE_LW" ],
  "sentences" : [ {
    "id" : "s0",
    "begin" : 0,
    "end" : 8,
    "text" : "SIM card",
    "tokens" : [ {
      "id" : "s0-t0",
      "begin" : 0,
      "end" : 3,
      "text" : "SIM",
      "whiteSpace" : false
    }, {
      "id" : "s0-t1",
      "begin" : 4,
      "end" : 8,
      "text" : "card",
      "whiteSpace" : false
    } ]
  }, {
    "id" : "s1",
    "begin" : 10,
    "end" : 72,
    "text" : "Will I get charged for getting a SIM card for a iPhone 6s Plus",
    "tokens" : [ {
      "id" : "s1-t0",
      "begin" : 10,
      "end" : 14,
      "text" : "Will",
      "whiteSpace" : false
    }, {
      "id" : "s1-t1",
      "begin" : 15,
      "end" : 16,
      "text" : "I",
      "whiteSpace" : false
    }, {
      "id" : "s1-t2",
      "begin" : 17,
      "end" : 20,
      "text" : "get",
      "whiteSpace" : false
    }, {
      "id" : "s1-t3",
      "begin" : 21,
      "end" : 28,
      "text" : "charged",
      "whiteSpace" : false
    }, {
      "id" : "s1-t4",
      "begin" : 29,
      "end" : 32,
      "text" : "for",
      "whiteSpace" : false
    }, {
      "id" : "s1-t5",
      "begin" : 33,
      "end" : 40,
      "text" : "getting",
      "whiteSpace" : false
    }, {
      "id" : "s1-t6",
      "begin" : 41,
      "end" : 42,
      "text" : "a",
      "whiteSpace" : false
    }, {
      "id" : "s1-t7",
      "begin" : 43,
      "end" : 46,
      "text" : "SIM",
      "whiteSpace" : false
    }, {
      "id" : "s1-t8",
      "begin" : 47,
      "end" : 51,
      "text" : "card",
      "whiteSpace" : false
    }, {
      "id" : "s1-t9",
      "begin" : 52,
      "end" : 55,
      "text" : "for",
      "whiteSpace" : false
    }, {
      "id" : "s1-t10",
      "begin" : 56,
      "end" : 57,
      "text" : "a",
      "whiteSpace" : false
    }, {
      "id" : "s1-t11",
      "begin" : 58,
      "end" : 64,
      "text" : "iPhone",
      "whiteSpace" : false
    }, {
      "id" : "s1-t12",
      "begin" : 65,
      "end" : 67,
      "text" : "6s",
      "whiteSpace" : false
    }, {
      "id" : "s1-t13",
      "begin" : 68,
      "end" : 72,
      "text" : "Plus",
      "whiteSpace" : false
    } ]
  } ],
  "mentions" : [ {
    "id" : "s0-m1",
    "properties" : {
      "SIRE_MENTION_ROLE" : "Physical_Feature",
      "SIRE_ENTITY_SUBTYPE" : "NONE",
      "SIRE_MENTION_TYPE" : "NONE",
      "SIRE_MENTION_CLASS" : "SPC"
    },
    "type" : "Physical_Feature",
    "begin" : 0,
    "end" : 8,
    "inCoref" : false
  }, {
    "id" : "s1-m1",
    "properties" : {
      "SIRE_MENTION_ROLE" : "Physical_Feature",
      "SIRE_ENTITY_SUBTYPE" : "NONE",
      "SIRE_MENTION_TYPE" : "NONE",
      "SIRE_MENTION_CLASS" : "SPC"
    },
    "type" : "Physical_Feature",
    "begin" : 43,
    "end" : 51,
    "inCoref" : false
  }, {
    "id" : "s1-m2",
    "properties" : {
      "SIRE_MENTION_ROLE" : "Product",
      "SIRE_ENTITY_SUBTYPE" : "NONE",
      "SIRE_MENTION_TYPE" : "NONE",
      "SIRE_MENTION_CLASS" : "SPC"
    },
    "type" : "Product",
    "begin" : 58,
    "end" : 72,
    "inCoref" : false
  } ],
  "relations" : [ ],
  "corefs" : [ ],
  "typeResolved" : true,
  "userResolved" : false
}