{
  "id" : "42965ef0-fedc-11e6-a1dc-cbf647ea05c1-7",
  "name" : "352a4b22276bdd30b71dbf36cb10497a.txt",
  "version" : 3,
  "text" : "How do I activate my iPhone 5\n\nI purchased my iPhone 5 from the apple website using my AT&amp;T; upgrade. The\nphone will be here on Wednesday and I am needing to know how I activate my\nphone with AT&amp;T.Solved;!Go to Solution.\n\n",
  "docLength" : 0,
  "language" : "EN",
  "status" : "READY",
  "modifiedDate" : 1488754002319,
  "documentSet" : [ ],
  "preannotation" : [ "PRE_LW" ],
  "sentences" : [ {
    "id" : "s0",
    "begin" : 0,
    "end" : 29,
    "text" : "How do I activate my iPhone 5",
    "tokens" : [ {
      "id" : "s0-t0",
      "begin" : 0,
      "end" : 3,
      "text" : "How",
      "whiteSpace" : false
    }, {
      "id" : "s0-t1",
      "begin" : 4,
      "end" : 6,
      "text" : "do",
      "whiteSpace" : false
    }, {
      "id" : "s0-t2",
      "begin" : 7,
      "end" : 8,
      "text" : "I",
      "whiteSpace" : false
    }, {
      "id" : "s0-t3",
      "begin" : 9,
      "end" : 17,
      "text" : "activate",
      "whiteSpace" : false
    }, {
      "id" : "s0-t4",
      "begin" : 18,
      "end" : 20,
      "text" : "my",
      "whiteSpace" : false
    }, {
      "id" : "s0-t5",
      "begin" : 21,
      "end" : 27,
      "text" : "iPhone",
      "whiteSpace" : false
    }, {
      "id" : "s0-t6",
      "begin" : 28,
      "end" : 29,
      "text" : "5",
      "whiteSpace" : false
    } ]
  }, {
    "id" : "s1",
    "begin" : 31,
    "end" : 105,
    "text" : "I purchased my iPhone 5 from the apple website using my AT&amp;T; upgrade.",
    "tokens" : [ {
      "id" : "s1-t0",
      "begin" : 31,
      "end" : 32,
      "text" : "I",
      "whiteSpace" : false
    }, {
      "id" : "s1-t1",
      "begin" : 33,
      "end" : 42,
      "text" : "purchased",
      "whiteSpace" : false
    }, {
      "id" : "s1-t2",
      "begin" : 43,
      "end" : 45,
      "text" : "my",
      "whiteSpace" : false
    }, {
      "id" : "s1-t3",
      "begin" : 46,
      "end" : 52,
      "text" : "iPhone",
      "whiteSpace" : false
    }, {
      "id" : "s1-t4",
      "begin" : 53,
      "end" : 54,
      "text" : "5",
      "whiteSpace" : false
    }, {
      "id" : "s1-t5",
      "begin" : 55,
      "end" : 59,
      "text" : "from",
      "whiteSpace" : false
    }, {
      "id" : "s1-t6",
      "begin" : 60,
      "end" : 63,
      "text" : "the",
      "whiteSpace" : false
    }, {
      "id" : "s1-t7",
      "begin" : 64,
      "end" : 69,
      "text" : "apple",
      "whiteSpace" : false
    }, {
      "id" : "s1-t8",
      "begin" : 70,
      "end" : 77,
      "text" : "website",
      "whiteSpace" : false
    }, {
      "id" : "s1-t9",
      "begin" : 78,
      "end" : 83,
      "text" : "using",
      "whiteSpace" : false
    }, {
      "id" : "s1-t10",
      "begin" : 84,
      "end" : 86,
      "text" : "my",
      "whiteSpace" : false
    }, {
      "id" : "s1-t11",
      "begin" : 87,
      "end" : 89,
      "text" : "AT",
      "whiteSpace" : false
    }, {
      "id" : "s1-t12",
      "begin" : 89,
      "end" : 94,
      "text" : "&amp;",
      "whiteSpace" : false
    }, {
      "id" : "s1-t13",
      "begin" : 94,
      "end" : 96,
      "text" : "T;",
      "whiteSpace" : false
    }, {
      "id" : "s1-t14",
      "begin" : 97,
      "end" : 104,
      "text" : "upgrade",
      "whiteSpace" : false
    }, {
      "id" : "s1-t15",
      "begin" : 104,
      "end" : 105,
      "text" : ".",
      "whiteSpace" : false
    } ]
  }, {
    "id" : "s2",
    "begin" : 106,
    "end" : 213,
    "text" : "The\nphone will be here on Wednesday and I am needing to know how I activate my\nphone with AT&amp;T.Solved;!",
    "tokens" : [ {
      "id" : "s2-t0",
      "begin" : 106,
      "end" : 109,
      "text" : "The",
      "whiteSpace" : false
    }, {
      "id" : "s2-t1",
      "begin" : 110,
      "end" : 115,
      "text" : "phone",
      "whiteSpace" : false
    }, {
      "id" : "s2-t2",
      "begin" : 116,
      "end" : 120,
      "text" : "will",
      "whiteSpace" : false
    }, {
      "id" : "s2-t3",
      "begin" : 121,
      "end" : 123,
      "text" : "be",
      "whiteSpace" : false
    }, {
      "id" : "s2-t4",
      "begin" : 124,
      "end" : 128,
      "text" : "here",
      "whiteSpace" : false
    }, {
      "id" : "s2-t5",
      "begin" : 129,
      "end" : 131,
      "text" : "on",
      "whiteSpace" : false
    }, {
      "id" : "s2-t6",
      "begin" : 132,
      "end" : 141,
      "text" : "Wednesday",
      "whiteSpace" : false
    }, {
      "id" : "s2-t7",
      "begin" : 142,
      "end" : 145,
      "text" : "and",
      "whiteSpace" : false
    }, {
      "id" : "s2-t8",
      "begin" : 146,
      "end" : 147,
      "text" : "I",
      "whiteSpace" : false
    }, {
      "id" : "s2-t9",
      "begin" : 148,
      "end" : 150,
      "text" : "am",
      "whiteSpace" : false
    }, {
      "id" : "s2-t10",
      "begin" : 151,
      "end" : 158,
      "text" : "needing",
      "whiteSpace" : false
    }, {
      "id" : "s2-t11",
      "begin" : 159,
      "end" : 161,
      "text" : "to",
      "whiteSpace" : false
    }, {
      "id" : "s2-t12",
      "begin" : 162,
      "end" : 166,
      "text" : "know",
      "whiteSpace" : false
    }, {
      "id" : "s2-t13",
      "begin" : 167,
      "end" : 170,
      "text" : "how",
      "whiteSpace" : false
    }, {
      "id" : "s2-t14",
      "begin" : 171,
      "end" : 172,
      "text" : "I",
      "whiteSpace" : false
    }, {
      "id" : "s2-t15",
      "begin" : 173,
      "end" : 181,
      "text" : "activate",
      "whiteSpace" : false
    }, {
      "id" : "s2-t16",
      "begin" : 182,
      "end" : 184,
      "text" : "my",
      "whiteSpace" : false
    }, {
      "id" : "s2-t17",
      "begin" : 185,
      "end" : 190,
      "text" : "phone",
      "whiteSpace" : false
    }, {
      "id" : "s2-t18",
      "begin" : 191,
      "end" : 195,
      "text" : "with",
      "whiteSpace" : false
    }, {
      "id" : "s2-t19",
      "begin" : 196,
      "end" : 198,
      "text" : "AT",
      "whiteSpace" : false
    }, {
      "id" : "s2-t20",
      "begin" : 198,
      "end" : 203,
      "text" : "&amp;",
      "whiteSpace" : false
    }, {
      "id" : "s2-t21",
      "begin" : 203,
      "end" : 205,
      "text" : "T.",
      "whiteSpace" : false
    }, {
      "id" : "s2-t22",
      "begin" : 205,
      "end" : 212,
      "text" : "Solved;",
      "whiteSpace" : false
    }, {
      "id" : "s2-t23",
      "begin" : 212,
      "end" : 213,
      "text" : "!",
      "whiteSpace" : false
    } ]
  }, {
    "id" : "s3",
    "begin" : 213,
    "end" : 228,
    "text" : "Go to Solution.",
    "tokens" : [ {
      "id" : "s3-t0",
      "begin" : 213,
      "end" : 215,
      "text" : "Go",
      "whiteSpace" : false
    }, {
      "id" : "s3-t1",
      "begin" : 216,
      "end" : 218,
      "text" : "to",
      "whiteSpace" : false
    }, {
      "id" : "s3-t2",
      "begin" : 219,
      "end" : 227,
      "text" : "Solution",
      "whiteSpace" : false
    }, {
      "id" : "s3-t3",
      "begin" : 227,
      "end" : 228,
      "text" : ".",
      "whiteSpace" : false
    } ]
  } ],
  "mentions" : [ {
    "id" : "s0-m1",
    "properties" : {
      "SIRE_MENTION_ROLE" : "Product",
      "SIRE_ENTITY_SUBTYPE" : "NONE",
      "SIRE_MENTION_TYPE" : "NONE",
      "SIRE_MENTION_CLASS" : "SPC"
    },
    "type" : "Product",
    "begin" : 21,
    "end" : 29,
    "inCoref" : false
  }, {
    "id" : "s1-m2",
    "properties" : {
      "SIRE_MENTION_ROLE" : "Product",
      "SIRE_ENTITY_SUBTYPE" : "NONE",
      "SIRE_MENTION_TYPE" : "NONE",
      "SIRE_MENTION_CLASS" : "SPC"
    },
    "type" : "Product",
    "begin" : 46,
    "end" : 54,
    "inCoref" : false
  }, {
    "id" : "cm1",
    "properties" : {
      "SIRE_MENTION_ROLE" : "Service_Provider",
      "SIRE_ENTITY_SUBTYPE" : "NONE",
      "SIRE_MENTION_TYPE" : "NONE",
      "SIRE_MENTION_CLASS" : "SPC"
    },
    "type" : "Service_Provider",
    "begin" : 87,
    "end" : 96,
    "inCoref" : false
  }, {
    "id" : "s2-m1",
    "properties" : {
      "SIRE_MENTION_ROLE" : "Service_Provider",
      "SIRE_ENTITY_SUBTYPE" : "NONE",
      "SIRE_MENTION_TYPE" : "NONE",
      "SIRE_MENTION_CLASS" : "SPC"
    },
    "type" : "Service_Provider",
    "begin" : 196,
    "end" : 204,
    "inCoref" : false
  } ],
  "relations" : [ ],
  "corefs" : [ ],
  "typeResolved" : true,
  "userResolved" : false
}