{
  "id" : "42965ef0-fedc-11e6-a1dc-cbf647ea05c1-8",
  "name" : "352a4b22276bdd30b71dbf36cb34018d.txt",
  "version" : 3,
  "text" : "3g sim\n\nMy wife has a 3g that she is ready to take a hammer to. She is eligible for an\nupgrade but does not like any of the current choices so she wants to use my\nold Ericsson for a while.Here are my questions:Can I take the sim out of the\niPhone and put it in the Ericsson for voice and texting only?She no longer\ncares about the data so I would also need to cancel the $30 unlimited plan,\ncan this be done online under My Account?Are there any other issues I should\nbe aware of if I do this?Also, I have considered taking the iPhone sim and\ninstalling it in my Captivate to try to keep the unlimited data plan, but I am\nnot sure if it would work. Anyone know if this would work and the pros and\ncons of putting it in a Captivate?Thanks!Solved!Go to Solution.\n\n",
  "docLength" : 0,
  "language" : "EN",
  "status" : "READY",
  "modifiedDate" : 1488754057993,
  "documentSet" : [ ],
  "preannotation" : [ "PRE_LW" ],
  "sentences" : [ {
    "id" : "s0",
    "begin" : 0,
    "end" : 6,
    "text" : "3g sim",
    "tokens" : [ {
      "id" : "s0-t0",
      "begin" : 0,
      "end" : 2,
      "text" : "3g",
      "whiteSpace" : false
    }, {
      "id" : "s0-t1",
      "begin" : 3,
      "end" : 6,
      "text" : "sim",
      "whiteSpace" : false
    } ]
  }, {
    "id" : "s1",
    "begin" : 8,
    "end" : 63,
    "text" : "My wife has a 3g that she is ready to take a hammer to.",
    "tokens" : [ {
      "id" : "s1-t0",
      "begin" : 8,
      "end" : 10,
      "text" : "My",
      "whiteSpace" : false
    }, {
      "id" : "s1-t1",
      "begin" : 11,
      "end" : 15,
      "text" : "wife",
      "whiteSpace" : false
    }, {
      "id" : "s1-t2",
      "begin" : 16,
      "end" : 19,
      "text" : "has",
      "whiteSpace" : false
    }, {
      "id" : "s1-t3",
      "begin" : 20,
      "end" : 21,
      "text" : "a",
      "whiteSpace" : false
    }, {
      "id" : "s1-t4",
      "begin" : 22,
      "end" : 24,
      "text" : "3g",
      "whiteSpace" : false
    }, {
      "id" : "s1-t5",
      "begin" : 25,
      "end" : 29,
      "text" : "that",
      "whiteSpace" : false
    }, {
      "id" : "s1-t6",
      "begin" : 30,
      "end" : 33,
      "text" : "she",
      "whiteSpace" : false
    }, {
      "id" : "s1-t7",
      "begin" : 34,
      "end" : 36,
      "text" : "is",
      "whiteSpace" : false
    }, {
      "id" : "s1-t8",
      "begin" : 37,
      "end" : 42,
      "text" : "ready",
      "whiteSpace" : false
    }, {
      "id" : "s1-t9",
      "begin" : 43,
      "end" : 45,
      "text" : "to",
      "whiteSpace" : false
    }, {
      "id" : "s1-t10",
      "begin" : 46,
      "end" : 50,
      "text" : "take",
      "whiteSpace" : false
    }, {
      "id" : "s1-t11",
      "begin" : 51,
      "end" : 52,
      "text" : "a",
      "whiteSpace" : false
    }, {
      "id" : "s1-t12",
      "begin" : 53,
      "end" : 59,
      "text" : "hammer",
      "whiteSpace" : false
    }, {
      "id" : "s1-t13",
      "begin" : 60,
      "end" : 62,
      "text" : "to",
      "whiteSpace" : false
    }, {
      "id" : "s1-t14",
      "begin" : 62,
      "end" : 63,
      "text" : ".",
      "whiteSpace" : false
    } ]
  }, {
    "id" : "s2",
    "begin" : 64,
    "end" : 188,
    "text" : "She is eligible for an\nupgrade but does not like any of the current choices so she wants to use my\nold Ericsson for a while.",
    "tokens" : [ {
      "id" : "s2-t0",
      "begin" : 64,
      "end" : 67,
      "text" : "She",
      "whiteSpace" : false
    }, {
      "id" : "s2-t1",
      "begin" : 68,
      "end" : 70,
      "text" : "is",
      "whiteSpace" : false
    }, {
      "id" : "s2-t2",
      "begin" : 71,
      "end" : 79,
      "text" : "eligible",
      "whiteSpace" : false
    }, {
      "id" : "s2-t3",
      "begin" : 80,
      "end" : 83,
      "text" : "for",
      "whiteSpace" : false
    }, {
      "id" : "s2-t4",
      "begin" : 84,
      "end" : 86,
      "text" : "an",
      "whiteSpace" : false
    }, {
      "id" : "s2-t5",
      "begin" : 87,
      "end" : 94,
      "text" : "upgrade",
      "whiteSpace" : false
    }, {
      "id" : "s2-t6",
      "begin" : 95,
      "end" : 98,
      "text" : "but",
      "whiteSpace" : false
    }, {
      "id" : "s2-t7",
      "begin" : 99,
      "end" : 103,
      "text" : "does",
      "whiteSpace" : false
    }, {
      "id" : "s2-t8",
      "begin" : 104,
      "end" : 107,
      "text" : "not",
      "whiteSpace" : false
    }, {
      "id" : "s2-t9",
      "begin" : 108,
      "end" : 112,
      "text" : "like",
      "whiteSpace" : false
    }, {
      "id" : "s2-t10",
      "begin" : 113,
      "end" : 116,
      "text" : "any",
      "whiteSpace" : false
    }, {
      "id" : "s2-t11",
      "begin" : 117,
      "end" : 119,
      "text" : "of",
      "whiteSpace" : false
    }, {
      "id" : "s2-t12",
      "begin" : 120,
      "end" : 123,
      "text" : "the",
      "whiteSpace" : false
    }, {
      "id" : "s2-t13",
      "begin" : 124,
      "end" : 131,
      "text" : "current",
      "whiteSpace" : false
    }, {
      "id" : "s2-t14",
      "begin" : 132,
      "end" : 139,
      "text" : "choices",
      "whiteSpace" : false
    }, {
      "id" : "s2-t15",
      "begin" : 140,
      "end" : 142,
      "text" : "so",
      "whiteSpace" : false
    }, {
      "id" : "s2-t16",
      "begin" : 143,
      "end" : 146,
      "text" : "she",
      "whiteSpace" : false
    }, {
      "id" : "s2-t17",
      "begin" : 147,
      "end" : 152,
      "text" : "wants",
      "whiteSpace" : false
    }, {
      "id" : "s2-t18",
      "begin" : 153,
      "end" : 155,
      "text" : "to",
      "whiteSpace" : false
    }, {
      "id" : "s2-t19",
      "begin" : 156,
      "end" : 159,
      "text" : "use",
      "whiteSpace" : false
    }, {
      "id" : "s2-t20",
      "begin" : 160,
      "end" : 162,
      "text" : "my",
      "whiteSpace" : false
    }, {
      "id" : "s2-t21",
      "begin" : 163,
      "end" : 166,
      "text" : "old",
      "whiteSpace" : false
    }, {
      "id" : "s2-t22",
      "begin" : 167,
      "end" : 175,
      "text" : "Ericsson",
      "whiteSpace" : false
    }, {
      "id" : "s2-t23",
      "begin" : 176,
      "end" : 179,
      "text" : "for",
      "whiteSpace" : false
    }, {
      "id" : "s2-t24",
      "begin" : 180,
      "end" : 181,
      "text" : "a",
      "whiteSpace" : false
    }, {
      "id" : "s2-t25",
      "begin" : 182,
      "end" : 187,
      "text" : "while",
      "whiteSpace" : false
    }, {
      "id" : "s2-t26",
      "begin" : 187,
      "end" : 188,
      "text" : ".",
      "whiteSpace" : false
    } ]
  }, {
    "id" : "s3",
    "begin" : 188,
    "end" : 301,
    "text" : "Here are my questions:Can I take the sim out of the\niPhone and put it in the Ericsson for voice and texting only?",
    "tokens" : [ {
      "id" : "s3-t0",
      "begin" : 188,
      "end" : 192,
      "text" : "Here",
      "whiteSpace" : false
    }, {
      "id" : "s3-t1",
      "begin" : 193,
      "end" : 196,
      "text" : "are",
      "whiteSpace" : false
    }, {
      "id" : "s3-t2",
      "begin" : 197,
      "end" : 199,
      "text" : "my",
      "whiteSpace" : false
    }, {
      "id" : "s3-t3",
      "begin" : 200,
      "end" : 209,
      "text" : "questions",
      "whiteSpace" : false
    }, {
      "id" : "s3-t4",
      "begin" : 209,
      "end" : 210,
      "text" : ":",
      "whiteSpace" : false
    }, {
      "id" : "s3-t5",
      "begin" : 210,
      "end" : 213,
      "text" : "Can",
      "whiteSpace" : false
    }, {
      "id" : "s3-t6",
      "begin" : 214,
      "end" : 215,
      "text" : "I",
      "whiteSpace" : false
    }, {
      "id" : "s3-t7",
      "begin" : 216,
      "end" : 220,
      "text" : "take",
      "whiteSpace" : false
    }, {
      "id" : "s3-t8",
      "begin" : 221,
      "end" : 224,
      "text" : "the",
      "whiteSpace" : false
    }, {
      "id" : "s3-t9",
      "begin" : 225,
      "end" : 228,
      "text" : "sim",
      "whiteSpace" : false
    }, {
      "id" : "s3-t10",
      "begin" : 229,
      "end" : 232,
      "text" : "out",
      "whiteSpace" : false
    }, {
      "id" : "s3-t11",
      "begin" : 233,
      "end" : 235,
      "text" : "of",
      "whiteSpace" : false
    }, {
      "id" : "s3-t12",
      "begin" : 236,
      "end" : 239,
      "text" : "the",
      "whiteSpace" : false
    }, {
      "id" : "s3-t13",
      "begin" : 240,
      "end" : 246,
      "text" : "iPhone",
      "whiteSpace" : false
    }, {
      "id" : "s3-t14",
      "begin" : 247,
      "end" : 250,
      "text" : "and",
      "whiteSpace" : false
    }, {
      "id" : "s3-t15",
      "begin" : 251,
      "end" : 254,
      "text" : "put",
      "whiteSpace" : false
    }, {
      "id" : "s3-t16",
      "begin" : 255,
      "end" : 257,
      "text" : "it",
      "whiteSpace" : false
    }, {
      "id" : "s3-t17",
      "begin" : 258,
      "end" : 260,
      "text" : "in",
      "whiteSpace" : false
    }, {
      "id" : "s3-t18",
      "begin" : 261,
      "end" : 264,
      "text" : "the",
      "whiteSpace" : false
    }, {
      "id" : "s3-t19",
      "begin" : 265,
      "end" : 273,
      "text" : "Ericsson",
      "whiteSpace" : false
    }, {
      "id" : "s3-t20",
      "begin" : 274,
      "end" : 277,
      "text" : "for",
      "whiteSpace" : false
    }, {
      "id" : "s3-t21",
      "begin" : 278,
      "end" : 283,
      "text" : "voice",
      "whiteSpace" : false
    }, {
      "id" : "s3-t22",
      "begin" : 284,
      "end" : 287,
      "text" : "and",
      "whiteSpace" : false
    }, {
      "id" : "s3-t23",
      "begin" : 288,
      "end" : 295,
      "text" : "texting",
      "whiteSpace" : false
    }, {
      "id" : "s3-t24",
      "begin" : 296,
      "end" : 300,
      "text" : "only",
      "whiteSpace" : false
    }, {
      "id" : "s3-t25",
      "begin" : 300,
      "end" : 301,
      "text" : "?",
      "whiteSpace" : false
    } ]
  }, {
    "id" : "s4",
    "begin" : 301,
    "end" : 432,
    "text" : "She no longer\ncares about the data so I would also need to cancel the $30 unlimited plan,\ncan this be done online under My Account?",
    "tokens" : [ {
      "id" : "s4-t0",
      "begin" : 301,
      "end" : 304,
      "text" : "She",
      "whiteSpace" : false
    }, {
      "id" : "s4-t1",
      "begin" : 305,
      "end" : 307,
      "text" : "no",
      "whiteSpace" : false
    }, {
      "id" : "s4-t2",
      "begin" : 308,
      "end" : 314,
      "text" : "longer",
      "whiteSpace" : false
    }, {
      "id" : "s4-t3",
      "begin" : 315,
      "end" : 320,
      "text" : "cares",
      "whiteSpace" : false
    }, {
      "id" : "s4-t4",
      "begin" : 321,
      "end" : 326,
      "text" : "about",
      "whiteSpace" : false
    }, {
      "id" : "s4-t5",
      "begin" : 327,
      "end" : 330,
      "text" : "the",
      "whiteSpace" : false
    }, {
      "id" : "s4-t6",
      "begin" : 331,
      "end" : 335,
      "text" : "data",
      "whiteSpace" : false
    }, {
      "id" : "s4-t7",
      "begin" : 336,
      "end" : 338,
      "text" : "so",
      "whiteSpace" : false
    }, {
      "id" : "s4-t8",
      "begin" : 339,
      "end" : 340,
      "text" : "I",
      "whiteSpace" : false
    }, {
      "id" : "s4-t9",
      "begin" : 341,
      "end" : 346,
      "text" : "would",
      "whiteSpace" : false
    }, {
      "id" : "s4-t10",
      "begin" : 347,
      "end" : 351,
      "text" : "also",
      "whiteSpace" : false
    }, {
      "id" : "s4-t11",
      "begin" : 352,
      "end" : 356,
      "text" : "need",
      "whiteSpace" : false
    }, {
      "id" : "s4-t12",
      "begin" : 357,
      "end" : 359,
      "text" : "to",
      "whiteSpace" : false
    }, {
      "id" : "s4-t13",
      "begin" : 360,
      "end" : 366,
      "text" : "cancel",
      "whiteSpace" : false
    }, {
      "id" : "s4-t14",
      "begin" : 367,
      "end" : 370,
      "text" : "the",
      "whiteSpace" : false
    }, {
      "id" : "s4-t15",
      "begin" : 371,
      "end" : 372,
      "text" : "$",
      "whiteSpace" : false
    }, {
      "id" : "s4-t16",
      "begin" : 372,
      "end" : 374,
      "text" : "30",
      "whiteSpace" : false
    }, {
      "id" : "s4-t17",
      "begin" : 375,
      "end" : 384,
      "text" : "unlimited",
      "whiteSpace" : false
    }, {
      "id" : "s4-t18",
      "begin" : 385,
      "end" : 389,
      "text" : "plan",
      "whiteSpace" : false
    }, {
      "id" : "s4-t19",
      "begin" : 389,
      "end" : 390,
      "text" : ",",
      "whiteSpace" : false
    }, {
      "id" : "s4-t20",
      "begin" : 391,
      "end" : 394,
      "text" : "can",
      "whiteSpace" : false
    }, {
      "id" : "s4-t21",
      "begin" : 395,
      "end" : 399,
      "text" : "this",
      "whiteSpace" : false
    }, {
      "id" : "s4-t22",
      "begin" : 400,
      "end" : 402,
      "text" : "be",
      "whiteSpace" : false
    }, {
      "id" : "s4-t23",
      "begin" : 403,
      "end" : 407,
      "text" : "done",
      "whiteSpace" : false
    }, {
      "id" : "s4-t24",
      "begin" : 408,
      "end" : 414,
      "text" : "online",
      "whiteSpace" : false
    }, {
      "id" : "s4-t25",
      "begin" : 415,
      "end" : 420,
      "text" : "under",
      "whiteSpace" : false
    }, {
      "id" : "s4-t26",
      "begin" : 421,
      "end" : 423,
      "text" : "My",
      "whiteSpace" : false
    }, {
      "id" : "s4-t27",
      "begin" : 424,
      "end" : 431,
      "text" : "Account",
      "whiteSpace" : false
    }, {
      "id" : "s4-t28",
      "begin" : 431,
      "end" : 432,
      "text" : "?",
      "whiteSpace" : false
    } ]
  }, {
    "id" : "s5",
    "begin" : 432,
    "end" : 493,
    "text" : "Are there any other issues I should\nbe aware of if I do this?",
    "tokens" : [ {
      "id" : "s5-t0",
      "begin" : 432,
      "end" : 435,
      "text" : "Are",
      "whiteSpace" : false
    }, {
      "id" : "s5-t1",
      "begin" : 436,
      "end" : 441,
      "text" : "there",
      "whiteSpace" : false
    }, {
      "id" : "s5-t2",
      "begin" : 442,
      "end" : 445,
      "text" : "any",
      "whiteSpace" : false
    }, {
      "id" : "s5-t3",
      "begin" : 446,
      "end" : 451,
      "text" : "other",
      "whiteSpace" : false
    }, {
      "id" : "s5-t4",
      "begin" : 452,
      "end" : 458,
      "text" : "issues",
      "whiteSpace" : false
    }, {
      "id" : "s5-t5",
      "begin" : 459,
      "end" : 460,
      "text" : "I",
      "whiteSpace" : false
    }, {
      "id" : "s5-t6",
      "begin" : 461,
      "end" : 467,
      "text" : "should",
      "whiteSpace" : false
    }, {
      "id" : "s5-t7",
      "begin" : 468,
      "end" : 470,
      "text" : "be",
      "whiteSpace" : false
    }, {
      "id" : "s5-t8",
      "begin" : 471,
      "end" : 476,
      "text" : "aware",
      "whiteSpace" : false
    }, {
      "id" : "s5-t9",
      "begin" : 477,
      "end" : 479,
      "text" : "of",
      "whiteSpace" : false
    }, {
      "id" : "s5-t10",
      "begin" : 480,
      "end" : 482,
      "text" : "if",
      "whiteSpace" : false
    }, {
      "id" : "s5-t11",
      "begin" : 483,
      "end" : 484,
      "text" : "I",
      "whiteSpace" : false
    }, {
      "id" : "s5-t12",
      "begin" : 485,
      "end" : 487,
      "text" : "do",
      "whiteSpace" : false
    }, {
      "id" : "s5-t13",
      "begin" : 488,
      "end" : 492,
      "text" : "this",
      "whiteSpace" : false
    }, {
      "id" : "s5-t14",
      "begin" : 492,
      "end" : 493,
      "text" : "?",
      "whiteSpace" : false
    } ]
  }, {
    "id" : "s6",
    "begin" : 493,
    "end" : 648,
    "text" : "Also, I have considered taking the iPhone sim and\ninstalling it in my Captivate to try to keep the unlimited data plan, but I am\nnot sure if it would work.",
    "tokens" : [ {
      "id" : "s6-t0",
      "begin" : 493,
      "end" : 497,
      "text" : "Also",
      "whiteSpace" : false
    }, {
      "id" : "s6-t1",
      "begin" : 497,
      "end" : 498,
      "text" : ",",
      "whiteSpace" : false
    }, {
      "id" : "s6-t2",
      "begin" : 499,
      "end" : 500,
      "text" : "I",
      "whiteSpace" : false
    }, {
      "id" : "s6-t3",
      "begin" : 501,
      "end" : 505,
      "text" : "have",
      "whiteSpace" : false
    }, {
      "id" : "s6-t4",
      "begin" : 506,
      "end" : 516,
      "text" : "considered",
      "whiteSpace" : false
    }, {
      "id" : "s6-t5",
      "begin" : 517,
      "end" : 523,
      "text" : "taking",
      "whiteSpace" : false
    }, {
      "id" : "s6-t6",
      "begin" : 524,
      "end" : 527,
      "text" : "the",
      "whiteSpace" : false
    }, {
      "id" : "s6-t7",
      "begin" : 528,
      "end" : 534,
      "text" : "iPhone",
      "whiteSpace" : false
    }, {
      "id" : "s6-t8",
      "begin" : 535,
      "end" : 538,
      "text" : "sim",
      "whiteSpace" : false
    }, {
      "id" : "s6-t9",
      "begin" : 539,
      "end" : 542,
      "text" : "and",
      "whiteSpace" : false
    }, {
      "id" : "s6-t10",
      "begin" : 543,
      "end" : 553,
      "text" : "installing",
      "whiteSpace" : false
    }, {
      "id" : "s6-t11",
      "begin" : 554,
      "end" : 556,
      "text" : "it",
      "whiteSpace" : false
    }, {
      "id" : "s6-t12",
      "begin" : 557,
      "end" : 559,
      "text" : "in",
      "whiteSpace" : false
    }, {
      "id" : "s6-t13",
      "begin" : 560,
      "end" : 562,
      "text" : "my",
      "whiteSpace" : false
    }, {
      "id" : "s6-t14",
      "begin" : 563,
      "end" : 572,
      "text" : "Captivate",
      "whiteSpace" : false
    }, {
      "id" : "s6-t15",
      "begin" : 573,
      "end" : 575,
      "text" : "to",
      "whiteSpace" : false
    }, {
      "id" : "s6-t16",
      "begin" : 576,
      "end" : 579,
      "text" : "try",
      "whiteSpace" : false
    }, {
      "id" : "s6-t17",
      "begin" : 580,
      "end" : 582,
      "text" : "to",
      "whiteSpace" : false
    }, {
      "id" : "s6-t18",
      "begin" : 583,
      "end" : 587,
      "text" : "keep",
      "whiteSpace" : false
    }, {
      "id" : "s6-t19",
      "begin" : 588,
      "end" : 591,
      "text" : "the",
      "whiteSpace" : false
    }, {
      "id" : "s6-t20",
      "begin" : 592,
      "end" : 601,
      "text" : "unlimited",
      "whiteSpace" : false
    }, {
      "id" : "s6-t21",
      "begin" : 602,
      "end" : 606,
      "text" : "data",
      "whiteSpace" : false
    }, {
      "id" : "s6-t22",
      "begin" : 607,
      "end" : 611,
      "text" : "plan",
      "whiteSpace" : false
    }, {
      "id" : "s6-t23",
      "begin" : 611,
      "end" : 612,
      "text" : ",",
      "whiteSpace" : false
    }, {
      "id" : "s6-t24",
      "begin" : 613,
      "end" : 616,
      "text" : "but",
      "whiteSpace" : false
    }, {
      "id" : "s6-t25",
      "begin" : 617,
      "end" : 618,
      "text" : "I",
      "whiteSpace" : false
    }, {
      "id" : "s6-t26",
      "begin" : 619,
      "end" : 621,
      "text" : "am",
      "whiteSpace" : false
    }, {
      "id" : "s6-t27",
      "begin" : 622,
      "end" : 625,
      "text" : "not",
      "whiteSpace" : false
    }, {
      "id" : "s6-t28",
      "begin" : 626,
      "end" : 630,
      "text" : "sure",
      "whiteSpace" : false
    }, {
      "id" : "s6-t29",
      "begin" : 631,
      "end" : 633,
      "text" : "if",
      "whiteSpace" : false
    }, {
      "id" : "s6-t30",
      "begin" : 634,
      "end" : 636,
      "text" : "it",
      "whiteSpace" : false
    }, {
      "id" : "s6-t31",
      "begin" : 637,
      "end" : 642,
      "text" : "would",
      "whiteSpace" : false
    }, {
      "id" : "s6-t32",
      "begin" : 643,
      "end" : 647,
      "text" : "work",
      "whiteSpace" : false
    }, {
      "id" : "s6-t33",
      "begin" : 647,
      "end" : 648,
      "text" : ".",
      "whiteSpace" : false
    } ]
  }, {
    "id" : "s7",
    "begin" : 649,
    "end" : 731,
    "text" : "Anyone know if this would work and the pros and\ncons of putting it in a Captivate?",
    "tokens" : [ {
      "id" : "s7-t0",
      "begin" : 649,
      "end" : 655,
      "text" : "Anyone",
      "whiteSpace" : false
    }, {
      "id" : "s7-t1",
      "begin" : 656,
      "end" : 660,
      "text" : "know",
      "whiteSpace" : false
    }, {
      "id" : "s7-t2",
      "begin" : 661,
      "end" : 663,
      "text" : "if",
      "whiteSpace" : false
    }, {
      "id" : "s7-t3",
      "begin" : 664,
      "end" : 668,
      "text" : "this",
      "whiteSpace" : false
    }, {
      "id" : "s7-t4",
      "begin" : 669,
      "end" : 674,
      "text" : "would",
      "whiteSpace" : false
    }, {
      "id" : "s7-t5",
      "begin" : 675,
      "end" : 679,
      "text" : "work",
      "whiteSpace" : false
    }, {
      "id" : "s7-t6",
      "begin" : 680,
      "end" : 683,
      "text" : "and",
      "whiteSpace" : false
    }, {
      "id" : "s7-t7",
      "begin" : 684,
      "end" : 687,
      "text" : "the",
      "whiteSpace" : false
    }, {
      "id" : "s7-t8",
      "begin" : 688,
      "end" : 692,
      "text" : "pros",
      "whiteSpace" : false
    }, {
      "id" : "s7-t9",
      "begin" : 693,
      "end" : 696,
      "text" : "and",
      "whiteSpace" : false
    }, {
      "id" : "s7-t10",
      "begin" : 697,
      "end" : 701,
      "text" : "cons",
      "whiteSpace" : false
    }, {
      "id" : "s7-t11",
      "begin" : 702,
      "end" : 704,
      "text" : "of",
      "whiteSpace" : false
    }, {
      "id" : "s7-t12",
      "begin" : 705,
      "end" : 712,
      "text" : "putting",
      "whiteSpace" : false
    }, {
      "id" : "s7-t13",
      "begin" : 713,
      "end" : 715,
      "text" : "it",
      "whiteSpace" : false
    }, {
      "id" : "s7-t14",
      "begin" : 716,
      "end" : 718,
      "text" : "in",
      "whiteSpace" : false
    }, {
      "id" : "s7-t15",
      "begin" : 719,
      "end" : 720,
      "text" : "a",
      "whiteSpace" : false
    }, {
      "id" : "s7-t16",
      "begin" : 721,
      "end" : 730,
      "text" : "Captivate",
      "whiteSpace" : false
    }, {
      "id" : "s7-t17",
      "begin" : 730,
      "end" : 731,
      "text" : "?",
      "whiteSpace" : false
    } ]
  }, {
    "id" : "s8",
    "begin" : 731,
    "end" : 760,
    "text" : "Thanks!Solved!Go to Solution.",
    "tokens" : [ {
      "id" : "s8-t0",
      "begin" : 731,
      "end" : 738,
      "text" : "Thanks!",
      "whiteSpace" : false
    }, {
      "id" : "s8-t1",
      "begin" : 738,
      "end" : 745,
      "text" : "Solved!",
      "whiteSpace" : false
    }, {
      "id" : "s8-t2",
      "begin" : 745,
      "end" : 747,
      "text" : "Go",
      "whiteSpace" : false
    }, {
      "id" : "s8-t3",
      "begin" : 748,
      "end" : 750,
      "text" : "to",
      "whiteSpace" : false
    }, {
      "id" : "s8-t4",
      "begin" : 751,
      "end" : 759,
      "text" : "Solution",
      "whiteSpace" : false
    }, {
      "id" : "s8-t5",
      "begin" : 759,
      "end" : 760,
      "text" : ".",
      "whiteSpace" : false
    } ]
  } ],
  "mentions" : [ {
    "id" : "s0-m1",
    "properties" : {
      "SIRE_MENTION_ROLE" : "Internet_Connectivity",
      "SIRE_ENTITY_SUBTYPE" : "NONE",
      "SIRE_MENTION_TYPE" : "NONE",
      "SIRE_MENTION_CLASS" : "SPC"
    },
    "type" : "Internet_Connectivity",
    "begin" : 0,
    "end" : 2,
    "inCoref" : false
  }, {
    "id" : "s1-m1",
    "properties" : {
      "SIRE_MENTION_ROLE" : "Internet_Connectivity",
      "SIRE_ENTITY_SUBTYPE" : "NONE",
      "SIRE_MENTION_TYPE" : "NONE",
      "SIRE_MENTION_CLASS" : "SPC"
    },
    "type" : "Internet_Connectivity",
    "begin" : 22,
    "end" : 24,
    "inCoref" : false
  }, {
    "id" : "s2-m2",
    "properties" : {
      "SIRE_MENTION_ROLE" : "Product",
      "SIRE_ENTITY_SUBTYPE" : "NONE",
      "SIRE_MENTION_TYPE" : "NONE",
      "SIRE_MENTION_CLASS" : "SPC"
    },
    "type" : "Product",
    "begin" : 167,
    "end" : 175,
    "inCoref" : false
  }, {
    "id" : "s3-m2",
    "properties" : {
      "SIRE_MENTION_ROLE" : "Product",
      "SIRE_ENTITY_SUBTYPE" : "NONE",
      "SIRE_MENTION_TYPE" : "NONE",
      "SIRE_MENTION_CLASS" : "SPC"
    },
    "type" : "Product",
    "begin" : 240,
    "end" : 246,
    "inCoref" : false
  }, {
    "id" : "s3-m5",
    "properties" : {
      "SIRE_MENTION_ROLE" : "Product",
      "SIRE_ENTITY_SUBTYPE" : "NONE",
      "SIRE_MENTION_TYPE" : "NONE",
      "SIRE_MENTION_CLASS" : "SPC"
    },
    "type" : "Product",
    "begin" : 265,
    "end" : 273,
    "inCoref" : false
  }, {
    "id" : "s3-m3",
    "properties" : {
      "SIRE_MENTION_ROLE" : "Voice_Text",
      "SIRE_ENTITY_SUBTYPE" : "NONE",
      "SIRE_MENTION_TYPE" : "NONE",
      "SIRE_MENTION_CLASS" : "SPC"
    },
    "type" : "Voice_Text",
    "begin" : 278,
    "end" : 283,
    "inCoref" : false
  }, {
    "id" : "s3-m4",
    "properties" : {
      "SIRE_MENTION_ROLE" : "Voice_Text",
      "SIRE_ENTITY_SUBTYPE" : "NONE",
      "SIRE_MENTION_TYPE" : "NONE",
      "SIRE_MENTION_CLASS" : "SPC"
    },
    "type" : "Voice_Text",
    "begin" : 288,
    "end" : 295,
    "inCoref" : false
  }, {
    "id" : "s4-m1",
    "properties" : {
      "SIRE_MENTION_ROLE" : "Service_Plan",
      "SIRE_ENTITY_SUBTYPE" : "NONE",
      "SIRE_MENTION_TYPE" : "NONE",
      "SIRE_MENTION_CLASS" : "SPC"
    },
    "type" : "Service_Plan",
    "begin" : 371,
    "end" : 389,
    "inCoref" : false
  }, {
    "id" : "s6-m1",
    "properties" : {
      "SIRE_MENTION_ROLE" : "Product",
      "SIRE_ENTITY_SUBTYPE" : "NONE",
      "SIRE_MENTION_TYPE" : "NONE",
      "SIRE_MENTION_CLASS" : "SPC"
    },
    "type" : "Product",
    "begin" : 528,
    "end" : 534,
    "inCoref" : false
  }, {
    "id" : "s6-m2",
    "properties" : {
      "SIRE_MENTION_ROLE" : "Physical_Feature",
      "SIRE_ENTITY_SUBTYPE" : "NONE",
      "SIRE_MENTION_TYPE" : "NONE",
      "SIRE_MENTION_CLASS" : "SPC"
    },
    "type" : "Physical_Feature",
    "begin" : 535,
    "end" : 538,
    "inCoref" : false
  }, {
    "id" : "s6-m4",
    "properties" : {
      "SIRE_MENTION_ROLE" : "Product",
      "SIRE_ENTITY_SUBTYPE" : "NONE",
      "SIRE_MENTION_TYPE" : "NONE",
      "SIRE_MENTION_CLASS" : "SPC"
    },
    "type" : "Product",
    "begin" : 563,
    "end" : 572,
    "inCoref" : false
  }, {
    "id" : "s6-m3",
    "properties" : {
      "SIRE_MENTION_ROLE" : "Service_Plan",
      "SIRE_ENTITY_SUBTYPE" : "NONE",
      "SIRE_MENTION_TYPE" : "NONE",
      "SIRE_MENTION_CLASS" : "SPC"
    },
    "type" : "Service_Plan",
    "begin" : 592,
    "end" : 611,
    "inCoref" : false
  }, {
    "id" : "s7-m1",
    "properties" : {
      "SIRE_MENTION_ROLE" : "Product",
      "SIRE_ENTITY_SUBTYPE" : "NONE",
      "SIRE_MENTION_TYPE" : "NONE",
      "SIRE_MENTION_CLASS" : "SPC"
    },
    "type" : "Product",
    "begin" : 721,
    "end" : 730,
    "inCoref" : false
  } ],
  "relations" : [ ],
  "corefs" : [ ],
  "typeResolved" : true,
  "userResolved" : false
}