{
  "id" : "42965ef0-fedc-11e6-a1dc-cbf647ea05c1-2",
  "name" : "352a4b22276bdd30b71dbf36cb012b8b.txt",
  "version" : 3,
  "text" : "iPhone 4 - 16gb (refurb) - availability\n\nFor clarity sake, I'm an existing customer and I am eligible for \"upgrade\".To\nmake a long story short, I've been waiting for this phone to come into stock\nfor about a week now. I've been watching it for over a month. Leading up to\nthe big sales last weekend, it had been in and out of stock. Since turkey day,\nI haven't seen it in stock and I've been checking periodically througout the\nday.In order to help me salvage the remainder of my sanity, can someone tell\nme if the phone will be in stock at anytime in the near future (I know,\nunlikely) or, when the inventory levels are updated on the website so I can\nget some work done? (I know, selfish). I'm like an addict, I'm checking every\n20- 30 minutes because I'm afraid AT&amp;T; will update the site, and I'll\nmiss the chance to buy the phone at the refurb's discounted price.As a side\nnote, from the main wireless page, there's a link to \"Cosmetic Blemish\"\niPhones under \"Packages\". Why aren't those available to existing\ncustomers?Solved!Go to Solution.\n\n",
  "docLength" : 0,
  "language" : "EN",
  "status" : "READY",
  "modifiedDate" : 1488753932923,
  "documentSet" : [ ],
  "preannotation" : [ "PRE_LW" ],
  "sentences" : [ {
    "id" : "s0",
    "begin" : 0,
    "end" : 39,
    "text" : "iPhone 4 - 16gb (refurb) - availability",
    "tokens" : [ {
      "id" : "s0-t0",
      "begin" : 0,
      "end" : 6,
      "text" : "iPhone",
      "whiteSpace" : false
    }, {
      "id" : "s0-t1",
      "begin" : 7,
      "end" : 8,
      "text" : "4",
      "whiteSpace" : false
    }, {
      "id" : "s0-t2",
      "begin" : 9,
      "end" : 10,
      "text" : "-",
      "whiteSpace" : false
    }, {
      "id" : "s0-t3",
      "begin" : 11,
      "end" : 15,
      "text" : "16gb",
      "whiteSpace" : false
    }, {
      "id" : "s0-t4",
      "begin" : 16,
      "end" : 17,
      "text" : "(",
      "whiteSpace" : false
    }, {
      "id" : "s0-t5",
      "begin" : 17,
      "end" : 23,
      "text" : "refurb",
      "whiteSpace" : false
    }, {
      "id" : "s0-t6",
      "begin" : 23,
      "end" : 24,
      "text" : ")",
      "whiteSpace" : false
    }, {
      "id" : "s0-t7",
      "begin" : 25,
      "end" : 26,
      "text" : "-",
      "whiteSpace" : false
    }, {
      "id" : "s0-t8",
      "begin" : 27,
      "end" : 39,
      "text" : "availability",
      "whiteSpace" : false
    } ]
  }, {
    "id" : "s1",
    "begin" : 41,
    "end" : 116,
    "text" : "For clarity sake, I'm an existing customer and I am eligible for \"upgrade\".",
    "tokens" : [ {
      "id" : "s1-t0",
      "begin" : 41,
      "end" : 44,
      "text" : "For",
      "whiteSpace" : false
    }, {
      "id" : "s1-t1",
      "begin" : 45,
      "end" : 52,
      "text" : "clarity",
      "whiteSpace" : false
    }, {
      "id" : "s1-t2",
      "begin" : 53,
      "end" : 57,
      "text" : "sake",
      "whiteSpace" : false
    }, {
      "id" : "s1-t3",
      "begin" : 57,
      "end" : 58,
      "text" : ",",
      "whiteSpace" : false
    }, {
      "id" : "s1-t4",
      "begin" : 59,
      "end" : 60,
      "text" : "I",
      "whiteSpace" : false
    }, {
      "id" : "s1-t5",
      "begin" : 60,
      "end" : 62,
      "text" : "'m",
      "whiteSpace" : false
    }, {
      "id" : "s1-t6",
      "begin" : 63,
      "end" : 65,
      "text" : "an",
      "whiteSpace" : false
    }, {
      "id" : "s1-t7",
      "begin" : 66,
      "end" : 74,
      "text" : "existing",
      "whiteSpace" : false
    }, {
      "id" : "s1-t8",
      "begin" : 75,
      "end" : 83,
      "text" : "customer",
      "whiteSpace" : false
    }, {
      "id" : "s1-t9",
      "begin" : 84,
      "end" : 87,
      "text" : "and",
      "whiteSpace" : false
    }, {
      "id" : "s1-t10",
      "begin" : 88,
      "end" : 89,
      "text" : "I",
      "whiteSpace" : false
    }, {
      "id" : "s1-t11",
      "begin" : 90,
      "end" : 92,
      "text" : "am",
      "whiteSpace" : false
    }, {
      "id" : "s1-t12",
      "begin" : 93,
      "end" : 101,
      "text" : "eligible",
      "whiteSpace" : false
    }, {
      "id" : "s1-t13",
      "begin" : 102,
      "end" : 105,
      "text" : "for",
      "whiteSpace" : false
    }, {
      "id" : "s1-t14",
      "begin" : 106,
      "end" : 107,
      "text" : "\"",
      "whiteSpace" : false
    }, {
      "id" : "s1-t15",
      "begin" : 107,
      "end" : 114,
      "text" : "upgrade",
      "whiteSpace" : false
    }, {
      "id" : "s1-t16",
      "begin" : 114,
      "end" : 115,
      "text" : "\"",
      "whiteSpace" : false
    }, {
      "id" : "s1-t17",
      "begin" : 115,
      "end" : 116,
      "text" : ".",
      "whiteSpace" : false
    } ]
  }, {
    "id" : "s2",
    "begin" : 116,
    "end" : 217,
    "text" : "To\nmake a long story short, I've been waiting for this phone to come into stock\nfor about a week now.",
    "tokens" : [ {
      "id" : "s2-t0",
      "begin" : 116,
      "end" : 118,
      "text" : "To",
      "whiteSpace" : false
    }, {
      "id" : "s2-t1",
      "begin" : 119,
      "end" : 123,
      "text" : "make",
      "whiteSpace" : false
    }, {
      "id" : "s2-t2",
      "begin" : 124,
      "end" : 125,
      "text" : "a",
      "whiteSpace" : false
    }, {
      "id" : "s2-t3",
      "begin" : 126,
      "end" : 130,
      "text" : "long",
      "whiteSpace" : false
    }, {
      "id" : "s2-t4",
      "begin" : 131,
      "end" : 136,
      "text" : "story",
      "whiteSpace" : false
    }, {
      "id" : "s2-t5",
      "begin" : 137,
      "end" : 142,
      "text" : "short",
      "whiteSpace" : false
    }, {
      "id" : "s2-t6",
      "begin" : 142,
      "end" : 143,
      "text" : ",",
      "whiteSpace" : false
    }, {
      "id" : "s2-t7",
      "begin" : 144,
      "end" : 145,
      "text" : "I",
      "whiteSpace" : false
    }, {
      "id" : "s2-t8",
      "begin" : 145,
      "end" : 148,
      "text" : "'ve",
      "whiteSpace" : false
    }, {
      "id" : "s2-t9",
      "begin" : 149,
      "end" : 153,
      "text" : "been",
      "whiteSpace" : false
    }, {
      "id" : "s2-t10",
      "begin" : 154,
      "end" : 161,
      "text" : "waiting",
      "whiteSpace" : false
    }, {
      "id" : "s2-t11",
      "begin" : 162,
      "end" : 165,
      "text" : "for",
      "whiteSpace" : false
    }, {
      "id" : "s2-t12",
      "begin" : 166,
      "end" : 170,
      "text" : "this",
      "whiteSpace" : false
    }, {
      "id" : "s2-t13",
      "begin" : 171,
      "end" : 176,
      "text" : "phone",
      "whiteSpace" : false
    }, {
      "id" : "s2-t14",
      "begin" : 177,
      "end" : 179,
      "text" : "to",
      "whiteSpace" : false
    }, {
      "id" : "s2-t15",
      "begin" : 180,
      "end" : 184,
      "text" : "come",
      "whiteSpace" : false
    }, {
      "id" : "s2-t16",
      "begin" : 185,
      "end" : 189,
      "text" : "into",
      "whiteSpace" : false
    }, {
      "id" : "s2-t17",
      "begin" : 190,
      "end" : 195,
      "text" : "stock",
      "whiteSpace" : false
    }, {
      "id" : "s2-t18",
      "begin" : 196,
      "end" : 199,
      "text" : "for",
      "whiteSpace" : false
    }, {
      "id" : "s2-t19",
      "begin" : 200,
      "end" : 205,
      "text" : "about",
      "whiteSpace" : false
    }, {
      "id" : "s2-t20",
      "begin" : 206,
      "end" : 207,
      "text" : "a",
      "whiteSpace" : false
    }, {
      "id" : "s2-t21",
      "begin" : 208,
      "end" : 212,
      "text" : "week",
      "whiteSpace" : false
    }, {
      "id" : "s2-t22",
      "begin" : 213,
      "end" : 216,
      "text" : "now",
      "whiteSpace" : false
    }, {
      "id" : "s2-t23",
      "begin" : 216,
      "end" : 217,
      "text" : ".",
      "whiteSpace" : false
    } ]
  }, {
    "id" : "s3",
    "begin" : 218,
    "end" : 257,
    "text" : "I've been watching it for over a month.",
    "tokens" : [ {
      "id" : "s3-t0",
      "begin" : 218,
      "end" : 219,
      "text" : "I",
      "whiteSpace" : false
    }, {
      "id" : "s3-t1",
      "begin" : 219,
      "end" : 222,
      "text" : "'ve",
      "whiteSpace" : false
    }, {
      "id" : "s3-t2",
      "begin" : 223,
      "end" : 227,
      "text" : "been",
      "whiteSpace" : false
    }, {
      "id" : "s3-t3",
      "begin" : 228,
      "end" : 236,
      "text" : "watching",
      "whiteSpace" : false
    }, {
      "id" : "s3-t4",
      "begin" : 237,
      "end" : 239,
      "text" : "it",
      "whiteSpace" : false
    }, {
      "id" : "s3-t5",
      "begin" : 240,
      "end" : 243,
      "text" : "for",
      "whiteSpace" : false
    }, {
      "id" : "s3-t6",
      "begin" : 244,
      "end" : 248,
      "text" : "over",
      "whiteSpace" : false
    }, {
      "id" : "s3-t7",
      "begin" : 249,
      "end" : 250,
      "text" : "a",
      "whiteSpace" : false
    }, {
      "id" : "s3-t8",
      "begin" : 251,
      "end" : 256,
      "text" : "month",
      "whiteSpace" : false
    }, {
      "id" : "s3-t9",
      "begin" : 256,
      "end" : 257,
      "text" : ".",
      "whiteSpace" : false
    } ]
  }, {
    "id" : "s4",
    "begin" : 258,
    "end" : 332,
    "text" : "Leading up to\nthe big sales last weekend, it had been in and out of stock.",
    "tokens" : [ {
      "id" : "s4-t0",
      "begin" : 258,
      "end" : 265,
      "text" : "Leading",
      "whiteSpace" : false
    }, {
      "id" : "s4-t1",
      "begin" : 266,
      "end" : 268,
      "text" : "up",
      "whiteSpace" : false
    }, {
      "id" : "s4-t2",
      "begin" : 269,
      "end" : 271,
      "text" : "to",
      "whiteSpace" : false
    }, {
      "id" : "s4-t3",
      "begin" : 272,
      "end" : 275,
      "text" : "the",
      "whiteSpace" : false
    }, {
      "id" : "s4-t4",
      "begin" : 276,
      "end" : 279,
      "text" : "big",
      "whiteSpace" : false
    }, {
      "id" : "s4-t5",
      "begin" : 280,
      "end" : 285,
      "text" : "sales",
      "whiteSpace" : false
    }, {
      "id" : "s4-t6",
      "begin" : 286,
      "end" : 290,
      "text" : "last",
      "whiteSpace" : false
    }, {
      "id" : "s4-t7",
      "begin" : 291,
      "end" : 298,
      "text" : "weekend",
      "whiteSpace" : false
    }, {
      "id" : "s4-t8",
      "begin" : 298,
      "end" : 299,
      "text" : ",",
      "whiteSpace" : false
    }, {
      "id" : "s4-t9",
      "begin" : 300,
      "end" : 302,
      "text" : "it",
      "whiteSpace" : false
    }, {
      "id" : "s4-t10",
      "begin" : 303,
      "end" : 306,
      "text" : "had",
      "whiteSpace" : false
    }, {
      "id" : "s4-t11",
      "begin" : 307,
      "end" : 311,
      "text" : "been",
      "whiteSpace" : false
    }, {
      "id" : "s4-t12",
      "begin" : 312,
      "end" : 314,
      "text" : "in",
      "whiteSpace" : false
    }, {
      "id" : "s4-t13",
      "begin" : 315,
      "end" : 318,
      "text" : "and",
      "whiteSpace" : false
    }, {
      "id" : "s4-t14",
      "begin" : 319,
      "end" : 322,
      "text" : "out",
      "whiteSpace" : false
    }, {
      "id" : "s4-t15",
      "begin" : 323,
      "end" : 325,
      "text" : "of",
      "whiteSpace" : false
    }, {
      "id" : "s4-t16",
      "begin" : 326,
      "end" : 331,
      "text" : "stock",
      "whiteSpace" : false
    }, {
      "id" : "s4-t17",
      "begin" : 331,
      "end" : 332,
      "text" : ".",
      "whiteSpace" : false
    } ]
  }, {
    "id" : "s5",
    "begin" : 333,
    "end" : 432,
    "text" : "Since turkey day,\nI haven't seen it in stock and I've been checking periodically througout the\nday.",
    "tokens" : [ {
      "id" : "s5-t0",
      "begin" : 333,
      "end" : 338,
      "text" : "Since",
      "whiteSpace" : false
    }, {
      "id" : "s5-t1",
      "begin" : 339,
      "end" : 345,
      "text" : "turkey",
      "whiteSpace" : false
    }, {
      "id" : "s5-t2",
      "begin" : 346,
      "end" : 349,
      "text" : "day",
      "whiteSpace" : false
    }, {
      "id" : "s5-t3",
      "begin" : 349,
      "end" : 350,
      "text" : ",",
      "whiteSpace" : false
    }, {
      "id" : "s5-t4",
      "begin" : 351,
      "end" : 352,
      "text" : "I",
      "whiteSpace" : false
    }, {
      "id" : "s5-t5",
      "begin" : 353,
      "end" : 357,
      "text" : "have",
      "whiteSpace" : false
    }, {
      "id" : "s5-t6",
      "begin" : 357,
      "end" : 360,
      "text" : "n't",
      "whiteSpace" : false
    }, {
      "id" : "s5-t7",
      "begin" : 361,
      "end" : 365,
      "text" : "seen",
      "whiteSpace" : false
    }, {
      "id" : "s5-t8",
      "begin" : 366,
      "end" : 368,
      "text" : "it",
      "whiteSpace" : false
    }, {
      "id" : "s5-t9",
      "begin" : 369,
      "end" : 371,
      "text" : "in",
      "whiteSpace" : false
    }, {
      "id" : "s5-t10",
      "begin" : 372,
      "end" : 377,
      "text" : "stock",
      "whiteSpace" : false
    }, {
      "id" : "s5-t11",
      "begin" : 378,
      "end" : 381,
      "text" : "and",
      "whiteSpace" : false
    }, {
      "id" : "s5-t12",
      "begin" : 382,
      "end" : 383,
      "text" : "I",
      "whiteSpace" : false
    }, {
      "id" : "s5-t13",
      "begin" : 383,
      "end" : 386,
      "text" : "'ve",
      "whiteSpace" : false
    }, {
      "id" : "s5-t14",
      "begin" : 387,
      "end" : 391,
      "text" : "been",
      "whiteSpace" : false
    }, {
      "id" : "s5-t15",
      "begin" : 392,
      "end" : 400,
      "text" : "checking",
      "whiteSpace" : false
    }, {
      "id" : "s5-t16",
      "begin" : 401,
      "end" : 413,
      "text" : "periodically",
      "whiteSpace" : false
    }, {
      "id" : "s5-t17",
      "begin" : 414,
      "end" : 423,
      "text" : "througout",
      "whiteSpace" : false
    }, {
      "id" : "s5-t18",
      "begin" : 424,
      "end" : 427,
      "text" : "the",
      "whiteSpace" : false
    }, {
      "id" : "s5-t19",
      "begin" : 428,
      "end" : 431,
      "text" : "day",
      "whiteSpace" : false
    }, {
      "id" : "s5-t20",
      "begin" : 431,
      "end" : 432,
      "text" : ".",
      "whiteSpace" : false
    } ]
  }, {
    "id" : "s6",
    "begin" : 432,
    "end" : 672,
    "text" : "In order to help me salvage the remainder of my sanity, can someone tell\nme if the phone will be in stock at anytime in the near future (I know,\nunlikely) or, when the inventory levels are updated on the website so I can\nget some work done?",
    "tokens" : [ {
      "id" : "s6-t0",
      "begin" : 432,
      "end" : 434,
      "text" : "In",
      "whiteSpace" : false
    }, {
      "id" : "s6-t1",
      "begin" : 435,
      "end" : 440,
      "text" : "order",
      "whiteSpace" : false
    }, {
      "id" : "s6-t2",
      "begin" : 441,
      "end" : 443,
      "text" : "to",
      "whiteSpace" : false
    }, {
      "id" : "s6-t3",
      "begin" : 444,
      "end" : 448,
      "text" : "help",
      "whiteSpace" : false
    }, {
      "id" : "s6-t4",
      "begin" : 449,
      "end" : 451,
      "text" : "me",
      "whiteSpace" : false
    }, {
      "id" : "s6-t5",
      "begin" : 452,
      "end" : 459,
      "text" : "salvage",
      "whiteSpace" : false
    }, {
      "id" : "s6-t6",
      "begin" : 460,
      "end" : 463,
      "text" : "the",
      "whiteSpace" : false
    }, {
      "id" : "s6-t7",
      "begin" : 464,
      "end" : 473,
      "text" : "remainder",
      "whiteSpace" : false
    }, {
      "id" : "s6-t8",
      "begin" : 474,
      "end" : 476,
      "text" : "of",
      "whiteSpace" : false
    }, {
      "id" : "s6-t9",
      "begin" : 477,
      "end" : 479,
      "text" : "my",
      "whiteSpace" : false
    }, {
      "id" : "s6-t10",
      "begin" : 480,
      "end" : 486,
      "text" : "sanity",
      "whiteSpace" : false
    }, {
      "id" : "s6-t11",
      "begin" : 486,
      "end" : 487,
      "text" : ",",
      "whiteSpace" : false
    }, {
      "id" : "s6-t12",
      "begin" : 488,
      "end" : 491,
      "text" : "can",
      "whiteSpace" : false
    }, {
      "id" : "s6-t13",
      "begin" : 492,
      "end" : 499,
      "text" : "someone",
      "whiteSpace" : false
    }, {
      "id" : "s6-t14",
      "begin" : 500,
      "end" : 504,
      "text" : "tell",
      "whiteSpace" : false
    }, {
      "id" : "s6-t15",
      "begin" : 505,
      "end" : 507,
      "text" : "me",
      "whiteSpace" : false
    }, {
      "id" : "s6-t16",
      "begin" : 508,
      "end" : 510,
      "text" : "if",
      "whiteSpace" : false
    }, {
      "id" : "s6-t17",
      "begin" : 511,
      "end" : 514,
      "text" : "the",
      "whiteSpace" : false
    }, {
      "id" : "s6-t18",
      "begin" : 515,
      "end" : 520,
      "text" : "phone",
      "whiteSpace" : false
    }, {
      "id" : "s6-t19",
      "begin" : 521,
      "end" : 525,
      "text" : "will",
      "whiteSpace" : false
    }, {
      "id" : "s6-t20",
      "begin" : 526,
      "end" : 528,
      "text" : "be",
      "whiteSpace" : false
    }, {
      "id" : "s6-t21",
      "begin" : 529,
      "end" : 531,
      "text" : "in",
      "whiteSpace" : false
    }, {
      "id" : "s6-t22",
      "begin" : 532,
      "end" : 537,
      "text" : "stock",
      "whiteSpace" : false
    }, {
      "id" : "s6-t23",
      "begin" : 538,
      "end" : 540,
      "text" : "at",
      "whiteSpace" : false
    }, {
      "id" : "s6-t24",
      "begin" : 541,
      "end" : 548,
      "text" : "anytime",
      "whiteSpace" : false
    }, {
      "id" : "s6-t25",
      "begin" : 549,
      "end" : 551,
      "text" : "in",
      "whiteSpace" : false
    }, {
      "id" : "s6-t26",
      "begin" : 552,
      "end" : 555,
      "text" : "the",
      "whiteSpace" : false
    }, {
      "id" : "s6-t27",
      "begin" : 556,
      "end" : 560,
      "text" : "near",
      "whiteSpace" : false
    }, {
      "id" : "s6-t28",
      "begin" : 561,
      "end" : 567,
      "text" : "future",
      "whiteSpace" : false
    }, {
      "id" : "s6-t29",
      "begin" : 568,
      "end" : 569,
      "text" : "(",
      "whiteSpace" : false
    }, {
      "id" : "s6-t30",
      "begin" : 569,
      "end" : 570,
      "text" : "I",
      "whiteSpace" : false
    }, {
      "id" : "s6-t31",
      "begin" : 571,
      "end" : 575,
      "text" : "know",
      "whiteSpace" : false
    }, {
      "id" : "s6-t32",
      "begin" : 575,
      "end" : 576,
      "text" : ",",
      "whiteSpace" : false
    }, {
      "id" : "s6-t33",
      "begin" : 577,
      "end" : 585,
      "text" : "unlikely",
      "whiteSpace" : false
    }, {
      "id" : "s6-t34",
      "begin" : 585,
      "end" : 586,
      "text" : ")",
      "whiteSpace" : false
    }, {
      "id" : "s6-t35",
      "begin" : 587,
      "end" : 589,
      "text" : "or",
      "whiteSpace" : false
    }, {
      "id" : "s6-t36",
      "begin" : 589,
      "end" : 590,
      "text" : ",",
      "whiteSpace" : false
    }, {
      "id" : "s6-t37",
      "begin" : 591,
      "end" : 595,
      "text" : "when",
      "whiteSpace" : false
    }, {
      "id" : "s6-t38",
      "begin" : 596,
      "end" : 599,
      "text" : "the",
      "whiteSpace" : false
    }, {
      "id" : "s6-t39",
      "begin" : 600,
      "end" : 609,
      "text" : "inventory",
      "whiteSpace" : false
    }, {
      "id" : "s6-t40",
      "begin" : 610,
      "end" : 616,
      "text" : "levels",
      "whiteSpace" : false
    }, {
      "id" : "s6-t41",
      "begin" : 617,
      "end" : 620,
      "text" : "are",
      "whiteSpace" : false
    }, {
      "id" : "s6-t42",
      "begin" : 621,
      "end" : 628,
      "text" : "updated",
      "whiteSpace" : false
    }, {
      "id" : "s6-t43",
      "begin" : 629,
      "end" : 631,
      "text" : "on",
      "whiteSpace" : false
    }, {
      "id" : "s6-t44",
      "begin" : 632,
      "end" : 635,
      "text" : "the",
      "whiteSpace" : false
    }, {
      "id" : "s6-t45",
      "begin" : 636,
      "end" : 643,
      "text" : "website",
      "whiteSpace" : false
    }, {
      "id" : "s6-t46",
      "begin" : 644,
      "end" : 646,
      "text" : "so",
      "whiteSpace" : false
    }, {
      "id" : "s6-t47",
      "begin" : 647,
      "end" : 648,
      "text" : "I",
      "whiteSpace" : false
    }, {
      "id" : "s6-t48",
      "begin" : 649,
      "end" : 652,
      "text" : "can",
      "whiteSpace" : false
    }, {
      "id" : "s6-t49",
      "begin" : 653,
      "end" : 656,
      "text" : "get",
      "whiteSpace" : false
    }, {
      "id" : "s6-t50",
      "begin" : 657,
      "end" : 661,
      "text" : "some",
      "whiteSpace" : false
    }, {
      "id" : "s6-t51",
      "begin" : 662,
      "end" : 666,
      "text" : "work",
      "whiteSpace" : false
    }, {
      "id" : "s6-t52",
      "begin" : 667,
      "end" : 671,
      "text" : "done",
      "whiteSpace" : false
    }, {
      "id" : "s6-t53",
      "begin" : 671,
      "end" : 672,
      "text" : "?",
      "whiteSpace" : false
    } ]
  }, {
    "id" : "s7",
    "begin" : 673,
    "end" : 691,
    "text" : "(I know, selfish).",
    "tokens" : [ {
      "id" : "s7-t0",
      "begin" : 673,
      "end" : 674,
      "text" : "(",
      "whiteSpace" : false
    }, {
      "id" : "s7-t1",
      "begin" : 674,
      "end" : 675,
      "text" : "I",
      "whiteSpace" : false
    }, {
      "id" : "s7-t2",
      "begin" : 676,
      "end" : 680,
      "text" : "know",
      "whiteSpace" : false
    }, {
      "id" : "s7-t3",
      "begin" : 680,
      "end" : 681,
      "text" : ",",
      "whiteSpace" : false
    }, {
      "id" : "s7-t4",
      "begin" : 682,
      "end" : 689,
      "text" : "selfish",
      "whiteSpace" : false
    }, {
      "id" : "s7-t5",
      "begin" : 689,
      "end" : 690,
      "text" : ")",
      "whiteSpace" : false
    }, {
      "id" : "s7-t6",
      "begin" : 690,
      "end" : 691,
      "text" : ".",
      "whiteSpace" : false
    } ]
  }, {
    "id" : "s8",
    "begin" : 692,
    "end" : 872,
    "text" : "I'm like an addict, I'm checking every\n20- 30 minutes because I'm afraid AT&amp;T; will update the site, and I'll\nmiss the chance to buy the phone at the refurb's discounted price.",
    "tokens" : [ {
      "id" : "s8-t0",
      "begin" : 692,
      "end" : 693,
      "text" : "I",
      "whiteSpace" : false
    }, {
      "id" : "s8-t1",
      "begin" : 693,
      "end" : 695,
      "text" : "'m",
      "whiteSpace" : false
    }, {
      "id" : "s8-t2",
      "begin" : 696,
      "end" : 700,
      "text" : "like",
      "whiteSpace" : false
    }, {
      "id" : "s8-t3",
      "begin" : 701,
      "end" : 703,
      "text" : "an",
      "whiteSpace" : false
    }, {
      "id" : "s8-t4",
      "begin" : 704,
      "end" : 710,
      "text" : "addict",
      "whiteSpace" : false
    }, {
      "id" : "s8-t5",
      "begin" : 710,
      "end" : 711,
      "text" : ",",
      "whiteSpace" : false
    }, {
      "id" : "s8-t6",
      "begin" : 712,
      "end" : 713,
      "text" : "I",
      "whiteSpace" : false
    }, {
      "id" : "s8-t7",
      "begin" : 713,
      "end" : 715,
      "text" : "'m",
      "whiteSpace" : false
    }, {
      "id" : "s8-t8",
      "begin" : 716,
      "end" : 724,
      "text" : "checking",
      "whiteSpace" : false
    }, {
      "id" : "s8-t9",
      "begin" : 725,
      "end" : 730,
      "text" : "every",
      "whiteSpace" : false
    }, {
      "id" : "s8-t10",
      "begin" : 731,
      "end" : 733,
      "text" : "20",
      "whiteSpace" : false
    }, {
      "id" : "s8-t11",
      "begin" : 733,
      "end" : 734,
      "text" : "-",
      "whiteSpace" : false
    }, {
      "id" : "s8-t12",
      "begin" : 735,
      "end" : 737,
      "text" : "30",
      "whiteSpace" : false
    }, {
      "id" : "s8-t13",
      "begin" : 738,
      "end" : 745,
      "text" : "minutes",
      "whiteSpace" : false
    }, {
      "id" : "s8-t14",
      "begin" : 746,
      "end" : 753,
      "text" : "because",
      "whiteSpace" : false
    }, {
      "id" : "s8-t15",
      "begin" : 754,
      "end" : 755,
      "text" : "I",
      "whiteSpace" : false
    }, {
      "id" : "s8-t16",
      "begin" : 755,
      "end" : 757,
      "text" : "'m",
      "whiteSpace" : false
    }, {
      "id" : "s8-t17",
      "begin" : 758,
      "end" : 764,
      "text" : "afraid",
      "whiteSpace" : false
    }, {
      "id" : "s8-t18",
      "begin" : 765,
      "end" : 767,
      "text" : "AT",
      "whiteSpace" : false
    }, {
      "id" : "s8-t19",
      "begin" : 767,
      "end" : 772,
      "text" : "&amp;",
      "whiteSpace" : false
    }, {
      "id" : "s8-t20",
      "begin" : 772,
      "end" : 774,
      "text" : "T;",
      "whiteSpace" : false
    }, {
      "id" : "s8-t21",
      "begin" : 775,
      "end" : 779,
      "text" : "will",
      "whiteSpace" : false
    }, {
      "id" : "s8-t22",
      "begin" : 780,
      "end" : 786,
      "text" : "update",
      "whiteSpace" : false
    }, {
      "id" : "s8-t23",
      "begin" : 787,
      "end" : 790,
      "text" : "the",
      "whiteSpace" : false
    }, {
      "id" : "s8-t24",
      "begin" : 791,
      "end" : 795,
      "text" : "site",
      "whiteSpace" : false
    }, {
      "id" : "s8-t25",
      "begin" : 795,
      "end" : 796,
      "text" : ",",
      "whiteSpace" : false
    }, {
      "id" : "s8-t26",
      "begin" : 797,
      "end" : 800,
      "text" : "and",
      "whiteSpace" : false
    }, {
      "id" : "s8-t27",
      "begin" : 801,
      "end" : 802,
      "text" : "I",
      "whiteSpace" : false
    }, {
      "id" : "s8-t28",
      "begin" : 802,
      "end" : 805,
      "text" : "'ll",
      "whiteSpace" : false
    }, {
      "id" : "s8-t29",
      "begin" : 806,
      "end" : 810,
      "text" : "miss",
      "whiteSpace" : false
    }, {
      "id" : "s8-t30",
      "begin" : 811,
      "end" : 814,
      "text" : "the",
      "whiteSpace" : false
    }, {
      "id" : "s8-t31",
      "begin" : 815,
      "end" : 821,
      "text" : "chance",
      "whiteSpace" : false
    }, {
      "id" : "s8-t32",
      "begin" : 822,
      "end" : 824,
      "text" : "to",
      "whiteSpace" : false
    }, {
      "id" : "s8-t33",
      "begin" : 825,
      "end" : 828,
      "text" : "buy",
      "whiteSpace" : false
    }, {
      "id" : "s8-t34",
      "begin" : 829,
      "end" : 832,
      "text" : "the",
      "whiteSpace" : false
    }, {
      "id" : "s8-t35",
      "begin" : 833,
      "end" : 838,
      "text" : "phone",
      "whiteSpace" : false
    }, {
      "id" : "s8-t36",
      "begin" : 839,
      "end" : 841,
      "text" : "at",
      "whiteSpace" : false
    }, {
      "id" : "s8-t37",
      "begin" : 842,
      "end" : 845,
      "text" : "the",
      "whiteSpace" : false
    }, {
      "id" : "s8-t38",
      "begin" : 846,
      "end" : 852,
      "text" : "refurb",
      "whiteSpace" : false
    }, {
      "id" : "s8-t39",
      "begin" : 852,
      "end" : 854,
      "text" : "'s",
      "whiteSpace" : false
    }, {
      "id" : "s8-t40",
      "begin" : 855,
      "end" : 865,
      "text" : "discounted",
      "whiteSpace" : false
    }, {
      "id" : "s8-t41",
      "begin" : 866,
      "end" : 871,
      "text" : "price",
      "whiteSpace" : false
    }, {
      "id" : "s8-t42",
      "begin" : 871,
      "end" : 872,
      "text" : ".",
      "whiteSpace" : false
    } ]
  }, {
    "id" : "s9",
    "begin" : 872,
    "end" : 979,
    "text" : "As a side\nnote, from the main wireless page, there's a link to \"Cosmetic Blemish\"\niPhones under \"Packages\".",
    "tokens" : [ {
      "id" : "s9-t0",
      "begin" : 872,
      "end" : 874,
      "text" : "As",
      "whiteSpace" : false
    }, {
      "id" : "s9-t1",
      "begin" : 875,
      "end" : 876,
      "text" : "a",
      "whiteSpace" : false
    }, {
      "id" : "s9-t2",
      "begin" : 877,
      "end" : 881,
      "text" : "side",
      "whiteSpace" : false
    }, {
      "id" : "s9-t3",
      "begin" : 882,
      "end" : 886,
      "text" : "note",
      "whiteSpace" : false
    }, {
      "id" : "s9-t4",
      "begin" : 886,
      "end" : 887,
      "text" : ",",
      "whiteSpace" : false
    }, {
      "id" : "s9-t5",
      "begin" : 888,
      "end" : 892,
      "text" : "from",
      "whiteSpace" : false
    }, {
      "id" : "s9-t6",
      "begin" : 893,
      "end" : 896,
      "text" : "the",
      "whiteSpace" : false
    }, {
      "id" : "s9-t7",
      "begin" : 897,
      "end" : 901,
      "text" : "main",
      "whiteSpace" : false
    }, {
      "id" : "s9-t8",
      "begin" : 902,
      "end" : 910,
      "text" : "wireless",
      "whiteSpace" : false
    }, {
      "id" : "s9-t9",
      "begin" : 911,
      "end" : 915,
      "text" : "page",
      "whiteSpace" : false
    }, {
      "id" : "s9-t10",
      "begin" : 915,
      "end" : 916,
      "text" : ",",
      "whiteSpace" : false
    }, {
      "id" : "s9-t11",
      "begin" : 917,
      "end" : 922,
      "text" : "there",
      "whiteSpace" : false
    }, {
      "id" : "s9-t12",
      "begin" : 922,
      "end" : 924,
      "text" : "'s",
      "whiteSpace" : false
    }, {
      "id" : "s9-t13",
      "begin" : 925,
      "end" : 926,
      "text" : "a",
      "whiteSpace" : false
    }, {
      "id" : "s9-t14",
      "begin" : 927,
      "end" : 931,
      "text" : "link",
      "whiteSpace" : false
    }, {
      "id" : "s9-t15",
      "begin" : 932,
      "end" : 934,
      "text" : "to",
      "whiteSpace" : false
    }, {
      "id" : "s9-t16",
      "begin" : 935,
      "end" : 936,
      "text" : "\"",
      "whiteSpace" : false
    }, {
      "id" : "s9-t17",
      "begin" : 936,
      "end" : 944,
      "text" : "Cosmetic",
      "whiteSpace" : false
    }, {
      "id" : "s9-t18",
      "begin" : 945,
      "end" : 952,
      "text" : "Blemish",
      "whiteSpace" : false
    }, {
      "id" : "s9-t19",
      "begin" : 952,
      "end" : 953,
      "text" : "\"",
      "whiteSpace" : false
    }, {
      "id" : "s9-t20",
      "begin" : 954,
      "end" : 961,
      "text" : "iPhones",
      "whiteSpace" : false
    }, {
      "id" : "s9-t21",
      "begin" : 962,
      "end" : 967,
      "text" : "under",
      "whiteSpace" : false
    }, {
      "id" : "s9-t22",
      "begin" : 968,
      "end" : 969,
      "text" : "\"",
      "whiteSpace" : false
    }, {
      "id" : "s9-t23",
      "begin" : 969,
      "end" : 977,
      "text" : "Packages",
      "whiteSpace" : false
    }, {
      "id" : "s9-t24",
      "begin" : 977,
      "end" : 978,
      "text" : "\"",
      "whiteSpace" : false
    }, {
      "id" : "s9-t25",
      "begin" : 978,
      "end" : 979,
      "text" : ".",
      "whiteSpace" : false
    } ]
  }, {
    "id" : "s10",
    "begin" : 980,
    "end" : 1029,
    "text" : "Why aren't those available to existing\ncustomers?",
    "tokens" : [ {
      "id" : "s10-t0",
      "begin" : 980,
      "end" : 983,
      "text" : "Why",
      "whiteSpace" : false
    }, {
      "id" : "s10-t1",
      "begin" : 984,
      "end" : 987,
      "text" : "are",
      "whiteSpace" : false
    }, {
      "id" : "s10-t2",
      "begin" : 987,
      "end" : 990,
      "text" : "n't",
      "whiteSpace" : false
    }, {
      "id" : "s10-t3",
      "begin" : 991,
      "end" : 996,
      "text" : "those",
      "whiteSpace" : false
    }, {
      "id" : "s10-t4",
      "begin" : 997,
      "end" : 1006,
      "text" : "available",
      "whiteSpace" : false
    }, {
      "id" : "s10-t5",
      "begin" : 1007,
      "end" : 1009,
      "text" : "to",
      "whiteSpace" : false
    }, {
      "id" : "s10-t6",
      "begin" : 1010,
      "end" : 1018,
      "text" : "existing",
      "whiteSpace" : false
    }, {
      "id" : "s10-t7",
      "begin" : 1019,
      "end" : 1028,
      "text" : "customers",
      "whiteSpace" : false
    }, {
      "id" : "s10-t8",
      "begin" : 1028,
      "end" : 1029,
      "text" : "?",
      "whiteSpace" : false
    } ]
  }, {
    "id" : "s11",
    "begin" : 1029,
    "end" : 1051,
    "text" : "Solved!Go to Solution.",
    "tokens" : [ {
      "id" : "s11-t0",
      "begin" : 1029,
      "end" : 1036,
      "text" : "Solved!",
      "whiteSpace" : false
    }, {
      "id" : "s11-t1",
      "begin" : 1036,
      "end" : 1038,
      "text" : "Go",
      "whiteSpace" : false
    }, {
      "id" : "s11-t2",
      "begin" : 1039,
      "end" : 1041,
      "text" : "to",
      "whiteSpace" : false
    }, {
      "id" : "s11-t3",
      "begin" : 1042,
      "end" : 1050,
      "text" : "Solution",
      "whiteSpace" : false
    }, {
      "id" : "s11-t4",
      "begin" : 1050,
      "end" : 1051,
      "text" : ".",
      "whiteSpace" : false
    } ]
  } ],
  "mentions" : [ {
    "id" : "cm1",
    "properties" : {
      "SIRE_MENTION_ROLE" : "Product",
      "SIRE_ENTITY_SUBTYPE" : "NONE",
      "SIRE_MENTION_TYPE" : "NONE",
      "SIRE_MENTION_CLASS" : "SPC"
    },
    "type" : "Product",
    "begin" : 0,
    "end" : 8,
    "inCoref" : false
  }, {
    "id" : "s8-m1",
    "properties" : {
      "SIRE_MENTION_ROLE" : "Service_Provider",
      "SIRE_ENTITY_SUBTYPE" : "NONE",
      "SIRE_MENTION_TYPE" : "NONE",
      "SIRE_MENTION_CLASS" : "SPC"
    },
    "type" : "Service_Provider",
    "begin" : 765,
    "end" : 773,
    "inCoref" : false
  }, {
    "id" : "s9-m1",
    "properties" : {
      "SIRE_MENTION_ROLE" : "Product",
      "SIRE_ENTITY_SUBTYPE" : "NONE",
      "SIRE_MENTION_TYPE" : "NONE",
      "SIRE_MENTION_CLASS" : "SPC"
    },
    "type" : "Product",
    "begin" : 954,
    "end" : 961,
    "inCoref" : false
  } ],
  "relations" : [ ],
  "corefs" : [ ],
  "typeResolved" : true,
  "userResolved" : false
}