{
  "id" : "42965ef0-fedc-11e6-a1dc-cbf647ea05c1-6",
  "name" : "352a4b22276bdd30b71dbf36cb1872d8.txt",
  "version" : 3,
  "text" : "iPad and AT&amp;T; WiFi\n\nI am thinking about buying an iPad but I am trying to decide whether I want to\nbuy the iPad + WiFi or the iPad + WiFi + 3G. I am a student and I don't really\ngo out of town often enough to need 3G but when I do travel I travel all over\nthe country. Also because I'm a student, if I don't have to spend the extra\nmoney on the 3G and monthly service I'd prefer not to.So, my question is if I\nalready have AT&amp;T; do I have free access to AT&amp;T; WiFi Hotspots with\nthe iPad without 3G?Solved!Go to Solution.\n\n",
  "docLength" : 0,
  "language" : "EN",
  "status" : "READY",
  "modifiedDate" : 1488753991891,
  "documentSet" : [ ],
  "preannotation" : [ "PRE_LW" ],
  "sentences" : [ {
    "id" : "s0",
    "begin" : 0,
    "end" : 23,
    "text" : "iPad and AT&amp;T; WiFi",
    "tokens" : [ {
      "id" : "s0-t0",
      "begin" : 0,
      "end" : 4,
      "text" : "iPad",
      "whiteSpace" : false
    }, {
      "id" : "s0-t1",
      "begin" : 5,
      "end" : 8,
      "text" : "and",
      "whiteSpace" : false
    }, {
      "id" : "s0-t2",
      "begin" : 9,
      "end" : 11,
      "text" : "AT",
      "whiteSpace" : false
    }, {
      "id" : "s0-t3",
      "begin" : 11,
      "end" : 16,
      "text" : "&amp;",
      "whiteSpace" : false
    }, {
      "id" : "s0-t4",
      "begin" : 16,
      "end" : 18,
      "text" : "T;",
      "whiteSpace" : false
    }, {
      "id" : "s0-t5",
      "begin" : 19,
      "end" : 23,
      "text" : "WiFi",
      "whiteSpace" : false
    } ]
  }, {
    "id" : "s1",
    "begin" : 25,
    "end" : 273,
    "text" : "I am thinking about buying an iPad but I am trying to decide whether I want to\nbuy the iPad + WiFi or the iPad + WiFi + 3G. I am a student and I don't really\ngo out of town often enough to need 3G but when I do travel I travel all over\nthe country.",
    "tokens" : [ {
      "id" : "s1-t0",
      "begin" : 25,
      "end" : 26,
      "text" : "I",
      "whiteSpace" : false
    }, {
      "id" : "s1-t1",
      "begin" : 27,
      "end" : 29,
      "text" : "am",
      "whiteSpace" : false
    }, {
      "id" : "s1-t2",
      "begin" : 30,
      "end" : 38,
      "text" : "thinking",
      "whiteSpace" : false
    }, {
      "id" : "s1-t3",
      "begin" : 39,
      "end" : 44,
      "text" : "about",
      "whiteSpace" : false
    }, {
      "id" : "s1-t4",
      "begin" : 45,
      "end" : 51,
      "text" : "buying",
      "whiteSpace" : false
    }, {
      "id" : "s1-t5",
      "begin" : 52,
      "end" : 54,
      "text" : "an",
      "whiteSpace" : false
    }, {
      "id" : "s1-t6",
      "begin" : 55,
      "end" : 59,
      "text" : "iPad",
      "whiteSpace" : false
    }, {
      "id" : "s1-t7",
      "begin" : 60,
      "end" : 63,
      "text" : "but",
      "whiteSpace" : false
    }, {
      "id" : "s1-t8",
      "begin" : 64,
      "end" : 65,
      "text" : "I",
      "whiteSpace" : false
    }, {
      "id" : "s1-t9",
      "begin" : 66,
      "end" : 68,
      "text" : "am",
      "whiteSpace" : false
    }, {
      "id" : "s1-t10",
      "begin" : 69,
      "end" : 75,
      "text" : "trying",
      "whiteSpace" : false
    }, {
      "id" : "s1-t11",
      "begin" : 76,
      "end" : 78,
      "text" : "to",
      "whiteSpace" : false
    }, {
      "id" : "s1-t12",
      "begin" : 79,
      "end" : 85,
      "text" : "decide",
      "whiteSpace" : false
    }, {
      "id" : "s1-t13",
      "begin" : 86,
      "end" : 93,
      "text" : "whether",
      "whiteSpace" : false
    }, {
      "id" : "s1-t14",
      "begin" : 94,
      "end" : 95,
      "text" : "I",
      "whiteSpace" : false
    }, {
      "id" : "s1-t15",
      "begin" : 96,
      "end" : 100,
      "text" : "want",
      "whiteSpace" : false
    }, {
      "id" : "s1-t16",
      "begin" : 101,
      "end" : 103,
      "text" : "to",
      "whiteSpace" : false
    }, {
      "id" : "s1-t17",
      "begin" : 104,
      "end" : 107,
      "text" : "buy",
      "whiteSpace" : false
    }, {
      "id" : "s1-t18",
      "begin" : 108,
      "end" : 111,
      "text" : "the",
      "whiteSpace" : false
    }, {
      "id" : "s1-t19",
      "begin" : 112,
      "end" : 116,
      "text" : "iPad",
      "whiteSpace" : false
    }, {
      "id" : "s1-t20",
      "begin" : 117,
      "end" : 118,
      "text" : "+",
      "whiteSpace" : false
    }, {
      "id" : "s1-t21",
      "begin" : 119,
      "end" : 123,
      "text" : "WiFi",
      "whiteSpace" : false
    }, {
      "id" : "s1-t22",
      "begin" : 124,
      "end" : 126,
      "text" : "or",
      "whiteSpace" : false
    }, {
      "id" : "s1-t23",
      "begin" : 127,
      "end" : 130,
      "text" : "the",
      "whiteSpace" : false
    }, {
      "id" : "s1-t24",
      "begin" : 131,
      "end" : 135,
      "text" : "iPad",
      "whiteSpace" : false
    }, {
      "id" : "s1-t25",
      "begin" : 136,
      "end" : 137,
      "text" : "+",
      "whiteSpace" : false
    }, {
      "id" : "s1-t26",
      "begin" : 138,
      "end" : 142,
      "text" : "WiFi",
      "whiteSpace" : false
    }, {
      "id" : "s1-t27",
      "begin" : 143,
      "end" : 144,
      "text" : "+",
      "whiteSpace" : false
    }, {
      "id" : "s1-t28",
      "begin" : 145,
      "end" : 148,
      "text" : "3G.",
      "whiteSpace" : false
    }, {
      "id" : "s1-t29",
      "begin" : 149,
      "end" : 150,
      "text" : "I",
      "whiteSpace" : false
    }, {
      "id" : "s1-t30",
      "begin" : 151,
      "end" : 153,
      "text" : "am",
      "whiteSpace" : false
    }, {
      "id" : "s1-t31",
      "begin" : 154,
      "end" : 155,
      "text" : "a",
      "whiteSpace" : false
    }, {
      "id" : "s1-t32",
      "begin" : 156,
      "end" : 163,
      "text" : "student",
      "whiteSpace" : false
    }, {
      "id" : "s1-t33",
      "begin" : 164,
      "end" : 167,
      "text" : "and",
      "whiteSpace" : false
    }, {
      "id" : "s1-t34",
      "begin" : 168,
      "end" : 169,
      "text" : "I",
      "whiteSpace" : false
    }, {
      "id" : "s1-t35",
      "begin" : 170,
      "end" : 172,
      "text" : "do",
      "whiteSpace" : false
    }, {
      "id" : "s1-t36",
      "begin" : 172,
      "end" : 175,
      "text" : "n't",
      "whiteSpace" : false
    }, {
      "id" : "s1-t37",
      "begin" : 176,
      "end" : 182,
      "text" : "really",
      "whiteSpace" : false
    }, {
      "id" : "s1-t38",
      "begin" : 183,
      "end" : 185,
      "text" : "go",
      "whiteSpace" : false
    }, {
      "id" : "s1-t39",
      "begin" : 186,
      "end" : 189,
      "text" : "out",
      "whiteSpace" : false
    }, {
      "id" : "s1-t40",
      "begin" : 190,
      "end" : 192,
      "text" : "of",
      "whiteSpace" : false
    }, {
      "id" : "s1-t41",
      "begin" : 193,
      "end" : 197,
      "text" : "town",
      "whiteSpace" : false
    }, {
      "id" : "s1-t42",
      "begin" : 198,
      "end" : 203,
      "text" : "often",
      "whiteSpace" : false
    }, {
      "id" : "s1-t43",
      "begin" : 204,
      "end" : 210,
      "text" : "enough",
      "whiteSpace" : false
    }, {
      "id" : "s1-t44",
      "begin" : 211,
      "end" : 213,
      "text" : "to",
      "whiteSpace" : false
    }, {
      "id" : "s1-t45",
      "begin" : 214,
      "end" : 218,
      "text" : "need",
      "whiteSpace" : false
    }, {
      "id" : "s1-t46",
      "begin" : 219,
      "end" : 221,
      "text" : "3G",
      "whiteSpace" : false
    }, {
      "id" : "s1-t47",
      "begin" : 222,
      "end" : 225,
      "text" : "but",
      "whiteSpace" : false
    }, {
      "id" : "s1-t48",
      "begin" : 226,
      "end" : 230,
      "text" : "when",
      "whiteSpace" : false
    }, {
      "id" : "s1-t49",
      "begin" : 231,
      "end" : 232,
      "text" : "I",
      "whiteSpace" : false
    }, {
      "id" : "s1-t50",
      "begin" : 233,
      "end" : 235,
      "text" : "do",
      "whiteSpace" : false
    }, {
      "id" : "s1-t51",
      "begin" : 236,
      "end" : 242,
      "text" : "travel",
      "whiteSpace" : false
    }, {
      "id" : "s1-t52",
      "begin" : 243,
      "end" : 244,
      "text" : "I",
      "whiteSpace" : false
    }, {
      "id" : "s1-t53",
      "begin" : 245,
      "end" : 251,
      "text" : "travel",
      "whiteSpace" : false
    }, {
      "id" : "s1-t54",
      "begin" : 252,
      "end" : 255,
      "text" : "all",
      "whiteSpace" : false
    }, {
      "id" : "s1-t55",
      "begin" : 256,
      "end" : 260,
      "text" : "over",
      "whiteSpace" : false
    }, {
      "id" : "s1-t56",
      "begin" : 261,
      "end" : 264,
      "text" : "the",
      "whiteSpace" : false
    }, {
      "id" : "s1-t57",
      "begin" : 265,
      "end" : 272,
      "text" : "country",
      "whiteSpace" : false
    }, {
      "id" : "s1-t58",
      "begin" : 272,
      "end" : 273,
      "text" : ".",
      "whiteSpace" : false
    } ]
  }, {
    "id" : "s2",
    "begin" : 274,
    "end" : 534,
    "text" : "Also because I'm a student, if I don't have to spend the extra\nmoney on the 3G and monthly service I'd prefer not to.So, my question is if I\nalready have AT&amp;T; do I have free access to AT&amp;T; WiFi Hotspots with\nthe iPad without 3G?Solved!Go to Solution.",
    "tokens" : [ {
      "id" : "s2-t0",
      "begin" : 274,
      "end" : 278,
      "text" : "Also",
      "whiteSpace" : false
    }, {
      "id" : "s2-t1",
      "begin" : 279,
      "end" : 286,
      "text" : "because",
      "whiteSpace" : false
    }, {
      "id" : "s2-t2",
      "begin" : 287,
      "end" : 288,
      "text" : "I",
      "whiteSpace" : false
    }, {
      "id" : "s2-t3",
      "begin" : 288,
      "end" : 290,
      "text" : "'m",
      "whiteSpace" : false
    }, {
      "id" : "s2-t4",
      "begin" : 291,
      "end" : 292,
      "text" : "a",
      "whiteSpace" : false
    }, {
      "id" : "s2-t5",
      "begin" : 293,
      "end" : 300,
      "text" : "student",
      "whiteSpace" : false
    }, {
      "id" : "s2-t6",
      "begin" : 300,
      "end" : 301,
      "text" : ",",
      "whiteSpace" : false
    }, {
      "id" : "s2-t7",
      "begin" : 302,
      "end" : 304,
      "text" : "if",
      "whiteSpace" : false
    }, {
      "id" : "s2-t8",
      "begin" : 305,
      "end" : 306,
      "text" : "I",
      "whiteSpace" : false
    }, {
      "id" : "s2-t9",
      "begin" : 307,
      "end" : 309,
      "text" : "do",
      "whiteSpace" : false
    }, {
      "id" : "s2-t10",
      "begin" : 309,
      "end" : 312,
      "text" : "n't",
      "whiteSpace" : false
    }, {
      "id" : "s2-t11",
      "begin" : 313,
      "end" : 317,
      "text" : "have",
      "whiteSpace" : false
    }, {
      "id" : "s2-t12",
      "begin" : 318,
      "end" : 320,
      "text" : "to",
      "whiteSpace" : false
    }, {
      "id" : "s2-t13",
      "begin" : 321,
      "end" : 326,
      "text" : "spend",
      "whiteSpace" : false
    }, {
      "id" : "s2-t14",
      "begin" : 327,
      "end" : 330,
      "text" : "the",
      "whiteSpace" : false
    }, {
      "id" : "s2-t15",
      "begin" : 331,
      "end" : 336,
      "text" : "extra",
      "whiteSpace" : false
    }, {
      "id" : "s2-t16",
      "begin" : 337,
      "end" : 342,
      "text" : "money",
      "whiteSpace" : false
    }, {
      "id" : "s2-t17",
      "begin" : 343,
      "end" : 345,
      "text" : "on",
      "whiteSpace" : false
    }, {
      "id" : "s2-t18",
      "begin" : 346,
      "end" : 349,
      "text" : "the",
      "whiteSpace" : false
    }, {
      "id" : "s2-t19",
      "begin" : 350,
      "end" : 352,
      "text" : "3G",
      "whiteSpace" : false
    }, {
      "id" : "s2-t20",
      "begin" : 353,
      "end" : 356,
      "text" : "and",
      "whiteSpace" : false
    }, {
      "id" : "s2-t21",
      "begin" : 357,
      "end" : 364,
      "text" : "monthly",
      "whiteSpace" : false
    }, {
      "id" : "s2-t22",
      "begin" : 365,
      "end" : 372,
      "text" : "service",
      "whiteSpace" : false
    }, {
      "id" : "s2-t23",
      "begin" : 373,
      "end" : 374,
      "text" : "I",
      "whiteSpace" : false
    }, {
      "id" : "s2-t24",
      "begin" : 374,
      "end" : 376,
      "text" : "'d",
      "whiteSpace" : false
    }, {
      "id" : "s2-t25",
      "begin" : 377,
      "end" : 383,
      "text" : "prefer",
      "whiteSpace" : false
    }, {
      "id" : "s2-t26",
      "begin" : 384,
      "end" : 387,
      "text" : "not",
      "whiteSpace" : false
    }, {
      "id" : "s2-t27",
      "begin" : 388,
      "end" : 393,
      "text" : "to.So",
      "whiteSpace" : false
    }, {
      "id" : "s2-t28",
      "begin" : 393,
      "end" : 394,
      "text" : ",",
      "whiteSpace" : false
    }, {
      "id" : "s2-t29",
      "begin" : 395,
      "end" : 397,
      "text" : "my",
      "whiteSpace" : false
    }, {
      "id" : "s2-t30",
      "begin" : 398,
      "end" : 406,
      "text" : "question",
      "whiteSpace" : false
    }, {
      "id" : "s2-t31",
      "begin" : 407,
      "end" : 409,
      "text" : "is",
      "whiteSpace" : false
    }, {
      "id" : "s2-t32",
      "begin" : 410,
      "end" : 412,
      "text" : "if",
      "whiteSpace" : false
    }, {
      "id" : "s2-t33",
      "begin" : 413,
      "end" : 414,
      "text" : "I",
      "whiteSpace" : false
    }, {
      "id" : "s2-t34",
      "begin" : 415,
      "end" : 422,
      "text" : "already",
      "whiteSpace" : false
    }, {
      "id" : "s2-t35",
      "begin" : 423,
      "end" : 427,
      "text" : "have",
      "whiteSpace" : false
    }, {
      "id" : "s2-t36",
      "begin" : 428,
      "end" : 430,
      "text" : "AT",
      "whiteSpace" : false
    }, {
      "id" : "s2-t37",
      "begin" : 430,
      "end" : 435,
      "text" : "&amp;",
      "whiteSpace" : false
    }, {
      "id" : "s2-t38",
      "begin" : 435,
      "end" : 437,
      "text" : "T;",
      "whiteSpace" : false
    }, {
      "id" : "s2-t39",
      "begin" : 438,
      "end" : 440,
      "text" : "do",
      "whiteSpace" : false
    }, {
      "id" : "s2-t40",
      "begin" : 441,
      "end" : 442,
      "text" : "I",
      "whiteSpace" : false
    }, {
      "id" : "s2-t41",
      "begin" : 443,
      "end" : 447,
      "text" : "have",
      "whiteSpace" : false
    }, {
      "id" : "s2-t42",
      "begin" : 448,
      "end" : 452,
      "text" : "free",
      "whiteSpace" : false
    }, {
      "id" : "s2-t43",
      "begin" : 453,
      "end" : 459,
      "text" : "access",
      "whiteSpace" : false
    }, {
      "id" : "s2-t44",
      "begin" : 460,
      "end" : 462,
      "text" : "to",
      "whiteSpace" : false
    }, {
      "id" : "s2-t45",
      "begin" : 463,
      "end" : 465,
      "text" : "AT",
      "whiteSpace" : false
    }, {
      "id" : "s2-t46",
      "begin" : 465,
      "end" : 470,
      "text" : "&amp;",
      "whiteSpace" : false
    }, {
      "id" : "s2-t47",
      "begin" : 470,
      "end" : 472,
      "text" : "T;",
      "whiteSpace" : false
    }, {
      "id" : "s2-t48",
      "begin" : 473,
      "end" : 477,
      "text" : "WiFi",
      "whiteSpace" : false
    }, {
      "id" : "s2-t49",
      "begin" : 478,
      "end" : 486,
      "text" : "Hotspots",
      "whiteSpace" : false
    }, {
      "id" : "s2-t50",
      "begin" : 487,
      "end" : 491,
      "text" : "with",
      "whiteSpace" : false
    }, {
      "id" : "s2-t51",
      "begin" : 492,
      "end" : 495,
      "text" : "the",
      "whiteSpace" : false
    }, {
      "id" : "s2-t52",
      "begin" : 496,
      "end" : 500,
      "text" : "iPad",
      "whiteSpace" : false
    }, {
      "id" : "s2-t53",
      "begin" : 501,
      "end" : 508,
      "text" : "without",
      "whiteSpace" : false
    }, {
      "id" : "s2-t54",
      "begin" : 509,
      "end" : 519,
      "text" : "3G?Solved!",
      "whiteSpace" : false
    }, {
      "id" : "s2-t55",
      "begin" : 519,
      "end" : 521,
      "text" : "Go",
      "whiteSpace" : false
    }, {
      "id" : "s2-t56",
      "begin" : 522,
      "end" : 524,
      "text" : "to",
      "whiteSpace" : false
    }, {
      "id" : "s2-t57",
      "begin" : 525,
      "end" : 533,
      "text" : "Solution",
      "whiteSpace" : false
    }, {
      "id" : "s2-t58",
      "begin" : 533,
      "end" : 534,
      "text" : ".",
      "whiteSpace" : false
    } ]
  } ],
  "mentions" : [ {
    "id" : "cm5",
    "properties" : {
      "SIRE_MENTION_ROLE" : "Product",
      "SIRE_ENTITY_SUBTYPE" : "NONE",
      "SIRE_MENTION_TYPE" : "NONE",
      "SIRE_MENTION_CLASS" : "SPC"
    },
    "type" : "Product",
    "begin" : 0,
    "end" : 4,
    "inCoref" : false
  }, {
    "id" : "cm14",
    "properties" : {
      "SIRE_MENTION_ROLE" : "Service_Provider",
      "SIRE_ENTITY_SUBTYPE" : "NONE",
      "SIRE_MENTION_TYPE" : "NONE",
      "SIRE_MENTION_CLASS" : "SPC"
    },
    "type" : "Service_Provider",
    "begin" : 9,
    "end" : 18,
    "inCoref" : false
  }, {
    "id" : "cm1",
    "properties" : {
      "SIRE_MENTION_ROLE" : "Internet_Connectivity",
      "SIRE_ENTITY_SUBTYPE" : "NONE",
      "SIRE_MENTION_TYPE" : "NONE",
      "SIRE_MENTION_CLASS" : "SPC"
    },
    "type" : "Internet_Connectivity",
    "begin" : 19,
    "end" : 23,
    "inCoref" : false
  }, {
    "id" : "cm6",
    "properties" : {
      "SIRE_MENTION_ROLE" : "Product",
      "SIRE_ENTITY_SUBTYPE" : "NONE",
      "SIRE_MENTION_TYPE" : "NONE",
      "SIRE_MENTION_CLASS" : "SPC"
    },
    "type" : "Product",
    "begin" : 55,
    "end" : 59,
    "inCoref" : false
  }, {
    "id" : "cm7",
    "properties" : {
      "SIRE_MENTION_ROLE" : "Product",
      "SIRE_ENTITY_SUBTYPE" : "NONE",
      "SIRE_MENTION_TYPE" : "NONE",
      "SIRE_MENTION_CLASS" : "SPC"
    },
    "type" : "Product",
    "begin" : 112,
    "end" : 116,
    "inCoref" : false
  }, {
    "id" : "cm2",
    "properties" : {
      "SIRE_MENTION_ROLE" : "Internet_Connectivity",
      "SIRE_ENTITY_SUBTYPE" : "NONE",
      "SIRE_MENTION_TYPE" : "NONE",
      "SIRE_MENTION_CLASS" : "SPC"
    },
    "type" : "Internet_Connectivity",
    "begin" : 119,
    "end" : 123,
    "inCoref" : false
  }, {
    "id" : "cm8",
    "properties" : {
      "SIRE_MENTION_ROLE" : "Product",
      "SIRE_ENTITY_SUBTYPE" : "NONE",
      "SIRE_MENTION_TYPE" : "NONE",
      "SIRE_MENTION_CLASS" : "SPC"
    },
    "type" : "Product",
    "begin" : 131,
    "end" : 135,
    "inCoref" : false
  }, {
    "id" : "cm3",
    "properties" : {
      "SIRE_MENTION_ROLE" : "Internet_Connectivity",
      "SIRE_ENTITY_SUBTYPE" : "NONE",
      "SIRE_MENTION_TYPE" : "NONE",
      "SIRE_MENTION_CLASS" : "SPC"
    },
    "type" : "Internet_Connectivity",
    "begin" : 138,
    "end" : 142,
    "inCoref" : false
  }, {
    "id" : "s1-m9",
    "properties" : {
      "SIRE_MENTION_ROLE" : "Internet_Connectivity",
      "SIRE_ENTITY_SUBTYPE" : "NONE",
      "SIRE_MENTION_TYPE" : "NONE",
      "SIRE_MENTION_CLASS" : "SPC"
    },
    "type" : "Internet_Connectivity",
    "begin" : 145,
    "end" : 148,
    "inCoref" : false
  }, {
    "id" : "cm11",
    "properties" : {
      "SIRE_MENTION_ROLE" : "Internet_Connectivity",
      "SIRE_ENTITY_SUBTYPE" : "NONE",
      "SIRE_MENTION_TYPE" : "NONE",
      "SIRE_MENTION_CLASS" : "SPC"
    },
    "type" : "Internet_Connectivity",
    "begin" : 219,
    "end" : 221,
    "inCoref" : false
  }, {
    "id" : "cm12",
    "properties" : {
      "SIRE_MENTION_ROLE" : "Internet_Connectivity",
      "SIRE_ENTITY_SUBTYPE" : "NONE",
      "SIRE_MENTION_TYPE" : "NONE",
      "SIRE_MENTION_CLASS" : "SPC"
    },
    "type" : "Internet_Connectivity",
    "begin" : 350,
    "end" : 352,
    "inCoref" : false
  }, {
    "id" : "cm15",
    "properties" : {
      "SIRE_MENTION_ROLE" : "Service_Provider",
      "SIRE_ENTITY_SUBTYPE" : "NONE",
      "SIRE_MENTION_TYPE" : "NONE",
      "SIRE_MENTION_CLASS" : "SPC"
    },
    "type" : "Service_Provider",
    "begin" : 428,
    "end" : 437,
    "inCoref" : false
  }, {
    "id" : "cm16",
    "properties" : {
      "SIRE_MENTION_ROLE" : "Service_Provider",
      "SIRE_ENTITY_SUBTYPE" : "NONE",
      "SIRE_MENTION_TYPE" : "NONE",
      "SIRE_MENTION_CLASS" : "SPC"
    },
    "type" : "Service_Provider",
    "begin" : 463,
    "end" : 472,
    "inCoref" : false
  }, {
    "id" : "cm4",
    "properties" : {
      "SIRE_MENTION_ROLE" : "Internet_Connectivity",
      "SIRE_ENTITY_SUBTYPE" : "NONE",
      "SIRE_MENTION_TYPE" : "NONE",
      "SIRE_MENTION_CLASS" : "SPC"
    },
    "type" : "Internet_Connectivity",
    "begin" : 473,
    "end" : 477,
    "inCoref" : false
  }, {
    "id" : "s8-m0",
    "properties" : {
      "SIRE_MENTION_ROLE" : "Internet_Connectivity",
      "SIRE_ENTITY_SUBTYPE" : "NONE",
      "SIRE_MENTION_TYPE" : "NONE",
      "SIRE_MENTION_CLASS" : "SPC"
    },
    "type" : "Internet_Connectivity",
    "begin" : 478,
    "end" : 486,
    "inCoref" : false
  }, {
    "id" : "cm9",
    "properties" : {
      "SIRE_MENTION_ROLE" : "Product",
      "SIRE_ENTITY_SUBTYPE" : "NONE",
      "SIRE_MENTION_TYPE" : "NONE",
      "SIRE_MENTION_CLASS" : "SPC"
    },
    "type" : "Product",
    "begin" : 496,
    "end" : 500,
    "inCoref" : false
  }, {
    "id" : "cm13",
    "properties" : {
      "SIRE_MENTION_ROLE" : "Internet_Connectivity",
      "SIRE_ENTITY_SUBTYPE" : "NONE",
      "SIRE_MENTION_TYPE" : "NONE",
      "SIRE_MENTION_CLASS" : "SPC"
    },
    "type" : "Internet_Connectivity",
    "begin" : 509,
    "end" : 511,
    "inCoref" : false
  } ],
  "relations" : [ ],
  "corefs" : [ ],
  "typeResolved" : true,
  "userResolved" : false
}