{
  "id" : "42965ef0-fedc-11e6-a1dc-cbf647ea05c1-1",
  "name" : "352a4b22276bdd30b71dbf36cb3cff05.txt",
  "version" : 3,
  "text" : "Cancel contract and keep phone\n\nI ordered a iPhone 4 from att website and was wondering if I decided to cancel\ncontract can I keep phone....and my second question is if I decided to keep\ncontract can I change my plan after first month billSolved!Go to Solution.\n\n",
  "docLength" : 0,
  "language" : "EN",
  "status" : "READY",
  "modifiedDate" : 1488753914815,
  "documentSet" : [ ],
  "preannotation" : [ "PRE_LW" ],
  "sentences" : [ {
    "id" : "s0",
    "begin" : 0,
    "end" : 30,
    "text" : "Cancel contract and keep phone",
    "tokens" : [ {
      "id" : "s0-t0",
      "begin" : 0,
      "end" : 6,
      "text" : "Cancel",
      "whiteSpace" : false
    }, {
      "id" : "s0-t1",
      "begin" : 7,
      "end" : 15,
      "text" : "contract",
      "whiteSpace" : false
    }, {
      "id" : "s0-t2",
      "begin" : 16,
      "end" : 19,
      "text" : "and",
      "whiteSpace" : false
    }, {
      "id" : "s0-t3",
      "begin" : 20,
      "end" : 24,
      "text" : "keep",
      "whiteSpace" : false
    }, {
      "id" : "s0-t4",
      "begin" : 25,
      "end" : 30,
      "text" : "phone",
      "whiteSpace" : false
    } ]
  }, {
    "id" : "s1",
    "begin" : 32,
    "end" : 246,
    "text" : "I ordered a iPhone 4 from att website and was wondering if I decided to cancel\ncontract can I keep phone....and my second question is if I decided to keep\ncontract can I change my plan after first month billSolved!",
    "tokens" : [ {
      "id" : "s1-t0",
      "begin" : 32,
      "end" : 33,
      "text" : "I",
      "whiteSpace" : false
    }, {
      "id" : "s1-t1",
      "begin" : 34,
      "end" : 41,
      "text" : "ordered",
      "whiteSpace" : false
    }, {
      "id" : "s1-t2",
      "begin" : 42,
      "end" : 43,
      "text" : "a",
      "whiteSpace" : false
    }, {
      "id" : "s1-t3",
      "begin" : 44,
      "end" : 50,
      "text" : "iPhone",
      "whiteSpace" : false
    }, {
      "id" : "s1-t4",
      "begin" : 51,
      "end" : 52,
      "text" : "4",
      "whiteSpace" : false
    }, {
      "id" : "s1-t5",
      "begin" : 53,
      "end" : 57,
      "text" : "from",
      "whiteSpace" : false
    }, {
      "id" : "s1-t6",
      "begin" : 58,
      "end" : 61,
      "text" : "att",
      "whiteSpace" : false
    }, {
      "id" : "s1-t7",
      "begin" : 62,
      "end" : 69,
      "text" : "website",
      "whiteSpace" : false
    }, {
      "id" : "s1-t8",
      "begin" : 70,
      "end" : 73,
      "text" : "and",
      "whiteSpace" : false
    }, {
      "id" : "s1-t9",
      "begin" : 74,
      "end" : 77,
      "text" : "was",
      "whiteSpace" : false
    }, {
      "id" : "s1-t10",
      "begin" : 78,
      "end" : 87,
      "text" : "wondering",
      "whiteSpace" : false
    }, {
      "id" : "s1-t11",
      "begin" : 88,
      "end" : 90,
      "text" : "if",
      "whiteSpace" : false
    }, {
      "id" : "s1-t12",
      "begin" : 91,
      "end" : 92,
      "text" : "I",
      "whiteSpace" : false
    }, {
      "id" : "s1-t13",
      "begin" : 93,
      "end" : 100,
      "text" : "decided",
      "whiteSpace" : false
    }, {
      "id" : "s1-t14",
      "begin" : 101,
      "end" : 103,
      "text" : "to",
      "whiteSpace" : false
    }, {
      "id" : "s1-t15",
      "begin" : 104,
      "end" : 110,
      "text" : "cancel",
      "whiteSpace" : false
    }, {
      "id" : "s1-t16",
      "begin" : 111,
      "end" : 119,
      "text" : "contract",
      "whiteSpace" : false
    }, {
      "id" : "s1-t17",
      "begin" : 120,
      "end" : 123,
      "text" : "can",
      "whiteSpace" : false
    }, {
      "id" : "s1-t18",
      "begin" : 124,
      "end" : 125,
      "text" : "I",
      "whiteSpace" : false
    }, {
      "id" : "s1-t19",
      "begin" : 126,
      "end" : 130,
      "text" : "keep",
      "whiteSpace" : false
    }, {
      "id" : "s1-t20",
      "begin" : 131,
      "end" : 136,
      "text" : "phone",
      "whiteSpace" : false
    }, {
      "id" : "s1-t21",
      "begin" : 136,
      "end" : 140,
      "text" : "....",
      "whiteSpace" : false
    }, {
      "id" : "s1-t22",
      "begin" : 140,
      "end" : 143,
      "text" : "and",
      "whiteSpace" : false
    }, {
      "id" : "s1-t23",
      "begin" : 144,
      "end" : 146,
      "text" : "my",
      "whiteSpace" : false
    }, {
      "id" : "s1-t24",
      "begin" : 147,
      "end" : 153,
      "text" : "second",
      "whiteSpace" : false
    }, {
      "id" : "s1-t25",
      "begin" : 154,
      "end" : 162,
      "text" : "question",
      "whiteSpace" : false
    }, {
      "id" : "s1-t26",
      "begin" : 163,
      "end" : 165,
      "text" : "is",
      "whiteSpace" : false
    }, {
      "id" : "s1-t27",
      "begin" : 166,
      "end" : 168,
      "text" : "if",
      "whiteSpace" : false
    }, {
      "id" : "s1-t28",
      "begin" : 169,
      "end" : 170,
      "text" : "I",
      "whiteSpace" : false
    }, {
      "id" : "s1-t29",
      "begin" : 171,
      "end" : 178,
      "text" : "decided",
      "whiteSpace" : false
    }, {
      "id" : "s1-t30",
      "begin" : 179,
      "end" : 181,
      "text" : "to",
      "whiteSpace" : false
    }, {
      "id" : "s1-t31",
      "begin" : 182,
      "end" : 186,
      "text" : "keep",
      "whiteSpace" : false
    }, {
      "id" : "s1-t32",
      "begin" : 187,
      "end" : 195,
      "text" : "contract",
      "whiteSpace" : false
    }, {
      "id" : "s1-t33",
      "begin" : 196,
      "end" : 199,
      "text" : "can",
      "whiteSpace" : false
    }, {
      "id" : "s1-t34",
      "begin" : 200,
      "end" : 201,
      "text" : "I",
      "whiteSpace" : false
    }, {
      "id" : "s1-t35",
      "begin" : 202,
      "end" : 208,
      "text" : "change",
      "whiteSpace" : false
    }, {
      "id" : "s1-t36",
      "begin" : 209,
      "end" : 211,
      "text" : "my",
      "whiteSpace" : false
    }, {
      "id" : "s1-t37",
      "begin" : 212,
      "end" : 216,
      "text" : "plan",
      "whiteSpace" : false
    }, {
      "id" : "s1-t38",
      "begin" : 217,
      "end" : 222,
      "text" : "after",
      "whiteSpace" : false
    }, {
      "id" : "s1-t39",
      "begin" : 223,
      "end" : 228,
      "text" : "first",
      "whiteSpace" : false
    }, {
      "id" : "s1-t40",
      "begin" : 229,
      "end" : 234,
      "text" : "month",
      "whiteSpace" : false
    }, {
      "id" : "s1-t41",
      "begin" : 235,
      "end" : 245,
      "text" : "billSolved",
      "whiteSpace" : false
    }, {
      "id" : "s1-t42",
      "begin" : 245,
      "end" : 246,
      "text" : "!",
      "whiteSpace" : false
    } ]
  }, {
    "id" : "s2",
    "begin" : 246,
    "end" : 261,
    "text" : "Go to Solution.",
    "tokens" : [ {
      "id" : "s2-t0",
      "begin" : 246,
      "end" : 248,
      "text" : "Go",
      "whiteSpace" : false
    }, {
      "id" : "s2-t1",
      "begin" : 249,
      "end" : 251,
      "text" : "to",
      "whiteSpace" : false
    }, {
      "id" : "s2-t2",
      "begin" : 252,
      "end" : 260,
      "text" : "Solution",
      "whiteSpace" : false
    }, {
      "id" : "s2-t3",
      "begin" : 260,
      "end" : 261,
      "text" : ".",
      "whiteSpace" : false
    } ]
  } ],
  "mentions" : [ {
    "id" : "s1-m2",
    "properties" : {
      "SIRE_MENTION_ROLE" : "Product",
      "SIRE_ENTITY_SUBTYPE" : "NONE",
      "SIRE_MENTION_TYPE" : "NONE",
      "SIRE_MENTION_CLASS" : "SPC"
    },
    "type" : "Product",
    "begin" : 44,
    "end" : 52,
    "inCoref" : false
  }, {
    "id" : "s1-m0",
    "properties" : {
      "SIRE_MENTION_ROLE" : "Service_Provider",
      "SIRE_MENTION_TYPE" : "NONE",
      "SIRE_ENTITY_SUBTYPE" : "NONE",
      "SIRE_MENTION_CLASS" : "SPC"
    },
    "type" : "Service_Provider",
    "begin" : 58,
    "end" : 61,
    "inCoref" : false
  }, {
    "id" : "s1-m3",
    "properties" : {
      "SIRE_MENTION_ROLE" : "Service_Plan",
      "SIRE_ENTITY_SUBTYPE" : "NONE",
      "SIRE_MENTION_TYPE" : "NONE",
      "SIRE_MENTION_CLASS" : "SPC"
    },
    "type" : "Service_Plan",
    "begin" : 212,
    "end" : 216,
    "inCoref" : false
  } ],
  "relations" : [ ],
  "corefs" : [ ],
  "typeResolved" : true,
  "userResolved" : false
}