{
  "id" : "42965ef0-fedc-11e6-a1dc-cbf647ea05c1-5",
  "name" : "352a4b22276bdd30b71dbf36cb269c74.txt",
  "version" : 3,
  "text" : "iPhone Unlocking Questions and Discussion\n\nHow can I get my iPhone unlocked?How long does this process take?What are the\nrequirements?These and other related questions will be answered in this\nthread. If you have any additional questions, please feel free to post them\nhere and the Community will be happy to help!Thank you,DmitriyRethink\nPossibleDid a post have a solution that worked for you? Help other people find\nsolutions faster by marking posts that helped you as an \"Accepted Solution\".\nLearn about accepted solutions: Learn More.Solved!Go to Solution.\n\n",
  "docLength" : 0,
  "language" : "EN",
  "status" : "READY",
  "modifiedDate" : 1488753979688,
  "documentSet" : [ ],
  "preannotation" : [ "PRE_LW" ],
  "sentences" : [ {
    "id" : "s0",
    "begin" : 0,
    "end" : 41,
    "text" : "iPhone Unlocking Questions and Discussion",
    "tokens" : [ {
      "id" : "s0-t0",
      "begin" : 0,
      "end" : 6,
      "text" : "iPhone",
      "whiteSpace" : false
    }, {
      "id" : "s0-t1",
      "begin" : 7,
      "end" : 16,
      "text" : "Unlocking",
      "whiteSpace" : false
    }, {
      "id" : "s0-t2",
      "begin" : 17,
      "end" : 26,
      "text" : "Questions",
      "whiteSpace" : false
    }, {
      "id" : "s0-t3",
      "begin" : 27,
      "end" : 30,
      "text" : "and",
      "whiteSpace" : false
    }, {
      "id" : "s0-t4",
      "begin" : 31,
      "end" : 41,
      "text" : "Discussion",
      "whiteSpace" : false
    } ]
  }, {
    "id" : "s1",
    "begin" : 43,
    "end" : 76,
    "text" : "How can I get my iPhone unlocked?",
    "tokens" : [ {
      "id" : "s1-t0",
      "begin" : 43,
      "end" : 46,
      "text" : "How",
      "whiteSpace" : false
    }, {
      "id" : "s1-t1",
      "begin" : 47,
      "end" : 50,
      "text" : "can",
      "whiteSpace" : false
    }, {
      "id" : "s1-t2",
      "begin" : 51,
      "end" : 52,
      "text" : "I",
      "whiteSpace" : false
    }, {
      "id" : "s1-t3",
      "begin" : 53,
      "end" : 56,
      "text" : "get",
      "whiteSpace" : false
    }, {
      "id" : "s1-t4",
      "begin" : 57,
      "end" : 59,
      "text" : "my",
      "whiteSpace" : false
    }, {
      "id" : "s1-t5",
      "begin" : 60,
      "end" : 66,
      "text" : "iPhone",
      "whiteSpace" : false
    }, {
      "id" : "s1-t6",
      "begin" : 67,
      "end" : 75,
      "text" : "unlocked",
      "whiteSpace" : false
    }, {
      "id" : "s1-t7",
      "begin" : 75,
      "end" : 76,
      "text" : "?",
      "whiteSpace" : false
    } ]
  }, {
    "id" : "s2",
    "begin" : 76,
    "end" : 108,
    "text" : "How long does this process take?",
    "tokens" : [ {
      "id" : "s2-t0",
      "begin" : 76,
      "end" : 79,
      "text" : "How",
      "whiteSpace" : false
    }, {
      "id" : "s2-t1",
      "begin" : 80,
      "end" : 84,
      "text" : "long",
      "whiteSpace" : false
    }, {
      "id" : "s2-t2",
      "begin" : 85,
      "end" : 89,
      "text" : "does",
      "whiteSpace" : false
    }, {
      "id" : "s2-t3",
      "begin" : 90,
      "end" : 94,
      "text" : "this",
      "whiteSpace" : false
    }, {
      "id" : "s2-t4",
      "begin" : 95,
      "end" : 102,
      "text" : "process",
      "whiteSpace" : false
    }, {
      "id" : "s2-t5",
      "begin" : 103,
      "end" : 107,
      "text" : "take",
      "whiteSpace" : false
    }, {
      "id" : "s2-t6",
      "begin" : 107,
      "end" : 108,
      "text" : "?",
      "whiteSpace" : false
    } ]
  }, {
    "id" : "s3",
    "begin" : 108,
    "end" : 134,
    "text" : "What are the\nrequirements?",
    "tokens" : [ {
      "id" : "s3-t0",
      "begin" : 108,
      "end" : 112,
      "text" : "What",
      "whiteSpace" : false
    }, {
      "id" : "s3-t1",
      "begin" : 113,
      "end" : 116,
      "text" : "are",
      "whiteSpace" : false
    }, {
      "id" : "s3-t2",
      "begin" : 117,
      "end" : 120,
      "text" : "the",
      "whiteSpace" : false
    }, {
      "id" : "s3-t3",
      "begin" : 121,
      "end" : 133,
      "text" : "requirements",
      "whiteSpace" : false
    }, {
      "id" : "s3-t4",
      "begin" : 133,
      "end" : 134,
      "text" : "?",
      "whiteSpace" : false
    } ]
  }, {
    "id" : "s4",
    "begin" : 134,
    "end" : 200,
    "text" : "These and other related questions will be answered in this\nthread.",
    "tokens" : [ {
      "id" : "s4-t0",
      "begin" : 134,
      "end" : 139,
      "text" : "These",
      "whiteSpace" : false
    }, {
      "id" : "s4-t1",
      "begin" : 140,
      "end" : 143,
      "text" : "and",
      "whiteSpace" : false
    }, {
      "id" : "s4-t2",
      "begin" : 144,
      "end" : 149,
      "text" : "other",
      "whiteSpace" : false
    }, {
      "id" : "s4-t3",
      "begin" : 150,
      "end" : 157,
      "text" : "related",
      "whiteSpace" : false
    }, {
      "id" : "s4-t4",
      "begin" : 158,
      "end" : 167,
      "text" : "questions",
      "whiteSpace" : false
    }, {
      "id" : "s4-t5",
      "begin" : 168,
      "end" : 172,
      "text" : "will",
      "whiteSpace" : false
    }, {
      "id" : "s4-t6",
      "begin" : 173,
      "end" : 175,
      "text" : "be",
      "whiteSpace" : false
    }, {
      "id" : "s4-t7",
      "begin" : 176,
      "end" : 184,
      "text" : "answered",
      "whiteSpace" : false
    }, {
      "id" : "s4-t8",
      "begin" : 185,
      "end" : 187,
      "text" : "in",
      "whiteSpace" : false
    }, {
      "id" : "s4-t9",
      "begin" : 188,
      "end" : 192,
      "text" : "this",
      "whiteSpace" : false
    }, {
      "id" : "s4-t10",
      "begin" : 193,
      "end" : 199,
      "text" : "thread",
      "whiteSpace" : false
    }, {
      "id" : "s4-t11",
      "begin" : 199,
      "end" : 200,
      "text" : ".",
      "whiteSpace" : false
    } ]
  }, {
    "id" : "s5",
    "begin" : 201,
    "end" : 314,
    "text" : "If you have any additional questions, please feel free to post them\nhere and the Community will be happy to help!",
    "tokens" : [ {
      "id" : "s5-t0",
      "begin" : 201,
      "end" : 203,
      "text" : "If",
      "whiteSpace" : false
    }, {
      "id" : "s5-t1",
      "begin" : 204,
      "end" : 207,
      "text" : "you",
      "whiteSpace" : false
    }, {
      "id" : "s5-t2",
      "begin" : 208,
      "end" : 212,
      "text" : "have",
      "whiteSpace" : false
    }, {
      "id" : "s5-t3",
      "begin" : 213,
      "end" : 216,
      "text" : "any",
      "whiteSpace" : false
    }, {
      "id" : "s5-t4",
      "begin" : 217,
      "end" : 227,
      "text" : "additional",
      "whiteSpace" : false
    }, {
      "id" : "s5-t5",
      "begin" : 228,
      "end" : 237,
      "text" : "questions",
      "whiteSpace" : false
    }, {
      "id" : "s5-t6",
      "begin" : 237,
      "end" : 238,
      "text" : ",",
      "whiteSpace" : false
    }, {
      "id" : "s5-t7",
      "begin" : 239,
      "end" : 245,
      "text" : "please",
      "whiteSpace" : false
    }, {
      "id" : "s5-t8",
      "begin" : 246,
      "end" : 250,
      "text" : "feel",
      "whiteSpace" : false
    }, {
      "id" : "s5-t9",
      "begin" : 251,
      "end" : 255,
      "text" : "free",
      "whiteSpace" : false
    }, {
      "id" : "s5-t10",
      "begin" : 256,
      "end" : 258,
      "text" : "to",
      "whiteSpace" : false
    }, {
      "id" : "s5-t11",
      "begin" : 259,
      "end" : 263,
      "text" : "post",
      "whiteSpace" : false
    }, {
      "id" : "s5-t12",
      "begin" : 264,
      "end" : 268,
      "text" : "them",
      "whiteSpace" : false
    }, {
      "id" : "s5-t13",
      "begin" : 269,
      "end" : 273,
      "text" : "here",
      "whiteSpace" : false
    }, {
      "id" : "s5-t14",
      "begin" : 274,
      "end" : 277,
      "text" : "and",
      "whiteSpace" : false
    }, {
      "id" : "s5-t15",
      "begin" : 278,
      "end" : 281,
      "text" : "the",
      "whiteSpace" : false
    }, {
      "id" : "s5-t16",
      "begin" : 282,
      "end" : 291,
      "text" : "Community",
      "whiteSpace" : false
    }, {
      "id" : "s5-t17",
      "begin" : 292,
      "end" : 296,
      "text" : "will",
      "whiteSpace" : false
    }, {
      "id" : "s5-t18",
      "begin" : 297,
      "end" : 299,
      "text" : "be",
      "whiteSpace" : false
    }, {
      "id" : "s5-t19",
      "begin" : 300,
      "end" : 305,
      "text" : "happy",
      "whiteSpace" : false
    }, {
      "id" : "s5-t20",
      "begin" : 306,
      "end" : 308,
      "text" : "to",
      "whiteSpace" : false
    }, {
      "id" : "s5-t21",
      "begin" : 309,
      "end" : 313,
      "text" : "help",
      "whiteSpace" : false
    }, {
      "id" : "s5-t22",
      "begin" : 313,
      "end" : 314,
      "text" : "!",
      "whiteSpace" : false
    } ]
  }, {
    "id" : "s6",
    "begin" : 314,
    "end" : 394,
    "text" : "Thank you,DmitriyRethink\nPossibleDid a post have a solution that worked for you?",
    "tokens" : [ {
      "id" : "s6-t0",
      "begin" : 314,
      "end" : 319,
      "text" : "Thank",
      "whiteSpace" : false
    }, {
      "id" : "s6-t1",
      "begin" : 320,
      "end" : 323,
      "text" : "you",
      "whiteSpace" : false
    }, {
      "id" : "s6-t2",
      "begin" : 323,
      "end" : 324,
      "text" : ",",
      "whiteSpace" : false
    }, {
      "id" : "s6-t3",
      "begin" : 324,
      "end" : 338,
      "text" : "DmitriyRethink",
      "whiteSpace" : false
    }, {
      "id" : "s6-t4",
      "begin" : 339,
      "end" : 350,
      "text" : "PossibleDid",
      "whiteSpace" : false
    }, {
      "id" : "s6-t5",
      "begin" : 351,
      "end" : 352,
      "text" : "a",
      "whiteSpace" : false
    }, {
      "id" : "s6-t6",
      "begin" : 353,
      "end" : 357,
      "text" : "post",
      "whiteSpace" : false
    }, {
      "id" : "s6-t7",
      "begin" : 358,
      "end" : 362,
      "text" : "have",
      "whiteSpace" : false
    }, {
      "id" : "s6-t8",
      "begin" : 363,
      "end" : 364,
      "text" : "a",
      "whiteSpace" : false
    }, {
      "id" : "s6-t9",
      "begin" : 365,
      "end" : 373,
      "text" : "solution",
      "whiteSpace" : false
    }, {
      "id" : "s6-t10",
      "begin" : 374,
      "end" : 378,
      "text" : "that",
      "whiteSpace" : false
    }, {
      "id" : "s6-t11",
      "begin" : 379,
      "end" : 385,
      "text" : "worked",
      "whiteSpace" : false
    }, {
      "id" : "s6-t12",
      "begin" : 386,
      "end" : 389,
      "text" : "for",
      "whiteSpace" : false
    }, {
      "id" : "s6-t13",
      "begin" : 390,
      "end" : 393,
      "text" : "you",
      "whiteSpace" : false
    }, {
      "id" : "s6-t14",
      "begin" : 393,
      "end" : 394,
      "text" : "?",
      "whiteSpace" : false
    } ]
  }, {
    "id" : "s7",
    "begin" : 395,
    "end" : 494,
    "text" : "Help other people find\nsolutions faster by marking posts that helped you as an \"Accepted Solution\".",
    "tokens" : [ {
      "id" : "s7-t0",
      "begin" : 395,
      "end" : 399,
      "text" : "Help",
      "whiteSpace" : false
    }, {
      "id" : "s7-t1",
      "begin" : 400,
      "end" : 405,
      "text" : "other",
      "whiteSpace" : false
    }, {
      "id" : "s7-t2",
      "begin" : 406,
      "end" : 412,
      "text" : "people",
      "whiteSpace" : false
    }, {
      "id" : "s7-t3",
      "begin" : 413,
      "end" : 417,
      "text" : "find",
      "whiteSpace" : false
    }, {
      "id" : "s7-t4",
      "begin" : 418,
      "end" : 427,
      "text" : "solutions",
      "whiteSpace" : false
    }, {
      "id" : "s7-t5",
      "begin" : 428,
      "end" : 434,
      "text" : "faster",
      "whiteSpace" : false
    }, {
      "id" : "s7-t6",
      "begin" : 435,
      "end" : 437,
      "text" : "by",
      "whiteSpace" : false
    }, {
      "id" : "s7-t7",
      "begin" : 438,
      "end" : 445,
      "text" : "marking",
      "whiteSpace" : false
    }, {
      "id" : "s7-t8",
      "begin" : 446,
      "end" : 451,
      "text" : "posts",
      "whiteSpace" : false
    }, {
      "id" : "s7-t9",
      "begin" : 452,
      "end" : 456,
      "text" : "that",
      "whiteSpace" : false
    }, {
      "id" : "s7-t10",
      "begin" : 457,
      "end" : 463,
      "text" : "helped",
      "whiteSpace" : false
    }, {
      "id" : "s7-t11",
      "begin" : 464,
      "end" : 467,
      "text" : "you",
      "whiteSpace" : false
    }, {
      "id" : "s7-t12",
      "begin" : 468,
      "end" : 470,
      "text" : "as",
      "whiteSpace" : false
    }, {
      "id" : "s7-t13",
      "begin" : 471,
      "end" : 473,
      "text" : "an",
      "whiteSpace" : false
    }, {
      "id" : "s7-t14",
      "begin" : 474,
      "end" : 475,
      "text" : "\"",
      "whiteSpace" : false
    }, {
      "id" : "s7-t15",
      "begin" : 475,
      "end" : 483,
      "text" : "Accepted",
      "whiteSpace" : false
    }, {
      "id" : "s7-t16",
      "begin" : 484,
      "end" : 492,
      "text" : "Solution",
      "whiteSpace" : false
    }, {
      "id" : "s7-t17",
      "begin" : 492,
      "end" : 493,
      "text" : "\"",
      "whiteSpace" : false
    }, {
      "id" : "s7-t18",
      "begin" : 493,
      "end" : 494,
      "text" : ".",
      "whiteSpace" : false
    } ]
  }, {
    "id" : "s8",
    "begin" : 495,
    "end" : 560,
    "text" : "Learn about accepted solutions: Learn More.Solved!Go to Solution.",
    "tokens" : [ {
      "id" : "s8-t0",
      "begin" : 495,
      "end" : 500,
      "text" : "Learn",
      "whiteSpace" : false
    }, {
      "id" : "s8-t1",
      "begin" : 501,
      "end" : 506,
      "text" : "about",
      "whiteSpace" : false
    }, {
      "id" : "s8-t2",
      "begin" : 507,
      "end" : 515,
      "text" : "accepted",
      "whiteSpace" : false
    }, {
      "id" : "s8-t3",
      "begin" : 516,
      "end" : 525,
      "text" : "solutions",
      "whiteSpace" : false
    }, {
      "id" : "s8-t4",
      "begin" : 525,
      "end" : 526,
      "text" : ":",
      "whiteSpace" : false
    }, {
      "id" : "s8-t5",
      "begin" : 527,
      "end" : 532,
      "text" : "Learn",
      "whiteSpace" : false
    }, {
      "id" : "s8-t6",
      "begin" : 533,
      "end" : 545,
      "text" : "More.Solved!",
      "whiteSpace" : false
    }, {
      "id" : "s8-t7",
      "begin" : 545,
      "end" : 547,
      "text" : "Go",
      "whiteSpace" : false
    }, {
      "id" : "s8-t8",
      "begin" : 548,
      "end" : 550,
      "text" : "to",
      "whiteSpace" : false
    }, {
      "id" : "s8-t9",
      "begin" : 551,
      "end" : 559,
      "text" : "Solution",
      "whiteSpace" : false
    }, {
      "id" : "s8-t10",
      "begin" : 559,
      "end" : 560,
      "text" : ".",
      "whiteSpace" : false
    } ]
  } ],
  "mentions" : [ {
    "id" : "s0-m1",
    "properties" : {
      "SIRE_MENTION_ROLE" : "Product",
      "SIRE_ENTITY_SUBTYPE" : "NONE",
      "SIRE_MENTION_TYPE" : "NONE",
      "SIRE_MENTION_CLASS" : "SPC"
    },
    "type" : "Product",
    "begin" : 0,
    "end" : 6,
    "inCoref" : false
  }, {
    "id" : "s1-m1",
    "properties" : {
      "SIRE_MENTION_ROLE" : "Product",
      "SIRE_ENTITY_SUBTYPE" : "NONE",
      "SIRE_MENTION_TYPE" : "NONE",
      "SIRE_MENTION_CLASS" : "SPC"
    },
    "type" : "Product",
    "begin" : 60,
    "end" : 66,
    "inCoref" : false
  } ],
  "relations" : [ ],
  "corefs" : [ ],
  "typeResolved" : true,
  "userResolved" : false
}