{
  "id" : "4dda3da0-fedb-11e6-a6f8-37d4ef31c6bc-8",
  "name" : "0240de21e16fa743a7feaaea980728d6.txt",
  "version" : 3,
  "text" : "medianet on pay as you go working for others?\n\nEdit: never mind i figured it out. I know this might not be many folks in this\nsituation. I extended 3 months of unlimited medianet after finding out\nAT&amp;T; was not going to extend medianet for Pay as you go customers, which\nI have on my unlocked iPhone 2G. So my medianet is set to expire on Feb 12,\n2009. However, as of 3 days ago, all iphone EDGE internet connection started\nworking intermittently and then completely stopped working.Does anyone else\nstill have medianet and did this happen to them? I checked and when I call 611\nit still says medianet is set to expire on Feb 12th. I'm wondering if\nAT&amp;T; is somehow blocking medianet from working on iPhones. If so, then\nperhaps when Medianet runs out, I won't even be able to use the 5MB plan that\nI was planning on getting. That would force me to a real iPhone plan or off of\nAT&amp;T; entirely.I would call AT&amp;T; but I assume the first question they\nwould ask is what type of phone I have and they probably won't support\nMedianet for iPhone since it's not supposed to used with iPhone.Any help would\nbe greatly appreciated! Thanks.Message Edited by aspenboy on 01-22-2009\n07:54:49 AMSolved!Go to Solution.\n\n",
  "docLength" : 0,
  "language" : "EN",
  "status" : "READY",
  "modifiedDate" : 1488751659887,
  "documentSet" : [ ],
  "preannotation" : [ "PRE_LW" ],
  "sentences" : [ {
    "id" : "s0",
    "begin" : 0,
    "end" : 45,
    "text" : "medianet on pay as you go working for others?",
    "tokens" : [ {
      "id" : "s0-t0",
      "begin" : 0,
      "end" : 8,
      "text" : "medianet",
      "whiteSpace" : false
    }, {
      "id" : "s0-t1",
      "begin" : 9,
      "end" : 11,
      "text" : "on",
      "whiteSpace" : false
    }, {
      "id" : "s0-t2",
      "begin" : 12,
      "end" : 15,
      "text" : "pay",
      "whiteSpace" : false
    }, {
      "id" : "s0-t3",
      "begin" : 16,
      "end" : 18,
      "text" : "as",
      "whiteSpace" : false
    }, {
      "id" : "s0-t4",
      "begin" : 19,
      "end" : 22,
      "text" : "you",
      "whiteSpace" : false
    }, {
      "id" : "s0-t5",
      "begin" : 23,
      "end" : 25,
      "text" : "go",
      "whiteSpace" : false
    }, {
      "id" : "s0-t6",
      "begin" : 26,
      "end" : 33,
      "text" : "working",
      "whiteSpace" : false
    }, {
      "id" : "s0-t7",
      "begin" : 34,
      "end" : 37,
      "text" : "for",
      "whiteSpace" : false
    }, {
      "id" : "s0-t8",
      "begin" : 38,
      "end" : 44,
      "text" : "others",
      "whiteSpace" : false
    }, {
      "id" : "s0-t9",
      "begin" : 44,
      "end" : 45,
      "text" : "?",
      "whiteSpace" : false
    } ]
  }, {
    "id" : "s1",
    "begin" : 47,
    "end" : 81,
    "text" : "Edit: never mind i figured it out.",
    "tokens" : [ {
      "id" : "s1-t0",
      "begin" : 47,
      "end" : 51,
      "text" : "Edit",
      "whiteSpace" : false
    }, {
      "id" : "s1-t1",
      "begin" : 51,
      "end" : 52,
      "text" : ":",
      "whiteSpace" : false
    }, {
      "id" : "s1-t2",
      "begin" : 53,
      "end" : 58,
      "text" : "never",
      "whiteSpace" : false
    }, {
      "id" : "s1-t3",
      "begin" : 59,
      "end" : 63,
      "text" : "mind",
      "whiteSpace" : false
    }, {
      "id" : "s1-t4",
      "begin" : 64,
      "end" : 65,
      "text" : "i",
      "whiteSpace" : false
    }, {
      "id" : "s1-t5",
      "begin" : 66,
      "end" : 73,
      "text" : "figured",
      "whiteSpace" : false
    }, {
      "id" : "s1-t6",
      "begin" : 74,
      "end" : 76,
      "text" : "it",
      "whiteSpace" : false
    }, {
      "id" : "s1-t7",
      "begin" : 77,
      "end" : 80,
      "text" : "out",
      "whiteSpace" : false
    }, {
      "id" : "s1-t8",
      "begin" : 80,
      "end" : 81,
      "text" : ".",
      "whiteSpace" : false
    } ]
  }, {
    "id" : "s2",
    "begin" : 82,
    "end" : 136,
    "text" : "I know this might not be many folks in this\nsituation.",
    "tokens" : [ {
      "id" : "s2-t0",
      "begin" : 82,
      "end" : 83,
      "text" : "I",
      "whiteSpace" : false
    }, {
      "id" : "s2-t1",
      "begin" : 84,
      "end" : 88,
      "text" : "know",
      "whiteSpace" : false
    }, {
      "id" : "s2-t2",
      "begin" : 89,
      "end" : 93,
      "text" : "this",
      "whiteSpace" : false
    }, {
      "id" : "s2-t3",
      "begin" : 94,
      "end" : 99,
      "text" : "might",
      "whiteSpace" : false
    }, {
      "id" : "s2-t4",
      "begin" : 100,
      "end" : 103,
      "text" : "not",
      "whiteSpace" : false
    }, {
      "id" : "s2-t5",
      "begin" : 104,
      "end" : 106,
      "text" : "be",
      "whiteSpace" : false
    }, {
      "id" : "s2-t6",
      "begin" : 107,
      "end" : 111,
      "text" : "many",
      "whiteSpace" : false
    }, {
      "id" : "s2-t7",
      "begin" : 112,
      "end" : 117,
      "text" : "folks",
      "whiteSpace" : false
    }, {
      "id" : "s2-t8",
      "begin" : 118,
      "end" : 120,
      "text" : "in",
      "whiteSpace" : false
    }, {
      "id" : "s2-t9",
      "begin" : 121,
      "end" : 125,
      "text" : "this",
      "whiteSpace" : false
    }, {
      "id" : "s2-t10",
      "begin" : 126,
      "end" : 135,
      "text" : "situation",
      "whiteSpace" : false
    }, {
      "id" : "s2-t11",
      "begin" : 135,
      "end" : 136,
      "text" : ".",
      "whiteSpace" : false
    } ]
  }, {
    "id" : "s3",
    "begin" : 137,
    "end" : 356,
    "text" : "I extended 3 months of unlimited medianet after finding out\nAT&amp;T; was not going to extend medianet for Pay as you go customers, which\nI have on my unlocked iPhone 2G. So my medianet is set to expire on Feb 12,\n2009.",
    "tokens" : [ {
      "id" : "s3-t0",
      "begin" : 137,
      "end" : 138,
      "text" : "I",
      "whiteSpace" : false
    }, {
      "id" : "s3-t1",
      "begin" : 139,
      "end" : 147,
      "text" : "extended",
      "whiteSpace" : false
    }, {
      "id" : "s3-t2",
      "begin" : 148,
      "end" : 149,
      "text" : "3",
      "whiteSpace" : false
    }, {
      "id" : "s3-t3",
      "begin" : 150,
      "end" : 156,
      "text" : "months",
      "whiteSpace" : false
    }, {
      "id" : "s3-t4",
      "begin" : 157,
      "end" : 159,
      "text" : "of",
      "whiteSpace" : false
    }, {
      "id" : "s3-t5",
      "begin" : 160,
      "end" : 169,
      "text" : "unlimited",
      "whiteSpace" : false
    }, {
      "id" : "s3-t6",
      "begin" : 170,
      "end" : 178,
      "text" : "medianet",
      "whiteSpace" : false
    }, {
      "id" : "s3-t7",
      "begin" : 179,
      "end" : 184,
      "text" : "after",
      "whiteSpace" : false
    }, {
      "id" : "s3-t8",
      "begin" : 185,
      "end" : 192,
      "text" : "finding",
      "whiteSpace" : false
    }, {
      "id" : "s3-t9",
      "begin" : 193,
      "end" : 196,
      "text" : "out",
      "whiteSpace" : false
    }, {
      "id" : "s3-t10",
      "begin" : 197,
      "end" : 199,
      "text" : "AT",
      "whiteSpace" : false
    }, {
      "id" : "s3-t11",
      "begin" : 199,
      "end" : 204,
      "text" : "&amp;",
      "whiteSpace" : false
    }, {
      "id" : "s3-t12",
      "begin" : 204,
      "end" : 206,
      "text" : "T;",
      "whiteSpace" : false
    }, {
      "id" : "s3-t13",
      "begin" : 207,
      "end" : 210,
      "text" : "was",
      "whiteSpace" : false
    }, {
      "id" : "s3-t14",
      "begin" : 211,
      "end" : 214,
      "text" : "not",
      "whiteSpace" : false
    }, {
      "id" : "s3-t15",
      "begin" : 215,
      "end" : 220,
      "text" : "going",
      "whiteSpace" : false
    }, {
      "id" : "s3-t16",
      "begin" : 221,
      "end" : 223,
      "text" : "to",
      "whiteSpace" : false
    }, {
      "id" : "s3-t17",
      "begin" : 224,
      "end" : 230,
      "text" : "extend",
      "whiteSpace" : false
    }, {
      "id" : "s3-t18",
      "begin" : 231,
      "end" : 239,
      "text" : "medianet",
      "whiteSpace" : false
    }, {
      "id" : "s3-t19",
      "begin" : 240,
      "end" : 243,
      "text" : "for",
      "whiteSpace" : false
    }, {
      "id" : "s3-t20",
      "begin" : 244,
      "end" : 247,
      "text" : "Pay",
      "whiteSpace" : false
    }, {
      "id" : "s3-t21",
      "begin" : 248,
      "end" : 250,
      "text" : "as",
      "whiteSpace" : false
    }, {
      "id" : "s3-t22",
      "begin" : 251,
      "end" : 254,
      "text" : "you",
      "whiteSpace" : false
    }, {
      "id" : "s3-t23",
      "begin" : 255,
      "end" : 257,
      "text" : "go",
      "whiteSpace" : false
    }, {
      "id" : "s3-t24",
      "begin" : 258,
      "end" : 267,
      "text" : "customers",
      "whiteSpace" : false
    }, {
      "id" : "s3-t25",
      "begin" : 267,
      "end" : 268,
      "text" : ",",
      "whiteSpace" : false
    }, {
      "id" : "s3-t26",
      "begin" : 269,
      "end" : 274,
      "text" : "which",
      "whiteSpace" : false
    }, {
      "id" : "s3-t27",
      "begin" : 275,
      "end" : 276,
      "text" : "I",
      "whiteSpace" : false
    }, {
      "id" : "s3-t28",
      "begin" : 277,
      "end" : 281,
      "text" : "have",
      "whiteSpace" : false
    }, {
      "id" : "s3-t29",
      "begin" : 282,
      "end" : 284,
      "text" : "on",
      "whiteSpace" : false
    }, {
      "id" : "s3-t30",
      "begin" : 285,
      "end" : 287,
      "text" : "my",
      "whiteSpace" : false
    }, {
      "id" : "s3-t31",
      "begin" : 288,
      "end" : 296,
      "text" : "unlocked",
      "whiteSpace" : false
    }, {
      "id" : "s3-t32",
      "begin" : 297,
      "end" : 303,
      "text" : "iPhone",
      "whiteSpace" : false
    }, {
      "id" : "s3-t33",
      "begin" : 304,
      "end" : 307,
      "text" : "2G.",
      "whiteSpace" : false
    }, {
      "id" : "s3-t34",
      "begin" : 308,
      "end" : 310,
      "text" : "So",
      "whiteSpace" : false
    }, {
      "id" : "s3-t35",
      "begin" : 311,
      "end" : 313,
      "text" : "my",
      "whiteSpace" : false
    }, {
      "id" : "s3-t36",
      "begin" : 314,
      "end" : 322,
      "text" : "medianet",
      "whiteSpace" : false
    }, {
      "id" : "s3-t37",
      "begin" : 323,
      "end" : 325,
      "text" : "is",
      "whiteSpace" : false
    }, {
      "id" : "s3-t38",
      "begin" : 326,
      "end" : 329,
      "text" : "set",
      "whiteSpace" : false
    }, {
      "id" : "s3-t39",
      "begin" : 330,
      "end" : 332,
      "text" : "to",
      "whiteSpace" : false
    }, {
      "id" : "s3-t40",
      "begin" : 333,
      "end" : 339,
      "text" : "expire",
      "whiteSpace" : false
    }, {
      "id" : "s3-t41",
      "begin" : 340,
      "end" : 342,
      "text" : "on",
      "whiteSpace" : false
    }, {
      "id" : "s3-t42",
      "begin" : 343,
      "end" : 346,
      "text" : "Feb",
      "whiteSpace" : false
    }, {
      "id" : "s3-t43",
      "begin" : 347,
      "end" : 349,
      "text" : "12",
      "whiteSpace" : false
    }, {
      "id" : "s3-t44",
      "begin" : 349,
      "end" : 350,
      "text" : ",",
      "whiteSpace" : false
    }, {
      "id" : "s3-t45",
      "begin" : 351,
      "end" : 355,
      "text" : "2009",
      "whiteSpace" : false
    }, {
      "id" : "s3-t46",
      "begin" : 355,
      "end" : 356,
      "text" : ".",
      "whiteSpace" : false
    } ]
  }, {
    "id" : "s4",
    "begin" : 357,
    "end" : 487,
    "text" : "However, as of 3 days ago, all iphone EDGE internet connection started\nworking intermittently and then completely stopped working.",
    "tokens" : [ {
      "id" : "s4-t0",
      "begin" : 357,
      "end" : 364,
      "text" : "However",
      "whiteSpace" : false
    }, {
      "id" : "s4-t1",
      "begin" : 364,
      "end" : 365,
      "text" : ",",
      "whiteSpace" : false
    }, {
      "id" : "s4-t2",
      "begin" : 366,
      "end" : 368,
      "text" : "as",
      "whiteSpace" : false
    }, {
      "id" : "s4-t3",
      "begin" : 369,
      "end" : 371,
      "text" : "of",
      "whiteSpace" : false
    }, {
      "id" : "s4-t4",
      "begin" : 372,
      "end" : 373,
      "text" : "3",
      "whiteSpace" : false
    }, {
      "id" : "s4-t5",
      "begin" : 374,
      "end" : 378,
      "text" : "days",
      "whiteSpace" : false
    }, {
      "id" : "s4-t6",
      "begin" : 379,
      "end" : 382,
      "text" : "ago",
      "whiteSpace" : false
    }, {
      "id" : "s4-t7",
      "begin" : 382,
      "end" : 383,
      "text" : ",",
      "whiteSpace" : false
    }, {
      "id" : "s4-t8",
      "begin" : 384,
      "end" : 387,
      "text" : "all",
      "whiteSpace" : false
    }, {
      "id" : "s4-t9",
      "begin" : 388,
      "end" : 394,
      "text" : "iphone",
      "whiteSpace" : false
    }, {
      "id" : "s4-t10",
      "begin" : 395,
      "end" : 399,
      "text" : "EDGE",
      "whiteSpace" : false
    }, {
      "id" : "s4-t11",
      "begin" : 400,
      "end" : 408,
      "text" : "internet",
      "whiteSpace" : false
    }, {
      "id" : "s4-t12",
      "begin" : 409,
      "end" : 419,
      "text" : "connection",
      "whiteSpace" : false
    }, {
      "id" : "s4-t13",
      "begin" : 420,
      "end" : 427,
      "text" : "started",
      "whiteSpace" : false
    }, {
      "id" : "s4-t14",
      "begin" : 428,
      "end" : 435,
      "text" : "working",
      "whiteSpace" : false
    }, {
      "id" : "s4-t15",
      "begin" : 436,
      "end" : 450,
      "text" : "intermittently",
      "whiteSpace" : false
    }, {
      "id" : "s4-t16",
      "begin" : 451,
      "end" : 454,
      "text" : "and",
      "whiteSpace" : false
    }, {
      "id" : "s4-t17",
      "begin" : 455,
      "end" : 459,
      "text" : "then",
      "whiteSpace" : false
    }, {
      "id" : "s4-t18",
      "begin" : 460,
      "end" : 470,
      "text" : "completely",
      "whiteSpace" : false
    }, {
      "id" : "s4-t19",
      "begin" : 471,
      "end" : 478,
      "text" : "stopped",
      "whiteSpace" : false
    }, {
      "id" : "s4-t20",
      "begin" : 479,
      "end" : 486,
      "text" : "working",
      "whiteSpace" : false
    }, {
      "id" : "s4-t21",
      "begin" : 486,
      "end" : 487,
      "text" : ".",
      "whiteSpace" : false
    } ]
  }, {
    "id" : "s5",
    "begin" : 487,
    "end" : 552,
    "text" : "Does anyone else\nstill have medianet and did this happen to them?",
    "tokens" : [ {
      "id" : "s5-t0",
      "begin" : 487,
      "end" : 491,
      "text" : "Does",
      "whiteSpace" : false
    }, {
      "id" : "s5-t1",
      "begin" : 492,
      "end" : 498,
      "text" : "anyone",
      "whiteSpace" : false
    }, {
      "id" : "s5-t2",
      "begin" : 499,
      "end" : 503,
      "text" : "else",
      "whiteSpace" : false
    }, {
      "id" : "s5-t3",
      "begin" : 504,
      "end" : 509,
      "text" : "still",
      "whiteSpace" : false
    }, {
      "id" : "s5-t4",
      "begin" : 510,
      "end" : 514,
      "text" : "have",
      "whiteSpace" : false
    }, {
      "id" : "s5-t5",
      "begin" : 515,
      "end" : 523,
      "text" : "medianet",
      "whiteSpace" : false
    }, {
      "id" : "s5-t6",
      "begin" : 524,
      "end" : 527,
      "text" : "and",
      "whiteSpace" : false
    }, {
      "id" : "s5-t7",
      "begin" : 528,
      "end" : 531,
      "text" : "did",
      "whiteSpace" : false
    }, {
      "id" : "s5-t8",
      "begin" : 532,
      "end" : 536,
      "text" : "this",
      "whiteSpace" : false
    }, {
      "id" : "s5-t9",
      "begin" : 537,
      "end" : 543,
      "text" : "happen",
      "whiteSpace" : false
    }, {
      "id" : "s5-t10",
      "begin" : 544,
      "end" : 546,
      "text" : "to",
      "whiteSpace" : false
    }, {
      "id" : "s5-t11",
      "begin" : 547,
      "end" : 551,
      "text" : "them",
      "whiteSpace" : false
    }, {
      "id" : "s5-t12",
      "begin" : 551,
      "end" : 552,
      "text" : "?",
      "whiteSpace" : false
    } ]
  }, {
    "id" : "s6",
    "begin" : 553,
    "end" : 635,
    "text" : "I checked and when I call 611\nit still says medianet is set to expire on Feb 12th.",
    "tokens" : [ {
      "id" : "s6-t0",
      "begin" : 553,
      "end" : 554,
      "text" : "I",
      "whiteSpace" : false
    }, {
      "id" : "s6-t1",
      "begin" : 555,
      "end" : 562,
      "text" : "checked",
      "whiteSpace" : false
    }, {
      "id" : "s6-t2",
      "begin" : 563,
      "end" : 566,
      "text" : "and",
      "whiteSpace" : false
    }, {
      "id" : "s6-t3",
      "begin" : 567,
      "end" : 571,
      "text" : "when",
      "whiteSpace" : false
    }, {
      "id" : "s6-t4",
      "begin" : 572,
      "end" : 573,
      "text" : "I",
      "whiteSpace" : false
    }, {
      "id" : "s6-t5",
      "begin" : 574,
      "end" : 578,
      "text" : "call",
      "whiteSpace" : false
    }, {
      "id" : "s6-t6",
      "begin" : 579,
      "end" : 582,
      "text" : "611",
      "whiteSpace" : false
    }, {
      "id" : "s6-t7",
      "begin" : 583,
      "end" : 585,
      "text" : "it",
      "whiteSpace" : false
    }, {
      "id" : "s6-t8",
      "begin" : 586,
      "end" : 591,
      "text" : "still",
      "whiteSpace" : false
    }, {
      "id" : "s6-t9",
      "begin" : 592,
      "end" : 596,
      "text" : "says",
      "whiteSpace" : false
    }, {
      "id" : "s6-t10",
      "begin" : 597,
      "end" : 605,
      "text" : "medianet",
      "whiteSpace" : false
    }, {
      "id" : "s6-t11",
      "begin" : 606,
      "end" : 608,
      "text" : "is",
      "whiteSpace" : false
    }, {
      "id" : "s6-t12",
      "begin" : 609,
      "end" : 612,
      "text" : "set",
      "whiteSpace" : false
    }, {
      "id" : "s6-t13",
      "begin" : 613,
      "end" : 615,
      "text" : "to",
      "whiteSpace" : false
    }, {
      "id" : "s6-t14",
      "begin" : 616,
      "end" : 622,
      "text" : "expire",
      "whiteSpace" : false
    }, {
      "id" : "s6-t15",
      "begin" : 623,
      "end" : 625,
      "text" : "on",
      "whiteSpace" : false
    }, {
      "id" : "s6-t16",
      "begin" : 626,
      "end" : 629,
      "text" : "Feb",
      "whiteSpace" : false
    }, {
      "id" : "s6-t17",
      "begin" : 630,
      "end" : 634,
      "text" : "12th",
      "whiteSpace" : false
    }, {
      "id" : "s6-t18",
      "begin" : 634,
      "end" : 635,
      "text" : ".",
      "whiteSpace" : false
    } ]
  }, {
    "id" : "s7",
    "begin" : 636,
    "end" : 716,
    "text" : "I'm wondering if\nAT&amp;T; is somehow blocking medianet from working on iPhones.",
    "tokens" : [ {
      "id" : "s7-t0",
      "begin" : 636,
      "end" : 637,
      "text" : "I",
      "whiteSpace" : false
    }, {
      "id" : "s7-t1",
      "begin" : 637,
      "end" : 639,
      "text" : "'m",
      "whiteSpace" : false
    }, {
      "id" : "s7-t2",
      "begin" : 640,
      "end" : 649,
      "text" : "wondering",
      "whiteSpace" : false
    }, {
      "id" : "s7-t3",
      "begin" : 650,
      "end" : 652,
      "text" : "if",
      "whiteSpace" : false
    }, {
      "id" : "s7-t4",
      "begin" : 653,
      "end" : 655,
      "text" : "AT",
      "whiteSpace" : false
    }, {
      "id" : "s7-t5",
      "begin" : 655,
      "end" : 660,
      "text" : "&amp;",
      "whiteSpace" : false
    }, {
      "id" : "s7-t6",
      "begin" : 660,
      "end" : 662,
      "text" : "T;",
      "whiteSpace" : false
    }, {
      "id" : "s7-t7",
      "begin" : 663,
      "end" : 665,
      "text" : "is",
      "whiteSpace" : false
    }, {
      "id" : "s7-t8",
      "begin" : 666,
      "end" : 673,
      "text" : "somehow",
      "whiteSpace" : false
    }, {
      "id" : "s7-t9",
      "begin" : 674,
      "end" : 682,
      "text" : "blocking",
      "whiteSpace" : false
    }, {
      "id" : "s7-t10",
      "begin" : 683,
      "end" : 691,
      "text" : "medianet",
      "whiteSpace" : false
    }, {
      "id" : "s7-t11",
      "begin" : 692,
      "end" : 696,
      "text" : "from",
      "whiteSpace" : false
    }, {
      "id" : "s7-t12",
      "begin" : 697,
      "end" : 704,
      "text" : "working",
      "whiteSpace" : false
    }, {
      "id" : "s7-t13",
      "begin" : 705,
      "end" : 707,
      "text" : "on",
      "whiteSpace" : false
    }, {
      "id" : "s7-t14",
      "begin" : 708,
      "end" : 715,
      "text" : "iPhones",
      "whiteSpace" : false
    }, {
      "id" : "s7-t15",
      "begin" : 715,
      "end" : 716,
      "text" : ".",
      "whiteSpace" : false
    } ]
  }, {
    "id" : "s8",
    "begin" : 717,
    "end" : 833,
    "text" : "If so, then\nperhaps when Medianet runs out, I won't even be able to use the 5MB plan that\nI was planning on getting.",
    "tokens" : [ {
      "id" : "s8-t0",
      "begin" : 717,
      "end" : 719,
      "text" : "If",
      "whiteSpace" : false
    }, {
      "id" : "s8-t1",
      "begin" : 720,
      "end" : 722,
      "text" : "so",
      "whiteSpace" : false
    }, {
      "id" : "s8-t2",
      "begin" : 722,
      "end" : 723,
      "text" : ",",
      "whiteSpace" : false
    }, {
      "id" : "s8-t3",
      "begin" : 724,
      "end" : 728,
      "text" : "then",
      "whiteSpace" : false
    }, {
      "id" : "s8-t4",
      "begin" : 729,
      "end" : 736,
      "text" : "perhaps",
      "whiteSpace" : false
    }, {
      "id" : "s8-t5",
      "begin" : 737,
      "end" : 741,
      "text" : "when",
      "whiteSpace" : false
    }, {
      "id" : "s8-t6",
      "begin" : 742,
      "end" : 750,
      "text" : "Medianet",
      "whiteSpace" : false
    }, {
      "id" : "s8-t7",
      "begin" : 751,
      "end" : 755,
      "text" : "runs",
      "whiteSpace" : false
    }, {
      "id" : "s8-t8",
      "begin" : 756,
      "end" : 759,
      "text" : "out",
      "whiteSpace" : false
    }, {
      "id" : "s8-t9",
      "begin" : 759,
      "end" : 760,
      "text" : ",",
      "whiteSpace" : false
    }, {
      "id" : "s8-t10",
      "begin" : 761,
      "end" : 762,
      "text" : "I",
      "whiteSpace" : false
    }, {
      "id" : "s8-t11",
      "begin" : 763,
      "end" : 765,
      "text" : "wo",
      "whiteSpace" : false
    }, {
      "id" : "s8-t12",
      "begin" : 765,
      "end" : 768,
      "text" : "n't",
      "whiteSpace" : false
    }, {
      "id" : "s8-t13",
      "begin" : 769,
      "end" : 773,
      "text" : "even",
      "whiteSpace" : false
    }, {
      "id" : "s8-t14",
      "begin" : 774,
      "end" : 776,
      "text" : "be",
      "whiteSpace" : false
    }, {
      "id" : "s8-t15",
      "begin" : 777,
      "end" : 781,
      "text" : "able",
      "whiteSpace" : false
    }, {
      "id" : "s8-t16",
      "begin" : 782,
      "end" : 784,
      "text" : "to",
      "whiteSpace" : false
    }, {
      "id" : "s8-t17",
      "begin" : 785,
      "end" : 788,
      "text" : "use",
      "whiteSpace" : false
    }, {
      "id" : "s8-t18",
      "begin" : 789,
      "end" : 792,
      "text" : "the",
      "whiteSpace" : false
    }, {
      "id" : "s8-t19",
      "begin" : 793,
      "end" : 796,
      "text" : "5MB",
      "whiteSpace" : false
    }, {
      "id" : "s8-t20",
      "begin" : 797,
      "end" : 801,
      "text" : "plan",
      "whiteSpace" : false
    }, {
      "id" : "s8-t21",
      "begin" : 802,
      "end" : 806,
      "text" : "that",
      "whiteSpace" : false
    }, {
      "id" : "s8-t22",
      "begin" : 807,
      "end" : 808,
      "text" : "I",
      "whiteSpace" : false
    }, {
      "id" : "s8-t23",
      "begin" : 809,
      "end" : 812,
      "text" : "was",
      "whiteSpace" : false
    }, {
      "id" : "s8-t24",
      "begin" : 813,
      "end" : 821,
      "text" : "planning",
      "whiteSpace" : false
    }, {
      "id" : "s8-t25",
      "begin" : 822,
      "end" : 824,
      "text" : "on",
      "whiteSpace" : false
    }, {
      "id" : "s8-t26",
      "begin" : 825,
      "end" : 832,
      "text" : "getting",
      "whiteSpace" : false
    }, {
      "id" : "s8-t27",
      "begin" : 832,
      "end" : 833,
      "text" : ".",
      "whiteSpace" : false
    } ]
  }, {
    "id" : "s9",
    "begin" : 834,
    "end" : 1138,
    "text" : "That would force me to a real iPhone plan or off of\nAT&amp;T; entirely.I would call AT&amp;T; but I assume the first question they\nwould ask is what type of phone I have and they probably won't support\nMedianet for iPhone since it's not supposed to used with iPhone.Any help would\nbe greatly appreciated!",
    "tokens" : [ {
      "id" : "s9-t0",
      "begin" : 834,
      "end" : 838,
      "text" : "That",
      "whiteSpace" : false
    }, {
      "id" : "s9-t1",
      "begin" : 839,
      "end" : 844,
      "text" : "would",
      "whiteSpace" : false
    }, {
      "id" : "s9-t2",
      "begin" : 845,
      "end" : 850,
      "text" : "force",
      "whiteSpace" : false
    }, {
      "id" : "s9-t3",
      "begin" : 851,
      "end" : 853,
      "text" : "me",
      "whiteSpace" : false
    }, {
      "id" : "s9-t4",
      "begin" : 854,
      "end" : 856,
      "text" : "to",
      "whiteSpace" : false
    }, {
      "id" : "s9-t5",
      "begin" : 857,
      "end" : 858,
      "text" : "a",
      "whiteSpace" : false
    }, {
      "id" : "s9-t6",
      "begin" : 859,
      "end" : 863,
      "text" : "real",
      "whiteSpace" : false
    }, {
      "id" : "s9-t7",
      "begin" : 864,
      "end" : 870,
      "text" : "iPhone",
      "whiteSpace" : false
    }, {
      "id" : "s9-t8",
      "begin" : 871,
      "end" : 875,
      "text" : "plan",
      "whiteSpace" : false
    }, {
      "id" : "s9-t9",
      "begin" : 876,
      "end" : 878,
      "text" : "or",
      "whiteSpace" : false
    }, {
      "id" : "s9-t10",
      "begin" : 879,
      "end" : 882,
      "text" : "off",
      "whiteSpace" : false
    }, {
      "id" : "s9-t11",
      "begin" : 883,
      "end" : 885,
      "text" : "of",
      "whiteSpace" : false
    }, {
      "id" : "s9-t12",
      "begin" : 886,
      "end" : 888,
      "text" : "AT",
      "whiteSpace" : false
    }, {
      "id" : "s9-t13",
      "begin" : 888,
      "end" : 893,
      "text" : "&amp;",
      "whiteSpace" : false
    }, {
      "id" : "s9-t14",
      "begin" : 893,
      "end" : 895,
      "text" : "T;",
      "whiteSpace" : false
    }, {
      "id" : "s9-t15",
      "begin" : 896,
      "end" : 906,
      "text" : "entirely.I",
      "whiteSpace" : false
    }, {
      "id" : "s9-t16",
      "begin" : 907,
      "end" : 912,
      "text" : "would",
      "whiteSpace" : false
    }, {
      "id" : "s9-t17",
      "begin" : 913,
      "end" : 917,
      "text" : "call",
      "whiteSpace" : false
    }, {
      "id" : "s9-t18",
      "begin" : 918,
      "end" : 920,
      "text" : "AT",
      "whiteSpace" : false
    }, {
      "id" : "s9-t19",
      "begin" : 920,
      "end" : 925,
      "text" : "&amp;",
      "whiteSpace" : false
    }, {
      "id" : "s9-t20",
      "begin" : 925,
      "end" : 927,
      "text" : "T;",
      "whiteSpace" : false
    }, {
      "id" : "s9-t21",
      "begin" : 928,
      "end" : 931,
      "text" : "but",
      "whiteSpace" : false
    }, {
      "id" : "s9-t22",
      "begin" : 932,
      "end" : 933,
      "text" : "I",
      "whiteSpace" : false
    }, {
      "id" : "s9-t23",
      "begin" : 934,
      "end" : 940,
      "text" : "assume",
      "whiteSpace" : false
    }, {
      "id" : "s9-t24",
      "begin" : 941,
      "end" : 944,
      "text" : "the",
      "whiteSpace" : false
    }, {
      "id" : "s9-t25",
      "begin" : 945,
      "end" : 950,
      "text" : "first",
      "whiteSpace" : false
    }, {
      "id" : "s9-t26",
      "begin" : 951,
      "end" : 959,
      "text" : "question",
      "whiteSpace" : false
    }, {
      "id" : "s9-t27",
      "begin" : 960,
      "end" : 964,
      "text" : "they",
      "whiteSpace" : false
    }, {
      "id" : "s9-t28",
      "begin" : 965,
      "end" : 970,
      "text" : "would",
      "whiteSpace" : false
    }, {
      "id" : "s9-t29",
      "begin" : 971,
      "end" : 974,
      "text" : "ask",
      "whiteSpace" : false
    }, {
      "id" : "s9-t30",
      "begin" : 975,
      "end" : 977,
      "text" : "is",
      "whiteSpace" : false
    }, {
      "id" : "s9-t31",
      "begin" : 978,
      "end" : 982,
      "text" : "what",
      "whiteSpace" : false
    }, {
      "id" : "s9-t32",
      "begin" : 983,
      "end" : 987,
      "text" : "type",
      "whiteSpace" : false
    }, {
      "id" : "s9-t33",
      "begin" : 988,
      "end" : 990,
      "text" : "of",
      "whiteSpace" : false
    }, {
      "id" : "s9-t34",
      "begin" : 991,
      "end" : 996,
      "text" : "phone",
      "whiteSpace" : false
    }, {
      "id" : "s9-t35",
      "begin" : 997,
      "end" : 998,
      "text" : "I",
      "whiteSpace" : false
    }, {
      "id" : "s9-t36",
      "begin" : 999,
      "end" : 1003,
      "text" : "have",
      "whiteSpace" : false
    }, {
      "id" : "s9-t37",
      "begin" : 1004,
      "end" : 1007,
      "text" : "and",
      "whiteSpace" : false
    }, {
      "id" : "s9-t38",
      "begin" : 1008,
      "end" : 1012,
      "text" : "they",
      "whiteSpace" : false
    }, {
      "id" : "s9-t39",
      "begin" : 1013,
      "end" : 1021,
      "text" : "probably",
      "whiteSpace" : false
    }, {
      "id" : "s9-t40",
      "begin" : 1022,
      "end" : 1024,
      "text" : "wo",
      "whiteSpace" : false
    }, {
      "id" : "s9-t41",
      "begin" : 1024,
      "end" : 1027,
      "text" : "n't",
      "whiteSpace" : false
    }, {
      "id" : "s9-t42",
      "begin" : 1028,
      "end" : 1035,
      "text" : "support",
      "whiteSpace" : false
    }, {
      "id" : "s9-t43",
      "begin" : 1036,
      "end" : 1044,
      "text" : "Medianet",
      "whiteSpace" : false
    }, {
      "id" : "s9-t44",
      "begin" : 1045,
      "end" : 1048,
      "text" : "for",
      "whiteSpace" : false
    }, {
      "id" : "s9-t45",
      "begin" : 1049,
      "end" : 1055,
      "text" : "iPhone",
      "whiteSpace" : false
    }, {
      "id" : "s9-t46",
      "begin" : 1056,
      "end" : 1061,
      "text" : "since",
      "whiteSpace" : false
    }, {
      "id" : "s9-t47",
      "begin" : 1062,
      "end" : 1064,
      "text" : "it",
      "whiteSpace" : false
    }, {
      "id" : "s9-t48",
      "begin" : 1064,
      "end" : 1066,
      "text" : "'s",
      "whiteSpace" : false
    }, {
      "id" : "s9-t49",
      "begin" : 1067,
      "end" : 1070,
      "text" : "not",
      "whiteSpace" : false
    }, {
      "id" : "s9-t50",
      "begin" : 1071,
      "end" : 1079,
      "text" : "supposed",
      "whiteSpace" : false
    }, {
      "id" : "s9-t51",
      "begin" : 1080,
      "end" : 1082,
      "text" : "to",
      "whiteSpace" : false
    }, {
      "id" : "s9-t52",
      "begin" : 1083,
      "end" : 1087,
      "text" : "used",
      "whiteSpace" : false
    }, {
      "id" : "s9-t53",
      "begin" : 1088,
      "end" : 1092,
      "text" : "with",
      "whiteSpace" : false
    }, {
      "id" : "s9-t54",
      "begin" : 1093,
      "end" : 1103,
      "text" : "iPhone.Any",
      "whiteSpace" : false
    }, {
      "id" : "s9-t55",
      "begin" : 1104,
      "end" : 1108,
      "text" : "help",
      "whiteSpace" : false
    }, {
      "id" : "s9-t56",
      "begin" : 1109,
      "end" : 1114,
      "text" : "would",
      "whiteSpace" : false
    }, {
      "id" : "s9-t57",
      "begin" : 1115,
      "end" : 1117,
      "text" : "be",
      "whiteSpace" : false
    }, {
      "id" : "s9-t58",
      "begin" : 1118,
      "end" : 1125,
      "text" : "greatly",
      "whiteSpace" : false
    }, {
      "id" : "s9-t59",
      "begin" : 1126,
      "end" : 1137,
      "text" : "appreciated",
      "whiteSpace" : false
    }, {
      "id" : "s9-t60",
      "begin" : 1137,
      "end" : 1138,
      "text" : "!",
      "whiteSpace" : false
    } ]
  }, {
    "id" : "s10",
    "begin" : 1139,
    "end" : 1205,
    "text" : "Thanks.Message Edited by aspenboy on 01-22-2009\n07:54:49 AMSolved!",
    "tokens" : [ {
      "id" : "s10-t0",
      "begin" : 1139,
      "end" : 1153,
      "text" : "Thanks.Message",
      "whiteSpace" : false
    }, {
      "id" : "s10-t1",
      "begin" : 1154,
      "end" : 1160,
      "text" : "Edited",
      "whiteSpace" : false
    }, {
      "id" : "s10-t2",
      "begin" : 1161,
      "end" : 1163,
      "text" : "by",
      "whiteSpace" : false
    }, {
      "id" : "s10-t3",
      "begin" : 1164,
      "end" : 1172,
      "text" : "aspenboy",
      "whiteSpace" : false
    }, {
      "id" : "s10-t4",
      "begin" : 1173,
      "end" : 1175,
      "text" : "on",
      "whiteSpace" : false
    }, {
      "id" : "s10-t5",
      "begin" : 1176,
      "end" : 1186,
      "text" : "01-22-2009",
      "whiteSpace" : false
    }, {
      "id" : "s10-t6",
      "begin" : 1187,
      "end" : 1195,
      "text" : "07:54:49",
      "whiteSpace" : false
    }, {
      "id" : "s10-t7",
      "begin" : 1196,
      "end" : 1204,
      "text" : "AMSolved",
      "whiteSpace" : false
    }, {
      "id" : "s10-t8",
      "begin" : 1204,
      "end" : 1205,
      "text" : "!",
      "whiteSpace" : false
    } ]
  }, {
    "id" : "s11",
    "begin" : 1205,
    "end" : 1220,
    "text" : "Go to Solution.",
    "tokens" : [ {
      "id" : "s11-t0",
      "begin" : 1205,
      "end" : 1207,
      "text" : "Go",
      "whiteSpace" : false
    }, {
      "id" : "s11-t1",
      "begin" : 1208,
      "end" : 1210,
      "text" : "to",
      "whiteSpace" : false
    }, {
      "id" : "s11-t2",
      "begin" : 1211,
      "end" : 1219,
      "text" : "Solution",
      "whiteSpace" : false
    }, {
      "id" : "s11-t3",
      "begin" : 1219,
      "end" : 1220,
      "text" : ".",
      "whiteSpace" : false
    } ]
  } ],
  "mentions" : [ {
    "id" : "s0-m1",
    "properties" : {
      "SIRE_MENTION_ROLE" : "Service_Plan",
      "SIRE_ENTITY_SUBTYPE" : "NONE",
      "SIRE_MENTION_TYPE" : "NONE",
      "SIRE_MENTION_CLASS" : "SPC"
    },
    "type" : "Service_Plan",
    "begin" : 12,
    "end" : 25,
    "inCoref" : false
  }, {
    "id" : "s3-m4",
    "properties" : {
      "SIRE_MENTION_ROLE" : "Product",
      "SIRE_ENTITY_SUBTYPE" : "NONE",
      "SIRE_MENTION_TYPE" : "NONE",
      "SIRE_MENTION_CLASS" : "SPC"
    },
    "type" : "Product",
    "begin" : 170,
    "end" : 178,
    "inCoref" : false
  }, {
    "id" : "s3-m3",
    "properties" : {
      "SIRE_MENTION_ROLE" : "Service_Provider",
      "SIRE_ENTITY_SUBTYPE" : "NONE",
      "SIRE_MENTION_TYPE" : "NONE",
      "SIRE_MENTION_CLASS" : "SPC"
    },
    "type" : "Service_Provider",
    "begin" : 197,
    "end" : 205,
    "inCoref" : false
  }, {
    "id" : "s3-m6",
    "properties" : {
      "SIRE_MENTION_ROLE" : "Product",
      "SIRE_ENTITY_SUBTYPE" : "NONE",
      "SIRE_MENTION_TYPE" : "NONE",
      "SIRE_MENTION_CLASS" : "SPC"
    },
    "type" : "Product",
    "begin" : 231,
    "end" : 239,
    "inCoref" : false
  }, {
    "id" : "s3-m1",
    "properties" : {
      "SIRE_MENTION_ROLE" : "Product",
      "SIRE_ENTITY_SUBTYPE" : "NONE",
      "SIRE_MENTION_TYPE" : "NONE",
      "SIRE_MENTION_CLASS" : "SPC"
    },
    "type" : "Product",
    "begin" : 244,
    "end" : 257,
    "inCoref" : false
  }, {
    "id" : "s3-m2",
    "properties" : {
      "SIRE_MENTION_ROLE" : "Product",
      "SIRE_ENTITY_SUBTYPE" : "NONE",
      "SIRE_MENTION_TYPE" : "NONE",
      "SIRE_MENTION_CLASS" : "SPC"
    },
    "type" : "Product",
    "begin" : 297,
    "end" : 307,
    "inCoref" : false
  }, {
    "id" : "s3-m5",
    "properties" : {
      "SIRE_MENTION_ROLE" : "Product",
      "SIRE_ENTITY_SUBTYPE" : "NONE",
      "SIRE_MENTION_TYPE" : "NONE",
      "SIRE_MENTION_CLASS" : "SPC"
    },
    "type" : "Product",
    "begin" : 314,
    "end" : 322,
    "inCoref" : false
  }, {
    "id" : "s8-m0",
    "properties" : {
      "SIRE_MENTION_ROLE" : "Product",
      "SIRE_MENTION_TYPE" : "NONE",
      "SIRE_ENTITY_SUBTYPE" : "NONE",
      "SIRE_MENTION_CLASS" : "SPC"
    },
    "type" : "Product",
    "begin" : 388,
    "end" : 394,
    "inCoref" : false
  }, {
    "id" : "s8-m1",
    "properties" : {
      "SIRE_MENTION_ROLE" : "Internet_Connectivity",
      "SIRE_ENTITY_SUBTYPE" : "NONE",
      "SIRE_MENTION_TYPE" : "NONE",
      "SIRE_MENTION_CLASS" : "SPC"
    },
    "type" : "Internet_Connectivity",
    "begin" : 395,
    "end" : 399,
    "inCoref" : false
  }, {
    "id" : "s8-m2",
    "properties" : {
      "SIRE_MENTION_ROLE" : "Internet_Connectivity",
      "SIRE_ENTITY_SUBTYPE" : "NONE",
      "SIRE_MENTION_TYPE" : "NONE",
      "SIRE_MENTION_CLASS" : "SPC"
    },
    "type" : "Internet_Connectivity",
    "begin" : 400,
    "end" : 419,
    "inCoref" : false
  }, {
    "id" : "s5-m1",
    "properties" : {
      "SIRE_MENTION_ROLE" : "Product",
      "SIRE_ENTITY_SUBTYPE" : "NONE",
      "SIRE_MENTION_TYPE" : "NONE",
      "SIRE_MENTION_CLASS" : "SPC"
    },
    "type" : "Product",
    "begin" : 515,
    "end" : 523,
    "inCoref" : false
  }, {
    "id" : "s6-m1",
    "properties" : {
      "SIRE_MENTION_ROLE" : "Product",
      "SIRE_ENTITY_SUBTYPE" : "NONE",
      "SIRE_MENTION_TYPE" : "NONE",
      "SIRE_MENTION_CLASS" : "SPC"
    },
    "type" : "Product",
    "begin" : 597,
    "end" : 605,
    "inCoref" : false
  }, {
    "id" : "s7-m2",
    "properties" : {
      "SIRE_MENTION_ROLE" : "Service_Provider",
      "SIRE_ENTITY_SUBTYPE" : "NONE",
      "SIRE_MENTION_TYPE" : "NONE",
      "SIRE_MENTION_CLASS" : "SPC"
    },
    "type" : "Service_Provider",
    "begin" : 653,
    "end" : 661,
    "inCoref" : false
  }, {
    "id" : "s7-m3",
    "properties" : {
      "SIRE_MENTION_ROLE" : "Product",
      "SIRE_ENTITY_SUBTYPE" : "NONE",
      "SIRE_MENTION_TYPE" : "NONE",
      "SIRE_MENTION_CLASS" : "SPC"
    },
    "type" : "Product",
    "begin" : 683,
    "end" : 691,
    "inCoref" : false
  }, {
    "id" : "cm1",
    "properties" : {
      "SIRE_MENTION_ROLE" : "Product",
      "SIRE_ENTITY_SUBTYPE" : "NONE",
      "SIRE_MENTION_TYPE" : "NONE",
      "SIRE_MENTION_CLASS" : "SPC"
    },
    "type" : "Product",
    "begin" : 708,
    "end" : 715,
    "inCoref" : false
  }, {
    "id" : "s8-m3",
    "properties" : {
      "SIRE_MENTION_ROLE" : "Product",
      "SIRE_ENTITY_SUBTYPE" : "NONE",
      "SIRE_MENTION_TYPE" : "NONE",
      "SIRE_MENTION_CLASS" : "SPC"
    },
    "type" : "Product",
    "begin" : 742,
    "end" : 750,
    "inCoref" : false
  }, {
    "id" : "s8-m4",
    "properties" : {
      "SIRE_MENTION_ROLE" : "Service_Plan",
      "SIRE_ENTITY_SUBTYPE" : "NONE",
      "SIRE_MENTION_TYPE" : "NONE",
      "SIRE_MENTION_CLASS" : "SPC"
    },
    "type" : "Service_Plan",
    "begin" : 793,
    "end" : 801,
    "inCoref" : false
  }, {
    "id" : "s9-m3",
    "properties" : {
      "SIRE_MENTION_ROLE" : "Product",
      "SIRE_ENTITY_SUBTYPE" : "NONE",
      "SIRE_MENTION_TYPE" : "NONE",
      "SIRE_MENTION_CLASS" : "SPC"
    },
    "type" : "Product",
    "begin" : 864,
    "end" : 870,
    "inCoref" : false
  }, {
    "id" : "s9-m7",
    "properties" : {
      "SIRE_MENTION_ROLE" : "Service_Plan",
      "SIRE_ENTITY_SUBTYPE" : "NONE",
      "SIRE_MENTION_TYPE" : "NONE",
      "SIRE_MENTION_CLASS" : "SPC"
    },
    "type" : "Service_Plan",
    "begin" : 871,
    "end" : 875,
    "inCoref" : false
  }, {
    "id" : "s9-m4",
    "properties" : {
      "SIRE_MENTION_ROLE" : "Service_Provider",
      "SIRE_ENTITY_SUBTYPE" : "NONE",
      "SIRE_MENTION_TYPE" : "NONE",
      "SIRE_MENTION_CLASS" : "SPC"
    },
    "type" : "Service_Provider",
    "begin" : 886,
    "end" : 894,
    "inCoref" : false
  }, {
    "id" : "s9-m5",
    "properties" : {
      "SIRE_MENTION_ROLE" : "Service_Provider",
      "SIRE_ENTITY_SUBTYPE" : "NONE",
      "SIRE_MENTION_TYPE" : "NONE",
      "SIRE_MENTION_CLASS" : "SPC"
    },
    "type" : "Service_Provider",
    "begin" : 918,
    "end" : 926,
    "inCoref" : false
  }, {
    "id" : "s9-m6",
    "properties" : {
      "SIRE_MENTION_ROLE" : "Product",
      "SIRE_ENTITY_SUBTYPE" : "NONE",
      "SIRE_MENTION_TYPE" : "NONE",
      "SIRE_MENTION_CLASS" : "SPC"
    },
    "type" : "Product",
    "begin" : 1036,
    "end" : 1044,
    "inCoref" : false
  }, {
    "id" : "s9-m1",
    "properties" : {
      "SIRE_MENTION_ROLE" : "Product",
      "SIRE_ENTITY_SUBTYPE" : "NONE",
      "SIRE_MENTION_TYPE" : "NONE",
      "SIRE_MENTION_CLASS" : "SPC"
    },
    "type" : "Product",
    "begin" : 1049,
    "end" : 1055,
    "inCoref" : false
  }, {
    "id" : "s9-m2",
    "properties" : {
      "SIRE_MENTION_ROLE" : "Product",
      "SIRE_ENTITY_SUBTYPE" : "NONE",
      "SIRE_MENTION_TYPE" : "NONE",
      "SIRE_MENTION_CLASS" : "SPC"
    },
    "type" : "Product",
    "begin" : 1093,
    "end" : 1100,
    "inCoref" : false
  } ],
  "relations" : [ ],
  "corefs" : [ ],
  "typeResolved" : true,
  "userResolved" : false
}