{
  "id" : "4dda3da0-fedb-11e6-a6f8-37d4ef31c6bc-9",
  "name" : "0240de21e16fa743a7feaaea9828497d.txt",
  "version" : 3,
  "text" : "Contact ranking\n\nHow can the number one contact not show any text or calls in AT&amp;T; smart\nlimits\n\n",
  "docLength" : 0,
  "language" : "EN",
  "status" : "READY",
  "modifiedDate" : 1488751505576,
  "documentSet" : [ ],
  "preannotation" : [ "PRE_LW" ],
  "sentences" : [ {
    "id" : "s0",
    "begin" : 0,
    "end" : 15,
    "text" : "Contact ranking",
    "tokens" : [ {
      "id" : "s0-t0",
      "begin" : 0,
      "end" : 7,
      "text" : "Contact",
      "whiteSpace" : false
    }, {
      "id" : "s0-t1",
      "begin" : 8,
      "end" : 15,
      "text" : "ranking",
      "whiteSpace" : false
    } ]
  }, {
    "id" : "s1",
    "begin" : 17,
    "end" : 100,
    "text" : "How can the number one contact not show any text or calls in AT&amp;T; smart\nlimits",
    "tokens" : [ {
      "id" : "s1-t0",
      "begin" : 17,
      "end" : 20,
      "text" : "How",
      "whiteSpace" : false
    }, {
      "id" : "s1-t1",
      "begin" : 21,
      "end" : 24,
      "text" : "can",
      "whiteSpace" : false
    }, {
      "id" : "s1-t2",
      "begin" : 25,
      "end" : 28,
      "text" : "the",
      "whiteSpace" : false
    }, {
      "id" : "s1-t3",
      "begin" : 29,
      "end" : 35,
      "text" : "number",
      "whiteSpace" : false
    }, {
      "id" : "s1-t4",
      "begin" : 36,
      "end" : 39,
      "text" : "one",
      "whiteSpace" : false
    }, {
      "id" : "s1-t5",
      "begin" : 40,
      "end" : 47,
      "text" : "contact",
      "whiteSpace" : false
    }, {
      "id" : "s1-t6",
      "begin" : 48,
      "end" : 51,
      "text" : "not",
      "whiteSpace" : false
    }, {
      "id" : "s1-t7",
      "begin" : 52,
      "end" : 56,
      "text" : "show",
      "whiteSpace" : false
    }, {
      "id" : "s1-t8",
      "begin" : 57,
      "end" : 60,
      "text" : "any",
      "whiteSpace" : false
    }, {
      "id" : "s1-t9",
      "begin" : 61,
      "end" : 65,
      "text" : "text",
      "whiteSpace" : false
    }, {
      "id" : "s1-t10",
      "begin" : 66,
      "end" : 68,
      "text" : "or",
      "whiteSpace" : false
    }, {
      "id" : "s1-t11",
      "begin" : 69,
      "end" : 74,
      "text" : "calls",
      "whiteSpace" : false
    }, {
      "id" : "s1-t12",
      "begin" : 75,
      "end" : 77,
      "text" : "in",
      "whiteSpace" : false
    }, {
      "id" : "s1-t13",
      "begin" : 78,
      "end" : 80,
      "text" : "AT",
      "whiteSpace" : false
    }, {
      "id" : "s1-t14",
      "begin" : 80,
      "end" : 85,
      "text" : "&amp;",
      "whiteSpace" : false
    }, {
      "id" : "s1-t15",
      "begin" : 85,
      "end" : 87,
      "text" : "T;",
      "whiteSpace" : false
    }, {
      "id" : "s1-t16",
      "begin" : 88,
      "end" : 93,
      "text" : "smart",
      "whiteSpace" : false
    }, {
      "id" : "s1-t17",
      "begin" : 94,
      "end" : 100,
      "text" : "limits",
      "whiteSpace" : false
    } ]
  } ],
  "mentions" : [ {
    "id" : "s1-m1",
    "properties" : {
      "SIRE_MENTION_ROLE" : "Voice_Text",
      "SIRE_ENTITY_SUBTYPE" : "NONE",
      "SIRE_MENTION_TYPE" : "NONE",
      "SIRE_MENTION_CLASS" : "SPC"
    },
    "type" : "Voice_Text",
    "begin" : 61,
    "end" : 65,
    "inCoref" : false
  }, {
    "id" : "s1-m3",
    "properties" : {
      "SIRE_MENTION_ROLE" : "Voice_Text",
      "SIRE_ENTITY_SUBTYPE" : "NONE",
      "SIRE_MENTION_TYPE" : "NONE",
      "SIRE_MENTION_CLASS" : "SPC"
    },
    "type" : "Voice_Text",
    "begin" : 69,
    "end" : 74,
    "inCoref" : false
  }, {
    "id" : "s1-m2",
    "properties" : {
      "SIRE_MENTION_ROLE" : "Service_Provider",
      "SIRE_ENTITY_SUBTYPE" : "NONE",
      "SIRE_MENTION_TYPE" : "NONE",
      "SIRE_MENTION_CLASS" : "SPC"
    },
    "type" : "Service_Provider",
    "begin" : 78,
    "end" : 86,
    "inCoref" : false
  } ],
  "relations" : [ ],
  "corefs" : [ ],
  "typeResolved" : true,
  "userResolved" : false
}