{
  "id" : "4dda3da0-fedb-11e6-a6f8-37d4ef31c6bc-4",
  "name" : "0240de21e16fa743a7feaaea9809ce49.txt",
  "version" : 3,
  "text" : "iOS app - updated 2/8/17: No more bar graph comparing data usage to days in\nbilling cycle?\n\nI called in to ask where this went, and the agent said she noticed it was\ngone, too, and agreed that it should come back as a feature. It was usually\nthe only thing I would load the app for, to see if our data usage was on par\nwith the days in the billing cycle.It would take less than 1/8\" on an iPhone\nscreen to add this simple bar graph back in. I compared it to horse races, and\nthe agent laughed about that.One line: Billing cycle days gone\n=====================..................................Second line: Data usage\n=============....................................................With one\nquick glance, I used to be able to tell if our usage was good for the month or\nrunning a little ahead.AT&amp;T;: Please put that feature back in the\napp!Also, it would be nice to be able to reorder the \"cards\" in the app. I\nwould like to see Usage over Billing, anytime.Anyone else feel this way? If\nso, please call AT&amp;T; at 800-331-0500, and request that they put the horse\nrace bars back in!Thanks!\n\n",
  "docLength" : 0,
  "language" : "EN",
  "status" : "READY",
  "modifiedDate" : 1488751412714,
  "documentSet" : [ ],
  "preannotation" : [ "PRE_LW" ],
  "sentences" : [ {
    "id" : "s0",
    "begin" : 0,
    "end" : 90,
    "text" : "iOS app - updated 2/8/17: No more bar graph comparing data usage to days in\nbilling cycle?",
    "tokens" : [ {
      "id" : "s0-t0",
      "begin" : 0,
      "end" : 3,
      "text" : "iOS",
      "whiteSpace" : false
    }, {
      "id" : "s0-t1",
      "begin" : 4,
      "end" : 7,
      "text" : "app",
      "whiteSpace" : false
    }, {
      "id" : "s0-t2",
      "begin" : 8,
      "end" : 9,
      "text" : "-",
      "whiteSpace" : false
    }, {
      "id" : "s0-t3",
      "begin" : 10,
      "end" : 17,
      "text" : "updated",
      "whiteSpace" : false
    }, {
      "id" : "s0-t4",
      "begin" : 18,
      "end" : 24,
      "text" : "2/8/17",
      "whiteSpace" : false
    }, {
      "id" : "s0-t5",
      "begin" : 24,
      "end" : 25,
      "text" : ":",
      "whiteSpace" : false
    }, {
      "id" : "s0-t6",
      "begin" : 26,
      "end" : 28,
      "text" : "No",
      "whiteSpace" : false
    }, {
      "id" : "s0-t7",
      "begin" : 29,
      "end" : 33,
      "text" : "more",
      "whiteSpace" : false
    }, {
      "id" : "s0-t8",
      "begin" : 34,
      "end" : 37,
      "text" : "bar",
      "whiteSpace" : false
    }, {
      "id" : "s0-t9",
      "begin" : 38,
      "end" : 43,
      "text" : "graph",
      "whiteSpace" : false
    }, {
      "id" : "s0-t10",
      "begin" : 44,
      "end" : 53,
      "text" : "comparing",
      "whiteSpace" : false
    }, {
      "id" : "s0-t11",
      "begin" : 54,
      "end" : 58,
      "text" : "data",
      "whiteSpace" : false
    }, {
      "id" : "s0-t12",
      "begin" : 59,
      "end" : 64,
      "text" : "usage",
      "whiteSpace" : false
    }, {
      "id" : "s0-t13",
      "begin" : 65,
      "end" : 67,
      "text" : "to",
      "whiteSpace" : false
    }, {
      "id" : "s0-t14",
      "begin" : 68,
      "end" : 72,
      "text" : "days",
      "whiteSpace" : false
    }, {
      "id" : "s0-t15",
      "begin" : 73,
      "end" : 75,
      "text" : "in",
      "whiteSpace" : false
    }, {
      "id" : "s0-t16",
      "begin" : 76,
      "end" : 83,
      "text" : "billing",
      "whiteSpace" : false
    }, {
      "id" : "s0-t17",
      "begin" : 84,
      "end" : 89,
      "text" : "cycle",
      "whiteSpace" : false
    }, {
      "id" : "s0-t18",
      "begin" : 89,
      "end" : 90,
      "text" : "?",
      "whiteSpace" : false
    } ]
  }, {
    "id" : "s1",
    "begin" : 92,
    "end" : 226,
    "text" : "I called in to ask where this went, and the agent said she noticed it was\ngone, too, and agreed that it should come back as a feature.",
    "tokens" : [ {
      "id" : "s1-t0",
      "begin" : 92,
      "end" : 93,
      "text" : "I",
      "whiteSpace" : false
    }, {
      "id" : "s1-t1",
      "begin" : 94,
      "end" : 100,
      "text" : "called",
      "whiteSpace" : false
    }, {
      "id" : "s1-t2",
      "begin" : 101,
      "end" : 103,
      "text" : "in",
      "whiteSpace" : false
    }, {
      "id" : "s1-t3",
      "begin" : 104,
      "end" : 106,
      "text" : "to",
      "whiteSpace" : false
    }, {
      "id" : "s1-t4",
      "begin" : 107,
      "end" : 110,
      "text" : "ask",
      "whiteSpace" : false
    }, {
      "id" : "s1-t5",
      "begin" : 111,
      "end" : 116,
      "text" : "where",
      "whiteSpace" : false
    }, {
      "id" : "s1-t6",
      "begin" : 117,
      "end" : 121,
      "text" : "this",
      "whiteSpace" : false
    }, {
      "id" : "s1-t7",
      "begin" : 122,
      "end" : 126,
      "text" : "went",
      "whiteSpace" : false
    }, {
      "id" : "s1-t8",
      "begin" : 126,
      "end" : 127,
      "text" : ",",
      "whiteSpace" : false
    }, {
      "id" : "s1-t9",
      "begin" : 128,
      "end" : 131,
      "text" : "and",
      "whiteSpace" : false
    }, {
      "id" : "s1-t10",
      "begin" : 132,
      "end" : 135,
      "text" : "the",
      "whiteSpace" : false
    }, {
      "id" : "s1-t11",
      "begin" : 136,
      "end" : 141,
      "text" : "agent",
      "whiteSpace" : false
    }, {
      "id" : "s1-t12",
      "begin" : 142,
      "end" : 146,
      "text" : "said",
      "whiteSpace" : false
    }, {
      "id" : "s1-t13",
      "begin" : 147,
      "end" : 150,
      "text" : "she",
      "whiteSpace" : false
    }, {
      "id" : "s1-t14",
      "begin" : 151,
      "end" : 158,
      "text" : "noticed",
      "whiteSpace" : false
    }, {
      "id" : "s1-t15",
      "begin" : 159,
      "end" : 161,
      "text" : "it",
      "whiteSpace" : false
    }, {
      "id" : "s1-t16",
      "begin" : 162,
      "end" : 165,
      "text" : "was",
      "whiteSpace" : false
    }, {
      "id" : "s1-t17",
      "begin" : 166,
      "end" : 170,
      "text" : "gone",
      "whiteSpace" : false
    }, {
      "id" : "s1-t18",
      "begin" : 170,
      "end" : 171,
      "text" : ",",
      "whiteSpace" : false
    }, {
      "id" : "s1-t19",
      "begin" : 172,
      "end" : 175,
      "text" : "too",
      "whiteSpace" : false
    }, {
      "id" : "s1-t20",
      "begin" : 175,
      "end" : 176,
      "text" : ",",
      "whiteSpace" : false
    }, {
      "id" : "s1-t21",
      "begin" : 177,
      "end" : 180,
      "text" : "and",
      "whiteSpace" : false
    }, {
      "id" : "s1-t22",
      "begin" : 181,
      "end" : 187,
      "text" : "agreed",
      "whiteSpace" : false
    }, {
      "id" : "s1-t23",
      "begin" : 188,
      "end" : 192,
      "text" : "that",
      "whiteSpace" : false
    }, {
      "id" : "s1-t24",
      "begin" : 193,
      "end" : 195,
      "text" : "it",
      "whiteSpace" : false
    }, {
      "id" : "s1-t25",
      "begin" : 196,
      "end" : 202,
      "text" : "should",
      "whiteSpace" : false
    }, {
      "id" : "s1-t26",
      "begin" : 203,
      "end" : 207,
      "text" : "come",
      "whiteSpace" : false
    }, {
      "id" : "s1-t27",
      "begin" : 208,
      "end" : 212,
      "text" : "back",
      "whiteSpace" : false
    }, {
      "id" : "s1-t28",
      "begin" : 213,
      "end" : 215,
      "text" : "as",
      "whiteSpace" : false
    }, {
      "id" : "s1-t29",
      "begin" : 216,
      "end" : 217,
      "text" : "a",
      "whiteSpace" : false
    }, {
      "id" : "s1-t30",
      "begin" : 218,
      "end" : 225,
      "text" : "feature",
      "whiteSpace" : false
    }, {
      "id" : "s1-t31",
      "begin" : 225,
      "end" : 226,
      "text" : ".",
      "whiteSpace" : false
    } ]
  }, {
    "id" : "s2",
    "begin" : 227,
    "end" : 354,
    "text" : "It was usually\nthe only thing I would load the app for, to see if our data usage was on par\nwith the days in the billing cycle.",
    "tokens" : [ {
      "id" : "s2-t0",
      "begin" : 227,
      "end" : 229,
      "text" : "It",
      "whiteSpace" : false
    }, {
      "id" : "s2-t1",
      "begin" : 230,
      "end" : 233,
      "text" : "was",
      "whiteSpace" : false
    }, {
      "id" : "s2-t2",
      "begin" : 234,
      "end" : 241,
      "text" : "usually",
      "whiteSpace" : false
    }, {
      "id" : "s2-t3",
      "begin" : 242,
      "end" : 245,
      "text" : "the",
      "whiteSpace" : false
    }, {
      "id" : "s2-t4",
      "begin" : 246,
      "end" : 250,
      "text" : "only",
      "whiteSpace" : false
    }, {
      "id" : "s2-t5",
      "begin" : 251,
      "end" : 256,
      "text" : "thing",
      "whiteSpace" : false
    }, {
      "id" : "s2-t6",
      "begin" : 257,
      "end" : 258,
      "text" : "I",
      "whiteSpace" : false
    }, {
      "id" : "s2-t7",
      "begin" : 259,
      "end" : 264,
      "text" : "would",
      "whiteSpace" : false
    }, {
      "id" : "s2-t8",
      "begin" : 265,
      "end" : 269,
      "text" : "load",
      "whiteSpace" : false
    }, {
      "id" : "s2-t9",
      "begin" : 270,
      "end" : 273,
      "text" : "the",
      "whiteSpace" : false
    }, {
      "id" : "s2-t10",
      "begin" : 274,
      "end" : 277,
      "text" : "app",
      "whiteSpace" : false
    }, {
      "id" : "s2-t11",
      "begin" : 278,
      "end" : 281,
      "text" : "for",
      "whiteSpace" : false
    }, {
      "id" : "s2-t12",
      "begin" : 281,
      "end" : 282,
      "text" : ",",
      "whiteSpace" : false
    }, {
      "id" : "s2-t13",
      "begin" : 283,
      "end" : 285,
      "text" : "to",
      "whiteSpace" : false
    }, {
      "id" : "s2-t14",
      "begin" : 286,
      "end" : 289,
      "text" : "see",
      "whiteSpace" : false
    }, {
      "id" : "s2-t15",
      "begin" : 290,
      "end" : 292,
      "text" : "if",
      "whiteSpace" : false
    }, {
      "id" : "s2-t16",
      "begin" : 293,
      "end" : 296,
      "text" : "our",
      "whiteSpace" : false
    }, {
      "id" : "s2-t17",
      "begin" : 297,
      "end" : 301,
      "text" : "data",
      "whiteSpace" : false
    }, {
      "id" : "s2-t18",
      "begin" : 302,
      "end" : 307,
      "text" : "usage",
      "whiteSpace" : false
    }, {
      "id" : "s2-t19",
      "begin" : 308,
      "end" : 311,
      "text" : "was",
      "whiteSpace" : false
    }, {
      "id" : "s2-t20",
      "begin" : 312,
      "end" : 314,
      "text" : "on",
      "whiteSpace" : false
    }, {
      "id" : "s2-t21",
      "begin" : 315,
      "end" : 318,
      "text" : "par",
      "whiteSpace" : false
    }, {
      "id" : "s2-t22",
      "begin" : 319,
      "end" : 323,
      "text" : "with",
      "whiteSpace" : false
    }, {
      "id" : "s2-t23",
      "begin" : 324,
      "end" : 327,
      "text" : "the",
      "whiteSpace" : false
    }, {
      "id" : "s2-t24",
      "begin" : 328,
      "end" : 332,
      "text" : "days",
      "whiteSpace" : false
    }, {
      "id" : "s2-t25",
      "begin" : 333,
      "end" : 335,
      "text" : "in",
      "whiteSpace" : false
    }, {
      "id" : "s2-t26",
      "begin" : 336,
      "end" : 339,
      "text" : "the",
      "whiteSpace" : false
    }, {
      "id" : "s2-t27",
      "begin" : 340,
      "end" : 347,
      "text" : "billing",
      "whiteSpace" : false
    }, {
      "id" : "s2-t28",
      "begin" : 348,
      "end" : 353,
      "text" : "cycle",
      "whiteSpace" : false
    }, {
      "id" : "s2-t29",
      "begin" : 353,
      "end" : 354,
      "text" : ".",
      "whiteSpace" : false
    } ]
  }, {
    "id" : "s3",
    "begin" : 354,
    "end" : 440,
    "text" : "It would take less than 1/8\" on an iPhone\nscreen to add this simple bar graph back in.",
    "tokens" : [ {
      "id" : "s3-t0",
      "begin" : 354,
      "end" : 356,
      "text" : "It",
      "whiteSpace" : false
    }, {
      "id" : "s3-t1",
      "begin" : 357,
      "end" : 362,
      "text" : "would",
      "whiteSpace" : false
    }, {
      "id" : "s3-t2",
      "begin" : 363,
      "end" : 367,
      "text" : "take",
      "whiteSpace" : false
    }, {
      "id" : "s3-t3",
      "begin" : 368,
      "end" : 372,
      "text" : "less",
      "whiteSpace" : false
    }, {
      "id" : "s3-t4",
      "begin" : 373,
      "end" : 377,
      "text" : "than",
      "whiteSpace" : false
    }, {
      "id" : "s3-t5",
      "begin" : 378,
      "end" : 381,
      "text" : "1/8",
      "whiteSpace" : false
    }, {
      "id" : "s3-t6",
      "begin" : 381,
      "end" : 382,
      "text" : "\"",
      "whiteSpace" : false
    }, {
      "id" : "s3-t7",
      "begin" : 383,
      "end" : 385,
      "text" : "on",
      "whiteSpace" : false
    }, {
      "id" : "s3-t8",
      "begin" : 386,
      "end" : 388,
      "text" : "an",
      "whiteSpace" : false
    }, {
      "id" : "s3-t9",
      "begin" : 389,
      "end" : 395,
      "text" : "iPhone",
      "whiteSpace" : false
    }, {
      "id" : "s3-t10",
      "begin" : 396,
      "end" : 402,
      "text" : "screen",
      "whiteSpace" : false
    }, {
      "id" : "s3-t11",
      "begin" : 403,
      "end" : 405,
      "text" : "to",
      "whiteSpace" : false
    }, {
      "id" : "s3-t12",
      "begin" : 406,
      "end" : 409,
      "text" : "add",
      "whiteSpace" : false
    }, {
      "id" : "s3-t13",
      "begin" : 410,
      "end" : 414,
      "text" : "this",
      "whiteSpace" : false
    }, {
      "id" : "s3-t14",
      "begin" : 415,
      "end" : 421,
      "text" : "simple",
      "whiteSpace" : false
    }, {
      "id" : "s3-t15",
      "begin" : 422,
      "end" : 425,
      "text" : "bar",
      "whiteSpace" : false
    }, {
      "id" : "s3-t16",
      "begin" : 426,
      "end" : 431,
      "text" : "graph",
      "whiteSpace" : false
    }, {
      "id" : "s3-t17",
      "begin" : 432,
      "end" : 436,
      "text" : "back",
      "whiteSpace" : false
    }, {
      "id" : "s3-t18",
      "begin" : 437,
      "end" : 439,
      "text" : "in",
      "whiteSpace" : false
    }, {
      "id" : "s3-t19",
      "begin" : 439,
      "end" : 440,
      "text" : ".",
      "whiteSpace" : false
    } ]
  }, {
    "id" : "s4",
    "begin" : 441,
    "end" : 504,
    "text" : "I compared it to horse races, and\nthe agent laughed about that.",
    "tokens" : [ {
      "id" : "s4-t0",
      "begin" : 441,
      "end" : 442,
      "text" : "I",
      "whiteSpace" : false
    }, {
      "id" : "s4-t1",
      "begin" : 443,
      "end" : 451,
      "text" : "compared",
      "whiteSpace" : false
    }, {
      "id" : "s4-t2",
      "begin" : 452,
      "end" : 454,
      "text" : "it",
      "whiteSpace" : false
    }, {
      "id" : "s4-t3",
      "begin" : 455,
      "end" : 457,
      "text" : "to",
      "whiteSpace" : false
    }, {
      "id" : "s4-t4",
      "begin" : 458,
      "end" : 463,
      "text" : "horse",
      "whiteSpace" : false
    }, {
      "id" : "s4-t5",
      "begin" : 464,
      "end" : 469,
      "text" : "races",
      "whiteSpace" : false
    }, {
      "id" : "s4-t6",
      "begin" : 469,
      "end" : 470,
      "text" : ",",
      "whiteSpace" : false
    }, {
      "id" : "s4-t7",
      "begin" : 471,
      "end" : 474,
      "text" : "and",
      "whiteSpace" : false
    }, {
      "id" : "s4-t8",
      "begin" : 475,
      "end" : 478,
      "text" : "the",
      "whiteSpace" : false
    }, {
      "id" : "s4-t9",
      "begin" : 479,
      "end" : 484,
      "text" : "agent",
      "whiteSpace" : false
    }, {
      "id" : "s4-t10",
      "begin" : 485,
      "end" : 492,
      "text" : "laughed",
      "whiteSpace" : false
    }, {
      "id" : "s4-t11",
      "begin" : 493,
      "end" : 498,
      "text" : "about",
      "whiteSpace" : false
    }, {
      "id" : "s4-t12",
      "begin" : 499,
      "end" : 503,
      "text" : "that",
      "whiteSpace" : false
    }, {
      "id" : "s4-t13",
      "begin" : 503,
      "end" : 504,
      "text" : ".",
      "whiteSpace" : false
    } ]
  }, {
    "id" : "s5",
    "begin" : 504,
    "end" : 844,
    "text" : "One line: Billing cycle days gone\n=====================..................................Second line: Data usage\n=============....................................................With one\nquick glance, I used to be able to tell if our usage was good for the month or\nrunning a little ahead.AT&amp;T;: Please put that feature back in the\napp!",
    "tokens" : [ {
      "id" : "s5-t0",
      "begin" : 504,
      "end" : 507,
      "text" : "One",
      "whiteSpace" : false
    }, {
      "id" : "s5-t1",
      "begin" : 508,
      "end" : 512,
      "text" : "line",
      "whiteSpace" : false
    }, {
      "id" : "s5-t2",
      "begin" : 512,
      "end" : 513,
      "text" : ":",
      "whiteSpace" : false
    }, {
      "id" : "s5-t3",
      "begin" : 514,
      "end" : 521,
      "text" : "Billing",
      "whiteSpace" : false
    }, {
      "id" : "s5-t4",
      "begin" : 522,
      "end" : 527,
      "text" : "cycle",
      "whiteSpace" : false
    }, {
      "id" : "s5-t5",
      "begin" : 528,
      "end" : 532,
      "text" : "days",
      "whiteSpace" : false
    }, {
      "id" : "s5-t6",
      "begin" : 533,
      "end" : 537,
      "text" : "gone",
      "whiteSpace" : false
    }, {
      "id" : "s5-t7",
      "begin" : 538,
      "end" : 540,
      "text" : "==",
      "whiteSpace" : false
    }, {
      "id" : "s5-t8",
      "begin" : 540,
      "end" : 542,
      "text" : "==",
      "whiteSpace" : false
    }, {
      "id" : "s5-t9",
      "begin" : 542,
      "end" : 544,
      "text" : "==",
      "whiteSpace" : false
    }, {
      "id" : "s5-t10",
      "begin" : 544,
      "end" : 546,
      "text" : "==",
      "whiteSpace" : false
    }, {
      "id" : "s5-t11",
      "begin" : 546,
      "end" : 548,
      "text" : "==",
      "whiteSpace" : false
    }, {
      "id" : "s5-t12",
      "begin" : 548,
      "end" : 550,
      "text" : "==",
      "whiteSpace" : false
    }, {
      "id" : "s5-t13",
      "begin" : 550,
      "end" : 552,
      "text" : "==",
      "whiteSpace" : false
    }, {
      "id" : "s5-t14",
      "begin" : 552,
      "end" : 554,
      "text" : "==",
      "whiteSpace" : false
    }, {
      "id" : "s5-t15",
      "begin" : 554,
      "end" : 556,
      "text" : "==",
      "whiteSpace" : false
    }, {
      "id" : "s5-t16",
      "begin" : 556,
      "end" : 558,
      "text" : "==",
      "whiteSpace" : false
    }, {
      "id" : "s5-t17",
      "begin" : 558,
      "end" : 559,
      "text" : "=",
      "whiteSpace" : false
    }, {
      "id" : "s5-t18",
      "begin" : 559,
      "end" : 593,
      "text" : "..................................",
      "whiteSpace" : false
    }, {
      "id" : "s5-t19",
      "begin" : 593,
      "end" : 599,
      "text" : "Second",
      "whiteSpace" : false
    }, {
      "id" : "s5-t20",
      "begin" : 600,
      "end" : 604,
      "text" : "line",
      "whiteSpace" : false
    }, {
      "id" : "s5-t21",
      "begin" : 604,
      "end" : 605,
      "text" : ":",
      "whiteSpace" : false
    }, {
      "id" : "s5-t22",
      "begin" : 606,
      "end" : 610,
      "text" : "Data",
      "whiteSpace" : false
    }, {
      "id" : "s5-t23",
      "begin" : 611,
      "end" : 616,
      "text" : "usage",
      "whiteSpace" : false
    }, {
      "id" : "s5-t24",
      "begin" : 617,
      "end" : 619,
      "text" : "==",
      "whiteSpace" : false
    }, {
      "id" : "s5-t25",
      "begin" : 619,
      "end" : 621,
      "text" : "==",
      "whiteSpace" : false
    }, {
      "id" : "s5-t26",
      "begin" : 621,
      "end" : 623,
      "text" : "==",
      "whiteSpace" : false
    }, {
      "id" : "s5-t27",
      "begin" : 623,
      "end" : 625,
      "text" : "==",
      "whiteSpace" : false
    }, {
      "id" : "s5-t28",
      "begin" : 625,
      "end" : 627,
      "text" : "==",
      "whiteSpace" : false
    }, {
      "id" : "s5-t29",
      "begin" : 627,
      "end" : 629,
      "text" : "==",
      "whiteSpace" : false
    }, {
      "id" : "s5-t30",
      "begin" : 629,
      "end" : 630,
      "text" : "=",
      "whiteSpace" : false
    }, {
      "id" : "s5-t31",
      "begin" : 630,
      "end" : 682,
      "text" : "....................................................",
      "whiteSpace" : false
    }, {
      "id" : "s5-t32",
      "begin" : 682,
      "end" : 686,
      "text" : "With",
      "whiteSpace" : false
    }, {
      "id" : "s5-t33",
      "begin" : 687,
      "end" : 690,
      "text" : "one",
      "whiteSpace" : false
    }, {
      "id" : "s5-t34",
      "begin" : 691,
      "end" : 696,
      "text" : "quick",
      "whiteSpace" : false
    }, {
      "id" : "s5-t35",
      "begin" : 697,
      "end" : 703,
      "text" : "glance",
      "whiteSpace" : false
    }, {
      "id" : "s5-t36",
      "begin" : 703,
      "end" : 704,
      "text" : ",",
      "whiteSpace" : false
    }, {
      "id" : "s5-t37",
      "begin" : 705,
      "end" : 706,
      "text" : "I",
      "whiteSpace" : false
    }, {
      "id" : "s5-t38",
      "begin" : 707,
      "end" : 711,
      "text" : "used",
      "whiteSpace" : false
    }, {
      "id" : "s5-t39",
      "begin" : 712,
      "end" : 714,
      "text" : "to",
      "whiteSpace" : false
    }, {
      "id" : "s5-t40",
      "begin" : 715,
      "end" : 717,
      "text" : "be",
      "whiteSpace" : false
    }, {
      "id" : "s5-t41",
      "begin" : 718,
      "end" : 722,
      "text" : "able",
      "whiteSpace" : false
    }, {
      "id" : "s5-t42",
      "begin" : 723,
      "end" : 725,
      "text" : "to",
      "whiteSpace" : false
    }, {
      "id" : "s5-t43",
      "begin" : 726,
      "end" : 730,
      "text" : "tell",
      "whiteSpace" : false
    }, {
      "id" : "s5-t44",
      "begin" : 731,
      "end" : 733,
      "text" : "if",
      "whiteSpace" : false
    }, {
      "id" : "s5-t45",
      "begin" : 734,
      "end" : 737,
      "text" : "our",
      "whiteSpace" : false
    }, {
      "id" : "s5-t46",
      "begin" : 738,
      "end" : 743,
      "text" : "usage",
      "whiteSpace" : false
    }, {
      "id" : "s5-t47",
      "begin" : 744,
      "end" : 747,
      "text" : "was",
      "whiteSpace" : false
    }, {
      "id" : "s5-t48",
      "begin" : 748,
      "end" : 752,
      "text" : "good",
      "whiteSpace" : false
    }, {
      "id" : "s5-t49",
      "begin" : 753,
      "end" : 756,
      "text" : "for",
      "whiteSpace" : false
    }, {
      "id" : "s5-t50",
      "begin" : 757,
      "end" : 760,
      "text" : "the",
      "whiteSpace" : false
    }, {
      "id" : "s5-t51",
      "begin" : 761,
      "end" : 766,
      "text" : "month",
      "whiteSpace" : false
    }, {
      "id" : "s5-t52",
      "begin" : 767,
      "end" : 769,
      "text" : "or",
      "whiteSpace" : false
    }, {
      "id" : "s5-t53",
      "begin" : 770,
      "end" : 777,
      "text" : "running",
      "whiteSpace" : false
    }, {
      "id" : "s5-t54",
      "begin" : 778,
      "end" : 779,
      "text" : "a",
      "whiteSpace" : false
    }, {
      "id" : "s5-t55",
      "begin" : 780,
      "end" : 786,
      "text" : "little",
      "whiteSpace" : false
    }, {
      "id" : "s5-t56",
      "begin" : 787,
      "end" : 795,
      "text" : "ahead.AT",
      "whiteSpace" : false
    }, {
      "id" : "s5-t57",
      "begin" : 795,
      "end" : 800,
      "text" : "&amp;",
      "whiteSpace" : false
    }, {
      "id" : "s5-t58",
      "begin" : 800,
      "end" : 802,
      "text" : "T;",
      "whiteSpace" : false
    }, {
      "id" : "s5-t59",
      "begin" : 802,
      "end" : 803,
      "text" : ":",
      "whiteSpace" : false
    }, {
      "id" : "s5-t60",
      "begin" : 804,
      "end" : 810,
      "text" : "Please",
      "whiteSpace" : false
    }, {
      "id" : "s5-t61",
      "begin" : 811,
      "end" : 814,
      "text" : "put",
      "whiteSpace" : false
    }, {
      "id" : "s5-t62",
      "begin" : 815,
      "end" : 819,
      "text" : "that",
      "whiteSpace" : false
    }, {
      "id" : "s5-t63",
      "begin" : 820,
      "end" : 827,
      "text" : "feature",
      "whiteSpace" : false
    }, {
      "id" : "s5-t64",
      "begin" : 828,
      "end" : 832,
      "text" : "back",
      "whiteSpace" : false
    }, {
      "id" : "s5-t65",
      "begin" : 833,
      "end" : 835,
      "text" : "in",
      "whiteSpace" : false
    }, {
      "id" : "s5-t66",
      "begin" : 836,
      "end" : 839,
      "text" : "the",
      "whiteSpace" : false
    }, {
      "id" : "s5-t67",
      "begin" : 840,
      "end" : 843,
      "text" : "app",
      "whiteSpace" : false
    }, {
      "id" : "s5-t68",
      "begin" : 843,
      "end" : 844,
      "text" : "!",
      "whiteSpace" : false
    } ]
  }, {
    "id" : "s6",
    "begin" : 844,
    "end" : 912,
    "text" : "Also, it would be nice to be able to reorder the \"cards\" in the app.",
    "tokens" : [ {
      "id" : "s6-t0",
      "begin" : 844,
      "end" : 848,
      "text" : "Also",
      "whiteSpace" : false
    }, {
      "id" : "s6-t1",
      "begin" : 848,
      "end" : 849,
      "text" : ",",
      "whiteSpace" : false
    }, {
      "id" : "s6-t2",
      "begin" : 850,
      "end" : 852,
      "text" : "it",
      "whiteSpace" : false
    }, {
      "id" : "s6-t3",
      "begin" : 853,
      "end" : 858,
      "text" : "would",
      "whiteSpace" : false
    }, {
      "id" : "s6-t4",
      "begin" : 859,
      "end" : 861,
      "text" : "be",
      "whiteSpace" : false
    }, {
      "id" : "s6-t5",
      "begin" : 862,
      "end" : 866,
      "text" : "nice",
      "whiteSpace" : false
    }, {
      "id" : "s6-t6",
      "begin" : 867,
      "end" : 869,
      "text" : "to",
      "whiteSpace" : false
    }, {
      "id" : "s6-t7",
      "begin" : 870,
      "end" : 872,
      "text" : "be",
      "whiteSpace" : false
    }, {
      "id" : "s6-t8",
      "begin" : 873,
      "end" : 877,
      "text" : "able",
      "whiteSpace" : false
    }, {
      "id" : "s6-t9",
      "begin" : 878,
      "end" : 880,
      "text" : "to",
      "whiteSpace" : false
    }, {
      "id" : "s6-t10",
      "begin" : 881,
      "end" : 888,
      "text" : "reorder",
      "whiteSpace" : false
    }, {
      "id" : "s6-t11",
      "begin" : 889,
      "end" : 892,
      "text" : "the",
      "whiteSpace" : false
    }, {
      "id" : "s6-t12",
      "begin" : 893,
      "end" : 894,
      "text" : "\"",
      "whiteSpace" : false
    }, {
      "id" : "s6-t13",
      "begin" : 894,
      "end" : 899,
      "text" : "cards",
      "whiteSpace" : false
    }, {
      "id" : "s6-t14",
      "begin" : 899,
      "end" : 900,
      "text" : "\"",
      "whiteSpace" : false
    }, {
      "id" : "s6-t15",
      "begin" : 901,
      "end" : 903,
      "text" : "in",
      "whiteSpace" : false
    }, {
      "id" : "s6-t16",
      "begin" : 904,
      "end" : 907,
      "text" : "the",
      "whiteSpace" : false
    }, {
      "id" : "s6-t17",
      "begin" : 908,
      "end" : 911,
      "text" : "app",
      "whiteSpace" : false
    }, {
      "id" : "s6-t18",
      "begin" : 911,
      "end" : 912,
      "text" : ".",
      "whiteSpace" : false
    } ]
  }, {
    "id" : "s7",
    "begin" : 913,
    "end" : 961,
    "text" : "I\nwould like to see Usage over Billing, anytime.",
    "tokens" : [ {
      "id" : "s7-t0",
      "begin" : 913,
      "end" : 914,
      "text" : "I",
      "whiteSpace" : false
    }, {
      "id" : "s7-t1",
      "begin" : 915,
      "end" : 920,
      "text" : "would",
      "whiteSpace" : false
    }, {
      "id" : "s7-t2",
      "begin" : 921,
      "end" : 925,
      "text" : "like",
      "whiteSpace" : false
    }, {
      "id" : "s7-t3",
      "begin" : 926,
      "end" : 928,
      "text" : "to",
      "whiteSpace" : false
    }, {
      "id" : "s7-t4",
      "begin" : 929,
      "end" : 932,
      "text" : "see",
      "whiteSpace" : false
    }, {
      "id" : "s7-t5",
      "begin" : 933,
      "end" : 938,
      "text" : "Usage",
      "whiteSpace" : false
    }, {
      "id" : "s7-t6",
      "begin" : 939,
      "end" : 943,
      "text" : "over",
      "whiteSpace" : false
    }, {
      "id" : "s7-t7",
      "begin" : 944,
      "end" : 951,
      "text" : "Billing",
      "whiteSpace" : false
    }, {
      "id" : "s7-t8",
      "begin" : 951,
      "end" : 952,
      "text" : ",",
      "whiteSpace" : false
    }, {
      "id" : "s7-t9",
      "begin" : 953,
      "end" : 960,
      "text" : "anytime",
      "whiteSpace" : false
    }, {
      "id" : "s7-t10",
      "begin" : 960,
      "end" : 961,
      "text" : ".",
      "whiteSpace" : false
    } ]
  }, {
    "id" : "s8",
    "begin" : 961,
    "end" : 987,
    "text" : "Anyone else feel this way?",
    "tokens" : [ {
      "id" : "s8-t0",
      "begin" : 961,
      "end" : 967,
      "text" : "Anyone",
      "whiteSpace" : false
    }, {
      "id" : "s8-t1",
      "begin" : 968,
      "end" : 972,
      "text" : "else",
      "whiteSpace" : false
    }, {
      "id" : "s8-t2",
      "begin" : 973,
      "end" : 977,
      "text" : "feel",
      "whiteSpace" : false
    }, {
      "id" : "s8-t3",
      "begin" : 978,
      "end" : 982,
      "text" : "this",
      "whiteSpace" : false
    }, {
      "id" : "s8-t4",
      "begin" : 983,
      "end" : 986,
      "text" : "way",
      "whiteSpace" : false
    }, {
      "id" : "s8-t5",
      "begin" : 986,
      "end" : 987,
      "text" : "?",
      "whiteSpace" : false
    } ]
  }, {
    "id" : "s9",
    "begin" : 988,
    "end" : 1095,
    "text" : "If\nso, please call AT&amp;T; at 800-331-0500, and request that they put the horse\nrace bars back in!Thanks!",
    "tokens" : [ {
      "id" : "s9-t0",
      "begin" : 988,
      "end" : 990,
      "text" : "If",
      "whiteSpace" : false
    }, {
      "id" : "s9-t1",
      "begin" : 991,
      "end" : 993,
      "text" : "so",
      "whiteSpace" : false
    }, {
      "id" : "s9-t2",
      "begin" : 993,
      "end" : 994,
      "text" : ",",
      "whiteSpace" : false
    }, {
      "id" : "s9-t3",
      "begin" : 995,
      "end" : 1001,
      "text" : "please",
      "whiteSpace" : false
    }, {
      "id" : "s9-t4",
      "begin" : 1002,
      "end" : 1006,
      "text" : "call",
      "whiteSpace" : false
    }, {
      "id" : "s9-t5",
      "begin" : 1007,
      "end" : 1009,
      "text" : "AT",
      "whiteSpace" : false
    }, {
      "id" : "s9-t6",
      "begin" : 1009,
      "end" : 1014,
      "text" : "&amp;",
      "whiteSpace" : false
    }, {
      "id" : "s9-t7",
      "begin" : 1014,
      "end" : 1016,
      "text" : "T;",
      "whiteSpace" : false
    }, {
      "id" : "s9-t8",
      "begin" : 1017,
      "end" : 1019,
      "text" : "at",
      "whiteSpace" : false
    }, {
      "id" : "s9-t9",
      "begin" : 1020,
      "end" : 1032,
      "text" : "800-331-0500",
      "whiteSpace" : false
    }, {
      "id" : "s9-t10",
      "begin" : 1032,
      "end" : 1033,
      "text" : ",",
      "whiteSpace" : false
    }, {
      "id" : "s9-t11",
      "begin" : 1034,
      "end" : 1037,
      "text" : "and",
      "whiteSpace" : false
    }, {
      "id" : "s9-t12",
      "begin" : 1038,
      "end" : 1045,
      "text" : "request",
      "whiteSpace" : false
    }, {
      "id" : "s9-t13",
      "begin" : 1046,
      "end" : 1050,
      "text" : "that",
      "whiteSpace" : false
    }, {
      "id" : "s9-t14",
      "begin" : 1051,
      "end" : 1055,
      "text" : "they",
      "whiteSpace" : false
    }, {
      "id" : "s9-t15",
      "begin" : 1056,
      "end" : 1059,
      "text" : "put",
      "whiteSpace" : false
    }, {
      "id" : "s9-t16",
      "begin" : 1060,
      "end" : 1063,
      "text" : "the",
      "whiteSpace" : false
    }, {
      "id" : "s9-t17",
      "begin" : 1064,
      "end" : 1069,
      "text" : "horse",
      "whiteSpace" : false
    }, {
      "id" : "s9-t18",
      "begin" : 1070,
      "end" : 1074,
      "text" : "race",
      "whiteSpace" : false
    }, {
      "id" : "s9-t19",
      "begin" : 1075,
      "end" : 1079,
      "text" : "bars",
      "whiteSpace" : false
    }, {
      "id" : "s9-t20",
      "begin" : 1080,
      "end" : 1084,
      "text" : "back",
      "whiteSpace" : false
    }, {
      "id" : "s9-t21",
      "begin" : 1085,
      "end" : 1087,
      "text" : "in",
      "whiteSpace" : false
    }, {
      "id" : "s9-t22",
      "begin" : 1087,
      "end" : 1088,
      "text" : "!",
      "whiteSpace" : false
    }, {
      "id" : "s9-t23",
      "begin" : 1088,
      "end" : 1095,
      "text" : "Thanks!",
      "whiteSpace" : false
    } ]
  } ],
  "mentions" : [ {
    "id" : "s0-m1",
    "properties" : {
      "SIRE_MENTION_ROLE" : "Internet_Connectivity",
      "SIRE_ENTITY_SUBTYPE" : "NONE",
      "SIRE_MENTION_TYPE" : "NONE",
      "SIRE_MENTION_CLASS" : "SPC"
    },
    "type" : "Internet_Connectivity",
    "begin" : 54,
    "end" : 64,
    "inCoref" : false
  }, {
    "id" : "s2-m1",
    "properties" : {
      "SIRE_MENTION_ROLE" : "Internet_Connectivity",
      "SIRE_ENTITY_SUBTYPE" : "NONE",
      "SIRE_MENTION_TYPE" : "NONE",
      "SIRE_MENTION_CLASS" : "SPC"
    },
    "type" : "Internet_Connectivity",
    "begin" : 297,
    "end" : 307,
    "inCoref" : false
  }, {
    "id" : "s3-m1",
    "properties" : {
      "SIRE_MENTION_ROLE" : "Product",
      "SIRE_ENTITY_SUBTYPE" : "NONE",
      "SIRE_MENTION_TYPE" : "NONE",
      "SIRE_MENTION_CLASS" : "SPC"
    },
    "type" : "Product",
    "begin" : 389,
    "end" : 395,
    "inCoref" : false
  }, {
    "id" : "s3-m2",
    "properties" : {
      "SIRE_MENTION_ROLE" : "Physical_Feature",
      "SIRE_ENTITY_SUBTYPE" : "NONE",
      "SIRE_MENTION_TYPE" : "NONE",
      "SIRE_MENTION_CLASS" : "SPC"
    },
    "type" : "Physical_Feature",
    "begin" : 396,
    "end" : 402,
    "inCoref" : false
  }, {
    "id" : "s5-m2",
    "properties" : {
      "SIRE_MENTION_ROLE" : "Internet_Connectivity",
      "SIRE_ENTITY_SUBTYPE" : "NONE",
      "SIRE_MENTION_TYPE" : "NONE",
      "SIRE_MENTION_CLASS" : "SPC"
    },
    "type" : "Internet_Connectivity",
    "begin" : 606,
    "end" : 616,
    "inCoref" : false
  }, {
    "id" : "s5-m1",
    "properties" : {
      "SIRE_MENTION_ROLE" : "Service_Provider",
      "SIRE_ENTITY_SUBTYPE" : "NONE",
      "SIRE_MENTION_TYPE" : "NONE",
      "SIRE_MENTION_CLASS" : "SPC"
    },
    "type" : "Service_Provider",
    "begin" : 793,
    "end" : 801,
    "inCoref" : false
  }, {
    "id" : "s5-m3",
    "properties" : {
      "SIRE_MENTION_ROLE" : "Application",
      "SIRE_ENTITY_SUBTYPE" : "NONE",
      "SIRE_MENTION_TYPE" : "NONE",
      "SIRE_MENTION_CLASS" : "SPC"
    },
    "type" : "Application",
    "begin" : 840,
    "end" : 843,
    "inCoref" : false
  }, {
    "id" : "s6-m1",
    "properties" : {
      "SIRE_MENTION_ROLE" : "Application",
      "SIRE_ENTITY_SUBTYPE" : "NONE",
      "SIRE_MENTION_TYPE" : "NONE",
      "SIRE_MENTION_CLASS" : "SPC"
    },
    "type" : "Application",
    "begin" : 908,
    "end" : 911,
    "inCoref" : false
  }, {
    "id" : "s9-m1",
    "properties" : {
      "SIRE_MENTION_ROLE" : "Service_Provider",
      "SIRE_ENTITY_SUBTYPE" : "NONE",
      "SIRE_MENTION_TYPE" : "NONE",
      "SIRE_MENTION_CLASS" : "SPC"
    },
    "type" : "Service_Provider",
    "begin" : 1007,
    "end" : 1015,
    "inCoref" : false
  } ],
  "relations" : [ ],
  "corefs" : [ ],
  "typeResolved" : true,
  "userResolved" : false
}