{
  "id" : "4dda3da0-fedb-11e6-a6f8-37d4ef31c6bc-0",
  "name" : "0240de21e16fa743a7feaaea980c7011.txt",
  "version" : 3,
  "text" : "Attachments\n\nWhy can't I open up a word attachments; it saids thats its unable to open it\nin the email and in my downloadservice area?\n\n",
  "docLength" : 0,
  "language" : "EN",
  "status" : "READY",
  "modifiedDate" : 1488751353534,
  "documentSet" : [ ],
  "preannotation" : [ "PRE_LW" ],
  "sentences" : [ {
    "id" : "s0",
    "begin" : 0,
    "end" : 11,
    "text" : "Attachments",
    "tokens" : [ {
      "id" : "s0-t0",
      "begin" : 0,
      "end" : 11,
      "text" : "Attachments",
      "whiteSpace" : false
    } ]
  }, {
    "id" : "s1",
    "begin" : 13,
    "end" : 134,
    "text" : "Why can't I open up a word attachments; it saids thats its unable to open it\nin the email and in my downloadservice area?",
    "tokens" : [ {
      "id" : "s1-t0",
      "begin" : 13,
      "end" : 16,
      "text" : "Why",
      "whiteSpace" : false
    }, {
      "id" : "s1-t1",
      "begin" : 17,
      "end" : 19,
      "text" : "ca",
      "whiteSpace" : false
    }, {
      "id" : "s1-t2",
      "begin" : 19,
      "end" : 22,
      "text" : "n't",
      "whiteSpace" : false
    }, {
      "id" : "s1-t3",
      "begin" : 23,
      "end" : 24,
      "text" : "I",
      "whiteSpace" : false
    }, {
      "id" : "s1-t4",
      "begin" : 25,
      "end" : 29,
      "text" : "open",
      "whiteSpace" : false
    }, {
      "id" : "s1-t5",
      "begin" : 30,
      "end" : 32,
      "text" : "up",
      "whiteSpace" : false
    }, {
      "id" : "s1-t6",
      "begin" : 33,
      "end" : 34,
      "text" : "a",
      "whiteSpace" : false
    }, {
      "id" : "s1-t7",
      "begin" : 35,
      "end" : 39,
      "text" : "word",
      "whiteSpace" : false
    }, {
      "id" : "s1-t8",
      "begin" : 40,
      "end" : 51,
      "text" : "attachments",
      "whiteSpace" : false
    }, {
      "id" : "s1-t9",
      "begin" : 51,
      "end" : 52,
      "text" : ";",
      "whiteSpace" : false
    }, {
      "id" : "s1-t10",
      "begin" : 53,
      "end" : 55,
      "text" : "it",
      "whiteSpace" : false
    }, {
      "id" : "s1-t11",
      "begin" : 56,
      "end" : 61,
      "text" : "saids",
      "whiteSpace" : false
    }, {
      "id" : "s1-t12",
      "begin" : 62,
      "end" : 67,
      "text" : "thats",
      "whiteSpace" : false
    }, {
      "id" : "s1-t13",
      "begin" : 68,
      "end" : 71,
      "text" : "its",
      "whiteSpace" : false
    }, {
      "id" : "s1-t14",
      "begin" : 72,
      "end" : 78,
      "text" : "unable",
      "whiteSpace" : false
    }, {
      "id" : "s1-t15",
      "begin" : 79,
      "end" : 81,
      "text" : "to",
      "whiteSpace" : false
    }, {
      "id" : "s1-t16",
      "begin" : 82,
      "end" : 86,
      "text" : "open",
      "whiteSpace" : false
    }, {
      "id" : "s1-t17",
      "begin" : 87,
      "end" : 89,
      "text" : "it",
      "whiteSpace" : false
    }, {
      "id" : "s1-t18",
      "begin" : 90,
      "end" : 92,
      "text" : "in",
      "whiteSpace" : false
    }, {
      "id" : "s1-t19",
      "begin" : 93,
      "end" : 96,
      "text" : "the",
      "whiteSpace" : false
    }, {
      "id" : "s1-t20",
      "begin" : 97,
      "end" : 102,
      "text" : "email",
      "whiteSpace" : false
    }, {
      "id" : "s1-t21",
      "begin" : 103,
      "end" : 106,
      "text" : "and",
      "whiteSpace" : false
    }, {
      "id" : "s1-t22",
      "begin" : 107,
      "end" : 109,
      "text" : "in",
      "whiteSpace" : false
    }, {
      "id" : "s1-t23",
      "begin" : 110,
      "end" : 112,
      "text" : "my",
      "whiteSpace" : false
    }, {
      "id" : "s1-t24",
      "begin" : 113,
      "end" : 128,
      "text" : "downloadservice",
      "whiteSpace" : false
    }, {
      "id" : "s1-t25",
      "begin" : 129,
      "end" : 133,
      "text" : "area",
      "whiteSpace" : false
    }, {
      "id" : "s1-t26",
      "begin" : 133,
      "end" : 134,
      "text" : "?",
      "whiteSpace" : false
    } ]
  } ],
  "mentions" : [ {
    "id" : "s1-m1",
    "properties" : {
      "SIRE_MENTION_ROLE" : "Internet_Connectivity",
      "SIRE_ENTITY_SUBTYPE" : "NONE",
      "SIRE_MENTION_TYPE" : "NONE",
      "SIRE_MENTION_CLASS" : "SPC"
    },
    "type" : "Internet_Connectivity",
    "begin" : 97,
    "end" : 102,
    "inCoref" : false
  } ],
  "relations" : [ ],
  "corefs" : [ ],
  "typeResolved" : true,
  "userResolved" : false
}