{
  "id" : "4e012360-fed7-11e6-b666-e53c406a1a66-9",
  "name" : "0a5c8c44afcd8702a56e5e87a7d65dc4.txt",
  "version" : 3,
  "text" : "What frequency does ATT use when in the Edge network?\n\nOK, so I had a friend bring their Iphone to my house to see how the coverage\nis, since I'll be switching to ATT soon. Much to my suprise they had 4-5 bars\nin my house... but when they went outside there was only 1-2. Odd.Then I\nrealized my booster was flashing... sure enough. Their Iphone was using my\ncell extender, but it is theCDMA version ofthe extender that I bought for my\nVerizon phones.This is what I have and it workson\n800mhzhttp://www.newegg.com/Product/Product.aspx?Item=N82E16875997031&amp;Tpk;=N82E16875997031How\nwas the Iphone using this? Do all ATT phones use the 800mhz like\nthis?Solved!Go to Solution.\n\n",
  "docLength" : 0,
  "language" : "EN",
  "status" : "READY",
  "modifiedDate" : 1488749776430,
  "documentSet" : [ ],
  "preannotation" : [ "PRE_LW" ],
  "sentences" : [ {
    "id" : "s0",
    "begin" : 0,
    "end" : 53,
    "text" : "What frequency does ATT use when in the Edge network?",
    "tokens" : [ {
      "id" : "s0-t0",
      "begin" : 0,
      "end" : 4,
      "text" : "What",
      "whiteSpace" : false
    }, {
      "id" : "s0-t1",
      "begin" : 5,
      "end" : 14,
      "text" : "frequency",
      "whiteSpace" : false
    }, {
      "id" : "s0-t2",
      "begin" : 15,
      "end" : 19,
      "text" : "does",
      "whiteSpace" : false
    }, {
      "id" : "s0-t3",
      "begin" : 20,
      "end" : 23,
      "text" : "ATT",
      "whiteSpace" : false
    }, {
      "id" : "s0-t4",
      "begin" : 24,
      "end" : 27,
      "text" : "use",
      "whiteSpace" : false
    }, {
      "id" : "s0-t5",
      "begin" : 28,
      "end" : 32,
      "text" : "when",
      "whiteSpace" : false
    }, {
      "id" : "s0-t6",
      "begin" : 33,
      "end" : 35,
      "text" : "in",
      "whiteSpace" : false
    }, {
      "id" : "s0-t7",
      "begin" : 36,
      "end" : 39,
      "text" : "the",
      "whiteSpace" : false
    }, {
      "id" : "s0-t8",
      "begin" : 40,
      "end" : 44,
      "text" : "Edge",
      "whiteSpace" : false
    }, {
      "id" : "s0-t9",
      "begin" : 45,
      "end" : 52,
      "text" : "network",
      "whiteSpace" : false
    }, {
      "id" : "s0-t10",
      "begin" : 52,
      "end" : 53,
      "text" : "?",
      "whiteSpace" : false
    } ]
  }, {
    "id" : "s1",
    "begin" : 55,
    "end" : 172,
    "text" : "OK, so I had a friend bring their Iphone to my house to see how the coverage\nis, since I'll be switching to ATT soon.",
    "tokens" : [ {
      "id" : "s1-t0",
      "begin" : 55,
      "end" : 57,
      "text" : "OK",
      "whiteSpace" : false
    }, {
      "id" : "s1-t1",
      "begin" : 57,
      "end" : 58,
      "text" : ",",
      "whiteSpace" : false
    }, {
      "id" : "s1-t2",
      "begin" : 59,
      "end" : 61,
      "text" : "so",
      "whiteSpace" : false
    }, {
      "id" : "s1-t3",
      "begin" : 62,
      "end" : 63,
      "text" : "I",
      "whiteSpace" : false
    }, {
      "id" : "s1-t4",
      "begin" : 64,
      "end" : 67,
      "text" : "had",
      "whiteSpace" : false
    }, {
      "id" : "s1-t5",
      "begin" : 68,
      "end" : 69,
      "text" : "a",
      "whiteSpace" : false
    }, {
      "id" : "s1-t6",
      "begin" : 70,
      "end" : 76,
      "text" : "friend",
      "whiteSpace" : false
    }, {
      "id" : "s1-t7",
      "begin" : 77,
      "end" : 82,
      "text" : "bring",
      "whiteSpace" : false
    }, {
      "id" : "s1-t8",
      "begin" : 83,
      "end" : 88,
      "text" : "their",
      "whiteSpace" : false
    }, {
      "id" : "s1-t9",
      "begin" : 89,
      "end" : 95,
      "text" : "Iphone",
      "whiteSpace" : false
    }, {
      "id" : "s1-t10",
      "begin" : 96,
      "end" : 98,
      "text" : "to",
      "whiteSpace" : false
    }, {
      "id" : "s1-t11",
      "begin" : 99,
      "end" : 101,
      "text" : "my",
      "whiteSpace" : false
    }, {
      "id" : "s1-t12",
      "begin" : 102,
      "end" : 107,
      "text" : "house",
      "whiteSpace" : false
    }, {
      "id" : "s1-t13",
      "begin" : 108,
      "end" : 110,
      "text" : "to",
      "whiteSpace" : false
    }, {
      "id" : "s1-t14",
      "begin" : 111,
      "end" : 114,
      "text" : "see",
      "whiteSpace" : false
    }, {
      "id" : "s1-t15",
      "begin" : 115,
      "end" : 118,
      "text" : "how",
      "whiteSpace" : false
    }, {
      "id" : "s1-t16",
      "begin" : 119,
      "end" : 122,
      "text" : "the",
      "whiteSpace" : false
    }, {
      "id" : "s1-t17",
      "begin" : 123,
      "end" : 131,
      "text" : "coverage",
      "whiteSpace" : false
    }, {
      "id" : "s1-t18",
      "begin" : 132,
      "end" : 134,
      "text" : "is",
      "whiteSpace" : false
    }, {
      "id" : "s1-t19",
      "begin" : 134,
      "end" : 135,
      "text" : ",",
      "whiteSpace" : false
    }, {
      "id" : "s1-t20",
      "begin" : 136,
      "end" : 141,
      "text" : "since",
      "whiteSpace" : false
    }, {
      "id" : "s1-t21",
      "begin" : 142,
      "end" : 143,
      "text" : "I",
      "whiteSpace" : false
    }, {
      "id" : "s1-t22",
      "begin" : 143,
      "end" : 146,
      "text" : "'ll",
      "whiteSpace" : false
    }, {
      "id" : "s1-t23",
      "begin" : 147,
      "end" : 149,
      "text" : "be",
      "whiteSpace" : false
    }, {
      "id" : "s1-t24",
      "begin" : 150,
      "end" : 159,
      "text" : "switching",
      "whiteSpace" : false
    }, {
      "id" : "s1-t25",
      "begin" : 160,
      "end" : 162,
      "text" : "to",
      "whiteSpace" : false
    }, {
      "id" : "s1-t26",
      "begin" : 163,
      "end" : 166,
      "text" : "ATT",
      "whiteSpace" : false
    }, {
      "id" : "s1-t27",
      "begin" : 167,
      "end" : 171,
      "text" : "soon",
      "whiteSpace" : false
    }, {
      "id" : "s1-t28",
      "begin" : 171,
      "end" : 172,
      "text" : ".",
      "whiteSpace" : false
    } ]
  }, {
    "id" : "s2",
    "begin" : 173,
    "end" : 271,
    "text" : "Much to my suprise they had 4-5 bars\nin my house... but when they went outside there was only 1-2.",
    "tokens" : [ {
      "id" : "s2-t0",
      "begin" : 173,
      "end" : 177,
      "text" : "Much",
      "whiteSpace" : false
    }, {
      "id" : "s2-t1",
      "begin" : 178,
      "end" : 180,
      "text" : "to",
      "whiteSpace" : false
    }, {
      "id" : "s2-t2",
      "begin" : 181,
      "end" : 183,
      "text" : "my",
      "whiteSpace" : false
    }, {
      "id" : "s2-t3",
      "begin" : 184,
      "end" : 191,
      "text" : "suprise",
      "whiteSpace" : false
    }, {
      "id" : "s2-t4",
      "begin" : 192,
      "end" : 196,
      "text" : "they",
      "whiteSpace" : false
    }, {
      "id" : "s2-t5",
      "begin" : 197,
      "end" : 200,
      "text" : "had",
      "whiteSpace" : false
    }, {
      "id" : "s2-t6",
      "begin" : 201,
      "end" : 204,
      "text" : "4-5",
      "whiteSpace" : false
    }, {
      "id" : "s2-t7",
      "begin" : 205,
      "end" : 209,
      "text" : "bars",
      "whiteSpace" : false
    }, {
      "id" : "s2-t8",
      "begin" : 210,
      "end" : 212,
      "text" : "in",
      "whiteSpace" : false
    }, {
      "id" : "s2-t9",
      "begin" : 213,
      "end" : 215,
      "text" : "my",
      "whiteSpace" : false
    }, {
      "id" : "s2-t10",
      "begin" : 216,
      "end" : 221,
      "text" : "house",
      "whiteSpace" : false
    }, {
      "id" : "s2-t11",
      "begin" : 221,
      "end" : 224,
      "text" : "...",
      "whiteSpace" : false
    }, {
      "id" : "s2-t12",
      "begin" : 225,
      "end" : 228,
      "text" : "but",
      "whiteSpace" : false
    }, {
      "id" : "s2-t13",
      "begin" : 229,
      "end" : 233,
      "text" : "when",
      "whiteSpace" : false
    }, {
      "id" : "s2-t14",
      "begin" : 234,
      "end" : 238,
      "text" : "they",
      "whiteSpace" : false
    }, {
      "id" : "s2-t15",
      "begin" : 239,
      "end" : 243,
      "text" : "went",
      "whiteSpace" : false
    }, {
      "id" : "s2-t16",
      "begin" : 244,
      "end" : 251,
      "text" : "outside",
      "whiteSpace" : false
    }, {
      "id" : "s2-t17",
      "begin" : 252,
      "end" : 257,
      "text" : "there",
      "whiteSpace" : false
    }, {
      "id" : "s2-t18",
      "begin" : 258,
      "end" : 261,
      "text" : "was",
      "whiteSpace" : false
    }, {
      "id" : "s2-t19",
      "begin" : 262,
      "end" : 266,
      "text" : "only",
      "whiteSpace" : false
    }, {
      "id" : "s2-t20",
      "begin" : 267,
      "end" : 270,
      "text" : "1-2",
      "whiteSpace" : false
    }, {
      "id" : "s2-t21",
      "begin" : 270,
      "end" : 271,
      "text" : ".",
      "whiteSpace" : false
    } ]
  }, {
    "id" : "s3",
    "begin" : 272,
    "end" : 331,
    "text" : "Odd.Then I\nrealized my booster was flashing... sure enough.",
    "tokens" : [ {
      "id" : "s3-t0",
      "begin" : 272,
      "end" : 280,
      "text" : "Odd.Then",
      "whiteSpace" : false
    }, {
      "id" : "s3-t1",
      "begin" : 281,
      "end" : 282,
      "text" : "I",
      "whiteSpace" : false
    }, {
      "id" : "s3-t2",
      "begin" : 283,
      "end" : 291,
      "text" : "realized",
      "whiteSpace" : false
    }, {
      "id" : "s3-t3",
      "begin" : 292,
      "end" : 294,
      "text" : "my",
      "whiteSpace" : false
    }, {
      "id" : "s3-t4",
      "begin" : 295,
      "end" : 302,
      "text" : "booster",
      "whiteSpace" : false
    }, {
      "id" : "s3-t5",
      "begin" : 303,
      "end" : 306,
      "text" : "was",
      "whiteSpace" : false
    }, {
      "id" : "s3-t6",
      "begin" : 307,
      "end" : 315,
      "text" : "flashing",
      "whiteSpace" : false
    }, {
      "id" : "s3-t7",
      "begin" : 315,
      "end" : 318,
      "text" : "...",
      "whiteSpace" : false
    }, {
      "id" : "s3-t8",
      "begin" : 319,
      "end" : 323,
      "text" : "sure",
      "whiteSpace" : false
    }, {
      "id" : "s3-t9",
      "begin" : 324,
      "end" : 330,
      "text" : "enough",
      "whiteSpace" : false
    }, {
      "id" : "s3-t10",
      "begin" : 330,
      "end" : 331,
      "text" : ".",
      "whiteSpace" : false
    } ]
  }, {
    "id" : "s4",
    "begin" : 332,
    "end" : 450,
    "text" : "Their Iphone was using my\ncell extender, but it is theCDMA version ofthe extender that I bought for my\nVerizon phones.",
    "tokens" : [ {
      "id" : "s4-t0",
      "begin" : 332,
      "end" : 337,
      "text" : "Their",
      "whiteSpace" : false
    }, {
      "id" : "s4-t1",
      "begin" : 338,
      "end" : 344,
      "text" : "Iphone",
      "whiteSpace" : false
    }, {
      "id" : "s4-t2",
      "begin" : 345,
      "end" : 348,
      "text" : "was",
      "whiteSpace" : false
    }, {
      "id" : "s4-t3",
      "begin" : 349,
      "end" : 354,
      "text" : "using",
      "whiteSpace" : false
    }, {
      "id" : "s4-t4",
      "begin" : 355,
      "end" : 357,
      "text" : "my",
      "whiteSpace" : false
    }, {
      "id" : "s4-t5",
      "begin" : 358,
      "end" : 362,
      "text" : "cell",
      "whiteSpace" : false
    }, {
      "id" : "s4-t6",
      "begin" : 363,
      "end" : 371,
      "text" : "extender",
      "whiteSpace" : false
    }, {
      "id" : "s4-t7",
      "begin" : 371,
      "end" : 372,
      "text" : ",",
      "whiteSpace" : false
    }, {
      "id" : "s4-t8",
      "begin" : 373,
      "end" : 376,
      "text" : "but",
      "whiteSpace" : false
    }, {
      "id" : "s4-t9",
      "begin" : 377,
      "end" : 379,
      "text" : "it",
      "whiteSpace" : false
    }, {
      "id" : "s4-t10",
      "begin" : 380,
      "end" : 382,
      "text" : "is",
      "whiteSpace" : false
    }, {
      "id" : "s4-t11",
      "begin" : 383,
      "end" : 390,
      "text" : "theCDMA",
      "whiteSpace" : false
    }, {
      "id" : "s4-t12",
      "begin" : 391,
      "end" : 398,
      "text" : "version",
      "whiteSpace" : false
    }, {
      "id" : "s4-t13",
      "begin" : 399,
      "end" : 404,
      "text" : "ofthe",
      "whiteSpace" : false
    }, {
      "id" : "s4-t14",
      "begin" : 405,
      "end" : 413,
      "text" : "extender",
      "whiteSpace" : false
    }, {
      "id" : "s4-t15",
      "begin" : 414,
      "end" : 418,
      "text" : "that",
      "whiteSpace" : false
    }, {
      "id" : "s4-t16",
      "begin" : 419,
      "end" : 420,
      "text" : "I",
      "whiteSpace" : false
    }, {
      "id" : "s4-t17",
      "begin" : 421,
      "end" : 427,
      "text" : "bought",
      "whiteSpace" : false
    }, {
      "id" : "s4-t18",
      "begin" : 428,
      "end" : 431,
      "text" : "for",
      "whiteSpace" : false
    }, {
      "id" : "s4-t19",
      "begin" : 432,
      "end" : 434,
      "text" : "my",
      "whiteSpace" : false
    }, {
      "id" : "s4-t20",
      "begin" : 435,
      "end" : 442,
      "text" : "Verizon",
      "whiteSpace" : false
    }, {
      "id" : "s4-t21",
      "begin" : 443,
      "end" : 449,
      "text" : "phones",
      "whiteSpace" : false
    }, {
      "id" : "s4-t22",
      "begin" : 449,
      "end" : 450,
      "text" : ".",
      "whiteSpace" : false
    } ]
  }, {
    "id" : "s5",
    "begin" : 450,
    "end" : 609,
    "text" : "This is what I have and it workson\n800mhzhttp://www.newegg.com/Product/Product.aspx?Item=N82E16875997031&amp;Tpk;=N82E16875997031How\nwas the Iphone using this?",
    "tokens" : [ {
      "id" : "s5-t0",
      "begin" : 450,
      "end" : 454,
      "text" : "This",
      "whiteSpace" : false
    }, {
      "id" : "s5-t1",
      "begin" : 455,
      "end" : 457,
      "text" : "is",
      "whiteSpace" : false
    }, {
      "id" : "s5-t2",
      "begin" : 458,
      "end" : 462,
      "text" : "what",
      "whiteSpace" : false
    }, {
      "id" : "s5-t3",
      "begin" : 463,
      "end" : 464,
      "text" : "I",
      "whiteSpace" : false
    }, {
      "id" : "s5-t4",
      "begin" : 465,
      "end" : 469,
      "text" : "have",
      "whiteSpace" : false
    }, {
      "id" : "s5-t5",
      "begin" : 470,
      "end" : 473,
      "text" : "and",
      "whiteSpace" : false
    }, {
      "id" : "s5-t6",
      "begin" : 474,
      "end" : 476,
      "text" : "it",
      "whiteSpace" : false
    }, {
      "id" : "s5-t7",
      "begin" : 477,
      "end" : 484,
      "text" : "workson",
      "whiteSpace" : false
    }, {
      "id" : "s5-t8",
      "begin" : 485,
      "end" : 554,
      "text" : "800mhzhttp://www.newegg.com/Product/Product.aspx?Item=N82E16875997031",
      "whiteSpace" : false
    }, {
      "id" : "s5-t9",
      "begin" : 554,
      "end" : 559,
      "text" : "&amp;",
      "whiteSpace" : false
    }, {
      "id" : "s5-t10",
      "begin" : 559,
      "end" : 563,
      "text" : "Tpk;",
      "whiteSpace" : false
    }, {
      "id" : "s5-t11",
      "begin" : 563,
      "end" : 582,
      "text" : "=N82E16875997031How",
      "whiteSpace" : false
    }, {
      "id" : "s5-t12",
      "begin" : 583,
      "end" : 586,
      "text" : "was",
      "whiteSpace" : false
    }, {
      "id" : "s5-t13",
      "begin" : 587,
      "end" : 590,
      "text" : "the",
      "whiteSpace" : false
    }, {
      "id" : "s5-t14",
      "begin" : 591,
      "end" : 597,
      "text" : "Iphone",
      "whiteSpace" : false
    }, {
      "id" : "s5-t15",
      "begin" : 598,
      "end" : 603,
      "text" : "using",
      "whiteSpace" : false
    }, {
      "id" : "s5-t16",
      "begin" : 604,
      "end" : 608,
      "text" : "this",
      "whiteSpace" : false
    }, {
      "id" : "s5-t17",
      "begin" : 608,
      "end" : 609,
      "text" : "?",
      "whiteSpace" : false
    } ]
  }, {
    "id" : "s6",
    "begin" : 610,
    "end" : 653,
    "text" : "Do all ATT phones use the 800mhz like\nthis?",
    "tokens" : [ {
      "id" : "s6-t0",
      "begin" : 610,
      "end" : 612,
      "text" : "Do",
      "whiteSpace" : false
    }, {
      "id" : "s6-t1",
      "begin" : 613,
      "end" : 616,
      "text" : "all",
      "whiteSpace" : false
    }, {
      "id" : "s6-t2",
      "begin" : 617,
      "end" : 620,
      "text" : "ATT",
      "whiteSpace" : false
    }, {
      "id" : "s6-t3",
      "begin" : 621,
      "end" : 627,
      "text" : "phones",
      "whiteSpace" : false
    }, {
      "id" : "s6-t4",
      "begin" : 628,
      "end" : 631,
      "text" : "use",
      "whiteSpace" : false
    }, {
      "id" : "s6-t5",
      "begin" : 632,
      "end" : 635,
      "text" : "the",
      "whiteSpace" : false
    }, {
      "id" : "s6-t6",
      "begin" : 636,
      "end" : 642,
      "text" : "800mhz",
      "whiteSpace" : false
    }, {
      "id" : "s6-t7",
      "begin" : 643,
      "end" : 647,
      "text" : "like",
      "whiteSpace" : false
    }, {
      "id" : "s6-t8",
      "begin" : 648,
      "end" : 652,
      "text" : "this",
      "whiteSpace" : false
    }, {
      "id" : "s6-t9",
      "begin" : 652,
      "end" : 653,
      "text" : "?",
      "whiteSpace" : false
    } ]
  }, {
    "id" : "s7",
    "begin" : 653,
    "end" : 675,
    "text" : "Solved!Go to Solution.",
    "tokens" : [ {
      "id" : "s7-t0",
      "begin" : 653,
      "end" : 660,
      "text" : "Solved!",
      "whiteSpace" : false
    }, {
      "id" : "s7-t1",
      "begin" : 660,
      "end" : 662,
      "text" : "Go",
      "whiteSpace" : false
    }, {
      "id" : "s7-t2",
      "begin" : 663,
      "end" : 665,
      "text" : "to",
      "whiteSpace" : false
    }, {
      "id" : "s7-t3",
      "begin" : 666,
      "end" : 674,
      "text" : "Solution",
      "whiteSpace" : false
    }, {
      "id" : "s7-t4",
      "begin" : 674,
      "end" : 675,
      "text" : ".",
      "whiteSpace" : false
    } ]
  } ],
  "mentions" : [ {
    "id" : "s0-m0",
    "properties" : {
      "SIRE_MENTION_ROLE" : "Service_Provider",
      "SIRE_MENTION_TYPE" : "NONE",
      "SIRE_ENTITY_SUBTYPE" : "NONE",
      "SIRE_MENTION_CLASS" : "SPC"
    },
    "type" : "Service_Provider",
    "begin" : 20,
    "end" : 23,
    "inCoref" : false
  }, {
    "id" : "s0-m2",
    "properties" : {
      "SIRE_MENTION_ROLE" : "Internet_Connectivity",
      "SIRE_ENTITY_SUBTYPE" : "NONE",
      "SIRE_MENTION_TYPE" : "NONE",
      "SIRE_MENTION_CLASS" : "SPC"
    },
    "type" : "Internet_Connectivity",
    "begin" : 40,
    "end" : 44,
    "inCoref" : false
  }, {
    "id" : "s1-m0",
    "properties" : {
      "SIRE_MENTION_ROLE" : "Product",
      "SIRE_MENTION_TYPE" : "NONE",
      "SIRE_ENTITY_SUBTYPE" : "NONE",
      "SIRE_MENTION_CLASS" : "SPC"
    },
    "type" : "Product",
    "begin" : 89,
    "end" : 95,
    "inCoref" : false
  }, {
    "id" : "s1-m3",
    "properties" : {
      "SIRE_MENTION_ROLE" : "Voice_Text",
      "SIRE_ENTITY_SUBTYPE" : "NONE",
      "SIRE_MENTION_TYPE" : "NONE",
      "SIRE_MENTION_CLASS" : "SPC"
    },
    "type" : "Voice_Text",
    "begin" : 123,
    "end" : 131,
    "inCoref" : false
  }, {
    "id" : "s2-m0",
    "properties" : {
      "SIRE_MENTION_ROLE" : "Service_Provider",
      "SIRE_MENTION_TYPE" : "NONE",
      "SIRE_ENTITY_SUBTYPE" : "NONE",
      "SIRE_MENTION_CLASS" : "SPC"
    },
    "type" : "Service_Provider",
    "begin" : 163,
    "end" : 166,
    "inCoref" : false
  }, {
    "id" : "s9-m0",
    "properties" : {
      "SIRE_MENTION_ROLE" : "Product",
      "SIRE_MENTION_TYPE" : "NONE",
      "SIRE_ENTITY_SUBTYPE" : "NONE",
      "SIRE_MENTION_CLASS" : "SPC"
    },
    "type" : "Product",
    "begin" : 338,
    "end" : 344,
    "inCoref" : false
  }, {
    "id" : "cm1",
    "properties" : {
      "SIRE_MENTION_ROLE" : "Service_Provider",
      "SIRE_ENTITY_SUBTYPE" : "NONE",
      "SIRE_MENTION_TYPE" : "NONE",
      "SIRE_MENTION_CLASS" : "SPC"
    },
    "type" : "Service_Provider",
    "begin" : 435,
    "end" : 442,
    "inCoref" : false
  }, {
    "id" : "s13-m0",
    "properties" : {
      "SIRE_MENTION_ROLE" : "Product",
      "SIRE_MENTION_TYPE" : "NONE",
      "SIRE_ENTITY_SUBTYPE" : "NONE",
      "SIRE_MENTION_CLASS" : "SPC"
    },
    "type" : "Product",
    "begin" : 591,
    "end" : 597,
    "inCoref" : false
  }, {
    "id" : "s14-m0",
    "properties" : {
      "SIRE_MENTION_ROLE" : "Service_Provider",
      "SIRE_MENTION_TYPE" : "NONE",
      "SIRE_ENTITY_SUBTYPE" : "NONE",
      "SIRE_MENTION_CLASS" : "SPC"
    },
    "type" : "Service_Provider",
    "begin" : 617,
    "end" : 620,
    "inCoref" : false
  } ],
  "relations" : [ ],
  "corefs" : [ ],
  "typeResolved" : true,
  "userResolved" : false
}