{
  "id" : "4e012360-fed7-11e6-b666-e53c406a1a66-3",
  "name" : "0a5c8c44afcd8702a56e5e87a7c949c1.txt",
  "version" : 3,
  "text" : "(800) 947-5096\n\nFor nearly 2 years have received frequent calls from this number leaving me\nmessages about my bill and asking me to call back.The thing is, we're never\nlate with our bill.I googled this phone number today and there are tons of\nmessage boards out there with people wondering, \"Is this a scam or is this\nreally AT&amp;T;?\"So, AT&amp;T;, your customers are either (1) getting scammed\nby a phisher posing as you, or (2) not believing its really you and greatly\nannoyed by these calls.Both cases should concern you.If it is the first case,\nthen you should block this number from calling any of your subscribers.If it\nis the second, then please stop the incessant, annoying,totally useless\nautomated calling that clearly isn't achieving what it is supposed to\naccomplish! Especially for customers who say current on their bills.Take a\nsecond to google the phone number for yourself. You will see that this is\naffecting a number of your subscribers. I'm darn near dropping your service\njust because of these calls, and I have to think others feel the same\nway.Please, I implore you, do something about these calls.\n\n",
  "docLength" : 0,
  "language" : "EN",
  "status" : "READY",
  "modifiedDate" : 1488749750624,
  "documentSet" : [ ],
  "preannotation" : [ "PRE_LW" ],
  "sentences" : [ {
    "id" : "s0",
    "begin" : 0,
    "end" : 14,
    "text" : "(800) 947-5096",
    "tokens" : [ {
      "id" : "s0-t0",
      "begin" : 0,
      "end" : 1,
      "text" : "(",
      "whiteSpace" : false
    }, {
      "id" : "s0-t1",
      "begin" : 1,
      "end" : 4,
      "text" : "800",
      "whiteSpace" : false
    }, {
      "id" : "s0-t2",
      "begin" : 4,
      "end" : 5,
      "text" : ")",
      "whiteSpace" : false
    }, {
      "id" : "s0-t3",
      "begin" : 6,
      "end" : 14,
      "text" : "947-5096",
      "whiteSpace" : false
    } ]
  }, {
    "id" : "s1",
    "begin" : 16,
    "end" : 142,
    "text" : "For nearly 2 years have received frequent calls from this number leaving me\nmessages about my bill and asking me to call back.",
    "tokens" : [ {
      "id" : "s1-t0",
      "begin" : 16,
      "end" : 19,
      "text" : "For",
      "whiteSpace" : false
    }, {
      "id" : "s1-t1",
      "begin" : 20,
      "end" : 26,
      "text" : "nearly",
      "whiteSpace" : false
    }, {
      "id" : "s1-t2",
      "begin" : 27,
      "end" : 28,
      "text" : "2",
      "whiteSpace" : false
    }, {
      "id" : "s1-t3",
      "begin" : 29,
      "end" : 34,
      "text" : "years",
      "whiteSpace" : false
    }, {
      "id" : "s1-t4",
      "begin" : 35,
      "end" : 39,
      "text" : "have",
      "whiteSpace" : false
    }, {
      "id" : "s1-t5",
      "begin" : 40,
      "end" : 48,
      "text" : "received",
      "whiteSpace" : false
    }, {
      "id" : "s1-t6",
      "begin" : 49,
      "end" : 57,
      "text" : "frequent",
      "whiteSpace" : false
    }, {
      "id" : "s1-t7",
      "begin" : 58,
      "end" : 63,
      "text" : "calls",
      "whiteSpace" : false
    }, {
      "id" : "s1-t8",
      "begin" : 64,
      "end" : 68,
      "text" : "from",
      "whiteSpace" : false
    }, {
      "id" : "s1-t9",
      "begin" : 69,
      "end" : 73,
      "text" : "this",
      "whiteSpace" : false
    }, {
      "id" : "s1-t10",
      "begin" : 74,
      "end" : 80,
      "text" : "number",
      "whiteSpace" : false
    }, {
      "id" : "s1-t11",
      "begin" : 81,
      "end" : 88,
      "text" : "leaving",
      "whiteSpace" : false
    }, {
      "id" : "s1-t12",
      "begin" : 89,
      "end" : 91,
      "text" : "me",
      "whiteSpace" : false
    }, {
      "id" : "s1-t13",
      "begin" : 92,
      "end" : 100,
      "text" : "messages",
      "whiteSpace" : false
    }, {
      "id" : "s1-t14",
      "begin" : 101,
      "end" : 106,
      "text" : "about",
      "whiteSpace" : false
    }, {
      "id" : "s1-t15",
      "begin" : 107,
      "end" : 109,
      "text" : "my",
      "whiteSpace" : false
    }, {
      "id" : "s1-t16",
      "begin" : 110,
      "end" : 114,
      "text" : "bill",
      "whiteSpace" : false
    }, {
      "id" : "s1-t17",
      "begin" : 115,
      "end" : 118,
      "text" : "and",
      "whiteSpace" : false
    }, {
      "id" : "s1-t18",
      "begin" : 119,
      "end" : 125,
      "text" : "asking",
      "whiteSpace" : false
    }, {
      "id" : "s1-t19",
      "begin" : 126,
      "end" : 128,
      "text" : "me",
      "whiteSpace" : false
    }, {
      "id" : "s1-t20",
      "begin" : 129,
      "end" : 131,
      "text" : "to",
      "whiteSpace" : false
    }, {
      "id" : "s1-t21",
      "begin" : 132,
      "end" : 136,
      "text" : "call",
      "whiteSpace" : false
    }, {
      "id" : "s1-t22",
      "begin" : 137,
      "end" : 141,
      "text" : "back",
      "whiteSpace" : false
    }, {
      "id" : "s1-t23",
      "begin" : 141,
      "end" : 142,
      "text" : ".",
      "whiteSpace" : false
    } ]
  }, {
    "id" : "s2",
    "begin" : 142,
    "end" : 335,
    "text" : "The thing is, we're never\nlate with our bill.I googled this phone number today and there are tons of\nmessage boards out there with people wondering, \"Is this a scam or is this\nreally AT&amp;T;?",
    "tokens" : [ {
      "id" : "s2-t0",
      "begin" : 142,
      "end" : 145,
      "text" : "The",
      "whiteSpace" : false
    }, {
      "id" : "s2-t1",
      "begin" : 146,
      "end" : 151,
      "text" : "thing",
      "whiteSpace" : false
    }, {
      "id" : "s2-t2",
      "begin" : 152,
      "end" : 154,
      "text" : "is",
      "whiteSpace" : false
    }, {
      "id" : "s2-t3",
      "begin" : 154,
      "end" : 155,
      "text" : ",",
      "whiteSpace" : false
    }, {
      "id" : "s2-t4",
      "begin" : 156,
      "end" : 158,
      "text" : "we",
      "whiteSpace" : false
    }, {
      "id" : "s2-t5",
      "begin" : 158,
      "end" : 161,
      "text" : "'re",
      "whiteSpace" : false
    }, {
      "id" : "s2-t6",
      "begin" : 162,
      "end" : 167,
      "text" : "never",
      "whiteSpace" : false
    }, {
      "id" : "s2-t7",
      "begin" : 168,
      "end" : 172,
      "text" : "late",
      "whiteSpace" : false
    }, {
      "id" : "s2-t8",
      "begin" : 173,
      "end" : 177,
      "text" : "with",
      "whiteSpace" : false
    }, {
      "id" : "s2-t9",
      "begin" : 178,
      "end" : 181,
      "text" : "our",
      "whiteSpace" : false
    }, {
      "id" : "s2-t10",
      "begin" : 182,
      "end" : 188,
      "text" : "bill.I",
      "whiteSpace" : false
    }, {
      "id" : "s2-t11",
      "begin" : 189,
      "end" : 196,
      "text" : "googled",
      "whiteSpace" : false
    }, {
      "id" : "s2-t12",
      "begin" : 197,
      "end" : 201,
      "text" : "this",
      "whiteSpace" : false
    }, {
      "id" : "s2-t13",
      "begin" : 202,
      "end" : 207,
      "text" : "phone",
      "whiteSpace" : false
    }, {
      "id" : "s2-t14",
      "begin" : 208,
      "end" : 214,
      "text" : "number",
      "whiteSpace" : false
    }, {
      "id" : "s2-t15",
      "begin" : 215,
      "end" : 220,
      "text" : "today",
      "whiteSpace" : false
    }, {
      "id" : "s2-t16",
      "begin" : 221,
      "end" : 224,
      "text" : "and",
      "whiteSpace" : false
    }, {
      "id" : "s2-t17",
      "begin" : 225,
      "end" : 230,
      "text" : "there",
      "whiteSpace" : false
    }, {
      "id" : "s2-t18",
      "begin" : 231,
      "end" : 234,
      "text" : "are",
      "whiteSpace" : false
    }, {
      "id" : "s2-t19",
      "begin" : 235,
      "end" : 239,
      "text" : "tons",
      "whiteSpace" : false
    }, {
      "id" : "s2-t20",
      "begin" : 240,
      "end" : 242,
      "text" : "of",
      "whiteSpace" : false
    }, {
      "id" : "s2-t21",
      "begin" : 243,
      "end" : 250,
      "text" : "message",
      "whiteSpace" : false
    }, {
      "id" : "s2-t22",
      "begin" : 251,
      "end" : 257,
      "text" : "boards",
      "whiteSpace" : false
    }, {
      "id" : "s2-t23",
      "begin" : 258,
      "end" : 261,
      "text" : "out",
      "whiteSpace" : false
    }, {
      "id" : "s2-t24",
      "begin" : 262,
      "end" : 267,
      "text" : "there",
      "whiteSpace" : false
    }, {
      "id" : "s2-t25",
      "begin" : 268,
      "end" : 272,
      "text" : "with",
      "whiteSpace" : false
    }, {
      "id" : "s2-t26",
      "begin" : 273,
      "end" : 279,
      "text" : "people",
      "whiteSpace" : false
    }, {
      "id" : "s2-t27",
      "begin" : 280,
      "end" : 289,
      "text" : "wondering",
      "whiteSpace" : false
    }, {
      "id" : "s2-t28",
      "begin" : 289,
      "end" : 290,
      "text" : ",",
      "whiteSpace" : false
    }, {
      "id" : "s2-t29",
      "begin" : 291,
      "end" : 292,
      "text" : "\"",
      "whiteSpace" : false
    }, {
      "id" : "s2-t30",
      "begin" : 292,
      "end" : 294,
      "text" : "Is",
      "whiteSpace" : false
    }, {
      "id" : "s2-t31",
      "begin" : 295,
      "end" : 299,
      "text" : "this",
      "whiteSpace" : false
    }, {
      "id" : "s2-t32",
      "begin" : 300,
      "end" : 301,
      "text" : "a",
      "whiteSpace" : false
    }, {
      "id" : "s2-t33",
      "begin" : 302,
      "end" : 306,
      "text" : "scam",
      "whiteSpace" : false
    }, {
      "id" : "s2-t34",
      "begin" : 307,
      "end" : 309,
      "text" : "or",
      "whiteSpace" : false
    }, {
      "id" : "s2-t35",
      "begin" : 310,
      "end" : 312,
      "text" : "is",
      "whiteSpace" : false
    }, {
      "id" : "s2-t36",
      "begin" : 313,
      "end" : 317,
      "text" : "this",
      "whiteSpace" : false
    }, {
      "id" : "s2-t37",
      "begin" : 318,
      "end" : 324,
      "text" : "really",
      "whiteSpace" : false
    }, {
      "id" : "s2-t38",
      "begin" : 325,
      "end" : 327,
      "text" : "AT",
      "whiteSpace" : false
    }, {
      "id" : "s2-t39",
      "begin" : 327,
      "end" : 332,
      "text" : "&amp;",
      "whiteSpace" : false
    }, {
      "id" : "s2-t40",
      "begin" : 332,
      "end" : 334,
      "text" : "T;",
      "whiteSpace" : false
    }, {
      "id" : "s2-t41",
      "begin" : 334,
      "end" : 335,
      "text" : "?",
      "whiteSpace" : false
    } ]
  }, {
    "id" : "s3",
    "begin" : 335,
    "end" : 496,
    "text" : "\"So, AT&amp;T;, your customers are either (1) getting scammed\nby a phisher posing as you, or (2) not believing its really you and greatly\nannoyed by these calls.",
    "tokens" : [ {
      "id" : "s3-t0",
      "begin" : 335,
      "end" : 336,
      "text" : "\"",
      "whiteSpace" : false
    }, {
      "id" : "s3-t1",
      "begin" : 336,
      "end" : 338,
      "text" : "So",
      "whiteSpace" : false
    }, {
      "id" : "s3-t2",
      "begin" : 338,
      "end" : 339,
      "text" : ",",
      "whiteSpace" : false
    }, {
      "id" : "s3-t3",
      "begin" : 340,
      "end" : 342,
      "text" : "AT",
      "whiteSpace" : false
    }, {
      "id" : "s3-t4",
      "begin" : 342,
      "end" : 347,
      "text" : "&amp;",
      "whiteSpace" : false
    }, {
      "id" : "s3-t5",
      "begin" : 347,
      "end" : 349,
      "text" : "T;",
      "whiteSpace" : false
    }, {
      "id" : "s3-t6",
      "begin" : 349,
      "end" : 350,
      "text" : ",",
      "whiteSpace" : false
    }, {
      "id" : "s3-t7",
      "begin" : 351,
      "end" : 355,
      "text" : "your",
      "whiteSpace" : false
    }, {
      "id" : "s3-t8",
      "begin" : 356,
      "end" : 365,
      "text" : "customers",
      "whiteSpace" : false
    }, {
      "id" : "s3-t9",
      "begin" : 366,
      "end" : 369,
      "text" : "are",
      "whiteSpace" : false
    }, {
      "id" : "s3-t10",
      "begin" : 370,
      "end" : 376,
      "text" : "either",
      "whiteSpace" : false
    }, {
      "id" : "s3-t11",
      "begin" : 377,
      "end" : 378,
      "text" : "(",
      "whiteSpace" : false
    }, {
      "id" : "s3-t12",
      "begin" : 378,
      "end" : 379,
      "text" : "1",
      "whiteSpace" : false
    }, {
      "id" : "s3-t13",
      "begin" : 379,
      "end" : 380,
      "text" : ")",
      "whiteSpace" : false
    }, {
      "id" : "s3-t14",
      "begin" : 381,
      "end" : 388,
      "text" : "getting",
      "whiteSpace" : false
    }, {
      "id" : "s3-t15",
      "begin" : 389,
      "end" : 396,
      "text" : "scammed",
      "whiteSpace" : false
    }, {
      "id" : "s3-t16",
      "begin" : 397,
      "end" : 399,
      "text" : "by",
      "whiteSpace" : false
    }, {
      "id" : "s3-t17",
      "begin" : 400,
      "end" : 401,
      "text" : "a",
      "whiteSpace" : false
    }, {
      "id" : "s3-t18",
      "begin" : 402,
      "end" : 409,
      "text" : "phisher",
      "whiteSpace" : false
    }, {
      "id" : "s3-t19",
      "begin" : 410,
      "end" : 416,
      "text" : "posing",
      "whiteSpace" : false
    }, {
      "id" : "s3-t20",
      "begin" : 417,
      "end" : 419,
      "text" : "as",
      "whiteSpace" : false
    }, {
      "id" : "s3-t21",
      "begin" : 420,
      "end" : 423,
      "text" : "you",
      "whiteSpace" : false
    }, {
      "id" : "s3-t22",
      "begin" : 423,
      "end" : 424,
      "text" : ",",
      "whiteSpace" : false
    }, {
      "id" : "s3-t23",
      "begin" : 425,
      "end" : 427,
      "text" : "or",
      "whiteSpace" : false
    }, {
      "id" : "s3-t24",
      "begin" : 428,
      "end" : 429,
      "text" : "(",
      "whiteSpace" : false
    }, {
      "id" : "s3-t25",
      "begin" : 429,
      "end" : 430,
      "text" : "2",
      "whiteSpace" : false
    }, {
      "id" : "s3-t26",
      "begin" : 430,
      "end" : 431,
      "text" : ")",
      "whiteSpace" : false
    }, {
      "id" : "s3-t27",
      "begin" : 432,
      "end" : 435,
      "text" : "not",
      "whiteSpace" : false
    }, {
      "id" : "s3-t28",
      "begin" : 436,
      "end" : 445,
      "text" : "believing",
      "whiteSpace" : false
    }, {
      "id" : "s3-t29",
      "begin" : 446,
      "end" : 449,
      "text" : "its",
      "whiteSpace" : false
    }, {
      "id" : "s3-t30",
      "begin" : 450,
      "end" : 456,
      "text" : "really",
      "whiteSpace" : false
    }, {
      "id" : "s3-t31",
      "begin" : 457,
      "end" : 460,
      "text" : "you",
      "whiteSpace" : false
    }, {
      "id" : "s3-t32",
      "begin" : 461,
      "end" : 464,
      "text" : "and",
      "whiteSpace" : false
    }, {
      "id" : "s3-t33",
      "begin" : 465,
      "end" : 472,
      "text" : "greatly",
      "whiteSpace" : false
    }, {
      "id" : "s3-t34",
      "begin" : 473,
      "end" : 480,
      "text" : "annoyed",
      "whiteSpace" : false
    }, {
      "id" : "s3-t35",
      "begin" : 481,
      "end" : 483,
      "text" : "by",
      "whiteSpace" : false
    }, {
      "id" : "s3-t36",
      "begin" : 484,
      "end" : 489,
      "text" : "these",
      "whiteSpace" : false
    }, {
      "id" : "s3-t37",
      "begin" : 490,
      "end" : 495,
      "text" : "calls",
      "whiteSpace" : false
    }, {
      "id" : "s3-t38",
      "begin" : 495,
      "end" : 496,
      "text" : ".",
      "whiteSpace" : false
    } ]
  }, {
    "id" : "s4",
    "begin" : 496,
    "end" : 526,
    "text" : "Both cases should concern you.",
    "tokens" : [ {
      "id" : "s4-t0",
      "begin" : 496,
      "end" : 500,
      "text" : "Both",
      "whiteSpace" : false
    }, {
      "id" : "s4-t1",
      "begin" : 501,
      "end" : 506,
      "text" : "cases",
      "whiteSpace" : false
    }, {
      "id" : "s4-t2",
      "begin" : 507,
      "end" : 513,
      "text" : "should",
      "whiteSpace" : false
    }, {
      "id" : "s4-t3",
      "begin" : 514,
      "end" : 521,
      "text" : "concern",
      "whiteSpace" : false
    }, {
      "id" : "s4-t4",
      "begin" : 522,
      "end" : 525,
      "text" : "you",
      "whiteSpace" : false
    }, {
      "id" : "s4-t5",
      "begin" : 525,
      "end" : 526,
      "text" : ".",
      "whiteSpace" : false
    } ]
  }, {
    "id" : "s5",
    "begin" : 526,
    "end" : 622,
    "text" : "If it is the first case,\nthen you should block this number from calling any of your subscribers.",
    "tokens" : [ {
      "id" : "s5-t0",
      "begin" : 526,
      "end" : 528,
      "text" : "If",
      "whiteSpace" : false
    }, {
      "id" : "s5-t1",
      "begin" : 529,
      "end" : 531,
      "text" : "it",
      "whiteSpace" : false
    }, {
      "id" : "s5-t2",
      "begin" : 532,
      "end" : 534,
      "text" : "is",
      "whiteSpace" : false
    }, {
      "id" : "s5-t3",
      "begin" : 535,
      "end" : 538,
      "text" : "the",
      "whiteSpace" : false
    }, {
      "id" : "s5-t4",
      "begin" : 539,
      "end" : 544,
      "text" : "first",
      "whiteSpace" : false
    }, {
      "id" : "s5-t5",
      "begin" : 545,
      "end" : 549,
      "text" : "case",
      "whiteSpace" : false
    }, {
      "id" : "s5-t6",
      "begin" : 549,
      "end" : 550,
      "text" : ",",
      "whiteSpace" : false
    }, {
      "id" : "s5-t7",
      "begin" : 551,
      "end" : 555,
      "text" : "then",
      "whiteSpace" : false
    }, {
      "id" : "s5-t8",
      "begin" : 556,
      "end" : 559,
      "text" : "you",
      "whiteSpace" : false
    }, {
      "id" : "s5-t9",
      "begin" : 560,
      "end" : 566,
      "text" : "should",
      "whiteSpace" : false
    }, {
      "id" : "s5-t10",
      "begin" : 567,
      "end" : 572,
      "text" : "block",
      "whiteSpace" : false
    }, {
      "id" : "s5-t11",
      "begin" : 573,
      "end" : 577,
      "text" : "this",
      "whiteSpace" : false
    }, {
      "id" : "s5-t12",
      "begin" : 578,
      "end" : 584,
      "text" : "number",
      "whiteSpace" : false
    }, {
      "id" : "s5-t13",
      "begin" : 585,
      "end" : 589,
      "text" : "from",
      "whiteSpace" : false
    }, {
      "id" : "s5-t14",
      "begin" : 590,
      "end" : 597,
      "text" : "calling",
      "whiteSpace" : false
    }, {
      "id" : "s5-t15",
      "begin" : 598,
      "end" : 601,
      "text" : "any",
      "whiteSpace" : false
    }, {
      "id" : "s5-t16",
      "begin" : 602,
      "end" : 604,
      "text" : "of",
      "whiteSpace" : false
    }, {
      "id" : "s5-t17",
      "begin" : 605,
      "end" : 609,
      "text" : "your",
      "whiteSpace" : false
    }, {
      "id" : "s5-t18",
      "begin" : 610,
      "end" : 621,
      "text" : "subscribers",
      "whiteSpace" : false
    }, {
      "id" : "s5-t19",
      "begin" : 621,
      "end" : 622,
      "text" : ".",
      "whiteSpace" : false
    } ]
  }, {
    "id" : "s6",
    "begin" : 622,
    "end" : 781,
    "text" : "If it\nis the second, then please stop the incessant, annoying,totally useless\nautomated calling that clearly isn't achieving what it is supposed to\naccomplish!",
    "tokens" : [ {
      "id" : "s6-t0",
      "begin" : 622,
      "end" : 624,
      "text" : "If",
      "whiteSpace" : false
    }, {
      "id" : "s6-t1",
      "begin" : 625,
      "end" : 627,
      "text" : "it",
      "whiteSpace" : false
    }, {
      "id" : "s6-t2",
      "begin" : 628,
      "end" : 630,
      "text" : "is",
      "whiteSpace" : false
    }, {
      "id" : "s6-t3",
      "begin" : 631,
      "end" : 634,
      "text" : "the",
      "whiteSpace" : false
    }, {
      "id" : "s6-t4",
      "begin" : 635,
      "end" : 641,
      "text" : "second",
      "whiteSpace" : false
    }, {
      "id" : "s6-t5",
      "begin" : 641,
      "end" : 642,
      "text" : ",",
      "whiteSpace" : false
    }, {
      "id" : "s6-t6",
      "begin" : 643,
      "end" : 647,
      "text" : "then",
      "whiteSpace" : false
    }, {
      "id" : "s6-t7",
      "begin" : 648,
      "end" : 654,
      "text" : "please",
      "whiteSpace" : false
    }, {
      "id" : "s6-t8",
      "begin" : 655,
      "end" : 659,
      "text" : "stop",
      "whiteSpace" : false
    }, {
      "id" : "s6-t9",
      "begin" : 660,
      "end" : 663,
      "text" : "the",
      "whiteSpace" : false
    }, {
      "id" : "s6-t10",
      "begin" : 664,
      "end" : 673,
      "text" : "incessant",
      "whiteSpace" : false
    }, {
      "id" : "s6-t11",
      "begin" : 673,
      "end" : 674,
      "text" : ",",
      "whiteSpace" : false
    }, {
      "id" : "s6-t12",
      "begin" : 675,
      "end" : 683,
      "text" : "annoying",
      "whiteSpace" : false
    }, {
      "id" : "s6-t13",
      "begin" : 683,
      "end" : 684,
      "text" : ",",
      "whiteSpace" : false
    }, {
      "id" : "s6-t14",
      "begin" : 684,
      "end" : 691,
      "text" : "totally",
      "whiteSpace" : false
    }, {
      "id" : "s6-t15",
      "begin" : 692,
      "end" : 699,
      "text" : "useless",
      "whiteSpace" : false
    }, {
      "id" : "s6-t16",
      "begin" : 700,
      "end" : 709,
      "text" : "automated",
      "whiteSpace" : false
    }, {
      "id" : "s6-t17",
      "begin" : 710,
      "end" : 717,
      "text" : "calling",
      "whiteSpace" : false
    }, {
      "id" : "s6-t18",
      "begin" : 718,
      "end" : 722,
      "text" : "that",
      "whiteSpace" : false
    }, {
      "id" : "s6-t19",
      "begin" : 723,
      "end" : 730,
      "text" : "clearly",
      "whiteSpace" : false
    }, {
      "id" : "s6-t20",
      "begin" : 731,
      "end" : 733,
      "text" : "is",
      "whiteSpace" : false
    }, {
      "id" : "s6-t21",
      "begin" : 733,
      "end" : 736,
      "text" : "n't",
      "whiteSpace" : false
    }, {
      "id" : "s6-t22",
      "begin" : 737,
      "end" : 746,
      "text" : "achieving",
      "whiteSpace" : false
    }, {
      "id" : "s6-t23",
      "begin" : 747,
      "end" : 751,
      "text" : "what",
      "whiteSpace" : false
    }, {
      "id" : "s6-t24",
      "begin" : 752,
      "end" : 754,
      "text" : "it",
      "whiteSpace" : false
    }, {
      "id" : "s6-t25",
      "begin" : 755,
      "end" : 757,
      "text" : "is",
      "whiteSpace" : false
    }, {
      "id" : "s6-t26",
      "begin" : 758,
      "end" : 766,
      "text" : "supposed",
      "whiteSpace" : false
    }, {
      "id" : "s6-t27",
      "begin" : 767,
      "end" : 769,
      "text" : "to",
      "whiteSpace" : false
    }, {
      "id" : "s6-t28",
      "begin" : 770,
      "end" : 780,
      "text" : "accomplish",
      "whiteSpace" : false
    }, {
      "id" : "s6-t29",
      "begin" : 780,
      "end" : 781,
      "text" : "!",
      "whiteSpace" : false
    } ]
  }, {
    "id" : "s7",
    "begin" : 782,
    "end" : 838,
    "text" : "Especially for customers who say current on their bills.",
    "tokens" : [ {
      "id" : "s7-t0",
      "begin" : 782,
      "end" : 792,
      "text" : "Especially",
      "whiteSpace" : false
    }, {
      "id" : "s7-t1",
      "begin" : 793,
      "end" : 796,
      "text" : "for",
      "whiteSpace" : false
    }, {
      "id" : "s7-t2",
      "begin" : 797,
      "end" : 806,
      "text" : "customers",
      "whiteSpace" : false
    }, {
      "id" : "s7-t3",
      "begin" : 807,
      "end" : 810,
      "text" : "who",
      "whiteSpace" : false
    }, {
      "id" : "s7-t4",
      "begin" : 811,
      "end" : 814,
      "text" : "say",
      "whiteSpace" : false
    }, {
      "id" : "s7-t5",
      "begin" : 815,
      "end" : 822,
      "text" : "current",
      "whiteSpace" : false
    }, {
      "id" : "s7-t6",
      "begin" : 823,
      "end" : 825,
      "text" : "on",
      "whiteSpace" : false
    }, {
      "id" : "s7-t7",
      "begin" : 826,
      "end" : 831,
      "text" : "their",
      "whiteSpace" : false
    }, {
      "id" : "s7-t8",
      "begin" : 832,
      "end" : 837,
      "text" : "bills",
      "whiteSpace" : false
    }, {
      "id" : "s7-t9",
      "begin" : 837,
      "end" : 838,
      "text" : ".",
      "whiteSpace" : false
    } ]
  }, {
    "id" : "s8",
    "begin" : 838,
    "end" : 892,
    "text" : "Take a\nsecond to google the phone number for yourself.",
    "tokens" : [ {
      "id" : "s8-t0",
      "begin" : 838,
      "end" : 842,
      "text" : "Take",
      "whiteSpace" : false
    }, {
      "id" : "s8-t1",
      "begin" : 843,
      "end" : 844,
      "text" : "a",
      "whiteSpace" : false
    }, {
      "id" : "s8-t2",
      "begin" : 845,
      "end" : 851,
      "text" : "second",
      "whiteSpace" : false
    }, {
      "id" : "s8-t3",
      "begin" : 852,
      "end" : 854,
      "text" : "to",
      "whiteSpace" : false
    }, {
      "id" : "s8-t4",
      "begin" : 855,
      "end" : 861,
      "text" : "google",
      "whiteSpace" : false
    }, {
      "id" : "s8-t5",
      "begin" : 862,
      "end" : 865,
      "text" : "the",
      "whiteSpace" : false
    }, {
      "id" : "s8-t6",
      "begin" : 866,
      "end" : 871,
      "text" : "phone",
      "whiteSpace" : false
    }, {
      "id" : "s8-t7",
      "begin" : 872,
      "end" : 878,
      "text" : "number",
      "whiteSpace" : false
    }, {
      "id" : "s8-t8",
      "begin" : 879,
      "end" : 882,
      "text" : "for",
      "whiteSpace" : false
    }, {
      "id" : "s8-t9",
      "begin" : 883,
      "end" : 891,
      "text" : "yourself",
      "whiteSpace" : false
    }, {
      "id" : "s8-t10",
      "begin" : 891,
      "end" : 892,
      "text" : ".",
      "whiteSpace" : false
    } ]
  }, {
    "id" : "s9",
    "begin" : 893,
    "end" : 958,
    "text" : "You will see that this is\naffecting a number of your subscribers.",
    "tokens" : [ {
      "id" : "s9-t0",
      "begin" : 893,
      "end" : 896,
      "text" : "You",
      "whiteSpace" : false
    }, {
      "id" : "s9-t1",
      "begin" : 897,
      "end" : 901,
      "text" : "will",
      "whiteSpace" : false
    }, {
      "id" : "s9-t2",
      "begin" : 902,
      "end" : 905,
      "text" : "see",
      "whiteSpace" : false
    }, {
      "id" : "s9-t3",
      "begin" : 906,
      "end" : 910,
      "text" : "that",
      "whiteSpace" : false
    }, {
      "id" : "s9-t4",
      "begin" : 911,
      "end" : 915,
      "text" : "this",
      "whiteSpace" : false
    }, {
      "id" : "s9-t5",
      "begin" : 916,
      "end" : 918,
      "text" : "is",
      "whiteSpace" : false
    }, {
      "id" : "s9-t6",
      "begin" : 919,
      "end" : 928,
      "text" : "affecting",
      "whiteSpace" : false
    }, {
      "id" : "s9-t7",
      "begin" : 929,
      "end" : 930,
      "text" : "a",
      "whiteSpace" : false
    }, {
      "id" : "s9-t8",
      "begin" : 931,
      "end" : 937,
      "text" : "number",
      "whiteSpace" : false
    }, {
      "id" : "s9-t9",
      "begin" : 938,
      "end" : 940,
      "text" : "of",
      "whiteSpace" : false
    }, {
      "id" : "s9-t10",
      "begin" : 941,
      "end" : 945,
      "text" : "your",
      "whiteSpace" : false
    }, {
      "id" : "s9-t11",
      "begin" : 946,
      "end" : 957,
      "text" : "subscribers",
      "whiteSpace" : false
    }, {
      "id" : "s9-t12",
      "begin" : 957,
      "end" : 958,
      "text" : ".",
      "whiteSpace" : false
    } ]
  }, {
    "id" : "s10",
    "begin" : 959,
    "end" : 1123,
    "text" : "I'm darn near dropping your service\njust because of these calls, and I have to think others feel the same\nway.Please, I implore you, do something about these calls.",
    "tokens" : [ {
      "id" : "s10-t0",
      "begin" : 959,
      "end" : 960,
      "text" : "I",
      "whiteSpace" : false
    }, {
      "id" : "s10-t1",
      "begin" : 960,
      "end" : 962,
      "text" : "'m",
      "whiteSpace" : false
    }, {
      "id" : "s10-t2",
      "begin" : 963,
      "end" : 967,
      "text" : "darn",
      "whiteSpace" : false
    }, {
      "id" : "s10-t3",
      "begin" : 968,
      "end" : 972,
      "text" : "near",
      "whiteSpace" : false
    }, {
      "id" : "s10-t4",
      "begin" : 973,
      "end" : 981,
      "text" : "dropping",
      "whiteSpace" : false
    }, {
      "id" : "s10-t5",
      "begin" : 982,
      "end" : 986,
      "text" : "your",
      "whiteSpace" : false
    }, {
      "id" : "s10-t6",
      "begin" : 987,
      "end" : 994,
      "text" : "service",
      "whiteSpace" : false
    }, {
      "id" : "s10-t7",
      "begin" : 995,
      "end" : 999,
      "text" : "just",
      "whiteSpace" : false
    }, {
      "id" : "s10-t8",
      "begin" : 1000,
      "end" : 1007,
      "text" : "because",
      "whiteSpace" : false
    }, {
      "id" : "s10-t9",
      "begin" : 1008,
      "end" : 1010,
      "text" : "of",
      "whiteSpace" : false
    }, {
      "id" : "s10-t10",
      "begin" : 1011,
      "end" : 1016,
      "text" : "these",
      "whiteSpace" : false
    }, {
      "id" : "s10-t11",
      "begin" : 1017,
      "end" : 1022,
      "text" : "calls",
      "whiteSpace" : false
    }, {
      "id" : "s10-t12",
      "begin" : 1022,
      "end" : 1023,
      "text" : ",",
      "whiteSpace" : false
    }, {
      "id" : "s10-t13",
      "begin" : 1024,
      "end" : 1027,
      "text" : "and",
      "whiteSpace" : false
    }, {
      "id" : "s10-t14",
      "begin" : 1028,
      "end" : 1029,
      "text" : "I",
      "whiteSpace" : false
    }, {
      "id" : "s10-t15",
      "begin" : 1030,
      "end" : 1034,
      "text" : "have",
      "whiteSpace" : false
    }, {
      "id" : "s10-t16",
      "begin" : 1035,
      "end" : 1037,
      "text" : "to",
      "whiteSpace" : false
    }, {
      "id" : "s10-t17",
      "begin" : 1038,
      "end" : 1043,
      "text" : "think",
      "whiteSpace" : false
    }, {
      "id" : "s10-t18",
      "begin" : 1044,
      "end" : 1050,
      "text" : "others",
      "whiteSpace" : false
    }, {
      "id" : "s10-t19",
      "begin" : 1051,
      "end" : 1055,
      "text" : "feel",
      "whiteSpace" : false
    }, {
      "id" : "s10-t20",
      "begin" : 1056,
      "end" : 1059,
      "text" : "the",
      "whiteSpace" : false
    }, {
      "id" : "s10-t21",
      "begin" : 1060,
      "end" : 1064,
      "text" : "same",
      "whiteSpace" : false
    }, {
      "id" : "s10-t22",
      "begin" : 1065,
      "end" : 1075,
      "text" : "way.Please",
      "whiteSpace" : false
    }, {
      "id" : "s10-t23",
      "begin" : 1075,
      "end" : 1076,
      "text" : ",",
      "whiteSpace" : false
    }, {
      "id" : "s10-t24",
      "begin" : 1077,
      "end" : 1078,
      "text" : "I",
      "whiteSpace" : false
    }, {
      "id" : "s10-t25",
      "begin" : 1079,
      "end" : 1086,
      "text" : "implore",
      "whiteSpace" : false
    }, {
      "id" : "s10-t26",
      "begin" : 1087,
      "end" : 1090,
      "text" : "you",
      "whiteSpace" : false
    }, {
      "id" : "s10-t27",
      "begin" : 1090,
      "end" : 1091,
      "text" : ",",
      "whiteSpace" : false
    }, {
      "id" : "s10-t28",
      "begin" : 1092,
      "end" : 1094,
      "text" : "do",
      "whiteSpace" : false
    }, {
      "id" : "s10-t29",
      "begin" : 1095,
      "end" : 1104,
      "text" : "something",
      "whiteSpace" : false
    }, {
      "id" : "s10-t30",
      "begin" : 1105,
      "end" : 1110,
      "text" : "about",
      "whiteSpace" : false
    }, {
      "id" : "s10-t31",
      "begin" : 1111,
      "end" : 1116,
      "text" : "these",
      "whiteSpace" : false
    }, {
      "id" : "s10-t32",
      "begin" : 1117,
      "end" : 1122,
      "text" : "calls",
      "whiteSpace" : false
    }, {
      "id" : "s10-t33",
      "begin" : 1122,
      "end" : 1123,
      "text" : ".",
      "whiteSpace" : false
    } ]
  } ],
  "mentions" : [ {
    "id" : "s1-m1",
    "properties" : {
      "SIRE_MENTION_ROLE" : "Voice_Text",
      "SIRE_ENTITY_SUBTYPE" : "NONE",
      "SIRE_MENTION_TYPE" : "NONE",
      "SIRE_MENTION_CLASS" : "SPC"
    },
    "type" : "Voice_Text",
    "begin" : 58,
    "end" : 63,
    "inCoref" : false
  }, {
    "id" : "s1-m2",
    "properties" : {
      "SIRE_MENTION_ROLE" : "Voice_Text",
      "SIRE_ENTITY_SUBTYPE" : "NONE",
      "SIRE_MENTION_TYPE" : "NONE",
      "SIRE_MENTION_CLASS" : "SPC"
    },
    "type" : "Voice_Text",
    "begin" : 92,
    "end" : 100,
    "inCoref" : false
  }, {
    "id" : "cm1",
    "properties" : {
      "SIRE_MENTION_ROLE" : "Service_Provider",
      "SIRE_ENTITY_SUBTYPE" : "NONE",
      "SIRE_MENTION_TYPE" : "NONE",
      "SIRE_MENTION_CLASS" : "SPC"
    },
    "type" : "Service_Provider",
    "begin" : 325,
    "end" : 334,
    "inCoref" : false
  }, {
    "id" : "cm2",
    "properties" : {
      "SIRE_MENTION_ROLE" : "Service_Provider",
      "SIRE_ENTITY_SUBTYPE" : "NONE",
      "SIRE_MENTION_TYPE" : "NONE",
      "SIRE_MENTION_CLASS" : "SPC"
    },
    "type" : "Service_Provider",
    "begin" : 340,
    "end" : 349,
    "inCoref" : false
  }, {
    "id" : "s6-m1",
    "properties" : {
      "SIRE_MENTION_ROLE" : "Voice_Text",
      "SIRE_ENTITY_SUBTYPE" : "NONE",
      "SIRE_MENTION_TYPE" : "NONE",
      "SIRE_MENTION_CLASS" : "SPC"
    },
    "type" : "Voice_Text",
    "begin" : 710,
    "end" : 717,
    "inCoref" : false
  }, {
    "id" : "s10-m2",
    "properties" : {
      "SIRE_MENTION_ROLE" : "Voice_Text",
      "SIRE_ENTITY_SUBTYPE" : "NONE",
      "SIRE_MENTION_TYPE" : "NONE",
      "SIRE_MENTION_CLASS" : "SPC"
    },
    "type" : "Voice_Text",
    "begin" : 987,
    "end" : 994,
    "inCoref" : false
  }, {
    "id" : "s10-m1",
    "properties" : {
      "SIRE_MENTION_ROLE" : "Voice_Text",
      "SIRE_ENTITY_SUBTYPE" : "NONE",
      "SIRE_MENTION_TYPE" : "NONE",
      "SIRE_MENTION_CLASS" : "SPC"
    },
    "type" : "Voice_Text",
    "begin" : 1017,
    "end" : 1022,
    "inCoref" : false
  } ],
  "relations" : [ ],
  "corefs" : [ ],
  "typeResolved" : true,
  "userResolved" : false
}