{
  "id" : "4f797610-fed8-11e6-ad90-f90d43a47c95-5",
  "name" : "12363afb9c15cd36099d66e9c62c9a1d.txt",
  "version" : 3,
  "text" : "Why can't I unlock my phone?\n\nMy bill was sent to collections and I was unable to take my phone to another\ncarrier. I have been without a phone for months now because of \"early\ntermination\" that I did not initiate, and yesterday in the mid morning EST I\npaid the balance in full. Today, mid afternoon EST, I tried to go to unlock\nthe phone and the website says I still have an unpaid balance and that my\nphone is still under contract... huh? How is that possible? I don't pay\nmonthly anymore, I own my phone, so let me have my phone.\n\n",
  "docLength" : 0,
  "language" : "EN",
  "status" : "READY",
  "modifiedDate" : 1488747936016,
  "documentSet" : [ ],
  "preannotation" : [ "PRE_LW" ],
  "sentences" : [ {
    "id" : "s0",
    "begin" : 0,
    "end" : 28,
    "text" : "Why can't I unlock my phone?",
    "tokens" : [ {
      "id" : "s0-t0",
      "begin" : 0,
      "end" : 3,
      "text" : "Why",
      "whiteSpace" : false
    }, {
      "id" : "s0-t1",
      "begin" : 4,
      "end" : 6,
      "text" : "ca",
      "whiteSpace" : false
    }, {
      "id" : "s0-t2",
      "begin" : 6,
      "end" : 9,
      "text" : "n't",
      "whiteSpace" : false
    }, {
      "id" : "s0-t3",
      "begin" : 10,
      "end" : 11,
      "text" : "I",
      "whiteSpace" : false
    }, {
      "id" : "s0-t4",
      "begin" : 12,
      "end" : 18,
      "text" : "unlock",
      "whiteSpace" : false
    }, {
      "id" : "s0-t5",
      "begin" : 19,
      "end" : 21,
      "text" : "my",
      "whiteSpace" : false
    }, {
      "id" : "s0-t6",
      "begin" : 22,
      "end" : 27,
      "text" : "phone",
      "whiteSpace" : false
    }, {
      "id" : "s0-t7",
      "begin" : 27,
      "end" : 28,
      "text" : "?",
      "whiteSpace" : false
    } ]
  }, {
    "id" : "s1",
    "begin" : 30,
    "end" : 115,
    "text" : "My bill was sent to collections and I was unable to take my phone to another\ncarrier.",
    "tokens" : [ {
      "id" : "s1-t0",
      "begin" : 30,
      "end" : 32,
      "text" : "My",
      "whiteSpace" : false
    }, {
      "id" : "s1-t1",
      "begin" : 33,
      "end" : 37,
      "text" : "bill",
      "whiteSpace" : false
    }, {
      "id" : "s1-t2",
      "begin" : 38,
      "end" : 41,
      "text" : "was",
      "whiteSpace" : false
    }, {
      "id" : "s1-t3",
      "begin" : 42,
      "end" : 46,
      "text" : "sent",
      "whiteSpace" : false
    }, {
      "id" : "s1-t4",
      "begin" : 47,
      "end" : 49,
      "text" : "to",
      "whiteSpace" : false
    }, {
      "id" : "s1-t5",
      "begin" : 50,
      "end" : 61,
      "text" : "collections",
      "whiteSpace" : false
    }, {
      "id" : "s1-t6",
      "begin" : 62,
      "end" : 65,
      "text" : "and",
      "whiteSpace" : false
    }, {
      "id" : "s1-t7",
      "begin" : 66,
      "end" : 67,
      "text" : "I",
      "whiteSpace" : false
    }, {
      "id" : "s1-t8",
      "begin" : 68,
      "end" : 71,
      "text" : "was",
      "whiteSpace" : false
    }, {
      "id" : "s1-t9",
      "begin" : 72,
      "end" : 78,
      "text" : "unable",
      "whiteSpace" : false
    }, {
      "id" : "s1-t10",
      "begin" : 79,
      "end" : 81,
      "text" : "to",
      "whiteSpace" : false
    }, {
      "id" : "s1-t11",
      "begin" : 82,
      "end" : 86,
      "text" : "take",
      "whiteSpace" : false
    }, {
      "id" : "s1-t12",
      "begin" : 87,
      "end" : 89,
      "text" : "my",
      "whiteSpace" : false
    }, {
      "id" : "s1-t13",
      "begin" : 90,
      "end" : 95,
      "text" : "phone",
      "whiteSpace" : false
    }, {
      "id" : "s1-t14",
      "begin" : 96,
      "end" : 98,
      "text" : "to",
      "whiteSpace" : false
    }, {
      "id" : "s1-t15",
      "begin" : 99,
      "end" : 106,
      "text" : "another",
      "whiteSpace" : false
    }, {
      "id" : "s1-t16",
      "begin" : 107,
      "end" : 114,
      "text" : "carrier",
      "whiteSpace" : false
    }, {
      "id" : "s1-t17",
      "begin" : 114,
      "end" : 115,
      "text" : ".",
      "whiteSpace" : false
    } ]
  }, {
    "id" : "s2",
    "begin" : 116,
    "end" : 279,
    "text" : "I have been without a phone for months now because of \"early\ntermination\" that I did not initiate, and yesterday in the mid morning EST I\npaid the balance in full.",
    "tokens" : [ {
      "id" : "s2-t0",
      "begin" : 116,
      "end" : 117,
      "text" : "I",
      "whiteSpace" : false
    }, {
      "id" : "s2-t1",
      "begin" : 118,
      "end" : 122,
      "text" : "have",
      "whiteSpace" : false
    }, {
      "id" : "s2-t2",
      "begin" : 123,
      "end" : 127,
      "text" : "been",
      "whiteSpace" : false
    }, {
      "id" : "s2-t3",
      "begin" : 128,
      "end" : 135,
      "text" : "without",
      "whiteSpace" : false
    }, {
      "id" : "s2-t4",
      "begin" : 136,
      "end" : 137,
      "text" : "a",
      "whiteSpace" : false
    }, {
      "id" : "s2-t5",
      "begin" : 138,
      "end" : 143,
      "text" : "phone",
      "whiteSpace" : false
    }, {
      "id" : "s2-t6",
      "begin" : 144,
      "end" : 147,
      "text" : "for",
      "whiteSpace" : false
    }, {
      "id" : "s2-t7",
      "begin" : 148,
      "end" : 154,
      "text" : "months",
      "whiteSpace" : false
    }, {
      "id" : "s2-t8",
      "begin" : 155,
      "end" : 158,
      "text" : "now",
      "whiteSpace" : false
    }, {
      "id" : "s2-t9",
      "begin" : 159,
      "end" : 166,
      "text" : "because",
      "whiteSpace" : false
    }, {
      "id" : "s2-t10",
      "begin" : 167,
      "end" : 169,
      "text" : "of",
      "whiteSpace" : false
    }, {
      "id" : "s2-t11",
      "begin" : 170,
      "end" : 171,
      "text" : "\"",
      "whiteSpace" : false
    }, {
      "id" : "s2-t12",
      "begin" : 171,
      "end" : 176,
      "text" : "early",
      "whiteSpace" : false
    }, {
      "id" : "s2-t13",
      "begin" : 177,
      "end" : 188,
      "text" : "termination",
      "whiteSpace" : false
    }, {
      "id" : "s2-t14",
      "begin" : 188,
      "end" : 189,
      "text" : "\"",
      "whiteSpace" : false
    }, {
      "id" : "s2-t15",
      "begin" : 190,
      "end" : 194,
      "text" : "that",
      "whiteSpace" : false
    }, {
      "id" : "s2-t16",
      "begin" : 195,
      "end" : 196,
      "text" : "I",
      "whiteSpace" : false
    }, {
      "id" : "s2-t17",
      "begin" : 197,
      "end" : 200,
      "text" : "did",
      "whiteSpace" : false
    }, {
      "id" : "s2-t18",
      "begin" : 201,
      "end" : 204,
      "text" : "not",
      "whiteSpace" : false
    }, {
      "id" : "s2-t19",
      "begin" : 205,
      "end" : 213,
      "text" : "initiate",
      "whiteSpace" : false
    }, {
      "id" : "s2-t20",
      "begin" : 213,
      "end" : 214,
      "text" : ",",
      "whiteSpace" : false
    }, {
      "id" : "s2-t21",
      "begin" : 215,
      "end" : 218,
      "text" : "and",
      "whiteSpace" : false
    }, {
      "id" : "s2-t22",
      "begin" : 219,
      "end" : 228,
      "text" : "yesterday",
      "whiteSpace" : false
    }, {
      "id" : "s2-t23",
      "begin" : 229,
      "end" : 231,
      "text" : "in",
      "whiteSpace" : false
    }, {
      "id" : "s2-t24",
      "begin" : 232,
      "end" : 235,
      "text" : "the",
      "whiteSpace" : false
    }, {
      "id" : "s2-t25",
      "begin" : 236,
      "end" : 239,
      "text" : "mid",
      "whiteSpace" : false
    }, {
      "id" : "s2-t26",
      "begin" : 240,
      "end" : 247,
      "text" : "morning",
      "whiteSpace" : false
    }, {
      "id" : "s2-t27",
      "begin" : 248,
      "end" : 251,
      "text" : "EST",
      "whiteSpace" : false
    }, {
      "id" : "s2-t28",
      "begin" : 252,
      "end" : 253,
      "text" : "I",
      "whiteSpace" : false
    }, {
      "id" : "s2-t29",
      "begin" : 254,
      "end" : 258,
      "text" : "paid",
      "whiteSpace" : false
    }, {
      "id" : "s2-t30",
      "begin" : 259,
      "end" : 262,
      "text" : "the",
      "whiteSpace" : false
    }, {
      "id" : "s2-t31",
      "begin" : 263,
      "end" : 270,
      "text" : "balance",
      "whiteSpace" : false
    }, {
      "id" : "s2-t32",
      "begin" : 271,
      "end" : 273,
      "text" : "in",
      "whiteSpace" : false
    }, {
      "id" : "s2-t33",
      "begin" : 274,
      "end" : 278,
      "text" : "full",
      "whiteSpace" : false
    }, {
      "id" : "s2-t34",
      "begin" : 278,
      "end" : 279,
      "text" : ".",
      "whiteSpace" : false
    } ]
  }, {
    "id" : "s3",
    "begin" : 280,
    "end" : 441,
    "text" : "Today, mid afternoon EST, I tried to go to unlock\nthe phone and the website says I still have an unpaid balance and that my\nphone is still under contract... huh?",
    "tokens" : [ {
      "id" : "s3-t0",
      "begin" : 280,
      "end" : 285,
      "text" : "Today",
      "whiteSpace" : false
    }, {
      "id" : "s3-t1",
      "begin" : 285,
      "end" : 286,
      "text" : ",",
      "whiteSpace" : false
    }, {
      "id" : "s3-t2",
      "begin" : 287,
      "end" : 290,
      "text" : "mid",
      "whiteSpace" : false
    }, {
      "id" : "s3-t3",
      "begin" : 291,
      "end" : 300,
      "text" : "afternoon",
      "whiteSpace" : false
    }, {
      "id" : "s3-t4",
      "begin" : 301,
      "end" : 304,
      "text" : "EST",
      "whiteSpace" : false
    }, {
      "id" : "s3-t5",
      "begin" : 304,
      "end" : 305,
      "text" : ",",
      "whiteSpace" : false
    }, {
      "id" : "s3-t6",
      "begin" : 306,
      "end" : 307,
      "text" : "I",
      "whiteSpace" : false
    }, {
      "id" : "s3-t7",
      "begin" : 308,
      "end" : 313,
      "text" : "tried",
      "whiteSpace" : false
    }, {
      "id" : "s3-t8",
      "begin" : 314,
      "end" : 316,
      "text" : "to",
      "whiteSpace" : false
    }, {
      "id" : "s3-t9",
      "begin" : 317,
      "end" : 319,
      "text" : "go",
      "whiteSpace" : false
    }, {
      "id" : "s3-t10",
      "begin" : 320,
      "end" : 322,
      "text" : "to",
      "whiteSpace" : false
    }, {
      "id" : "s3-t11",
      "begin" : 323,
      "end" : 329,
      "text" : "unlock",
      "whiteSpace" : false
    }, {
      "id" : "s3-t12",
      "begin" : 330,
      "end" : 333,
      "text" : "the",
      "whiteSpace" : false
    }, {
      "id" : "s3-t13",
      "begin" : 334,
      "end" : 339,
      "text" : "phone",
      "whiteSpace" : false
    }, {
      "id" : "s3-t14",
      "begin" : 340,
      "end" : 343,
      "text" : "and",
      "whiteSpace" : false
    }, {
      "id" : "s3-t15",
      "begin" : 344,
      "end" : 347,
      "text" : "the",
      "whiteSpace" : false
    }, {
      "id" : "s3-t16",
      "begin" : 348,
      "end" : 355,
      "text" : "website",
      "whiteSpace" : false
    }, {
      "id" : "s3-t17",
      "begin" : 356,
      "end" : 360,
      "text" : "says",
      "whiteSpace" : false
    }, {
      "id" : "s3-t18",
      "begin" : 361,
      "end" : 362,
      "text" : "I",
      "whiteSpace" : false
    }, {
      "id" : "s3-t19",
      "begin" : 363,
      "end" : 368,
      "text" : "still",
      "whiteSpace" : false
    }, {
      "id" : "s3-t20",
      "begin" : 369,
      "end" : 373,
      "text" : "have",
      "whiteSpace" : false
    }, {
      "id" : "s3-t21",
      "begin" : 374,
      "end" : 376,
      "text" : "an",
      "whiteSpace" : false
    }, {
      "id" : "s3-t22",
      "begin" : 377,
      "end" : 383,
      "text" : "unpaid",
      "whiteSpace" : false
    }, {
      "id" : "s3-t23",
      "begin" : 384,
      "end" : 391,
      "text" : "balance",
      "whiteSpace" : false
    }, {
      "id" : "s3-t24",
      "begin" : 392,
      "end" : 395,
      "text" : "and",
      "whiteSpace" : false
    }, {
      "id" : "s3-t25",
      "begin" : 396,
      "end" : 400,
      "text" : "that",
      "whiteSpace" : false
    }, {
      "id" : "s3-t26",
      "begin" : 401,
      "end" : 403,
      "text" : "my",
      "whiteSpace" : false
    }, {
      "id" : "s3-t27",
      "begin" : 404,
      "end" : 409,
      "text" : "phone",
      "whiteSpace" : false
    }, {
      "id" : "s3-t28",
      "begin" : 410,
      "end" : 412,
      "text" : "is",
      "whiteSpace" : false
    }, {
      "id" : "s3-t29",
      "begin" : 413,
      "end" : 418,
      "text" : "still",
      "whiteSpace" : false
    }, {
      "id" : "s3-t30",
      "begin" : 419,
      "end" : 424,
      "text" : "under",
      "whiteSpace" : false
    }, {
      "id" : "s3-t31",
      "begin" : 425,
      "end" : 433,
      "text" : "contract",
      "whiteSpace" : false
    }, {
      "id" : "s3-t32",
      "begin" : 433,
      "end" : 436,
      "text" : "...",
      "whiteSpace" : false
    }, {
      "id" : "s3-t33",
      "begin" : 437,
      "end" : 440,
      "text" : "huh",
      "whiteSpace" : false
    }, {
      "id" : "s3-t34",
      "begin" : 440,
      "end" : 441,
      "text" : "?",
      "whiteSpace" : false
    } ]
  }, {
    "id" : "s4",
    "begin" : 442,
    "end" : 463,
    "text" : "How is that possible?",
    "tokens" : [ {
      "id" : "s4-t0",
      "begin" : 442,
      "end" : 445,
      "text" : "How",
      "whiteSpace" : false
    }, {
      "id" : "s4-t1",
      "begin" : 446,
      "end" : 448,
      "text" : "is",
      "whiteSpace" : false
    }, {
      "id" : "s4-t2",
      "begin" : 449,
      "end" : 453,
      "text" : "that",
      "whiteSpace" : false
    }, {
      "id" : "s4-t3",
      "begin" : 454,
      "end" : 462,
      "text" : "possible",
      "whiteSpace" : false
    }, {
      "id" : "s4-t4",
      "begin" : 462,
      "end" : 463,
      "text" : "?",
      "whiteSpace" : false
    } ]
  }, {
    "id" : "s5",
    "begin" : 464,
    "end" : 533,
    "text" : "I don't pay\nmonthly anymore, I own my phone, so let me have my phone.",
    "tokens" : [ {
      "id" : "s5-t0",
      "begin" : 464,
      "end" : 465,
      "text" : "I",
      "whiteSpace" : false
    }, {
      "id" : "s5-t1",
      "begin" : 466,
      "end" : 468,
      "text" : "do",
      "whiteSpace" : false
    }, {
      "id" : "s5-t2",
      "begin" : 468,
      "end" : 471,
      "text" : "n't",
      "whiteSpace" : false
    }, {
      "id" : "s5-t3",
      "begin" : 472,
      "end" : 475,
      "text" : "pay",
      "whiteSpace" : false
    }, {
      "id" : "s5-t4",
      "begin" : 476,
      "end" : 483,
      "text" : "monthly",
      "whiteSpace" : false
    }, {
      "id" : "s5-t5",
      "begin" : 484,
      "end" : 491,
      "text" : "anymore",
      "whiteSpace" : false
    }, {
      "id" : "s5-t6",
      "begin" : 491,
      "end" : 492,
      "text" : ",",
      "whiteSpace" : false
    }, {
      "id" : "s5-t7",
      "begin" : 493,
      "end" : 494,
      "text" : "I",
      "whiteSpace" : false
    }, {
      "id" : "s5-t8",
      "begin" : 495,
      "end" : 498,
      "text" : "own",
      "whiteSpace" : false
    }, {
      "id" : "s5-t9",
      "begin" : 499,
      "end" : 501,
      "text" : "my",
      "whiteSpace" : false
    }, {
      "id" : "s5-t10",
      "begin" : 502,
      "end" : 507,
      "text" : "phone",
      "whiteSpace" : false
    }, {
      "id" : "s5-t11",
      "begin" : 507,
      "end" : 508,
      "text" : ",",
      "whiteSpace" : false
    }, {
      "id" : "s5-t12",
      "begin" : 509,
      "end" : 511,
      "text" : "so",
      "whiteSpace" : false
    }, {
      "id" : "s5-t13",
      "begin" : 512,
      "end" : 515,
      "text" : "let",
      "whiteSpace" : false
    }, {
      "id" : "s5-t14",
      "begin" : 516,
      "end" : 518,
      "text" : "me",
      "whiteSpace" : false
    }, {
      "id" : "s5-t15",
      "begin" : 519,
      "end" : 523,
      "text" : "have",
      "whiteSpace" : false
    }, {
      "id" : "s5-t16",
      "begin" : 524,
      "end" : 526,
      "text" : "my",
      "whiteSpace" : false
    }, {
      "id" : "s5-t17",
      "begin" : 527,
      "end" : 532,
      "text" : "phone",
      "whiteSpace" : false
    }, {
      "id" : "s5-t18",
      "begin" : 532,
      "end" : 533,
      "text" : ".",
      "whiteSpace" : false
    } ]
  } ],
  "mentions" : [ ],
  "relations" : [ ],
  "corefs" : [ ],
  "typeResolved" : true,
  "userResolved" : false
}