{
  "id" : "4f797610-fed8-11e6-ad90-f90d43a47c95-2",
  "name" : "0a5c8c44afcd8702a56e5e87a7e359fe.txt",
  "version" : 3,
  "text" : "Activation Problems\n\nWe created a new line on our account and recieved a Pantech Impact in the mail\nyesterday. Now I must activate the phone at att.com/Activations or via the\nhotline at 18668951099. I have filled out the form on the website several\ntimes in the last 48 hours and each time I recieve the following\nrespose:ACT028: We are unable to process your transaction at this time. We\napologize for the inconvenience. You may contact our Customer Care department\nat 1-800-331-0500 or dial 611 from your wireless phone.When I call the hotline\nand enter the number of my new phone, I recieve a message saying that\nAT&amp;T; is experiencing technical difficulties and to try again later. I\nhave attempted to speak with a representative, but I haven't had time in the\nlast two days to wait on hold long enough for someone to answer (who knows how\nlong that takes). Does anyone know anything about this? Do I have some other\nunknown option available to me? Any help is greatly appreciated.Solved!Go to\nSolution.\n\n",
  "docLength" : 0,
  "language" : "EN",
  "status" : "READY",
  "modifiedDate" : 1488747878280,
  "documentSet" : [ ],
  "preannotation" : [ "PRE_LW" ],
  "sentences" : [ {
    "id" : "s0",
    "begin" : 0,
    "end" : 19,
    "text" : "Activation Problems",
    "tokens" : [ {
      "id" : "s0-t0",
      "begin" : 0,
      "end" : 10,
      "text" : "Activation",
      "whiteSpace" : false
    }, {
      "id" : "s0-t1",
      "begin" : 11,
      "end" : 19,
      "text" : "Problems",
      "whiteSpace" : false
    } ]
  }, {
    "id" : "s1",
    "begin" : 21,
    "end" : 110,
    "text" : "We created a new line on our account and recieved a Pantech Impact in the mail\nyesterday.",
    "tokens" : [ {
      "id" : "s1-t0",
      "begin" : 21,
      "end" : 23,
      "text" : "We",
      "whiteSpace" : false
    }, {
      "id" : "s1-t1",
      "begin" : 24,
      "end" : 31,
      "text" : "created",
      "whiteSpace" : false
    }, {
      "id" : "s1-t2",
      "begin" : 32,
      "end" : 33,
      "text" : "a",
      "whiteSpace" : false
    }, {
      "id" : "s1-t3",
      "begin" : 34,
      "end" : 37,
      "text" : "new",
      "whiteSpace" : false
    }, {
      "id" : "s1-t4",
      "begin" : 38,
      "end" : 42,
      "text" : "line",
      "whiteSpace" : false
    }, {
      "id" : "s1-t5",
      "begin" : 43,
      "end" : 45,
      "text" : "on",
      "whiteSpace" : false
    }, {
      "id" : "s1-t6",
      "begin" : 46,
      "end" : 49,
      "text" : "our",
      "whiteSpace" : false
    }, {
      "id" : "s1-t7",
      "begin" : 50,
      "end" : 57,
      "text" : "account",
      "whiteSpace" : false
    }, {
      "id" : "s1-t8",
      "begin" : 58,
      "end" : 61,
      "text" : "and",
      "whiteSpace" : false
    }, {
      "id" : "s1-t9",
      "begin" : 62,
      "end" : 70,
      "text" : "recieved",
      "whiteSpace" : false
    }, {
      "id" : "s1-t10",
      "begin" : 71,
      "end" : 72,
      "text" : "a",
      "whiteSpace" : false
    }, {
      "id" : "s1-t11",
      "begin" : 73,
      "end" : 80,
      "text" : "Pantech",
      "whiteSpace" : false
    }, {
      "id" : "s1-t12",
      "begin" : 81,
      "end" : 87,
      "text" : "Impact",
      "whiteSpace" : false
    }, {
      "id" : "s1-t13",
      "begin" : 88,
      "end" : 90,
      "text" : "in",
      "whiteSpace" : false
    }, {
      "id" : "s1-t14",
      "begin" : 91,
      "end" : 94,
      "text" : "the",
      "whiteSpace" : false
    }, {
      "id" : "s1-t15",
      "begin" : 95,
      "end" : 99,
      "text" : "mail",
      "whiteSpace" : false
    }, {
      "id" : "s1-t16",
      "begin" : 100,
      "end" : 109,
      "text" : "yesterday",
      "whiteSpace" : false
    }, {
      "id" : "s1-t17",
      "begin" : 109,
      "end" : 110,
      "text" : ".",
      "whiteSpace" : false
    } ]
  }, {
    "id" : "s2",
    "begin" : 111,
    "end" : 198,
    "text" : "Now I must activate the phone at att.com/Activations or via the\nhotline at 18668951099.",
    "tokens" : [ {
      "id" : "s2-t0",
      "begin" : 111,
      "end" : 114,
      "text" : "Now",
      "whiteSpace" : false
    }, {
      "id" : "s2-t1",
      "begin" : 115,
      "end" : 116,
      "text" : "I",
      "whiteSpace" : false
    }, {
      "id" : "s2-t2",
      "begin" : 117,
      "end" : 121,
      "text" : "must",
      "whiteSpace" : false
    }, {
      "id" : "s2-t3",
      "begin" : 122,
      "end" : 130,
      "text" : "activate",
      "whiteSpace" : false
    }, {
      "id" : "s2-t4",
      "begin" : 131,
      "end" : 134,
      "text" : "the",
      "whiteSpace" : false
    }, {
      "id" : "s2-t5",
      "begin" : 135,
      "end" : 140,
      "text" : "phone",
      "whiteSpace" : false
    }, {
      "id" : "s2-t6",
      "begin" : 141,
      "end" : 143,
      "text" : "at",
      "whiteSpace" : false
    }, {
      "id" : "s2-t7",
      "begin" : 144,
      "end" : 151,
      "text" : "att.com",
      "whiteSpace" : false
    }, {
      "id" : "s2-t8",
      "begin" : 151,
      "end" : 152,
      "text" : "/",
      "whiteSpace" : false
    }, {
      "id" : "s2-t9",
      "begin" : 152,
      "end" : 163,
      "text" : "Activations",
      "whiteSpace" : false
    }, {
      "id" : "s2-t10",
      "begin" : 164,
      "end" : 166,
      "text" : "or",
      "whiteSpace" : false
    }, {
      "id" : "s2-t11",
      "begin" : 167,
      "end" : 170,
      "text" : "via",
      "whiteSpace" : false
    }, {
      "id" : "s2-t12",
      "begin" : 171,
      "end" : 174,
      "text" : "the",
      "whiteSpace" : false
    }, {
      "id" : "s2-t13",
      "begin" : 175,
      "end" : 182,
      "text" : "hotline",
      "whiteSpace" : false
    }, {
      "id" : "s2-t14",
      "begin" : 183,
      "end" : 185,
      "text" : "at",
      "whiteSpace" : false
    }, {
      "id" : "s2-t15",
      "begin" : 186,
      "end" : 197,
      "text" : "18668951099",
      "whiteSpace" : false
    }, {
      "id" : "s2-t16",
      "begin" : 197,
      "end" : 198,
      "text" : ".",
      "whiteSpace" : false
    } ]
  }, {
    "id" : "s3",
    "begin" : 199,
    "end" : 385,
    "text" : "I have filled out the form on the website several\ntimes in the last 48 hours and each time I recieve the following\nrespose:ACT028: We are unable to process your transaction at this time.",
    "tokens" : [ {
      "id" : "s3-t0",
      "begin" : 199,
      "end" : 200,
      "text" : "I",
      "whiteSpace" : false
    }, {
      "id" : "s3-t1",
      "begin" : 201,
      "end" : 205,
      "text" : "have",
      "whiteSpace" : false
    }, {
      "id" : "s3-t2",
      "begin" : 206,
      "end" : 212,
      "text" : "filled",
      "whiteSpace" : false
    }, {
      "id" : "s3-t3",
      "begin" : 213,
      "end" : 216,
      "text" : "out",
      "whiteSpace" : false
    }, {
      "id" : "s3-t4",
      "begin" : 217,
      "end" : 220,
      "text" : "the",
      "whiteSpace" : false
    }, {
      "id" : "s3-t5",
      "begin" : 221,
      "end" : 225,
      "text" : "form",
      "whiteSpace" : false
    }, {
      "id" : "s3-t6",
      "begin" : 226,
      "end" : 228,
      "text" : "on",
      "whiteSpace" : false
    }, {
      "id" : "s3-t7",
      "begin" : 229,
      "end" : 232,
      "text" : "the",
      "whiteSpace" : false
    }, {
      "id" : "s3-t8",
      "begin" : 233,
      "end" : 240,
      "text" : "website",
      "whiteSpace" : false
    }, {
      "id" : "s3-t9",
      "begin" : 241,
      "end" : 248,
      "text" : "several",
      "whiteSpace" : false
    }, {
      "id" : "s3-t10",
      "begin" : 249,
      "end" : 254,
      "text" : "times",
      "whiteSpace" : false
    }, {
      "id" : "s3-t11",
      "begin" : 255,
      "end" : 257,
      "text" : "in",
      "whiteSpace" : false
    }, {
      "id" : "s3-t12",
      "begin" : 258,
      "end" : 261,
      "text" : "the",
      "whiteSpace" : false
    }, {
      "id" : "s3-t13",
      "begin" : 262,
      "end" : 266,
      "text" : "last",
      "whiteSpace" : false
    }, {
      "id" : "s3-t14",
      "begin" : 267,
      "end" : 269,
      "text" : "48",
      "whiteSpace" : false
    }, {
      "id" : "s3-t15",
      "begin" : 270,
      "end" : 275,
      "text" : "hours",
      "whiteSpace" : false
    }, {
      "id" : "s3-t16",
      "begin" : 276,
      "end" : 279,
      "text" : "and",
      "whiteSpace" : false
    }, {
      "id" : "s3-t17",
      "begin" : 280,
      "end" : 284,
      "text" : "each",
      "whiteSpace" : false
    }, {
      "id" : "s3-t18",
      "begin" : 285,
      "end" : 289,
      "text" : "time",
      "whiteSpace" : false
    }, {
      "id" : "s3-t19",
      "begin" : 290,
      "end" : 291,
      "text" : "I",
      "whiteSpace" : false
    }, {
      "id" : "s3-t20",
      "begin" : 292,
      "end" : 299,
      "text" : "recieve",
      "whiteSpace" : false
    }, {
      "id" : "s3-t21",
      "begin" : 300,
      "end" : 303,
      "text" : "the",
      "whiteSpace" : false
    }, {
      "id" : "s3-t22",
      "begin" : 304,
      "end" : 313,
      "text" : "following",
      "whiteSpace" : false
    }, {
      "id" : "s3-t23",
      "begin" : 314,
      "end" : 321,
      "text" : "respose",
      "whiteSpace" : false
    }, {
      "id" : "s3-t24",
      "begin" : 321,
      "end" : 328,
      "text" : ":ACT028",
      "whiteSpace" : false
    }, {
      "id" : "s3-t25",
      "begin" : 328,
      "end" : 329,
      "text" : ":",
      "whiteSpace" : false
    }, {
      "id" : "s3-t26",
      "begin" : 330,
      "end" : 332,
      "text" : "We",
      "whiteSpace" : false
    }, {
      "id" : "s3-t27",
      "begin" : 333,
      "end" : 336,
      "text" : "are",
      "whiteSpace" : false
    }, {
      "id" : "s3-t28",
      "begin" : 337,
      "end" : 343,
      "text" : "unable",
      "whiteSpace" : false
    }, {
      "id" : "s3-t29",
      "begin" : 344,
      "end" : 346,
      "text" : "to",
      "whiteSpace" : false
    }, {
      "id" : "s3-t30",
      "begin" : 347,
      "end" : 354,
      "text" : "process",
      "whiteSpace" : false
    }, {
      "id" : "s3-t31",
      "begin" : 355,
      "end" : 359,
      "text" : "your",
      "whiteSpace" : false
    }, {
      "id" : "s3-t32",
      "begin" : 360,
      "end" : 371,
      "text" : "transaction",
      "whiteSpace" : false
    }, {
      "id" : "s3-t33",
      "begin" : 372,
      "end" : 374,
      "text" : "at",
      "whiteSpace" : false
    }, {
      "id" : "s3-t34",
      "begin" : 375,
      "end" : 379,
      "text" : "this",
      "whiteSpace" : false
    }, {
      "id" : "s3-t35",
      "begin" : 380,
      "end" : 384,
      "text" : "time",
      "whiteSpace" : false
    }, {
      "id" : "s3-t36",
      "begin" : 384,
      "end" : 385,
      "text" : ".",
      "whiteSpace" : false
    } ]
  }, {
    "id" : "s4",
    "begin" : 386,
    "end" : 421,
    "text" : "We\napologize for the inconvenience.",
    "tokens" : [ {
      "id" : "s4-t0",
      "begin" : 386,
      "end" : 388,
      "text" : "We",
      "whiteSpace" : false
    }, {
      "id" : "s4-t1",
      "begin" : 389,
      "end" : 398,
      "text" : "apologize",
      "whiteSpace" : false
    }, {
      "id" : "s4-t2",
      "begin" : 399,
      "end" : 402,
      "text" : "for",
      "whiteSpace" : false
    }, {
      "id" : "s4-t3",
      "begin" : 403,
      "end" : 406,
      "text" : "the",
      "whiteSpace" : false
    }, {
      "id" : "s4-t4",
      "begin" : 407,
      "end" : 420,
      "text" : "inconvenience",
      "whiteSpace" : false
    }, {
      "id" : "s4-t5",
      "begin" : 420,
      "end" : 421,
      "text" : ".",
      "whiteSpace" : false
    } ]
  }, {
    "id" : "s5",
    "begin" : 422,
    "end" : 522,
    "text" : "You may contact our Customer Care department\nat 1-800-331-0500 or dial 611 from your wireless phone.",
    "tokens" : [ {
      "id" : "s5-t0",
      "begin" : 422,
      "end" : 425,
      "text" : "You",
      "whiteSpace" : false
    }, {
      "id" : "s5-t1",
      "begin" : 426,
      "end" : 429,
      "text" : "may",
      "whiteSpace" : false
    }, {
      "id" : "s5-t2",
      "begin" : 430,
      "end" : 437,
      "text" : "contact",
      "whiteSpace" : false
    }, {
      "id" : "s5-t3",
      "begin" : 438,
      "end" : 441,
      "text" : "our",
      "whiteSpace" : false
    }, {
      "id" : "s5-t4",
      "begin" : 442,
      "end" : 450,
      "text" : "Customer",
      "whiteSpace" : false
    }, {
      "id" : "s5-t5",
      "begin" : 451,
      "end" : 455,
      "text" : "Care",
      "whiteSpace" : false
    }, {
      "id" : "s5-t6",
      "begin" : 456,
      "end" : 466,
      "text" : "department",
      "whiteSpace" : false
    }, {
      "id" : "s5-t7",
      "begin" : 467,
      "end" : 469,
      "text" : "at",
      "whiteSpace" : false
    }, {
      "id" : "s5-t8",
      "begin" : 470,
      "end" : 484,
      "text" : "1-800-331-0500",
      "whiteSpace" : false
    }, {
      "id" : "s5-t9",
      "begin" : 485,
      "end" : 487,
      "text" : "or",
      "whiteSpace" : false
    }, {
      "id" : "s5-t10",
      "begin" : 488,
      "end" : 492,
      "text" : "dial",
      "whiteSpace" : false
    }, {
      "id" : "s5-t11",
      "begin" : 493,
      "end" : 496,
      "text" : "611",
      "whiteSpace" : false
    }, {
      "id" : "s5-t12",
      "begin" : 497,
      "end" : 501,
      "text" : "from",
      "whiteSpace" : false
    }, {
      "id" : "s5-t13",
      "begin" : 502,
      "end" : 506,
      "text" : "your",
      "whiteSpace" : false
    }, {
      "id" : "s5-t14",
      "begin" : 507,
      "end" : 515,
      "text" : "wireless",
      "whiteSpace" : false
    }, {
      "id" : "s5-t15",
      "begin" : 516,
      "end" : 521,
      "text" : "phone",
      "whiteSpace" : false
    }, {
      "id" : "s5-t16",
      "begin" : 521,
      "end" : 522,
      "text" : ".",
      "whiteSpace" : false
    } ]
  }, {
    "id" : "s6",
    "begin" : 522,
    "end" : 688,
    "text" : "When I call the hotline\nand enter the number of my new phone, I recieve a message saying that\nAT&amp;T; is experiencing technical difficulties and to try again later.",
    "tokens" : [ {
      "id" : "s6-t0",
      "begin" : 522,
      "end" : 526,
      "text" : "When",
      "whiteSpace" : false
    }, {
      "id" : "s6-t1",
      "begin" : 527,
      "end" : 528,
      "text" : "I",
      "whiteSpace" : false
    }, {
      "id" : "s6-t2",
      "begin" : 529,
      "end" : 533,
      "text" : "call",
      "whiteSpace" : false
    }, {
      "id" : "s6-t3",
      "begin" : 534,
      "end" : 537,
      "text" : "the",
      "whiteSpace" : false
    }, {
      "id" : "s6-t4",
      "begin" : 538,
      "end" : 545,
      "text" : "hotline",
      "whiteSpace" : false
    }, {
      "id" : "s6-t5",
      "begin" : 546,
      "end" : 549,
      "text" : "and",
      "whiteSpace" : false
    }, {
      "id" : "s6-t6",
      "begin" : 550,
      "end" : 555,
      "text" : "enter",
      "whiteSpace" : false
    }, {
      "id" : "s6-t7",
      "begin" : 556,
      "end" : 559,
      "text" : "the",
      "whiteSpace" : false
    }, {
      "id" : "s6-t8",
      "begin" : 560,
      "end" : 566,
      "text" : "number",
      "whiteSpace" : false
    }, {
      "id" : "s6-t9",
      "begin" : 567,
      "end" : 569,
      "text" : "of",
      "whiteSpace" : false
    }, {
      "id" : "s6-t10",
      "begin" : 570,
      "end" : 572,
      "text" : "my",
      "whiteSpace" : false
    }, {
      "id" : "s6-t11",
      "begin" : 573,
      "end" : 576,
      "text" : "new",
      "whiteSpace" : false
    }, {
      "id" : "s6-t12",
      "begin" : 577,
      "end" : 582,
      "text" : "phone",
      "whiteSpace" : false
    }, {
      "id" : "s6-t13",
      "begin" : 582,
      "end" : 583,
      "text" : ",",
      "whiteSpace" : false
    }, {
      "id" : "s6-t14",
      "begin" : 584,
      "end" : 585,
      "text" : "I",
      "whiteSpace" : false
    }, {
      "id" : "s6-t15",
      "begin" : 586,
      "end" : 593,
      "text" : "recieve",
      "whiteSpace" : false
    }, {
      "id" : "s6-t16",
      "begin" : 594,
      "end" : 595,
      "text" : "a",
      "whiteSpace" : false
    }, {
      "id" : "s6-t17",
      "begin" : 596,
      "end" : 603,
      "text" : "message",
      "whiteSpace" : false
    }, {
      "id" : "s6-t18",
      "begin" : 604,
      "end" : 610,
      "text" : "saying",
      "whiteSpace" : false
    }, {
      "id" : "s6-t19",
      "begin" : 611,
      "end" : 615,
      "text" : "that",
      "whiteSpace" : false
    }, {
      "id" : "s6-t20",
      "begin" : 616,
      "end" : 618,
      "text" : "AT",
      "whiteSpace" : false
    }, {
      "id" : "s6-t21",
      "begin" : 618,
      "end" : 623,
      "text" : "&amp;",
      "whiteSpace" : false
    }, {
      "id" : "s6-t22",
      "begin" : 623,
      "end" : 625,
      "text" : "T;",
      "whiteSpace" : false
    }, {
      "id" : "s6-t23",
      "begin" : 626,
      "end" : 628,
      "text" : "is",
      "whiteSpace" : false
    }, {
      "id" : "s6-t24",
      "begin" : 629,
      "end" : 641,
      "text" : "experiencing",
      "whiteSpace" : false
    }, {
      "id" : "s6-t25",
      "begin" : 642,
      "end" : 651,
      "text" : "technical",
      "whiteSpace" : false
    }, {
      "id" : "s6-t26",
      "begin" : 652,
      "end" : 664,
      "text" : "difficulties",
      "whiteSpace" : false
    }, {
      "id" : "s6-t27",
      "begin" : 665,
      "end" : 668,
      "text" : "and",
      "whiteSpace" : false
    }, {
      "id" : "s6-t28",
      "begin" : 669,
      "end" : 671,
      "text" : "to",
      "whiteSpace" : false
    }, {
      "id" : "s6-t29",
      "begin" : 672,
      "end" : 675,
      "text" : "try",
      "whiteSpace" : false
    }, {
      "id" : "s6-t30",
      "begin" : 676,
      "end" : 681,
      "text" : "again",
      "whiteSpace" : false
    }, {
      "id" : "s6-t31",
      "begin" : 682,
      "end" : 687,
      "text" : "later",
      "whiteSpace" : false
    }, {
      "id" : "s6-t32",
      "begin" : 687,
      "end" : 688,
      "text" : ".",
      "whiteSpace" : false
    } ]
  }, {
    "id" : "s7",
    "begin" : 689,
    "end" : 864,
    "text" : "I\nhave attempted to speak with a representative, but I haven't had time in the\nlast two days to wait on hold long enough for someone to answer (who knows how\nlong that takes).",
    "tokens" : [ {
      "id" : "s7-t0",
      "begin" : 689,
      "end" : 690,
      "text" : "I",
      "whiteSpace" : false
    }, {
      "id" : "s7-t1",
      "begin" : 691,
      "end" : 695,
      "text" : "have",
      "whiteSpace" : false
    }, {
      "id" : "s7-t2",
      "begin" : 696,
      "end" : 705,
      "text" : "attempted",
      "whiteSpace" : false
    }, {
      "id" : "s7-t3",
      "begin" : 706,
      "end" : 708,
      "text" : "to",
      "whiteSpace" : false
    }, {
      "id" : "s7-t4",
      "begin" : 709,
      "end" : 714,
      "text" : "speak",
      "whiteSpace" : false
    }, {
      "id" : "s7-t5",
      "begin" : 715,
      "end" : 719,
      "text" : "with",
      "whiteSpace" : false
    }, {
      "id" : "s7-t6",
      "begin" : 720,
      "end" : 721,
      "text" : "a",
      "whiteSpace" : false
    }, {
      "id" : "s7-t7",
      "begin" : 722,
      "end" : 736,
      "text" : "representative",
      "whiteSpace" : false
    }, {
      "id" : "s7-t8",
      "begin" : 736,
      "end" : 737,
      "text" : ",",
      "whiteSpace" : false
    }, {
      "id" : "s7-t9",
      "begin" : 738,
      "end" : 741,
      "text" : "but",
      "whiteSpace" : false
    }, {
      "id" : "s7-t10",
      "begin" : 742,
      "end" : 743,
      "text" : "I",
      "whiteSpace" : false
    }, {
      "id" : "s7-t11",
      "begin" : 744,
      "end" : 748,
      "text" : "have",
      "whiteSpace" : false
    }, {
      "id" : "s7-t12",
      "begin" : 748,
      "end" : 751,
      "text" : "n't",
      "whiteSpace" : false
    }, {
      "id" : "s7-t13",
      "begin" : 752,
      "end" : 755,
      "text" : "had",
      "whiteSpace" : false
    }, {
      "id" : "s7-t14",
      "begin" : 756,
      "end" : 760,
      "text" : "time",
      "whiteSpace" : false
    }, {
      "id" : "s7-t15",
      "begin" : 761,
      "end" : 763,
      "text" : "in",
      "whiteSpace" : false
    }, {
      "id" : "s7-t16",
      "begin" : 764,
      "end" : 767,
      "text" : "the",
      "whiteSpace" : false
    }, {
      "id" : "s7-t17",
      "begin" : 768,
      "end" : 772,
      "text" : "last",
      "whiteSpace" : false
    }, {
      "id" : "s7-t18",
      "begin" : 773,
      "end" : 776,
      "text" : "two",
      "whiteSpace" : false
    }, {
      "id" : "s7-t19",
      "begin" : 777,
      "end" : 781,
      "text" : "days",
      "whiteSpace" : false
    }, {
      "id" : "s7-t20",
      "begin" : 782,
      "end" : 784,
      "text" : "to",
      "whiteSpace" : false
    }, {
      "id" : "s7-t21",
      "begin" : 785,
      "end" : 789,
      "text" : "wait",
      "whiteSpace" : false
    }, {
      "id" : "s7-t22",
      "begin" : 790,
      "end" : 792,
      "text" : "on",
      "whiteSpace" : false
    }, {
      "id" : "s7-t23",
      "begin" : 793,
      "end" : 797,
      "text" : "hold",
      "whiteSpace" : false
    }, {
      "id" : "s7-t24",
      "begin" : 798,
      "end" : 802,
      "text" : "long",
      "whiteSpace" : false
    }, {
      "id" : "s7-t25",
      "begin" : 803,
      "end" : 809,
      "text" : "enough",
      "whiteSpace" : false
    }, {
      "id" : "s7-t26",
      "begin" : 810,
      "end" : 813,
      "text" : "for",
      "whiteSpace" : false
    }, {
      "id" : "s7-t27",
      "begin" : 814,
      "end" : 821,
      "text" : "someone",
      "whiteSpace" : false
    }, {
      "id" : "s7-t28",
      "begin" : 822,
      "end" : 824,
      "text" : "to",
      "whiteSpace" : false
    }, {
      "id" : "s7-t29",
      "begin" : 825,
      "end" : 831,
      "text" : "answer",
      "whiteSpace" : false
    }, {
      "id" : "s7-t30",
      "begin" : 832,
      "end" : 833,
      "text" : "(",
      "whiteSpace" : false
    }, {
      "id" : "s7-t31",
      "begin" : 833,
      "end" : 836,
      "text" : "who",
      "whiteSpace" : false
    }, {
      "id" : "s7-t32",
      "begin" : 837,
      "end" : 842,
      "text" : "knows",
      "whiteSpace" : false
    }, {
      "id" : "s7-t33",
      "begin" : 843,
      "end" : 846,
      "text" : "how",
      "whiteSpace" : false
    }, {
      "id" : "s7-t34",
      "begin" : 847,
      "end" : 851,
      "text" : "long",
      "whiteSpace" : false
    }, {
      "id" : "s7-t35",
      "begin" : 852,
      "end" : 856,
      "text" : "that",
      "whiteSpace" : false
    }, {
      "id" : "s7-t36",
      "begin" : 857,
      "end" : 862,
      "text" : "takes",
      "whiteSpace" : false
    }, {
      "id" : "s7-t37",
      "begin" : 862,
      "end" : 863,
      "text" : ")",
      "whiteSpace" : false
    }, {
      "id" : "s7-t38",
      "begin" : 863,
      "end" : 864,
      "text" : ".",
      "whiteSpace" : false
    } ]
  }, {
    "id" : "s8",
    "begin" : 865,
    "end" : 902,
    "text" : "Does anyone know anything about this?",
    "tokens" : [ {
      "id" : "s8-t0",
      "begin" : 865,
      "end" : 869,
      "text" : "Does",
      "whiteSpace" : false
    }, {
      "id" : "s8-t1",
      "begin" : 870,
      "end" : 876,
      "text" : "anyone",
      "whiteSpace" : false
    }, {
      "id" : "s8-t2",
      "begin" : 877,
      "end" : 881,
      "text" : "know",
      "whiteSpace" : false
    }, {
      "id" : "s8-t3",
      "begin" : 882,
      "end" : 890,
      "text" : "anything",
      "whiteSpace" : false
    }, {
      "id" : "s8-t4",
      "begin" : 891,
      "end" : 896,
      "text" : "about",
      "whiteSpace" : false
    }, {
      "id" : "s8-t5",
      "begin" : 897,
      "end" : 901,
      "text" : "this",
      "whiteSpace" : false
    }, {
      "id" : "s8-t6",
      "begin" : 901,
      "end" : 902,
      "text" : "?",
      "whiteSpace" : false
    } ]
  }, {
    "id" : "s9",
    "begin" : 903,
    "end" : 955,
    "text" : "Do I have some other\nunknown option available to me?",
    "tokens" : [ {
      "id" : "s9-t0",
      "begin" : 903,
      "end" : 905,
      "text" : "Do",
      "whiteSpace" : false
    }, {
      "id" : "s9-t1",
      "begin" : 906,
      "end" : 907,
      "text" : "I",
      "whiteSpace" : false
    }, {
      "id" : "s9-t2",
      "begin" : 908,
      "end" : 912,
      "text" : "have",
      "whiteSpace" : false
    }, {
      "id" : "s9-t3",
      "begin" : 913,
      "end" : 917,
      "text" : "some",
      "whiteSpace" : false
    }, {
      "id" : "s9-t4",
      "begin" : 918,
      "end" : 923,
      "text" : "other",
      "whiteSpace" : false
    }, {
      "id" : "s9-t5",
      "begin" : 924,
      "end" : 931,
      "text" : "unknown",
      "whiteSpace" : false
    }, {
      "id" : "s9-t6",
      "begin" : 932,
      "end" : 938,
      "text" : "option",
      "whiteSpace" : false
    }, {
      "id" : "s9-t7",
      "begin" : 939,
      "end" : 948,
      "text" : "available",
      "whiteSpace" : false
    }, {
      "id" : "s9-t8",
      "begin" : 949,
      "end" : 951,
      "text" : "to",
      "whiteSpace" : false
    }, {
      "id" : "s9-t9",
      "begin" : 952,
      "end" : 954,
      "text" : "me",
      "whiteSpace" : false
    }, {
      "id" : "s9-t10",
      "begin" : 954,
      "end" : 955,
      "text" : "?",
      "whiteSpace" : false
    } ]
  }, {
    "id" : "s10",
    "begin" : 956,
    "end" : 1010,
    "text" : "Any help is greatly appreciated.Solved!Go to\nSolution.",
    "tokens" : [ {
      "id" : "s10-t0",
      "begin" : 956,
      "end" : 959,
      "text" : "Any",
      "whiteSpace" : false
    }, {
      "id" : "s10-t1",
      "begin" : 960,
      "end" : 964,
      "text" : "help",
      "whiteSpace" : false
    }, {
      "id" : "s10-t2",
      "begin" : 965,
      "end" : 967,
      "text" : "is",
      "whiteSpace" : false
    }, {
      "id" : "s10-t3",
      "begin" : 968,
      "end" : 975,
      "text" : "greatly",
      "whiteSpace" : false
    }, {
      "id" : "s10-t4",
      "begin" : 976,
      "end" : 995,
      "text" : "appreciated.Solved!",
      "whiteSpace" : false
    }, {
      "id" : "s10-t5",
      "begin" : 995,
      "end" : 997,
      "text" : "Go",
      "whiteSpace" : false
    }, {
      "id" : "s10-t6",
      "begin" : 998,
      "end" : 1000,
      "text" : "to",
      "whiteSpace" : false
    }, {
      "id" : "s10-t7",
      "begin" : 1001,
      "end" : 1009,
      "text" : "Solution",
      "whiteSpace" : false
    }, {
      "id" : "s10-t8",
      "begin" : 1009,
      "end" : 1010,
      "text" : ".",
      "whiteSpace" : false
    } ]
  } ],
  "mentions" : [ {
    "id" : "s1-m1",
    "properties" : {
      "SIRE_MENTION_ROLE" : "Product",
      "SIRE_ENTITY_SUBTYPE" : "NONE",
      "SIRE_MENTION_TYPE" : "NONE",
      "SIRE_MENTION_CLASS" : "SPC"
    },
    "type" : "Product",
    "begin" : 73,
    "end" : 87,
    "inCoref" : false
  }, {
    "id" : "s3-m0",
    "properties" : {
      "SIRE_MENTION_ROLE" : "Service_Provider",
      "SIRE_MENTION_TYPE" : "NONE",
      "SIRE_ENTITY_SUBTYPE" : "NONE",
      "SIRE_MENTION_CLASS" : "SPC"
    },
    "type" : "Service_Provider",
    "begin" : 144,
    "end" : 147,
    "inCoref" : false
  }, {
    "id" : "s6-m2",
    "properties" : {
      "SIRE_MENTION_ROLE" : "Voice_Text",
      "SIRE_ENTITY_SUBTYPE" : "NONE",
      "SIRE_MENTION_TYPE" : "NONE",
      "SIRE_MENTION_CLASS" : "SPC"
    },
    "type" : "Voice_Text",
    "begin" : 596,
    "end" : 603,
    "inCoref" : false
  }, {
    "id" : "cm1",
    "properties" : {
      "SIRE_MENTION_ROLE" : "Service_Provider",
      "SIRE_ENTITY_SUBTYPE" : "NONE",
      "SIRE_MENTION_TYPE" : "NONE",
      "SIRE_MENTION_CLASS" : "SPC"
    },
    "type" : "Service_Provider",
    "begin" : 616,
    "end" : 624,
    "inCoref" : false
  } ],
  "relations" : [ ],
  "corefs" : [ ],
  "typeResolved" : true,
  "userResolved" : false
}