{
  "id" : "4f797610-fed8-11e6-ad90-f90d43a47c95-0",
  "name" : "0a5c8c44afcd8702a56e5e87a7d92a48.txt",
  "version" : 3,
  "text" : "Traveling to Bahamas - International charges?\n\nI am traveling to the Bahamas next week. I have been told by several people,\nthat I can make calls to other AT&amp;T; customers in the USat no charge. Is\nthis correct? Would the Bahamas be considered part of the US?I can't find any\ninfo on this anywhere.If not, how do I figure out my rates for calls/texts?\nWhat can I do to make them cheaper? I can't afford to come home to a huge\nbill.Thanks for any help you may have!!\n\n",
  "docLength" : 0,
  "language" : "EN",
  "status" : "READY",
  "modifiedDate" : 1488747842971,
  "documentSet" : [ ],
  "preannotation" : [ "PRE_LW" ],
  "sentences" : [ {
    "id" : "s0",
    "begin" : 0,
    "end" : 45,
    "text" : "Traveling to Bahamas - International charges?",
    "tokens" : [ {
      "id" : "s0-t0",
      "begin" : 0,
      "end" : 9,
      "text" : "Traveling",
      "whiteSpace" : false
    }, {
      "id" : "s0-t1",
      "begin" : 10,
      "end" : 12,
      "text" : "to",
      "whiteSpace" : false
    }, {
      "id" : "s0-t2",
      "begin" : 13,
      "end" : 20,
      "text" : "Bahamas",
      "whiteSpace" : false
    }, {
      "id" : "s0-t3",
      "begin" : 21,
      "end" : 22,
      "text" : "-",
      "whiteSpace" : false
    }, {
      "id" : "s0-t4",
      "begin" : 23,
      "end" : 36,
      "text" : "International",
      "whiteSpace" : false
    }, {
      "id" : "s0-t5",
      "begin" : 37,
      "end" : 44,
      "text" : "charges",
      "whiteSpace" : false
    }, {
      "id" : "s0-t6",
      "begin" : 44,
      "end" : 45,
      "text" : "?",
      "whiteSpace" : false
    } ]
  }, {
    "id" : "s1",
    "begin" : 47,
    "end" : 87,
    "text" : "I am traveling to the Bahamas next week.",
    "tokens" : [ {
      "id" : "s1-t0",
      "begin" : 47,
      "end" : 48,
      "text" : "I",
      "whiteSpace" : false
    }, {
      "id" : "s1-t1",
      "begin" : 49,
      "end" : 51,
      "text" : "am",
      "whiteSpace" : false
    }, {
      "id" : "s1-t2",
      "begin" : 52,
      "end" : 61,
      "text" : "traveling",
      "whiteSpace" : false
    }, {
      "id" : "s1-t3",
      "begin" : 62,
      "end" : 64,
      "text" : "to",
      "whiteSpace" : false
    }, {
      "id" : "s1-t4",
      "begin" : 65,
      "end" : 68,
      "text" : "the",
      "whiteSpace" : false
    }, {
      "id" : "s1-t5",
      "begin" : 69,
      "end" : 76,
      "text" : "Bahamas",
      "whiteSpace" : false
    }, {
      "id" : "s1-t6",
      "begin" : 77,
      "end" : 81,
      "text" : "next",
      "whiteSpace" : false
    }, {
      "id" : "s1-t7",
      "begin" : 82,
      "end" : 86,
      "text" : "week",
      "whiteSpace" : false
    }, {
      "id" : "s1-t8",
      "begin" : 86,
      "end" : 87,
      "text" : ".",
      "whiteSpace" : false
    } ]
  }, {
    "id" : "s2",
    "begin" : 88,
    "end" : 197,
    "text" : "I have been told by several people,\nthat I can make calls to other AT&amp;T; customers in the USat no charge.",
    "tokens" : [ {
      "id" : "s2-t0",
      "begin" : 88,
      "end" : 89,
      "text" : "I",
      "whiteSpace" : false
    }, {
      "id" : "s2-t1",
      "begin" : 90,
      "end" : 94,
      "text" : "have",
      "whiteSpace" : false
    }, {
      "id" : "s2-t2",
      "begin" : 95,
      "end" : 99,
      "text" : "been",
      "whiteSpace" : false
    }, {
      "id" : "s2-t3",
      "begin" : 100,
      "end" : 104,
      "text" : "told",
      "whiteSpace" : false
    }, {
      "id" : "s2-t4",
      "begin" : 105,
      "end" : 107,
      "text" : "by",
      "whiteSpace" : false
    }, {
      "id" : "s2-t5",
      "begin" : 108,
      "end" : 115,
      "text" : "several",
      "whiteSpace" : false
    }, {
      "id" : "s2-t6",
      "begin" : 116,
      "end" : 122,
      "text" : "people",
      "whiteSpace" : false
    }, {
      "id" : "s2-t7",
      "begin" : 122,
      "end" : 123,
      "text" : ",",
      "whiteSpace" : false
    }, {
      "id" : "s2-t8",
      "begin" : 124,
      "end" : 128,
      "text" : "that",
      "whiteSpace" : false
    }, {
      "id" : "s2-t9",
      "begin" : 129,
      "end" : 130,
      "text" : "I",
      "whiteSpace" : false
    }, {
      "id" : "s2-t10",
      "begin" : 131,
      "end" : 134,
      "text" : "can",
      "whiteSpace" : false
    }, {
      "id" : "s2-t11",
      "begin" : 135,
      "end" : 139,
      "text" : "make",
      "whiteSpace" : false
    }, {
      "id" : "s2-t12",
      "begin" : 140,
      "end" : 145,
      "text" : "calls",
      "whiteSpace" : false
    }, {
      "id" : "s2-t13",
      "begin" : 146,
      "end" : 148,
      "text" : "to",
      "whiteSpace" : false
    }, {
      "id" : "s2-t14",
      "begin" : 149,
      "end" : 154,
      "text" : "other",
      "whiteSpace" : false
    }, {
      "id" : "s2-t15",
      "begin" : 155,
      "end" : 157,
      "text" : "AT",
      "whiteSpace" : false
    }, {
      "id" : "s2-t16",
      "begin" : 157,
      "end" : 162,
      "text" : "&amp;",
      "whiteSpace" : false
    }, {
      "id" : "s2-t17",
      "begin" : 162,
      "end" : 164,
      "text" : "T;",
      "whiteSpace" : false
    }, {
      "id" : "s2-t18",
      "begin" : 165,
      "end" : 174,
      "text" : "customers",
      "whiteSpace" : false
    }, {
      "id" : "s2-t19",
      "begin" : 175,
      "end" : 177,
      "text" : "in",
      "whiteSpace" : false
    }, {
      "id" : "s2-t20",
      "begin" : 178,
      "end" : 181,
      "text" : "the",
      "whiteSpace" : false
    }, {
      "id" : "s2-t21",
      "begin" : 182,
      "end" : 186,
      "text" : "USat",
      "whiteSpace" : false
    }, {
      "id" : "s2-t22",
      "begin" : 187,
      "end" : 189,
      "text" : "no",
      "whiteSpace" : false
    }, {
      "id" : "s2-t23",
      "begin" : 190,
      "end" : 196,
      "text" : "charge",
      "whiteSpace" : false
    }, {
      "id" : "s2-t24",
      "begin" : 196,
      "end" : 197,
      "text" : ".",
      "whiteSpace" : false
    } ]
  }, {
    "id" : "s3",
    "begin" : 198,
    "end" : 214,
    "text" : "Is\nthis correct?",
    "tokens" : [ {
      "id" : "s3-t0",
      "begin" : 198,
      "end" : 200,
      "text" : "Is",
      "whiteSpace" : false
    }, {
      "id" : "s3-t1",
      "begin" : 201,
      "end" : 205,
      "text" : "this",
      "whiteSpace" : false
    }, {
      "id" : "s3-t2",
      "begin" : 206,
      "end" : 213,
      "text" : "correct",
      "whiteSpace" : false
    }, {
      "id" : "s3-t3",
      "begin" : 213,
      "end" : 214,
      "text" : "?",
      "whiteSpace" : false
    } ]
  }, {
    "id" : "s4",
    "begin" : 215,
    "end" : 301,
    "text" : "Would the Bahamas be considered part of the US?I can't find any\ninfo on this anywhere.",
    "tokens" : [ {
      "id" : "s4-t0",
      "begin" : 215,
      "end" : 220,
      "text" : "Would",
      "whiteSpace" : false
    }, {
      "id" : "s4-t1",
      "begin" : 221,
      "end" : 224,
      "text" : "the",
      "whiteSpace" : false
    }, {
      "id" : "s4-t2",
      "begin" : 225,
      "end" : 232,
      "text" : "Bahamas",
      "whiteSpace" : false
    }, {
      "id" : "s4-t3",
      "begin" : 233,
      "end" : 235,
      "text" : "be",
      "whiteSpace" : false
    }, {
      "id" : "s4-t4",
      "begin" : 236,
      "end" : 246,
      "text" : "considered",
      "whiteSpace" : false
    }, {
      "id" : "s4-t5",
      "begin" : 247,
      "end" : 251,
      "text" : "part",
      "whiteSpace" : false
    }, {
      "id" : "s4-t6",
      "begin" : 252,
      "end" : 254,
      "text" : "of",
      "whiteSpace" : false
    }, {
      "id" : "s4-t7",
      "begin" : 255,
      "end" : 258,
      "text" : "the",
      "whiteSpace" : false
    }, {
      "id" : "s4-t8",
      "begin" : 259,
      "end" : 263,
      "text" : "US?I",
      "whiteSpace" : false
    }, {
      "id" : "s4-t9",
      "begin" : 264,
      "end" : 266,
      "text" : "ca",
      "whiteSpace" : false
    }, {
      "id" : "s4-t10",
      "begin" : 266,
      "end" : 269,
      "text" : "n't",
      "whiteSpace" : false
    }, {
      "id" : "s4-t11",
      "begin" : 270,
      "end" : 274,
      "text" : "find",
      "whiteSpace" : false
    }, {
      "id" : "s4-t12",
      "begin" : 275,
      "end" : 278,
      "text" : "any",
      "whiteSpace" : false
    }, {
      "id" : "s4-t13",
      "begin" : 279,
      "end" : 283,
      "text" : "info",
      "whiteSpace" : false
    }, {
      "id" : "s4-t14",
      "begin" : 284,
      "end" : 286,
      "text" : "on",
      "whiteSpace" : false
    }, {
      "id" : "s4-t15",
      "begin" : 287,
      "end" : 291,
      "text" : "this",
      "whiteSpace" : false
    }, {
      "id" : "s4-t16",
      "begin" : 292,
      "end" : 300,
      "text" : "anywhere",
      "whiteSpace" : false
    }, {
      "id" : "s4-t17",
      "begin" : 300,
      "end" : 301,
      "text" : ".",
      "whiteSpace" : false
    } ]
  }, {
    "id" : "s5",
    "begin" : 301,
    "end" : 354,
    "text" : "If not, how do I figure out my rates for calls/texts?",
    "tokens" : [ {
      "id" : "s5-t0",
      "begin" : 301,
      "end" : 303,
      "text" : "If",
      "whiteSpace" : false
    }, {
      "id" : "s5-t1",
      "begin" : 304,
      "end" : 307,
      "text" : "not",
      "whiteSpace" : false
    }, {
      "id" : "s5-t2",
      "begin" : 307,
      "end" : 308,
      "text" : ",",
      "whiteSpace" : false
    }, {
      "id" : "s5-t3",
      "begin" : 309,
      "end" : 312,
      "text" : "how",
      "whiteSpace" : false
    }, {
      "id" : "s5-t4",
      "begin" : 313,
      "end" : 315,
      "text" : "do",
      "whiteSpace" : false
    }, {
      "id" : "s5-t5",
      "begin" : 316,
      "end" : 317,
      "text" : "I",
      "whiteSpace" : false
    }, {
      "id" : "s5-t6",
      "begin" : 318,
      "end" : 324,
      "text" : "figure",
      "whiteSpace" : false
    }, {
      "id" : "s5-t7",
      "begin" : 325,
      "end" : 328,
      "text" : "out",
      "whiteSpace" : false
    }, {
      "id" : "s5-t8",
      "begin" : 329,
      "end" : 331,
      "text" : "my",
      "whiteSpace" : false
    }, {
      "id" : "s5-t9",
      "begin" : 332,
      "end" : 337,
      "text" : "rates",
      "whiteSpace" : false
    }, {
      "id" : "s5-t10",
      "begin" : 338,
      "end" : 341,
      "text" : "for",
      "whiteSpace" : false
    }, {
      "id" : "s5-t11",
      "begin" : 342,
      "end" : 347,
      "text" : "calls",
      "whiteSpace" : false
    }, {
      "id" : "s5-t12",
      "begin" : 347,
      "end" : 348,
      "text" : "/",
      "whiteSpace" : false
    }, {
      "id" : "s5-t13",
      "begin" : 348,
      "end" : 353,
      "text" : "texts",
      "whiteSpace" : false
    }, {
      "id" : "s5-t14",
      "begin" : 353,
      "end" : 354,
      "text" : "?",
      "whiteSpace" : false
    } ]
  }, {
    "id" : "s6",
    "begin" : 355,
    "end" : 390,
    "text" : "What can I do to make them cheaper?",
    "tokens" : [ {
      "id" : "s6-t0",
      "begin" : 355,
      "end" : 359,
      "text" : "What",
      "whiteSpace" : false
    }, {
      "id" : "s6-t1",
      "begin" : 360,
      "end" : 363,
      "text" : "can",
      "whiteSpace" : false
    }, {
      "id" : "s6-t2",
      "begin" : 364,
      "end" : 365,
      "text" : "I",
      "whiteSpace" : false
    }, {
      "id" : "s6-t3",
      "begin" : 366,
      "end" : 368,
      "text" : "do",
      "whiteSpace" : false
    }, {
      "id" : "s6-t4",
      "begin" : 369,
      "end" : 371,
      "text" : "to",
      "whiteSpace" : false
    }, {
      "id" : "s6-t5",
      "begin" : 372,
      "end" : 376,
      "text" : "make",
      "whiteSpace" : false
    }, {
      "id" : "s6-t6",
      "begin" : 377,
      "end" : 381,
      "text" : "them",
      "whiteSpace" : false
    }, {
      "id" : "s6-t7",
      "begin" : 382,
      "end" : 389,
      "text" : "cheaper",
      "whiteSpace" : false
    }, {
      "id" : "s6-t8",
      "begin" : 389,
      "end" : 390,
      "text" : "?",
      "whiteSpace" : false
    } ]
  }, {
    "id" : "s7",
    "begin" : 391,
    "end" : 434,
    "text" : "I can't afford to come home to a huge\nbill.",
    "tokens" : [ {
      "id" : "s7-t0",
      "begin" : 391,
      "end" : 392,
      "text" : "I",
      "whiteSpace" : false
    }, {
      "id" : "s7-t1",
      "begin" : 393,
      "end" : 395,
      "text" : "ca",
      "whiteSpace" : false
    }, {
      "id" : "s7-t2",
      "begin" : 395,
      "end" : 398,
      "text" : "n't",
      "whiteSpace" : false
    }, {
      "id" : "s7-t3",
      "begin" : 399,
      "end" : 405,
      "text" : "afford",
      "whiteSpace" : false
    }, {
      "id" : "s7-t4",
      "begin" : 406,
      "end" : 408,
      "text" : "to",
      "whiteSpace" : false
    }, {
      "id" : "s7-t5",
      "begin" : 409,
      "end" : 413,
      "text" : "come",
      "whiteSpace" : false
    }, {
      "id" : "s7-t6",
      "begin" : 414,
      "end" : 418,
      "text" : "home",
      "whiteSpace" : false
    }, {
      "id" : "s7-t7",
      "begin" : 419,
      "end" : 421,
      "text" : "to",
      "whiteSpace" : false
    }, {
      "id" : "s7-t8",
      "begin" : 422,
      "end" : 423,
      "text" : "a",
      "whiteSpace" : false
    }, {
      "id" : "s7-t9",
      "begin" : 424,
      "end" : 428,
      "text" : "huge",
      "whiteSpace" : false
    }, {
      "id" : "s7-t10",
      "begin" : 429,
      "end" : 433,
      "text" : "bill",
      "whiteSpace" : false
    }, {
      "id" : "s7-t11",
      "begin" : 433,
      "end" : 434,
      "text" : ".",
      "whiteSpace" : false
    } ]
  }, {
    "id" : "s8",
    "begin" : 434,
    "end" : 468,
    "text" : "Thanks for any help you may have!!",
    "tokens" : [ {
      "id" : "s8-t0",
      "begin" : 434,
      "end" : 440,
      "text" : "Thanks",
      "whiteSpace" : false
    }, {
      "id" : "s8-t1",
      "begin" : 441,
      "end" : 444,
      "text" : "for",
      "whiteSpace" : false
    }, {
      "id" : "s8-t2",
      "begin" : 445,
      "end" : 448,
      "text" : "any",
      "whiteSpace" : false
    }, {
      "id" : "s8-t3",
      "begin" : 449,
      "end" : 453,
      "text" : "help",
      "whiteSpace" : false
    }, {
      "id" : "s8-t4",
      "begin" : 454,
      "end" : 457,
      "text" : "you",
      "whiteSpace" : false
    }, {
      "id" : "s8-t5",
      "begin" : 458,
      "end" : 461,
      "text" : "may",
      "whiteSpace" : false
    }, {
      "id" : "s8-t6",
      "begin" : 462,
      "end" : 466,
      "text" : "have",
      "whiteSpace" : false
    }, {
      "id" : "s8-t7",
      "begin" : 466,
      "end" : 467,
      "text" : "!",
      "whiteSpace" : false
    }, {
      "id" : "s8-t8",
      "begin" : 467,
      "end" : 468,
      "text" : "!",
      "whiteSpace" : false
    } ]
  } ],
  "mentions" : [ {
    "id" : "cm1",
    "properties" : {
      "SIRE_MENTION_ROLE" : "Service_Provider",
      "SIRE_ENTITY_SUBTYPE" : "NONE",
      "SIRE_MENTION_TYPE" : "NONE",
      "SIRE_MENTION_CLASS" : "SPC"
    },
    "type" : "Service_Provider",
    "begin" : 155,
    "end" : 163,
    "inCoref" : false
  }, {
    "id" : "s5-m1",
    "properties" : {
      "SIRE_MENTION_ROLE" : "Voice_Text",
      "SIRE_ENTITY_SUBTYPE" : "NONE",
      "SIRE_MENTION_TYPE" : "NONE",
      "SIRE_MENTION_CLASS" : "SPC"
    },
    "type" : "Voice_Text",
    "begin" : 342,
    "end" : 347,
    "inCoref" : false
  }, {
    "id" : "cm2",
    "properties" : {
      "SIRE_MENTION_ROLE" : "Voice_Text",
      "SIRE_ENTITY_SUBTYPE" : "NONE",
      "SIRE_MENTION_TYPE" : "NONE",
      "SIRE_MENTION_CLASS" : "SPC"
    },
    "type" : "Voice_Text",
    "begin" : 348,
    "end" : 353,
    "inCoref" : false
  } ],
  "relations" : [ ],
  "corefs" : [ ],
  "typeResolved" : true,
  "userResolved" : false
}