{
  "id" : "591d9fc0-fedd-11e6-a6f8-37d4ef31c6bc-3",
  "name" : "14cd4942bf564de43e0035e905f22206.txt",
  "version" : 3,
  "text" : "Samsung Galaxy Note II E-mail Problems\n\nI recently moved to ATT UVerse for t.v., internet and home phone. My cellular\nservice is through Verizon. I also recently upgraded to the Samsung Galaxy\nNote II. I am having very frustrating issues with receiving email via my\nsmartphone. I get mail on my laptop and via AT&amp;T; webmail with no\nproblems; however, when I set up my phone for AT&amp;T; mail I will get mail\nfor about two days and then it just stops coming to my phone. If I delete the\naccount and reinitialize the account, the mail coming pouring in. I get it for\na day or two and it stops again. The phone sets itself up once I enter my\nAT&amp;T; account, so I'm not doing a manual setup. What is going on here? I\nknow AT&amp;T; was the first to offer the Samsung Galaxy Note II and surely\nothers use it for AT&amp;T; mail. I also don't think I'm the first to have\nthis problem, based on some postings I've seen. What is going on with this and\nhow do I resolve it?[Subject edited to reflect new topic]\n\n",
  "docLength" : 0,
  "language" : "EN",
  "status" : "READY",
  "modifiedDate" : 1488754687242,
  "documentSet" : [ ],
  "preannotation" : [ "PRE_LW" ],
  "sentences" : [ {
    "id" : "s0",
    "begin" : 0,
    "end" : 38,
    "text" : "Samsung Galaxy Note II E-mail Problems",
    "tokens" : [ {
      "id" : "s0-t0",
      "begin" : 0,
      "end" : 7,
      "text" : "Samsung",
      "whiteSpace" : false
    }, {
      "id" : "s0-t1",
      "begin" : 8,
      "end" : 14,
      "text" : "Galaxy",
      "whiteSpace" : false
    }, {
      "id" : "s0-t2",
      "begin" : 15,
      "end" : 19,
      "text" : "Note",
      "whiteSpace" : false
    }, {
      "id" : "s0-t3",
      "begin" : 20,
      "end" : 22,
      "text" : "II",
      "whiteSpace" : false
    }, {
      "id" : "s0-t4",
      "begin" : 23,
      "end" : 29,
      "text" : "E-mail",
      "whiteSpace" : false
    }, {
      "id" : "s0-t5",
      "begin" : 30,
      "end" : 38,
      "text" : "Problems",
      "whiteSpace" : false
    } ]
  }, {
    "id" : "s1",
    "begin" : 40,
    "end" : 105,
    "text" : "I recently moved to ATT UVerse for t.v., internet and home phone.",
    "tokens" : [ {
      "id" : "s1-t0",
      "begin" : 40,
      "end" : 41,
      "text" : "I",
      "whiteSpace" : false
    }, {
      "id" : "s1-t1",
      "begin" : 42,
      "end" : 50,
      "text" : "recently",
      "whiteSpace" : false
    }, {
      "id" : "s1-t2",
      "begin" : 51,
      "end" : 56,
      "text" : "moved",
      "whiteSpace" : false
    }, {
      "id" : "s1-t3",
      "begin" : 57,
      "end" : 59,
      "text" : "to",
      "whiteSpace" : false
    }, {
      "id" : "s1-t4",
      "begin" : 60,
      "end" : 63,
      "text" : "ATT",
      "whiteSpace" : false
    }, {
      "id" : "s1-t5",
      "begin" : 64,
      "end" : 70,
      "text" : "UVerse",
      "whiteSpace" : false
    }, {
      "id" : "s1-t6",
      "begin" : 71,
      "end" : 74,
      "text" : "for",
      "whiteSpace" : false
    }, {
      "id" : "s1-t7",
      "begin" : 75,
      "end" : 79,
      "text" : "t.v.",
      "whiteSpace" : false
    }, {
      "id" : "s1-t8",
      "begin" : 79,
      "end" : 80,
      "text" : ",",
      "whiteSpace" : false
    }, {
      "id" : "s1-t9",
      "begin" : 81,
      "end" : 89,
      "text" : "internet",
      "whiteSpace" : false
    }, {
      "id" : "s1-t10",
      "begin" : 90,
      "end" : 93,
      "text" : "and",
      "whiteSpace" : false
    }, {
      "id" : "s1-t11",
      "begin" : 94,
      "end" : 98,
      "text" : "home",
      "whiteSpace" : false
    }, {
      "id" : "s1-t12",
      "begin" : 99,
      "end" : 104,
      "text" : "phone",
      "whiteSpace" : false
    }, {
      "id" : "s1-t13",
      "begin" : 104,
      "end" : 105,
      "text" : ".",
      "whiteSpace" : false
    } ]
  }, {
    "id" : "s2",
    "begin" : 106,
    "end" : 145,
    "text" : "My cellular\nservice is through Verizon.",
    "tokens" : [ {
      "id" : "s2-t0",
      "begin" : 106,
      "end" : 108,
      "text" : "My",
      "whiteSpace" : false
    }, {
      "id" : "s2-t1",
      "begin" : 109,
      "end" : 117,
      "text" : "cellular",
      "whiteSpace" : false
    }, {
      "id" : "s2-t2",
      "begin" : 118,
      "end" : 125,
      "text" : "service",
      "whiteSpace" : false
    }, {
      "id" : "s2-t3",
      "begin" : 126,
      "end" : 128,
      "text" : "is",
      "whiteSpace" : false
    }, {
      "id" : "s2-t4",
      "begin" : 129,
      "end" : 136,
      "text" : "through",
      "whiteSpace" : false
    }, {
      "id" : "s2-t5",
      "begin" : 137,
      "end" : 144,
      "text" : "Verizon",
      "whiteSpace" : false
    }, {
      "id" : "s2-t6",
      "begin" : 144,
      "end" : 145,
      "text" : ".",
      "whiteSpace" : false
    } ]
  }, {
    "id" : "s3",
    "begin" : 146,
    "end" : 201,
    "text" : "I also recently upgraded to the Samsung Galaxy\nNote II.",
    "tokens" : [ {
      "id" : "s3-t0",
      "begin" : 146,
      "end" : 147,
      "text" : "I",
      "whiteSpace" : false
    }, {
      "id" : "s3-t1",
      "begin" : 148,
      "end" : 152,
      "text" : "also",
      "whiteSpace" : false
    }, {
      "id" : "s3-t2",
      "begin" : 153,
      "end" : 161,
      "text" : "recently",
      "whiteSpace" : false
    }, {
      "id" : "s3-t3",
      "begin" : 162,
      "end" : 170,
      "text" : "upgraded",
      "whiteSpace" : false
    }, {
      "id" : "s3-t4",
      "begin" : 171,
      "end" : 173,
      "text" : "to",
      "whiteSpace" : false
    }, {
      "id" : "s3-t5",
      "begin" : 174,
      "end" : 177,
      "text" : "the",
      "whiteSpace" : false
    }, {
      "id" : "s3-t6",
      "begin" : 178,
      "end" : 185,
      "text" : "Samsung",
      "whiteSpace" : false
    }, {
      "id" : "s3-t7",
      "begin" : 186,
      "end" : 192,
      "text" : "Galaxy",
      "whiteSpace" : false
    }, {
      "id" : "s3-t8",
      "begin" : 193,
      "end" : 197,
      "text" : "Note",
      "whiteSpace" : false
    }, {
      "id" : "s3-t9",
      "begin" : 198,
      "end" : 200,
      "text" : "II",
      "whiteSpace" : false
    }, {
      "id" : "s3-t10",
      "begin" : 200,
      "end" : 201,
      "text" : ".",
      "whiteSpace" : false
    } ]
  }, {
    "id" : "s4",
    "begin" : 202,
    "end" : 277,
    "text" : "I am having very frustrating issues with receiving email via my\nsmartphone.",
    "tokens" : [ {
      "id" : "s4-t0",
      "begin" : 202,
      "end" : 203,
      "text" : "I",
      "whiteSpace" : false
    }, {
      "id" : "s4-t1",
      "begin" : 204,
      "end" : 206,
      "text" : "am",
      "whiteSpace" : false
    }, {
      "id" : "s4-t2",
      "begin" : 207,
      "end" : 213,
      "text" : "having",
      "whiteSpace" : false
    }, {
      "id" : "s4-t3",
      "begin" : 214,
      "end" : 218,
      "text" : "very",
      "whiteSpace" : false
    }, {
      "id" : "s4-t4",
      "begin" : 219,
      "end" : 230,
      "text" : "frustrating",
      "whiteSpace" : false
    }, {
      "id" : "s4-t5",
      "begin" : 231,
      "end" : 237,
      "text" : "issues",
      "whiteSpace" : false
    }, {
      "id" : "s4-t6",
      "begin" : 238,
      "end" : 242,
      "text" : "with",
      "whiteSpace" : false
    }, {
      "id" : "s4-t7",
      "begin" : 243,
      "end" : 252,
      "text" : "receiving",
      "whiteSpace" : false
    }, {
      "id" : "s4-t8",
      "begin" : 253,
      "end" : 258,
      "text" : "email",
      "whiteSpace" : false
    }, {
      "id" : "s4-t9",
      "begin" : 259,
      "end" : 262,
      "text" : "via",
      "whiteSpace" : false
    }, {
      "id" : "s4-t10",
      "begin" : 263,
      "end" : 265,
      "text" : "my",
      "whiteSpace" : false
    }, {
      "id" : "s4-t11",
      "begin" : 266,
      "end" : 276,
      "text" : "smartphone",
      "whiteSpace" : false
    }, {
      "id" : "s4-t12",
      "begin" : 276,
      "end" : 277,
      "text" : ".",
      "whiteSpace" : false
    } ]
  }, {
    "id" : "s5",
    "begin" : 278,
    "end" : 474,
    "text" : "I get mail on my laptop and via AT&amp;T; webmail with no\nproblems; however, when I set up my phone for AT&amp;T; mail I will get mail\nfor about two days and then it just stops coming to my phone.",
    "tokens" : [ {
      "id" : "s5-t0",
      "begin" : 278,
      "end" : 279,
      "text" : "I",
      "whiteSpace" : false
    }, {
      "id" : "s5-t1",
      "begin" : 280,
      "end" : 283,
      "text" : "get",
      "whiteSpace" : false
    }, {
      "id" : "s5-t2",
      "begin" : 284,
      "end" : 288,
      "text" : "mail",
      "whiteSpace" : false
    }, {
      "id" : "s5-t3",
      "begin" : 289,
      "end" : 291,
      "text" : "on",
      "whiteSpace" : false
    }, {
      "id" : "s5-t4",
      "begin" : 292,
      "end" : 294,
      "text" : "my",
      "whiteSpace" : false
    }, {
      "id" : "s5-t5",
      "begin" : 295,
      "end" : 301,
      "text" : "laptop",
      "whiteSpace" : false
    }, {
      "id" : "s5-t6",
      "begin" : 302,
      "end" : 305,
      "text" : "and",
      "whiteSpace" : false
    }, {
      "id" : "s5-t7",
      "begin" : 306,
      "end" : 309,
      "text" : "via",
      "whiteSpace" : false
    }, {
      "id" : "s5-t8",
      "begin" : 310,
      "end" : 312,
      "text" : "AT",
      "whiteSpace" : false
    }, {
      "id" : "s5-t9",
      "begin" : 312,
      "end" : 317,
      "text" : "&amp;",
      "whiteSpace" : false
    }, {
      "id" : "s5-t10",
      "begin" : 317,
      "end" : 319,
      "text" : "T;",
      "whiteSpace" : false
    }, {
      "id" : "s5-t11",
      "begin" : 320,
      "end" : 327,
      "text" : "webmail",
      "whiteSpace" : false
    }, {
      "id" : "s5-t12",
      "begin" : 328,
      "end" : 332,
      "text" : "with",
      "whiteSpace" : false
    }, {
      "id" : "s5-t13",
      "begin" : 333,
      "end" : 335,
      "text" : "no",
      "whiteSpace" : false
    }, {
      "id" : "s5-t14",
      "begin" : 336,
      "end" : 344,
      "text" : "problems",
      "whiteSpace" : false
    }, {
      "id" : "s5-t15",
      "begin" : 344,
      "end" : 345,
      "text" : ";",
      "whiteSpace" : false
    }, {
      "id" : "s5-t16",
      "begin" : 346,
      "end" : 353,
      "text" : "however",
      "whiteSpace" : false
    }, {
      "id" : "s5-t17",
      "begin" : 353,
      "end" : 354,
      "text" : ",",
      "whiteSpace" : false
    }, {
      "id" : "s5-t18",
      "begin" : 355,
      "end" : 359,
      "text" : "when",
      "whiteSpace" : false
    }, {
      "id" : "s5-t19",
      "begin" : 360,
      "end" : 361,
      "text" : "I",
      "whiteSpace" : false
    }, {
      "id" : "s5-t20",
      "begin" : 362,
      "end" : 365,
      "text" : "set",
      "whiteSpace" : false
    }, {
      "id" : "s5-t21",
      "begin" : 366,
      "end" : 368,
      "text" : "up",
      "whiteSpace" : false
    }, {
      "id" : "s5-t22",
      "begin" : 369,
      "end" : 371,
      "text" : "my",
      "whiteSpace" : false
    }, {
      "id" : "s5-t23",
      "begin" : 372,
      "end" : 377,
      "text" : "phone",
      "whiteSpace" : false
    }, {
      "id" : "s5-t24",
      "begin" : 378,
      "end" : 381,
      "text" : "for",
      "whiteSpace" : false
    }, {
      "id" : "s5-t25",
      "begin" : 382,
      "end" : 384,
      "text" : "AT",
      "whiteSpace" : false
    }, {
      "id" : "s5-t26",
      "begin" : 384,
      "end" : 389,
      "text" : "&amp;",
      "whiteSpace" : false
    }, {
      "id" : "s5-t27",
      "begin" : 389,
      "end" : 391,
      "text" : "T;",
      "whiteSpace" : false
    }, {
      "id" : "s5-t28",
      "begin" : 392,
      "end" : 396,
      "text" : "mail",
      "whiteSpace" : false
    }, {
      "id" : "s5-t29",
      "begin" : 397,
      "end" : 398,
      "text" : "I",
      "whiteSpace" : false
    }, {
      "id" : "s5-t30",
      "begin" : 399,
      "end" : 403,
      "text" : "will",
      "whiteSpace" : false
    }, {
      "id" : "s5-t31",
      "begin" : 404,
      "end" : 407,
      "text" : "get",
      "whiteSpace" : false
    }, {
      "id" : "s5-t32",
      "begin" : 408,
      "end" : 412,
      "text" : "mail",
      "whiteSpace" : false
    }, {
      "id" : "s5-t33",
      "begin" : 413,
      "end" : 416,
      "text" : "for",
      "whiteSpace" : false
    }, {
      "id" : "s5-t34",
      "begin" : 417,
      "end" : 422,
      "text" : "about",
      "whiteSpace" : false
    }, {
      "id" : "s5-t35",
      "begin" : 423,
      "end" : 426,
      "text" : "two",
      "whiteSpace" : false
    }, {
      "id" : "s5-t36",
      "begin" : 427,
      "end" : 431,
      "text" : "days",
      "whiteSpace" : false
    }, {
      "id" : "s5-t37",
      "begin" : 432,
      "end" : 435,
      "text" : "and",
      "whiteSpace" : false
    }, {
      "id" : "s5-t38",
      "begin" : 436,
      "end" : 440,
      "text" : "then",
      "whiteSpace" : false
    }, {
      "id" : "s5-t39",
      "begin" : 441,
      "end" : 443,
      "text" : "it",
      "whiteSpace" : false
    }, {
      "id" : "s5-t40",
      "begin" : 444,
      "end" : 448,
      "text" : "just",
      "whiteSpace" : false
    }, {
      "id" : "s5-t41",
      "begin" : 449,
      "end" : 454,
      "text" : "stops",
      "whiteSpace" : false
    }, {
      "id" : "s5-t42",
      "begin" : 455,
      "end" : 461,
      "text" : "coming",
      "whiteSpace" : false
    }, {
      "id" : "s5-t43",
      "begin" : 462,
      "end" : 464,
      "text" : "to",
      "whiteSpace" : false
    }, {
      "id" : "s5-t44",
      "begin" : 465,
      "end" : 467,
      "text" : "my",
      "whiteSpace" : false
    }, {
      "id" : "s5-t45",
      "begin" : 468,
      "end" : 473,
      "text" : "phone",
      "whiteSpace" : false
    }, {
      "id" : "s5-t46",
      "begin" : 473,
      "end" : 474,
      "text" : ".",
      "whiteSpace" : false
    } ]
  }, {
    "id" : "s6",
    "begin" : 475,
    "end" : 556,
    "text" : "If I delete the\naccount and reinitialize the account, the mail coming pouring in.",
    "tokens" : [ {
      "id" : "s6-t0",
      "begin" : 475,
      "end" : 477,
      "text" : "If",
      "whiteSpace" : false
    }, {
      "id" : "s6-t1",
      "begin" : 478,
      "end" : 479,
      "text" : "I",
      "whiteSpace" : false
    }, {
      "id" : "s6-t2",
      "begin" : 480,
      "end" : 486,
      "text" : "delete",
      "whiteSpace" : false
    }, {
      "id" : "s6-t3",
      "begin" : 487,
      "end" : 490,
      "text" : "the",
      "whiteSpace" : false
    }, {
      "id" : "s6-t4",
      "begin" : 491,
      "end" : 498,
      "text" : "account",
      "whiteSpace" : false
    }, {
      "id" : "s6-t5",
      "begin" : 499,
      "end" : 502,
      "text" : "and",
      "whiteSpace" : false
    }, {
      "id" : "s6-t6",
      "begin" : 503,
      "end" : 515,
      "text" : "reinitialize",
      "whiteSpace" : false
    }, {
      "id" : "s6-t7",
      "begin" : 516,
      "end" : 519,
      "text" : "the",
      "whiteSpace" : false
    }, {
      "id" : "s6-t8",
      "begin" : 520,
      "end" : 527,
      "text" : "account",
      "whiteSpace" : false
    }, {
      "id" : "s6-t9",
      "begin" : 527,
      "end" : 528,
      "text" : ",",
      "whiteSpace" : false
    }, {
      "id" : "s6-t10",
      "begin" : 529,
      "end" : 532,
      "text" : "the",
      "whiteSpace" : false
    }, {
      "id" : "s6-t11",
      "begin" : 533,
      "end" : 537,
      "text" : "mail",
      "whiteSpace" : false
    }, {
      "id" : "s6-t12",
      "begin" : 538,
      "end" : 544,
      "text" : "coming",
      "whiteSpace" : false
    }, {
      "id" : "s6-t13",
      "begin" : 545,
      "end" : 552,
      "text" : "pouring",
      "whiteSpace" : false
    }, {
      "id" : "s6-t14",
      "begin" : 553,
      "end" : 555,
      "text" : "in",
      "whiteSpace" : false
    }, {
      "id" : "s6-t15",
      "begin" : 555,
      "end" : 556,
      "text" : ".",
      "whiteSpace" : false
    } ]
  }, {
    "id" : "s7",
    "begin" : 557,
    "end" : 602,
    "text" : "I get it for\na day or two and it stops again.",
    "tokens" : [ {
      "id" : "s7-t0",
      "begin" : 557,
      "end" : 558,
      "text" : "I",
      "whiteSpace" : false
    }, {
      "id" : "s7-t1",
      "begin" : 559,
      "end" : 562,
      "text" : "get",
      "whiteSpace" : false
    }, {
      "id" : "s7-t2",
      "begin" : 563,
      "end" : 565,
      "text" : "it",
      "whiteSpace" : false
    }, {
      "id" : "s7-t3",
      "begin" : 566,
      "end" : 569,
      "text" : "for",
      "whiteSpace" : false
    }, {
      "id" : "s7-t4",
      "begin" : 570,
      "end" : 571,
      "text" : "a",
      "whiteSpace" : false
    }, {
      "id" : "s7-t5",
      "begin" : 572,
      "end" : 575,
      "text" : "day",
      "whiteSpace" : false
    }, {
      "id" : "s7-t6",
      "begin" : 576,
      "end" : 578,
      "text" : "or",
      "whiteSpace" : false
    }, {
      "id" : "s7-t7",
      "begin" : 579,
      "end" : 582,
      "text" : "two",
      "whiteSpace" : false
    }, {
      "id" : "s7-t8",
      "begin" : 583,
      "end" : 586,
      "text" : "and",
      "whiteSpace" : false
    }, {
      "id" : "s7-t9",
      "begin" : 587,
      "end" : 589,
      "text" : "it",
      "whiteSpace" : false
    }, {
      "id" : "s7-t10",
      "begin" : 590,
      "end" : 595,
      "text" : "stops",
      "whiteSpace" : false
    }, {
      "id" : "s7-t11",
      "begin" : 596,
      "end" : 601,
      "text" : "again",
      "whiteSpace" : false
    }, {
      "id" : "s7-t12",
      "begin" : 601,
      "end" : 602,
      "text" : ".",
      "whiteSpace" : false
    } ]
  }, {
    "id" : "s8",
    "begin" : 603,
    "end" : 695,
    "text" : "The phone sets itself up once I enter my\nAT&amp;T; account, so I'm not doing a manual setup.",
    "tokens" : [ {
      "id" : "s8-t0",
      "begin" : 603,
      "end" : 606,
      "text" : "The",
      "whiteSpace" : false
    }, {
      "id" : "s8-t1",
      "begin" : 607,
      "end" : 612,
      "text" : "phone",
      "whiteSpace" : false
    }, {
      "id" : "s8-t2",
      "begin" : 613,
      "end" : 617,
      "text" : "sets",
      "whiteSpace" : false
    }, {
      "id" : "s8-t3",
      "begin" : 618,
      "end" : 624,
      "text" : "itself",
      "whiteSpace" : false
    }, {
      "id" : "s8-t4",
      "begin" : 625,
      "end" : 627,
      "text" : "up",
      "whiteSpace" : false
    }, {
      "id" : "s8-t5",
      "begin" : 628,
      "end" : 632,
      "text" : "once",
      "whiteSpace" : false
    }, {
      "id" : "s8-t6",
      "begin" : 633,
      "end" : 634,
      "text" : "I",
      "whiteSpace" : false
    }, {
      "id" : "s8-t7",
      "begin" : 635,
      "end" : 640,
      "text" : "enter",
      "whiteSpace" : false
    }, {
      "id" : "s8-t8",
      "begin" : 641,
      "end" : 643,
      "text" : "my",
      "whiteSpace" : false
    }, {
      "id" : "s8-t9",
      "begin" : 644,
      "end" : 646,
      "text" : "AT",
      "whiteSpace" : false
    }, {
      "id" : "s8-t10",
      "begin" : 646,
      "end" : 651,
      "text" : "&amp;",
      "whiteSpace" : false
    }, {
      "id" : "s8-t11",
      "begin" : 651,
      "end" : 653,
      "text" : "T;",
      "whiteSpace" : false
    }, {
      "id" : "s8-t12",
      "begin" : 654,
      "end" : 661,
      "text" : "account",
      "whiteSpace" : false
    }, {
      "id" : "s8-t13",
      "begin" : 661,
      "end" : 662,
      "text" : ",",
      "whiteSpace" : false
    }, {
      "id" : "s8-t14",
      "begin" : 663,
      "end" : 665,
      "text" : "so",
      "whiteSpace" : false
    }, {
      "id" : "s8-t15",
      "begin" : 666,
      "end" : 667,
      "text" : "I",
      "whiteSpace" : false
    }, {
      "id" : "s8-t16",
      "begin" : 667,
      "end" : 669,
      "text" : "'m",
      "whiteSpace" : false
    }, {
      "id" : "s8-t17",
      "begin" : 670,
      "end" : 673,
      "text" : "not",
      "whiteSpace" : false
    }, {
      "id" : "s8-t18",
      "begin" : 674,
      "end" : 679,
      "text" : "doing",
      "whiteSpace" : false
    }, {
      "id" : "s8-t19",
      "begin" : 680,
      "end" : 681,
      "text" : "a",
      "whiteSpace" : false
    }, {
      "id" : "s8-t20",
      "begin" : 682,
      "end" : 688,
      "text" : "manual",
      "whiteSpace" : false
    }, {
      "id" : "s8-t21",
      "begin" : 689,
      "end" : 694,
      "text" : "setup",
      "whiteSpace" : false
    }, {
      "id" : "s8-t22",
      "begin" : 694,
      "end" : 695,
      "text" : ".",
      "whiteSpace" : false
    } ]
  }, {
    "id" : "s9",
    "begin" : 696,
    "end" : 718,
    "text" : "What is going on here?",
    "tokens" : [ {
      "id" : "s9-t0",
      "begin" : 696,
      "end" : 700,
      "text" : "What",
      "whiteSpace" : false
    }, {
      "id" : "s9-t1",
      "begin" : 701,
      "end" : 703,
      "text" : "is",
      "whiteSpace" : false
    }, {
      "id" : "s9-t2",
      "begin" : 704,
      "end" : 709,
      "text" : "going",
      "whiteSpace" : false
    }, {
      "id" : "s9-t3",
      "begin" : 710,
      "end" : 712,
      "text" : "on",
      "whiteSpace" : false
    }, {
      "id" : "s9-t4",
      "begin" : 713,
      "end" : 717,
      "text" : "here",
      "whiteSpace" : false
    }, {
      "id" : "s9-t5",
      "begin" : 717,
      "end" : 718,
      "text" : "?",
      "whiteSpace" : false
    } ]
  }, {
    "id" : "s10",
    "begin" : 719,
    "end" : 830,
    "text" : "I\nknow AT&amp;T; was the first to offer the Samsung Galaxy Note II and surely\nothers use it for AT&amp;T; mail.",
    "tokens" : [ {
      "id" : "s10-t0",
      "begin" : 719,
      "end" : 720,
      "text" : "I",
      "whiteSpace" : false
    }, {
      "id" : "s10-t1",
      "begin" : 721,
      "end" : 725,
      "text" : "know",
      "whiteSpace" : false
    }, {
      "id" : "s10-t2",
      "begin" : 726,
      "end" : 728,
      "text" : "AT",
      "whiteSpace" : false
    }, {
      "id" : "s10-t3",
      "begin" : 728,
      "end" : 733,
      "text" : "&amp;",
      "whiteSpace" : false
    }, {
      "id" : "s10-t4",
      "begin" : 733,
      "end" : 735,
      "text" : "T;",
      "whiteSpace" : false
    }, {
      "id" : "s10-t5",
      "begin" : 736,
      "end" : 739,
      "text" : "was",
      "whiteSpace" : false
    }, {
      "id" : "s10-t6",
      "begin" : 740,
      "end" : 743,
      "text" : "the",
      "whiteSpace" : false
    }, {
      "id" : "s10-t7",
      "begin" : 744,
      "end" : 749,
      "text" : "first",
      "whiteSpace" : false
    }, {
      "id" : "s10-t8",
      "begin" : 750,
      "end" : 752,
      "text" : "to",
      "whiteSpace" : false
    }, {
      "id" : "s10-t9",
      "begin" : 753,
      "end" : 758,
      "text" : "offer",
      "whiteSpace" : false
    }, {
      "id" : "s10-t10",
      "begin" : 759,
      "end" : 762,
      "text" : "the",
      "whiteSpace" : false
    }, {
      "id" : "s10-t11",
      "begin" : 763,
      "end" : 770,
      "text" : "Samsung",
      "whiteSpace" : false
    }, {
      "id" : "s10-t12",
      "begin" : 771,
      "end" : 777,
      "text" : "Galaxy",
      "whiteSpace" : false
    }, {
      "id" : "s10-t13",
      "begin" : 778,
      "end" : 782,
      "text" : "Note",
      "whiteSpace" : false
    }, {
      "id" : "s10-t14",
      "begin" : 783,
      "end" : 785,
      "text" : "II",
      "whiteSpace" : false
    }, {
      "id" : "s10-t15",
      "begin" : 786,
      "end" : 789,
      "text" : "and",
      "whiteSpace" : false
    }, {
      "id" : "s10-t16",
      "begin" : 790,
      "end" : 796,
      "text" : "surely",
      "whiteSpace" : false
    }, {
      "id" : "s10-t17",
      "begin" : 797,
      "end" : 803,
      "text" : "others",
      "whiteSpace" : false
    }, {
      "id" : "s10-t18",
      "begin" : 804,
      "end" : 807,
      "text" : "use",
      "whiteSpace" : false
    }, {
      "id" : "s10-t19",
      "begin" : 808,
      "end" : 810,
      "text" : "it",
      "whiteSpace" : false
    }, {
      "id" : "s10-t20",
      "begin" : 811,
      "end" : 814,
      "text" : "for",
      "whiteSpace" : false
    }, {
      "id" : "s10-t21",
      "begin" : 815,
      "end" : 817,
      "text" : "AT",
      "whiteSpace" : false
    }, {
      "id" : "s10-t22",
      "begin" : 817,
      "end" : 822,
      "text" : "&amp;",
      "whiteSpace" : false
    }, {
      "id" : "s10-t23",
      "begin" : 822,
      "end" : 824,
      "text" : "T;",
      "whiteSpace" : false
    }, {
      "id" : "s10-t24",
      "begin" : 825,
      "end" : 829,
      "text" : "mail",
      "whiteSpace" : false
    }, {
      "id" : "s10-t25",
      "begin" : 829,
      "end" : 830,
      "text" : ".",
      "whiteSpace" : false
    } ]
  }, {
    "id" : "s11",
    "begin" : 831,
    "end" : 919,
    "text" : "I also don't think I'm the first to have\nthis problem, based on some postings I've seen.",
    "tokens" : [ {
      "id" : "s11-t0",
      "begin" : 831,
      "end" : 832,
      "text" : "I",
      "whiteSpace" : false
    }, {
      "id" : "s11-t1",
      "begin" : 833,
      "end" : 837,
      "text" : "also",
      "whiteSpace" : false
    }, {
      "id" : "s11-t2",
      "begin" : 838,
      "end" : 840,
      "text" : "do",
      "whiteSpace" : false
    }, {
      "id" : "s11-t3",
      "begin" : 840,
      "end" : 843,
      "text" : "n't",
      "whiteSpace" : false
    }, {
      "id" : "s11-t4",
      "begin" : 844,
      "end" : 849,
      "text" : "think",
      "whiteSpace" : false
    }, {
      "id" : "s11-t5",
      "begin" : 850,
      "end" : 851,
      "text" : "I",
      "whiteSpace" : false
    }, {
      "id" : "s11-t6",
      "begin" : 851,
      "end" : 853,
      "text" : "'m",
      "whiteSpace" : false
    }, {
      "id" : "s11-t7",
      "begin" : 854,
      "end" : 857,
      "text" : "the",
      "whiteSpace" : false
    }, {
      "id" : "s11-t8",
      "begin" : 858,
      "end" : 863,
      "text" : "first",
      "whiteSpace" : false
    }, {
      "id" : "s11-t9",
      "begin" : 864,
      "end" : 866,
      "text" : "to",
      "whiteSpace" : false
    }, {
      "id" : "s11-t10",
      "begin" : 867,
      "end" : 871,
      "text" : "have",
      "whiteSpace" : false
    }, {
      "id" : "s11-t11",
      "begin" : 872,
      "end" : 876,
      "text" : "this",
      "whiteSpace" : false
    }, {
      "id" : "s11-t12",
      "begin" : 877,
      "end" : 884,
      "text" : "problem",
      "whiteSpace" : false
    }, {
      "id" : "s11-t13",
      "begin" : 884,
      "end" : 885,
      "text" : ",",
      "whiteSpace" : false
    }, {
      "id" : "s11-t14",
      "begin" : 886,
      "end" : 891,
      "text" : "based",
      "whiteSpace" : false
    }, {
      "id" : "s11-t15",
      "begin" : 892,
      "end" : 894,
      "text" : "on",
      "whiteSpace" : false
    }, {
      "id" : "s11-t16",
      "begin" : 895,
      "end" : 899,
      "text" : "some",
      "whiteSpace" : false
    }, {
      "id" : "s11-t17",
      "begin" : 900,
      "end" : 908,
      "text" : "postings",
      "whiteSpace" : false
    }, {
      "id" : "s11-t18",
      "begin" : 909,
      "end" : 910,
      "text" : "I",
      "whiteSpace" : false
    }, {
      "id" : "s11-t19",
      "begin" : 910,
      "end" : 913,
      "text" : "'ve",
      "whiteSpace" : false
    }, {
      "id" : "s11-t20",
      "begin" : 914,
      "end" : 918,
      "text" : "seen",
      "whiteSpace" : false
    }, {
      "id" : "s11-t21",
      "begin" : 918,
      "end" : 919,
      "text" : ".",
      "whiteSpace" : false
    } ]
  }, {
    "id" : "s12",
    "begin" : 920,
    "end" : 1008,
    "text" : "What is going on with this and\nhow do I resolve it?[Subject edited to reflect new topic]",
    "tokens" : [ {
      "id" : "s12-t0",
      "begin" : 920,
      "end" : 924,
      "text" : "What",
      "whiteSpace" : false
    }, {
      "id" : "s12-t1",
      "begin" : 925,
      "end" : 927,
      "text" : "is",
      "whiteSpace" : false
    }, {
      "id" : "s12-t2",
      "begin" : 928,
      "end" : 933,
      "text" : "going",
      "whiteSpace" : false
    }, {
      "id" : "s12-t3",
      "begin" : 934,
      "end" : 936,
      "text" : "on",
      "whiteSpace" : false
    }, {
      "id" : "s12-t4",
      "begin" : 937,
      "end" : 941,
      "text" : "with",
      "whiteSpace" : false
    }, {
      "id" : "s12-t5",
      "begin" : 942,
      "end" : 946,
      "text" : "this",
      "whiteSpace" : false
    }, {
      "id" : "s12-t6",
      "begin" : 947,
      "end" : 950,
      "text" : "and",
      "whiteSpace" : false
    }, {
      "id" : "s12-t7",
      "begin" : 951,
      "end" : 954,
      "text" : "how",
      "whiteSpace" : false
    }, {
      "id" : "s12-t8",
      "begin" : 955,
      "end" : 957,
      "text" : "do",
      "whiteSpace" : false
    }, {
      "id" : "s12-t9",
      "begin" : 958,
      "end" : 959,
      "text" : "I",
      "whiteSpace" : false
    }, {
      "id" : "s12-t10",
      "begin" : 960,
      "end" : 967,
      "text" : "resolve",
      "whiteSpace" : false
    }, {
      "id" : "s12-t11",
      "begin" : 968,
      "end" : 971,
      "text" : "it?",
      "whiteSpace" : false
    }, {
      "id" : "s12-t12",
      "begin" : 971,
      "end" : 972,
      "text" : "[",
      "whiteSpace" : false
    }, {
      "id" : "s12-t13",
      "begin" : 972,
      "end" : 979,
      "text" : "Subject",
      "whiteSpace" : false
    }, {
      "id" : "s12-t14",
      "begin" : 980,
      "end" : 986,
      "text" : "edited",
      "whiteSpace" : false
    }, {
      "id" : "s12-t15",
      "begin" : 987,
      "end" : 989,
      "text" : "to",
      "whiteSpace" : false
    }, {
      "id" : "s12-t16",
      "begin" : 990,
      "end" : 997,
      "text" : "reflect",
      "whiteSpace" : false
    }, {
      "id" : "s12-t17",
      "begin" : 998,
      "end" : 1001,
      "text" : "new",
      "whiteSpace" : false
    }, {
      "id" : "s12-t18",
      "begin" : 1002,
      "end" : 1007,
      "text" : "topic",
      "whiteSpace" : false
    }, {
      "id" : "s12-t19",
      "begin" : 1007,
      "end" : 1008,
      "text" : "]",
      "whiteSpace" : false
    } ]
  } ],
  "mentions" : [ {
    "id" : "s0-m1",
    "properties" : {
      "SIRE_MENTION_ROLE" : "Product",
      "SIRE_MENTION_TYPE" : "NONE",
      "SIRE_ENTITY_SUBTYPE" : "NONE",
      "SIRE_MENTION_CLASS" : "SPC"
    },
    "type" : "Product",
    "begin" : 0,
    "end" : 22,
    "inCoref" : false
  }, {
    "id" : "s0-m2",
    "properties" : {
      "SIRE_MENTION_ROLE" : "Internet_Connectivity",
      "SIRE_ENTITY_SUBTYPE" : "NONE",
      "SIRE_MENTION_TYPE" : "NONE",
      "SIRE_MENTION_CLASS" : "SPC"
    },
    "type" : "Internet_Connectivity",
    "begin" : 23,
    "end" : 29,
    "inCoref" : false
  }, {
    "id" : "s1-m0",
    "properties" : {
      "SIRE_MENTION_ROLE" : "Service_Provider",
      "SIRE_MENTION_TYPE" : "NONE",
      "SIRE_ENTITY_SUBTYPE" : "NONE",
      "SIRE_MENTION_CLASS" : "SPC"
    },
    "type" : "Service_Provider",
    "begin" : 60,
    "end" : 63,
    "inCoref" : false
  }, {
    "id" : "s1-m3",
    "properties" : {
      "SIRE_MENTION_ROLE" : "Product",
      "SIRE_ENTITY_SUBTYPE" : "NONE",
      "SIRE_MENTION_TYPE" : "NONE",
      "SIRE_MENTION_CLASS" : "SPC"
    },
    "type" : "Product",
    "begin" : 64,
    "end" : 70,
    "inCoref" : false
  }, {
    "id" : "s1-m1",
    "properties" : {
      "SIRE_MENTION_ROLE" : "Internet_Connectivity",
      "SIRE_ENTITY_SUBTYPE" : "NONE",
      "SIRE_MENTION_TYPE" : "NONE",
      "SIRE_MENTION_CLASS" : "SPC"
    },
    "type" : "Internet_Connectivity",
    "begin" : 81,
    "end" : 89,
    "inCoref" : false
  }, {
    "id" : "s2-m2",
    "properties" : {
      "SIRE_MENTION_ROLE" : "Voice_Text",
      "SIRE_ENTITY_SUBTYPE" : "NONE",
      "SIRE_MENTION_TYPE" : "NONE",
      "SIRE_MENTION_CLASS" : "SPC"
    },
    "type" : "Voice_Text",
    "begin" : 109,
    "end" : 125,
    "inCoref" : false
  }, {
    "id" : "s2-m1",
    "properties" : {
      "SIRE_MENTION_ROLE" : "Service_Provider",
      "SIRE_ENTITY_SUBTYPE" : "NONE",
      "SIRE_MENTION_TYPE" : "NONE",
      "SIRE_MENTION_CLASS" : "SPC"
    },
    "type" : "Service_Provider",
    "begin" : 137,
    "end" : 144,
    "inCoref" : false
  }, {
    "id" : "s4-m1",
    "properties" : {
      "SIRE_MENTION_ROLE" : "Product",
      "SIRE_MENTION_TYPE" : "NONE",
      "SIRE_ENTITY_SUBTYPE" : "NONE",
      "SIRE_MENTION_CLASS" : "SPC"
    },
    "type" : "Product",
    "begin" : 178,
    "end" : 200,
    "inCoref" : false
  }, {
    "id" : "s4-m2",
    "properties" : {
      "SIRE_MENTION_ROLE" : "Internet_Connectivity",
      "SIRE_ENTITY_SUBTYPE" : "NONE",
      "SIRE_MENTION_TYPE" : "NONE",
      "SIRE_MENTION_CLASS" : "SPC"
    },
    "type" : "Internet_Connectivity",
    "begin" : 253,
    "end" : 258,
    "inCoref" : false
  }, {
    "id" : "s5-m4",
    "properties" : {
      "SIRE_MENTION_ROLE" : "Internet_Connectivity",
      "SIRE_ENTITY_SUBTYPE" : "NONE",
      "SIRE_MENTION_TYPE" : "NONE",
      "SIRE_MENTION_CLASS" : "SPC"
    },
    "type" : "Internet_Connectivity",
    "begin" : 284,
    "end" : 288,
    "inCoref" : false
  }, {
    "id" : "cm1",
    "properties" : {
      "SIRE_MENTION_ROLE" : "Service_Provider",
      "SIRE_ENTITY_SUBTYPE" : "NONE",
      "SIRE_MENTION_TYPE" : "NONE",
      "SIRE_MENTION_CLASS" : "SPC"
    },
    "type" : "Service_Provider",
    "begin" : 310,
    "end" : 318,
    "inCoref" : false
  }, {
    "id" : "s5-m3",
    "properties" : {
      "SIRE_MENTION_ROLE" : "Internet_Connectivity",
      "SIRE_ENTITY_SUBTYPE" : "NONE",
      "SIRE_MENTION_TYPE" : "NONE",
      "SIRE_MENTION_CLASS" : "SPC"
    },
    "type" : "Internet_Connectivity",
    "begin" : 320,
    "end" : 327,
    "inCoref" : false
  }, {
    "id" : "cm2",
    "properties" : {
      "SIRE_MENTION_ROLE" : "Service_Provider",
      "SIRE_ENTITY_SUBTYPE" : "NONE",
      "SIRE_MENTION_TYPE" : "NONE",
      "SIRE_MENTION_CLASS" : "SPC"
    },
    "type" : "Service_Provider",
    "begin" : 382,
    "end" : 390,
    "inCoref" : false
  }, {
    "id" : "s6-m1",
    "properties" : {
      "SIRE_MENTION_ROLE" : "Internet_Connectivity",
      "SIRE_ENTITY_SUBTYPE" : "NONE",
      "SIRE_MENTION_TYPE" : "NONE",
      "SIRE_MENTION_CLASS" : "SPC"
    },
    "type" : "Internet_Connectivity",
    "begin" : 533,
    "end" : 537,
    "inCoref" : false
  }, {
    "id" : "cm3",
    "properties" : {
      "SIRE_MENTION_ROLE" : "Service_Provider",
      "SIRE_ENTITY_SUBTYPE" : "NONE",
      "SIRE_MENTION_TYPE" : "NONE",
      "SIRE_MENTION_CLASS" : "SPC"
    },
    "type" : "Service_Provider",
    "begin" : 644,
    "end" : 652,
    "inCoref" : false
  }, {
    "id" : "cm4",
    "properties" : {
      "SIRE_MENTION_ROLE" : "Service_Provider",
      "SIRE_ENTITY_SUBTYPE" : "NONE",
      "SIRE_MENTION_TYPE" : "NONE",
      "SIRE_MENTION_CLASS" : "SPC"
    },
    "type" : "Service_Provider",
    "begin" : 726,
    "end" : 734,
    "inCoref" : false
  }, {
    "id" : "s19-m1",
    "properties" : {
      "SIRE_MENTION_ROLE" : "Product",
      "SIRE_MENTION_TYPE" : "NONE",
      "SIRE_ENTITY_SUBTYPE" : "NONE",
      "SIRE_MENTION_CLASS" : "SPC"
    },
    "type" : "Product",
    "begin" : 763,
    "end" : 785,
    "inCoref" : false
  }, {
    "id" : "cm5",
    "properties" : {
      "SIRE_MENTION_ROLE" : "Service_Provider",
      "SIRE_ENTITY_SUBTYPE" : "NONE",
      "SIRE_MENTION_TYPE" : "NONE",
      "SIRE_MENTION_CLASS" : "SPC"
    },
    "type" : "Service_Provider",
    "begin" : 815,
    "end" : 823,
    "inCoref" : false
  } ],
  "relations" : [ ],
  "corefs" : [ ],
  "typeResolved" : true,
  "userResolved" : false
}