{
  "id" : "591d9fc0-fedd-11e6-a6f8-37d4ef31c6bc-7",
  "name" : "1913a5d757fd0d054472d3d31e13a159.txt",
  "version" : 3,
  "text" : "Optimus G issues\n\nI'm having issues with my Optimus G. I can not down load or update apps. I get\nan error message (packing file is invalid) Been on phone with technicial\nsupport for 2 days. Tried all the trouble shooting steps. Factory reset, hard\nreset, clearing cash, removong updates etc. Ruby, the technician said after\nall the troubleshooting she can do nothing more.The phone is less than 30 days\nold I paid full retail for it. I know i'm past my 14 day period but, i'm stuck\nwith a phone I can't use. I have no other option but to purchase another phone\nat full retail.. unless I can get some sort of discount... I really need a\nphone today..I knew I should of stayed with iPhone!\n\n",
  "docLength" : 0,
  "language" : "EN",
  "status" : "READY",
  "modifiedDate" : 1488754618795,
  "documentSet" : [ ],
  "preannotation" : [ "PRE_LW" ],
  "sentences" : [ {
    "id" : "s0",
    "begin" : 0,
    "end" : 16,
    "text" : "Optimus G issues",
    "tokens" : [ {
      "id" : "s0-t0",
      "begin" : 0,
      "end" : 7,
      "text" : "Optimus",
      "whiteSpace" : false
    }, {
      "id" : "s0-t1",
      "begin" : 8,
      "end" : 9,
      "text" : "G",
      "whiteSpace" : false
    }, {
      "id" : "s0-t2",
      "begin" : 10,
      "end" : 16,
      "text" : "issues",
      "whiteSpace" : false
    } ]
  }, {
    "id" : "s1",
    "begin" : 18,
    "end" : 90,
    "text" : "I'm having issues with my Optimus G. I can not down load or update apps.",
    "tokens" : [ {
      "id" : "s1-t0",
      "begin" : 18,
      "end" : 19,
      "text" : "I",
      "whiteSpace" : false
    }, {
      "id" : "s1-t1",
      "begin" : 19,
      "end" : 21,
      "text" : "'m",
      "whiteSpace" : false
    }, {
      "id" : "s1-t2",
      "begin" : 22,
      "end" : 28,
      "text" : "having",
      "whiteSpace" : false
    }, {
      "id" : "s1-t3",
      "begin" : 29,
      "end" : 35,
      "text" : "issues",
      "whiteSpace" : false
    }, {
      "id" : "s1-t4",
      "begin" : 36,
      "end" : 40,
      "text" : "with",
      "whiteSpace" : false
    }, {
      "id" : "s1-t5",
      "begin" : 41,
      "end" : 43,
      "text" : "my",
      "whiteSpace" : false
    }, {
      "id" : "s1-t6",
      "begin" : 44,
      "end" : 51,
      "text" : "Optimus",
      "whiteSpace" : false
    }, {
      "id" : "s1-t7",
      "begin" : 52,
      "end" : 54,
      "text" : "G.",
      "whiteSpace" : false
    }, {
      "id" : "s1-t8",
      "begin" : 55,
      "end" : 56,
      "text" : "I",
      "whiteSpace" : false
    }, {
      "id" : "s1-t9",
      "begin" : 57,
      "end" : 60,
      "text" : "can",
      "whiteSpace" : false
    }, {
      "id" : "s1-t10",
      "begin" : 61,
      "end" : 64,
      "text" : "not",
      "whiteSpace" : false
    }, {
      "id" : "s1-t11",
      "begin" : 65,
      "end" : 69,
      "text" : "down",
      "whiteSpace" : false
    }, {
      "id" : "s1-t12",
      "begin" : 70,
      "end" : 74,
      "text" : "load",
      "whiteSpace" : false
    }, {
      "id" : "s1-t13",
      "begin" : 75,
      "end" : 77,
      "text" : "or",
      "whiteSpace" : false
    }, {
      "id" : "s1-t14",
      "begin" : 78,
      "end" : 84,
      "text" : "update",
      "whiteSpace" : false
    }, {
      "id" : "s1-t15",
      "begin" : 85,
      "end" : 89,
      "text" : "apps",
      "whiteSpace" : false
    }, {
      "id" : "s1-t16",
      "begin" : 89,
      "end" : 90,
      "text" : ".",
      "whiteSpace" : false
    } ]
  }, {
    "id" : "s2",
    "begin" : 91,
    "end" : 189,
    "text" : "I get\nan error message (packing file is invalid) Been on phone with technicial\nsupport for 2 days.",
    "tokens" : [ {
      "id" : "s2-t0",
      "begin" : 91,
      "end" : 92,
      "text" : "I",
      "whiteSpace" : false
    }, {
      "id" : "s2-t1",
      "begin" : 93,
      "end" : 96,
      "text" : "get",
      "whiteSpace" : false
    }, {
      "id" : "s2-t2",
      "begin" : 97,
      "end" : 99,
      "text" : "an",
      "whiteSpace" : false
    }, {
      "id" : "s2-t3",
      "begin" : 100,
      "end" : 105,
      "text" : "error",
      "whiteSpace" : false
    }, {
      "id" : "s2-t4",
      "begin" : 106,
      "end" : 113,
      "text" : "message",
      "whiteSpace" : false
    }, {
      "id" : "s2-t5",
      "begin" : 114,
      "end" : 115,
      "text" : "(",
      "whiteSpace" : false
    }, {
      "id" : "s2-t6",
      "begin" : 115,
      "end" : 122,
      "text" : "packing",
      "whiteSpace" : false
    }, {
      "id" : "s2-t7",
      "begin" : 123,
      "end" : 127,
      "text" : "file",
      "whiteSpace" : false
    }, {
      "id" : "s2-t8",
      "begin" : 128,
      "end" : 130,
      "text" : "is",
      "whiteSpace" : false
    }, {
      "id" : "s2-t9",
      "begin" : 131,
      "end" : 138,
      "text" : "invalid",
      "whiteSpace" : false
    }, {
      "id" : "s2-t10",
      "begin" : 138,
      "end" : 139,
      "text" : ")",
      "whiteSpace" : false
    }, {
      "id" : "s2-t11",
      "begin" : 140,
      "end" : 144,
      "text" : "Been",
      "whiteSpace" : false
    }, {
      "id" : "s2-t12",
      "begin" : 145,
      "end" : 147,
      "text" : "on",
      "whiteSpace" : false
    }, {
      "id" : "s2-t13",
      "begin" : 148,
      "end" : 153,
      "text" : "phone",
      "whiteSpace" : false
    }, {
      "id" : "s2-t14",
      "begin" : 154,
      "end" : 158,
      "text" : "with",
      "whiteSpace" : false
    }, {
      "id" : "s2-t15",
      "begin" : 159,
      "end" : 169,
      "text" : "technicial",
      "whiteSpace" : false
    }, {
      "id" : "s2-t16",
      "begin" : 170,
      "end" : 177,
      "text" : "support",
      "whiteSpace" : false
    }, {
      "id" : "s2-t17",
      "begin" : 178,
      "end" : 181,
      "text" : "for",
      "whiteSpace" : false
    }, {
      "id" : "s2-t18",
      "begin" : 182,
      "end" : 183,
      "text" : "2",
      "whiteSpace" : false
    }, {
      "id" : "s2-t19",
      "begin" : 184,
      "end" : 188,
      "text" : "days",
      "whiteSpace" : false
    }, {
      "id" : "s2-t20",
      "begin" : 188,
      "end" : 189,
      "text" : ".",
      "whiteSpace" : false
    } ]
  }, {
    "id" : "s3",
    "begin" : 190,
    "end" : 227,
    "text" : "Tried all the trouble shooting steps.",
    "tokens" : [ {
      "id" : "s3-t0",
      "begin" : 190,
      "end" : 195,
      "text" : "Tried",
      "whiteSpace" : false
    }, {
      "id" : "s3-t1",
      "begin" : 196,
      "end" : 199,
      "text" : "all",
      "whiteSpace" : false
    }, {
      "id" : "s3-t2",
      "begin" : 200,
      "end" : 203,
      "text" : "the",
      "whiteSpace" : false
    }, {
      "id" : "s3-t3",
      "begin" : 204,
      "end" : 211,
      "text" : "trouble",
      "whiteSpace" : false
    }, {
      "id" : "s3-t4",
      "begin" : 212,
      "end" : 220,
      "text" : "shooting",
      "whiteSpace" : false
    }, {
      "id" : "s3-t5",
      "begin" : 221,
      "end" : 226,
      "text" : "steps",
      "whiteSpace" : false
    }, {
      "id" : "s3-t6",
      "begin" : 226,
      "end" : 227,
      "text" : ".",
      "whiteSpace" : false
    } ]
  }, {
    "id" : "s4",
    "begin" : 228,
    "end" : 372,
    "text" : "Factory reset, hard\nreset, clearing cash, removong updates etc. Ruby, the technician said after\nall the troubleshooting she can do nothing more.",
    "tokens" : [ {
      "id" : "s4-t0",
      "begin" : 228,
      "end" : 235,
      "text" : "Factory",
      "whiteSpace" : false
    }, {
      "id" : "s4-t1",
      "begin" : 236,
      "end" : 241,
      "text" : "reset",
      "whiteSpace" : false
    }, {
      "id" : "s4-t2",
      "begin" : 241,
      "end" : 242,
      "text" : ",",
      "whiteSpace" : false
    }, {
      "id" : "s4-t3",
      "begin" : 243,
      "end" : 247,
      "text" : "hard",
      "whiteSpace" : false
    }, {
      "id" : "s4-t4",
      "begin" : 248,
      "end" : 253,
      "text" : "reset",
      "whiteSpace" : false
    }, {
      "id" : "s4-t5",
      "begin" : 253,
      "end" : 254,
      "text" : ",",
      "whiteSpace" : false
    }, {
      "id" : "s4-t6",
      "begin" : 255,
      "end" : 263,
      "text" : "clearing",
      "whiteSpace" : false
    }, {
      "id" : "s4-t7",
      "begin" : 264,
      "end" : 268,
      "text" : "cash",
      "whiteSpace" : false
    }, {
      "id" : "s4-t8",
      "begin" : 268,
      "end" : 269,
      "text" : ",",
      "whiteSpace" : false
    }, {
      "id" : "s4-t9",
      "begin" : 270,
      "end" : 278,
      "text" : "removong",
      "whiteSpace" : false
    }, {
      "id" : "s4-t10",
      "begin" : 279,
      "end" : 286,
      "text" : "updates",
      "whiteSpace" : false
    }, {
      "id" : "s4-t11",
      "begin" : 287,
      "end" : 291,
      "text" : "etc.",
      "whiteSpace" : false
    }, {
      "id" : "s4-t12",
      "begin" : 292,
      "end" : 296,
      "text" : "Ruby",
      "whiteSpace" : false
    }, {
      "id" : "s4-t13",
      "begin" : 296,
      "end" : 297,
      "text" : ",",
      "whiteSpace" : false
    }, {
      "id" : "s4-t14",
      "begin" : 298,
      "end" : 301,
      "text" : "the",
      "whiteSpace" : false
    }, {
      "id" : "s4-t15",
      "begin" : 302,
      "end" : 312,
      "text" : "technician",
      "whiteSpace" : false
    }, {
      "id" : "s4-t16",
      "begin" : 313,
      "end" : 317,
      "text" : "said",
      "whiteSpace" : false
    }, {
      "id" : "s4-t17",
      "begin" : 318,
      "end" : 323,
      "text" : "after",
      "whiteSpace" : false
    }, {
      "id" : "s4-t18",
      "begin" : 324,
      "end" : 327,
      "text" : "all",
      "whiteSpace" : false
    }, {
      "id" : "s4-t19",
      "begin" : 328,
      "end" : 331,
      "text" : "the",
      "whiteSpace" : false
    }, {
      "id" : "s4-t20",
      "begin" : 332,
      "end" : 347,
      "text" : "troubleshooting",
      "whiteSpace" : false
    }, {
      "id" : "s4-t21",
      "begin" : 348,
      "end" : 351,
      "text" : "she",
      "whiteSpace" : false
    }, {
      "id" : "s4-t22",
      "begin" : 352,
      "end" : 355,
      "text" : "can",
      "whiteSpace" : false
    }, {
      "id" : "s4-t23",
      "begin" : 356,
      "end" : 358,
      "text" : "do",
      "whiteSpace" : false
    }, {
      "id" : "s4-t24",
      "begin" : 359,
      "end" : 366,
      "text" : "nothing",
      "whiteSpace" : false
    }, {
      "id" : "s4-t25",
      "begin" : 367,
      "end" : 371,
      "text" : "more",
      "whiteSpace" : false
    }, {
      "id" : "s4-t26",
      "begin" : 371,
      "end" : 372,
      "text" : ".",
      "whiteSpace" : false
    } ]
  }, {
    "id" : "s5",
    "begin" : 372,
    "end" : 433,
    "text" : "The phone is less than 30 days\nold I paid full retail for it.",
    "tokens" : [ {
      "id" : "s5-t0",
      "begin" : 372,
      "end" : 375,
      "text" : "The",
      "whiteSpace" : false
    }, {
      "id" : "s5-t1",
      "begin" : 376,
      "end" : 381,
      "text" : "phone",
      "whiteSpace" : false
    }, {
      "id" : "s5-t2",
      "begin" : 382,
      "end" : 384,
      "text" : "is",
      "whiteSpace" : false
    }, {
      "id" : "s5-t3",
      "begin" : 385,
      "end" : 389,
      "text" : "less",
      "whiteSpace" : false
    }, {
      "id" : "s5-t4",
      "begin" : 390,
      "end" : 394,
      "text" : "than",
      "whiteSpace" : false
    }, {
      "id" : "s5-t5",
      "begin" : 395,
      "end" : 397,
      "text" : "30",
      "whiteSpace" : false
    }, {
      "id" : "s5-t6",
      "begin" : 398,
      "end" : 402,
      "text" : "days",
      "whiteSpace" : false
    }, {
      "id" : "s5-t7",
      "begin" : 403,
      "end" : 406,
      "text" : "old",
      "whiteSpace" : false
    }, {
      "id" : "s5-t8",
      "begin" : 407,
      "end" : 408,
      "text" : "I",
      "whiteSpace" : false
    }, {
      "id" : "s5-t9",
      "begin" : 409,
      "end" : 413,
      "text" : "paid",
      "whiteSpace" : false
    }, {
      "id" : "s5-t10",
      "begin" : 414,
      "end" : 418,
      "text" : "full",
      "whiteSpace" : false
    }, {
      "id" : "s5-t11",
      "begin" : 419,
      "end" : 425,
      "text" : "retail",
      "whiteSpace" : false
    }, {
      "id" : "s5-t12",
      "begin" : 426,
      "end" : 429,
      "text" : "for",
      "whiteSpace" : false
    }, {
      "id" : "s5-t13",
      "begin" : 430,
      "end" : 432,
      "text" : "it",
      "whiteSpace" : false
    }, {
      "id" : "s5-t14",
      "begin" : 432,
      "end" : 433,
      "text" : ".",
      "whiteSpace" : false
    } ]
  }, {
    "id" : "s6",
    "begin" : 434,
    "end" : 507,
    "text" : "I know i'm past my 14 day period but, i'm stuck\nwith a phone I can't use.",
    "tokens" : [ {
      "id" : "s6-t0",
      "begin" : 434,
      "end" : 435,
      "text" : "I",
      "whiteSpace" : false
    }, {
      "id" : "s6-t1",
      "begin" : 436,
      "end" : 440,
      "text" : "know",
      "whiteSpace" : false
    }, {
      "id" : "s6-t2",
      "begin" : 441,
      "end" : 442,
      "text" : "i",
      "whiteSpace" : false
    }, {
      "id" : "s6-t3",
      "begin" : 442,
      "end" : 444,
      "text" : "'m",
      "whiteSpace" : false
    }, {
      "id" : "s6-t4",
      "begin" : 445,
      "end" : 449,
      "text" : "past",
      "whiteSpace" : false
    }, {
      "id" : "s6-t5",
      "begin" : 450,
      "end" : 452,
      "text" : "my",
      "whiteSpace" : false
    }, {
      "id" : "s6-t6",
      "begin" : 453,
      "end" : 455,
      "text" : "14",
      "whiteSpace" : false
    }, {
      "id" : "s6-t7",
      "begin" : 456,
      "end" : 459,
      "text" : "day",
      "whiteSpace" : false
    }, {
      "id" : "s6-t8",
      "begin" : 460,
      "end" : 466,
      "text" : "period",
      "whiteSpace" : false
    }, {
      "id" : "s6-t9",
      "begin" : 467,
      "end" : 470,
      "text" : "but",
      "whiteSpace" : false
    }, {
      "id" : "s6-t10",
      "begin" : 470,
      "end" : 471,
      "text" : ",",
      "whiteSpace" : false
    }, {
      "id" : "s6-t11",
      "begin" : 472,
      "end" : 473,
      "text" : "i",
      "whiteSpace" : false
    }, {
      "id" : "s6-t12",
      "begin" : 473,
      "end" : 475,
      "text" : "'m",
      "whiteSpace" : false
    }, {
      "id" : "s6-t13",
      "begin" : 476,
      "end" : 481,
      "text" : "stuck",
      "whiteSpace" : false
    }, {
      "id" : "s6-t14",
      "begin" : 482,
      "end" : 486,
      "text" : "with",
      "whiteSpace" : false
    }, {
      "id" : "s6-t15",
      "begin" : 487,
      "end" : 488,
      "text" : "a",
      "whiteSpace" : false
    }, {
      "id" : "s6-t16",
      "begin" : 489,
      "end" : 494,
      "text" : "phone",
      "whiteSpace" : false
    }, {
      "id" : "s6-t17",
      "begin" : 495,
      "end" : 496,
      "text" : "I",
      "whiteSpace" : false
    }, {
      "id" : "s6-t18",
      "begin" : 497,
      "end" : 499,
      "text" : "ca",
      "whiteSpace" : false
    }, {
      "id" : "s6-t19",
      "begin" : 499,
      "end" : 502,
      "text" : "n't",
      "whiteSpace" : false
    }, {
      "id" : "s6-t20",
      "begin" : 503,
      "end" : 506,
      "text" : "use",
      "whiteSpace" : false
    }, {
      "id" : "s6-t21",
      "begin" : 506,
      "end" : 507,
      "text" : ".",
      "whiteSpace" : false
    } ]
  }, {
    "id" : "s7",
    "begin" : 508,
    "end" : 687,
    "text" : "I have no other option but to purchase another phone\nat full retail.. unless I can get some sort of discount... I really need a\nphone today..I knew I should of stayed with iPhone!",
    "tokens" : [ {
      "id" : "s7-t0",
      "begin" : 508,
      "end" : 509,
      "text" : "I",
      "whiteSpace" : false
    }, {
      "id" : "s7-t1",
      "begin" : 510,
      "end" : 514,
      "text" : "have",
      "whiteSpace" : false
    }, {
      "id" : "s7-t2",
      "begin" : 515,
      "end" : 517,
      "text" : "no",
      "whiteSpace" : false
    }, {
      "id" : "s7-t3",
      "begin" : 518,
      "end" : 523,
      "text" : "other",
      "whiteSpace" : false
    }, {
      "id" : "s7-t4",
      "begin" : 524,
      "end" : 530,
      "text" : "option",
      "whiteSpace" : false
    }, {
      "id" : "s7-t5",
      "begin" : 531,
      "end" : 534,
      "text" : "but",
      "whiteSpace" : false
    }, {
      "id" : "s7-t6",
      "begin" : 535,
      "end" : 537,
      "text" : "to",
      "whiteSpace" : false
    }, {
      "id" : "s7-t7",
      "begin" : 538,
      "end" : 546,
      "text" : "purchase",
      "whiteSpace" : false
    }, {
      "id" : "s7-t8",
      "begin" : 547,
      "end" : 554,
      "text" : "another",
      "whiteSpace" : false
    }, {
      "id" : "s7-t9",
      "begin" : 555,
      "end" : 560,
      "text" : "phone",
      "whiteSpace" : false
    }, {
      "id" : "s7-t10",
      "begin" : 561,
      "end" : 563,
      "text" : "at",
      "whiteSpace" : false
    }, {
      "id" : "s7-t11",
      "begin" : 564,
      "end" : 568,
      "text" : "full",
      "whiteSpace" : false
    }, {
      "id" : "s7-t12",
      "begin" : 569,
      "end" : 575,
      "text" : "retail",
      "whiteSpace" : false
    }, {
      "id" : "s7-t13",
      "begin" : 575,
      "end" : 577,
      "text" : "..",
      "whiteSpace" : false
    }, {
      "id" : "s7-t14",
      "begin" : 578,
      "end" : 584,
      "text" : "unless",
      "whiteSpace" : false
    }, {
      "id" : "s7-t15",
      "begin" : 585,
      "end" : 586,
      "text" : "I",
      "whiteSpace" : false
    }, {
      "id" : "s7-t16",
      "begin" : 587,
      "end" : 590,
      "text" : "can",
      "whiteSpace" : false
    }, {
      "id" : "s7-t17",
      "begin" : 591,
      "end" : 594,
      "text" : "get",
      "whiteSpace" : false
    }, {
      "id" : "s7-t18",
      "begin" : 595,
      "end" : 599,
      "text" : "some",
      "whiteSpace" : false
    }, {
      "id" : "s7-t19",
      "begin" : 600,
      "end" : 604,
      "text" : "sort",
      "whiteSpace" : false
    }, {
      "id" : "s7-t20",
      "begin" : 605,
      "end" : 607,
      "text" : "of",
      "whiteSpace" : false
    }, {
      "id" : "s7-t21",
      "begin" : 608,
      "end" : 616,
      "text" : "discount",
      "whiteSpace" : false
    }, {
      "id" : "s7-t22",
      "begin" : 616,
      "end" : 619,
      "text" : "...",
      "whiteSpace" : false
    }, {
      "id" : "s7-t23",
      "begin" : 620,
      "end" : 621,
      "text" : "I",
      "whiteSpace" : false
    }, {
      "id" : "s7-t24",
      "begin" : 622,
      "end" : 628,
      "text" : "really",
      "whiteSpace" : false
    }, {
      "id" : "s7-t25",
      "begin" : 629,
      "end" : 633,
      "text" : "need",
      "whiteSpace" : false
    }, {
      "id" : "s7-t26",
      "begin" : 634,
      "end" : 635,
      "text" : "a",
      "whiteSpace" : false
    }, {
      "id" : "s7-t27",
      "begin" : 636,
      "end" : 641,
      "text" : "phone",
      "whiteSpace" : false
    }, {
      "id" : "s7-t28",
      "begin" : 642,
      "end" : 647,
      "text" : "today",
      "whiteSpace" : false
    }, {
      "id" : "s7-t29",
      "begin" : 647,
      "end" : 649,
      "text" : "..",
      "whiteSpace" : false
    }, {
      "id" : "s7-t30",
      "begin" : 649,
      "end" : 650,
      "text" : "I",
      "whiteSpace" : false
    }, {
      "id" : "s7-t31",
      "begin" : 651,
      "end" : 655,
      "text" : "knew",
      "whiteSpace" : false
    }, {
      "id" : "s7-t32",
      "begin" : 656,
      "end" : 657,
      "text" : "I",
      "whiteSpace" : false
    }, {
      "id" : "s7-t33",
      "begin" : 658,
      "end" : 664,
      "text" : "should",
      "whiteSpace" : false
    }, {
      "id" : "s7-t34",
      "begin" : 665,
      "end" : 667,
      "text" : "of",
      "whiteSpace" : false
    }, {
      "id" : "s7-t35",
      "begin" : 668,
      "end" : 674,
      "text" : "stayed",
      "whiteSpace" : false
    }, {
      "id" : "s7-t36",
      "begin" : 675,
      "end" : 679,
      "text" : "with",
      "whiteSpace" : false
    }, {
      "id" : "s7-t37",
      "begin" : 680,
      "end" : 686,
      "text" : "iPhone",
      "whiteSpace" : false
    }, {
      "id" : "s7-t38",
      "begin" : 686,
      "end" : 687,
      "text" : "!",
      "whiteSpace" : false
    } ]
  } ],
  "mentions" : [ {
    "id" : "cm1",
    "properties" : {
      "SIRE_MENTION_ROLE" : "Product",
      "SIRE_ENTITY_SUBTYPE" : "NONE",
      "SIRE_MENTION_TYPE" : "NONE",
      "SIRE_MENTION_CLASS" : "SPC"
    },
    "type" : "Product",
    "begin" : 0,
    "end" : 9,
    "inCoref" : false
  }, {
    "id" : "cm2",
    "properties" : {
      "SIRE_MENTION_ROLE" : "Product",
      "SIRE_ENTITY_SUBTYPE" : "NONE",
      "SIRE_MENTION_TYPE" : "NONE",
      "SIRE_MENTION_CLASS" : "SPC"
    },
    "type" : "Product",
    "begin" : 44,
    "end" : 53,
    "inCoref" : false
  }, {
    "id" : "s1-m2",
    "properties" : {
      "SIRE_MENTION_ROLE" : "Application",
      "SIRE_ENTITY_SUBTYPE" : "NONE",
      "SIRE_MENTION_TYPE" : "NONE",
      "SIRE_MENTION_CLASS" : "SPC"
    },
    "type" : "Application",
    "begin" : 85,
    "end" : 89,
    "inCoref" : false
  } ],
  "relations" : [ ],
  "corefs" : [ ],
  "typeResolved" : true,
  "userResolved" : false
}