{
  "id" : "591d9fc0-fedd-11e6-a6f8-37d4ef31c6bc-2",
  "name" : "14cd4942bf564de43e0035e905f5338c.txt",
  "version" : 3,
  "text" : "Phone sending duplicate texts through S Voice and DriveMode?\n\nI got my first smartphone a few days ago, the Galaxy S7, and everything has\nbeen running smoothly, except for one thing - when I use S Voice to text\npeople or when DriveMode is active and sends out my stock reply, they send\ntwice. When I send regular texts, this does not happen; only when I send voice\ntexts or DriveMode sends out my auto reply message. How can I fix this?\n\n",
  "docLength" : 0,
  "language" : "EN",
  "status" : "READY",
  "modifiedDate" : 1488754571859,
  "documentSet" : [ ],
  "preannotation" : [ "PRE_LW" ],
  "sentences" : [ {
    "id" : "s0",
    "begin" : 0,
    "end" : 60,
    "text" : "Phone sending duplicate texts through S Voice and DriveMode?",
    "tokens" : [ {
      "id" : "s0-t0",
      "begin" : 0,
      "end" : 5,
      "text" : "Phone",
      "whiteSpace" : false
    }, {
      "id" : "s0-t1",
      "begin" : 6,
      "end" : 13,
      "text" : "sending",
      "whiteSpace" : false
    }, {
      "id" : "s0-t2",
      "begin" : 14,
      "end" : 23,
      "text" : "duplicate",
      "whiteSpace" : false
    }, {
      "id" : "s0-t3",
      "begin" : 24,
      "end" : 29,
      "text" : "texts",
      "whiteSpace" : false
    }, {
      "id" : "s0-t4",
      "begin" : 30,
      "end" : 37,
      "text" : "through",
      "whiteSpace" : false
    }, {
      "id" : "s0-t5",
      "begin" : 38,
      "end" : 39,
      "text" : "S",
      "whiteSpace" : false
    }, {
      "id" : "s0-t6",
      "begin" : 40,
      "end" : 45,
      "text" : "Voice",
      "whiteSpace" : false
    }, {
      "id" : "s0-t7",
      "begin" : 46,
      "end" : 49,
      "text" : "and",
      "whiteSpace" : false
    }, {
      "id" : "s0-t8",
      "begin" : 50,
      "end" : 59,
      "text" : "DriveMode",
      "whiteSpace" : false
    }, {
      "id" : "s0-t9",
      "begin" : 59,
      "end" : 60,
      "text" : "?",
      "whiteSpace" : false
    } ]
  }, {
    "id" : "s1",
    "begin" : 62,
    "end" : 292,
    "text" : "I got my first smartphone a few days ago, the Galaxy S7, and everything has\nbeen running smoothly, except for one thing - when I use S Voice to text\npeople or when DriveMode is active and sends out my stock reply, they send\ntwice.",
    "tokens" : [ {
      "id" : "s1-t0",
      "begin" : 62,
      "end" : 63,
      "text" : "I",
      "whiteSpace" : false
    }, {
      "id" : "s1-t1",
      "begin" : 64,
      "end" : 67,
      "text" : "got",
      "whiteSpace" : false
    }, {
      "id" : "s1-t2",
      "begin" : 68,
      "end" : 70,
      "text" : "my",
      "whiteSpace" : false
    }, {
      "id" : "s1-t3",
      "begin" : 71,
      "end" : 76,
      "text" : "first",
      "whiteSpace" : false
    }, {
      "id" : "s1-t4",
      "begin" : 77,
      "end" : 87,
      "text" : "smartphone",
      "whiteSpace" : false
    }, {
      "id" : "s1-t5",
      "begin" : 88,
      "end" : 89,
      "text" : "a",
      "whiteSpace" : false
    }, {
      "id" : "s1-t6",
      "begin" : 90,
      "end" : 93,
      "text" : "few",
      "whiteSpace" : false
    }, {
      "id" : "s1-t7",
      "begin" : 94,
      "end" : 98,
      "text" : "days",
      "whiteSpace" : false
    }, {
      "id" : "s1-t8",
      "begin" : 99,
      "end" : 102,
      "text" : "ago",
      "whiteSpace" : false
    }, {
      "id" : "s1-t9",
      "begin" : 102,
      "end" : 103,
      "text" : ",",
      "whiteSpace" : false
    }, {
      "id" : "s1-t10",
      "begin" : 104,
      "end" : 107,
      "text" : "the",
      "whiteSpace" : false
    }, {
      "id" : "s1-t11",
      "begin" : 108,
      "end" : 114,
      "text" : "Galaxy",
      "whiteSpace" : false
    }, {
      "id" : "s1-t12",
      "begin" : 115,
      "end" : 117,
      "text" : "S7",
      "whiteSpace" : false
    }, {
      "id" : "s1-t13",
      "begin" : 117,
      "end" : 118,
      "text" : ",",
      "whiteSpace" : false
    }, {
      "id" : "s1-t14",
      "begin" : 119,
      "end" : 122,
      "text" : "and",
      "whiteSpace" : false
    }, {
      "id" : "s1-t15",
      "begin" : 123,
      "end" : 133,
      "text" : "everything",
      "whiteSpace" : false
    }, {
      "id" : "s1-t16",
      "begin" : 134,
      "end" : 137,
      "text" : "has",
      "whiteSpace" : false
    }, {
      "id" : "s1-t17",
      "begin" : 138,
      "end" : 142,
      "text" : "been",
      "whiteSpace" : false
    }, {
      "id" : "s1-t18",
      "begin" : 143,
      "end" : 150,
      "text" : "running",
      "whiteSpace" : false
    }, {
      "id" : "s1-t19",
      "begin" : 151,
      "end" : 159,
      "text" : "smoothly",
      "whiteSpace" : false
    }, {
      "id" : "s1-t20",
      "begin" : 159,
      "end" : 160,
      "text" : ",",
      "whiteSpace" : false
    }, {
      "id" : "s1-t21",
      "begin" : 161,
      "end" : 167,
      "text" : "except",
      "whiteSpace" : false
    }, {
      "id" : "s1-t22",
      "begin" : 168,
      "end" : 171,
      "text" : "for",
      "whiteSpace" : false
    }, {
      "id" : "s1-t23",
      "begin" : 172,
      "end" : 175,
      "text" : "one",
      "whiteSpace" : false
    }, {
      "id" : "s1-t24",
      "begin" : 176,
      "end" : 181,
      "text" : "thing",
      "whiteSpace" : false
    }, {
      "id" : "s1-t25",
      "begin" : 182,
      "end" : 183,
      "text" : "-",
      "whiteSpace" : false
    }, {
      "id" : "s1-t26",
      "begin" : 184,
      "end" : 188,
      "text" : "when",
      "whiteSpace" : false
    }, {
      "id" : "s1-t27",
      "begin" : 189,
      "end" : 190,
      "text" : "I",
      "whiteSpace" : false
    }, {
      "id" : "s1-t28",
      "begin" : 191,
      "end" : 194,
      "text" : "use",
      "whiteSpace" : false
    }, {
      "id" : "s1-t29",
      "begin" : 195,
      "end" : 196,
      "text" : "S",
      "whiteSpace" : false
    }, {
      "id" : "s1-t30",
      "begin" : 197,
      "end" : 202,
      "text" : "Voice",
      "whiteSpace" : false
    }, {
      "id" : "s1-t31",
      "begin" : 203,
      "end" : 205,
      "text" : "to",
      "whiteSpace" : false
    }, {
      "id" : "s1-t32",
      "begin" : 206,
      "end" : 210,
      "text" : "text",
      "whiteSpace" : false
    }, {
      "id" : "s1-t33",
      "begin" : 211,
      "end" : 217,
      "text" : "people",
      "whiteSpace" : false
    }, {
      "id" : "s1-t34",
      "begin" : 218,
      "end" : 220,
      "text" : "or",
      "whiteSpace" : false
    }, {
      "id" : "s1-t35",
      "begin" : 221,
      "end" : 225,
      "text" : "when",
      "whiteSpace" : false
    }, {
      "id" : "s1-t36",
      "begin" : 226,
      "end" : 235,
      "text" : "DriveMode",
      "whiteSpace" : false
    }, {
      "id" : "s1-t37",
      "begin" : 236,
      "end" : 238,
      "text" : "is",
      "whiteSpace" : false
    }, {
      "id" : "s1-t38",
      "begin" : 239,
      "end" : 245,
      "text" : "active",
      "whiteSpace" : false
    }, {
      "id" : "s1-t39",
      "begin" : 246,
      "end" : 249,
      "text" : "and",
      "whiteSpace" : false
    }, {
      "id" : "s1-t40",
      "begin" : 250,
      "end" : 255,
      "text" : "sends",
      "whiteSpace" : false
    }, {
      "id" : "s1-t41",
      "begin" : 256,
      "end" : 259,
      "text" : "out",
      "whiteSpace" : false
    }, {
      "id" : "s1-t42",
      "begin" : 260,
      "end" : 262,
      "text" : "my",
      "whiteSpace" : false
    }, {
      "id" : "s1-t43",
      "begin" : 263,
      "end" : 268,
      "text" : "stock",
      "whiteSpace" : false
    }, {
      "id" : "s1-t44",
      "begin" : 269,
      "end" : 274,
      "text" : "reply",
      "whiteSpace" : false
    }, {
      "id" : "s1-t45",
      "begin" : 274,
      "end" : 275,
      "text" : ",",
      "whiteSpace" : false
    }, {
      "id" : "s1-t46",
      "begin" : 276,
      "end" : 280,
      "text" : "they",
      "whiteSpace" : false
    }, {
      "id" : "s1-t47",
      "begin" : 281,
      "end" : 285,
      "text" : "send",
      "whiteSpace" : false
    }, {
      "id" : "s1-t48",
      "begin" : 286,
      "end" : 291,
      "text" : "twice",
      "whiteSpace" : false
    }, {
      "id" : "s1-t49",
      "begin" : 291,
      "end" : 292,
      "text" : ".",
      "whiteSpace" : false
    } ]
  }, {
    "id" : "s2",
    "begin" : 293,
    "end" : 416,
    "text" : "When I send regular texts, this does not happen; only when I send voice\ntexts or DriveMode sends out my auto reply message.",
    "tokens" : [ {
      "id" : "s2-t0",
      "begin" : 293,
      "end" : 297,
      "text" : "When",
      "whiteSpace" : false
    }, {
      "id" : "s2-t1",
      "begin" : 298,
      "end" : 299,
      "text" : "I",
      "whiteSpace" : false
    }, {
      "id" : "s2-t2",
      "begin" : 300,
      "end" : 304,
      "text" : "send",
      "whiteSpace" : false
    }, {
      "id" : "s2-t3",
      "begin" : 305,
      "end" : 312,
      "text" : "regular",
      "whiteSpace" : false
    }, {
      "id" : "s2-t4",
      "begin" : 313,
      "end" : 318,
      "text" : "texts",
      "whiteSpace" : false
    }, {
      "id" : "s2-t5",
      "begin" : 318,
      "end" : 319,
      "text" : ",",
      "whiteSpace" : false
    }, {
      "id" : "s2-t6",
      "begin" : 320,
      "end" : 324,
      "text" : "this",
      "whiteSpace" : false
    }, {
      "id" : "s2-t7",
      "begin" : 325,
      "end" : 329,
      "text" : "does",
      "whiteSpace" : false
    }, {
      "id" : "s2-t8",
      "begin" : 330,
      "end" : 333,
      "text" : "not",
      "whiteSpace" : false
    }, {
      "id" : "s2-t9",
      "begin" : 334,
      "end" : 340,
      "text" : "happen",
      "whiteSpace" : false
    }, {
      "id" : "s2-t10",
      "begin" : 340,
      "end" : 341,
      "text" : ";",
      "whiteSpace" : false
    }, {
      "id" : "s2-t11",
      "begin" : 342,
      "end" : 346,
      "text" : "only",
      "whiteSpace" : false
    }, {
      "id" : "s2-t12",
      "begin" : 347,
      "end" : 351,
      "text" : "when",
      "whiteSpace" : false
    }, {
      "id" : "s2-t13",
      "begin" : 352,
      "end" : 353,
      "text" : "I",
      "whiteSpace" : false
    }, {
      "id" : "s2-t14",
      "begin" : 354,
      "end" : 358,
      "text" : "send",
      "whiteSpace" : false
    }, {
      "id" : "s2-t15",
      "begin" : 359,
      "end" : 364,
      "text" : "voice",
      "whiteSpace" : false
    }, {
      "id" : "s2-t16",
      "begin" : 365,
      "end" : 370,
      "text" : "texts",
      "whiteSpace" : false
    }, {
      "id" : "s2-t17",
      "begin" : 371,
      "end" : 373,
      "text" : "or",
      "whiteSpace" : false
    }, {
      "id" : "s2-t18",
      "begin" : 374,
      "end" : 383,
      "text" : "DriveMode",
      "whiteSpace" : false
    }, {
      "id" : "s2-t19",
      "begin" : 384,
      "end" : 389,
      "text" : "sends",
      "whiteSpace" : false
    }, {
      "id" : "s2-t20",
      "begin" : 390,
      "end" : 393,
      "text" : "out",
      "whiteSpace" : false
    }, {
      "id" : "s2-t21",
      "begin" : 394,
      "end" : 396,
      "text" : "my",
      "whiteSpace" : false
    }, {
      "id" : "s2-t22",
      "begin" : 397,
      "end" : 401,
      "text" : "auto",
      "whiteSpace" : false
    }, {
      "id" : "s2-t23",
      "begin" : 402,
      "end" : 407,
      "text" : "reply",
      "whiteSpace" : false
    }, {
      "id" : "s2-t24",
      "begin" : 408,
      "end" : 415,
      "text" : "message",
      "whiteSpace" : false
    }, {
      "id" : "s2-t25",
      "begin" : 415,
      "end" : 416,
      "text" : ".",
      "whiteSpace" : false
    } ]
  }, {
    "id" : "s3",
    "begin" : 417,
    "end" : 436,
    "text" : "How can I fix this?",
    "tokens" : [ {
      "id" : "s3-t0",
      "begin" : 417,
      "end" : 420,
      "text" : "How",
      "whiteSpace" : false
    }, {
      "id" : "s3-t1",
      "begin" : 421,
      "end" : 424,
      "text" : "can",
      "whiteSpace" : false
    }, {
      "id" : "s3-t2",
      "begin" : 425,
      "end" : 426,
      "text" : "I",
      "whiteSpace" : false
    }, {
      "id" : "s3-t3",
      "begin" : 427,
      "end" : 430,
      "text" : "fix",
      "whiteSpace" : false
    }, {
      "id" : "s3-t4",
      "begin" : 431,
      "end" : 435,
      "text" : "this",
      "whiteSpace" : false
    }, {
      "id" : "s3-t5",
      "begin" : 435,
      "end" : 436,
      "text" : "?",
      "whiteSpace" : false
    } ]
  } ],
  "mentions" : [ {
    "id" : "s0-m3",
    "properties" : {
      "SIRE_MENTION_ROLE" : "Voice_Text",
      "SIRE_ENTITY_SUBTYPE" : "NONE",
      "SIRE_MENTION_TYPE" : "NONE",
      "SIRE_MENTION_CLASS" : "SPC"
    },
    "type" : "Voice_Text",
    "begin" : 24,
    "end" : 29,
    "inCoref" : false
  }, {
    "id" : "cm1",
    "properties" : {
      "SIRE_MENTION_ROLE" : "Application",
      "SIRE_ENTITY_SUBTYPE" : "NONE",
      "SIRE_MENTION_TYPE" : "NONE",
      "SIRE_MENTION_CLASS" : "SPC"
    },
    "type" : "Application",
    "begin" : 38,
    "end" : 45,
    "inCoref" : false
  }, {
    "id" : "cm3",
    "properties" : {
      "SIRE_MENTION_ROLE" : "Application",
      "SIRE_ENTITY_SUBTYPE" : "NONE",
      "SIRE_MENTION_TYPE" : "NONE",
      "SIRE_MENTION_CLASS" : "SPC"
    },
    "type" : "Application",
    "begin" : 50,
    "end" : 59,
    "inCoref" : false
  }, {
    "id" : "s1-m0",
    "properties" : {
      "SIRE_MENTION_ROLE" : "Product",
      "SIRE_MENTION_TYPE" : "NONE",
      "SIRE_ENTITY_SUBTYPE" : "NONE",
      "SIRE_MENTION_CLASS" : "SPC"
    },
    "type" : "Product",
    "begin" : 108,
    "end" : 117,
    "inCoref" : false
  }, {
    "id" : "cm2",
    "properties" : {
      "SIRE_MENTION_ROLE" : "Application",
      "SIRE_ENTITY_SUBTYPE" : "NONE",
      "SIRE_MENTION_TYPE" : "NONE",
      "SIRE_MENTION_CLASS" : "SPC"
    },
    "type" : "Application",
    "begin" : 195,
    "end" : 202,
    "inCoref" : false
  }, {
    "id" : "s1-m4",
    "properties" : {
      "SIRE_MENTION_ROLE" : "Voice_Text",
      "SIRE_ENTITY_SUBTYPE" : "NONE",
      "SIRE_MENTION_TYPE" : "NONE",
      "SIRE_MENTION_CLASS" : "SPC"
    },
    "type" : "Voice_Text",
    "begin" : 206,
    "end" : 210,
    "inCoref" : false
  }, {
    "id" : "cm4",
    "properties" : {
      "SIRE_MENTION_ROLE" : "Application",
      "SIRE_ENTITY_SUBTYPE" : "NONE",
      "SIRE_MENTION_TYPE" : "NONE",
      "SIRE_MENTION_CLASS" : "SPC"
    },
    "type" : "Application",
    "begin" : 226,
    "end" : 235,
    "inCoref" : false
  }, {
    "id" : "s2-m2",
    "properties" : {
      "SIRE_MENTION_ROLE" : "Voice_Text",
      "SIRE_ENTITY_SUBTYPE" : "NONE",
      "SIRE_MENTION_TYPE" : "NONE",
      "SIRE_MENTION_CLASS" : "SPC"
    },
    "type" : "Voice_Text",
    "begin" : 313,
    "end" : 318,
    "inCoref" : false
  }, {
    "id" : "s2-m3",
    "properties" : {
      "SIRE_MENTION_ROLE" : "Voice_Text",
      "SIRE_ENTITY_SUBTYPE" : "NONE",
      "SIRE_MENTION_TYPE" : "NONE",
      "SIRE_MENTION_CLASS" : "SPC"
    },
    "type" : "Voice_Text",
    "begin" : 359,
    "end" : 370,
    "inCoref" : false
  }, {
    "id" : "cm5",
    "properties" : {
      "SIRE_MENTION_ROLE" : "Application",
      "SIRE_ENTITY_SUBTYPE" : "NONE",
      "SIRE_MENTION_TYPE" : "NONE",
      "SIRE_MENTION_CLASS" : "SPC"
    },
    "type" : "Application",
    "begin" : 374,
    "end" : 383,
    "inCoref" : false
  }, {
    "id" : "s2-m4",
    "properties" : {
      "SIRE_MENTION_ROLE" : "Voice_Text",
      "SIRE_ENTITY_SUBTYPE" : "NONE",
      "SIRE_MENTION_TYPE" : "NONE",
      "SIRE_MENTION_CLASS" : "SPC"
    },
    "type" : "Voice_Text",
    "begin" : 408,
    "end" : 415,
    "inCoref" : false
  } ],
  "relations" : [ ],
  "corefs" : [ ],
  "typeResolved" : true,
  "userResolved" : false
}