{
  "id" : "591d9fc0-fedd-11e6-a6f8-37d4ef31c6bc-1",
  "name" : "14cd4942bf564de43e0035e905f48ec5.txt",
  "version" : 3,
  "text" : "HTC One - Patch for Android Master Key Vulnerability\n\nI'm getting concerned that I wont receive a patch for the Master Key\nVulnerability in Android.I have an HTC One. Google published a fix for this\nissue, and now it is in HTC's hands to release a patch, that ultimately\nAT&amp;T; has to certify and release.Can anyone give us some idea about the\nprogress on getting this problem fixed?Thanks.\n\n",
  "docLength" : 0,
  "language" : "EN",
  "status" : "READY",
  "modifiedDate" : 1488754556074,
  "documentSet" : [ ],
  "preannotation" : [ "PRE_LW" ],
  "sentences" : [ {
    "id" : "s0",
    "begin" : 0,
    "end" : 52,
    "text" : "HTC One - Patch for Android Master Key Vulnerability",
    "tokens" : [ {
      "id" : "s0-t0",
      "begin" : 0,
      "end" : 3,
      "text" : "HTC",
      "whiteSpace" : false
    }, {
      "id" : "s0-t1",
      "begin" : 4,
      "end" : 7,
      "text" : "One",
      "whiteSpace" : false
    }, {
      "id" : "s0-t2",
      "begin" : 8,
      "end" : 9,
      "text" : "-",
      "whiteSpace" : false
    }, {
      "id" : "s0-t3",
      "begin" : 10,
      "end" : 15,
      "text" : "Patch",
      "whiteSpace" : false
    }, {
      "id" : "s0-t4",
      "begin" : 16,
      "end" : 19,
      "text" : "for",
      "whiteSpace" : false
    }, {
      "id" : "s0-t5",
      "begin" : 20,
      "end" : 27,
      "text" : "Android",
      "whiteSpace" : false
    }, {
      "id" : "s0-t6",
      "begin" : 28,
      "end" : 34,
      "text" : "Master",
      "whiteSpace" : false
    }, {
      "id" : "s0-t7",
      "begin" : 35,
      "end" : 38,
      "text" : "Key",
      "whiteSpace" : false
    }, {
      "id" : "s0-t8",
      "begin" : 39,
      "end" : 52,
      "text" : "Vulnerability",
      "whiteSpace" : false
    } ]
  }, {
    "id" : "s1",
    "begin" : 54,
    "end" : 166,
    "text" : "I'm getting concerned that I wont receive a patch for the Master Key\nVulnerability in Android.I have an HTC One.",
    "tokens" : [ {
      "id" : "s1-t0",
      "begin" : 54,
      "end" : 55,
      "text" : "I",
      "whiteSpace" : false
    }, {
      "id" : "s1-t1",
      "begin" : 55,
      "end" : 57,
      "text" : "'m",
      "whiteSpace" : false
    }, {
      "id" : "s1-t2",
      "begin" : 58,
      "end" : 65,
      "text" : "getting",
      "whiteSpace" : false
    }, {
      "id" : "s1-t3",
      "begin" : 66,
      "end" : 75,
      "text" : "concerned",
      "whiteSpace" : false
    }, {
      "id" : "s1-t4",
      "begin" : 76,
      "end" : 80,
      "text" : "that",
      "whiteSpace" : false
    }, {
      "id" : "s1-t5",
      "begin" : 81,
      "end" : 82,
      "text" : "I",
      "whiteSpace" : false
    }, {
      "id" : "s1-t6",
      "begin" : 83,
      "end" : 87,
      "text" : "wont",
      "whiteSpace" : false
    }, {
      "id" : "s1-t7",
      "begin" : 88,
      "end" : 95,
      "text" : "receive",
      "whiteSpace" : false
    }, {
      "id" : "s1-t8",
      "begin" : 96,
      "end" : 97,
      "text" : "a",
      "whiteSpace" : false
    }, {
      "id" : "s1-t9",
      "begin" : 98,
      "end" : 103,
      "text" : "patch",
      "whiteSpace" : false
    }, {
      "id" : "s1-t10",
      "begin" : 104,
      "end" : 107,
      "text" : "for",
      "whiteSpace" : false
    }, {
      "id" : "s1-t11",
      "begin" : 108,
      "end" : 111,
      "text" : "the",
      "whiteSpace" : false
    }, {
      "id" : "s1-t12",
      "begin" : 112,
      "end" : 118,
      "text" : "Master",
      "whiteSpace" : false
    }, {
      "id" : "s1-t13",
      "begin" : 119,
      "end" : 122,
      "text" : "Key",
      "whiteSpace" : false
    }, {
      "id" : "s1-t14",
      "begin" : 123,
      "end" : 136,
      "text" : "Vulnerability",
      "whiteSpace" : false
    }, {
      "id" : "s1-t15",
      "begin" : 137,
      "end" : 139,
      "text" : "in",
      "whiteSpace" : false
    }, {
      "id" : "s1-t16",
      "begin" : 140,
      "end" : 149,
      "text" : "Android.I",
      "whiteSpace" : false
    }, {
      "id" : "s1-t17",
      "begin" : 150,
      "end" : 154,
      "text" : "have",
      "whiteSpace" : false
    }, {
      "id" : "s1-t18",
      "begin" : 155,
      "end" : 157,
      "text" : "an",
      "whiteSpace" : false
    }, {
      "id" : "s1-t19",
      "begin" : 158,
      "end" : 161,
      "text" : "HTC",
      "whiteSpace" : false
    }, {
      "id" : "s1-t20",
      "begin" : 162,
      "end" : 165,
      "text" : "One",
      "whiteSpace" : false
    }, {
      "id" : "s1-t21",
      "begin" : 165,
      "end" : 166,
      "text" : ".",
      "whiteSpace" : false
    } ]
  }, {
    "id" : "s2",
    "begin" : 167,
    "end" : 308,
    "text" : "Google published a fix for this\nissue, and now it is in HTC's hands to release a patch, that ultimately\nAT&amp;T; has to certify and release.",
    "tokens" : [ {
      "id" : "s2-t0",
      "begin" : 167,
      "end" : 173,
      "text" : "Google",
      "whiteSpace" : false
    }, {
      "id" : "s2-t1",
      "begin" : 174,
      "end" : 183,
      "text" : "published",
      "whiteSpace" : false
    }, {
      "id" : "s2-t2",
      "begin" : 184,
      "end" : 185,
      "text" : "a",
      "whiteSpace" : false
    }, {
      "id" : "s2-t3",
      "begin" : 186,
      "end" : 189,
      "text" : "fix",
      "whiteSpace" : false
    }, {
      "id" : "s2-t4",
      "begin" : 190,
      "end" : 193,
      "text" : "for",
      "whiteSpace" : false
    }, {
      "id" : "s2-t5",
      "begin" : 194,
      "end" : 198,
      "text" : "this",
      "whiteSpace" : false
    }, {
      "id" : "s2-t6",
      "begin" : 199,
      "end" : 204,
      "text" : "issue",
      "whiteSpace" : false
    }, {
      "id" : "s2-t7",
      "begin" : 204,
      "end" : 205,
      "text" : ",",
      "whiteSpace" : false
    }, {
      "id" : "s2-t8",
      "begin" : 206,
      "end" : 209,
      "text" : "and",
      "whiteSpace" : false
    }, {
      "id" : "s2-t9",
      "begin" : 210,
      "end" : 213,
      "text" : "now",
      "whiteSpace" : false
    }, {
      "id" : "s2-t10",
      "begin" : 214,
      "end" : 216,
      "text" : "it",
      "whiteSpace" : false
    }, {
      "id" : "s2-t11",
      "begin" : 217,
      "end" : 219,
      "text" : "is",
      "whiteSpace" : false
    }, {
      "id" : "s2-t12",
      "begin" : 220,
      "end" : 222,
      "text" : "in",
      "whiteSpace" : false
    }, {
      "id" : "s2-t13",
      "begin" : 223,
      "end" : 226,
      "text" : "HTC",
      "whiteSpace" : false
    }, {
      "id" : "s2-t14",
      "begin" : 226,
      "end" : 228,
      "text" : "'s",
      "whiteSpace" : false
    }, {
      "id" : "s2-t15",
      "begin" : 229,
      "end" : 234,
      "text" : "hands",
      "whiteSpace" : false
    }, {
      "id" : "s2-t16",
      "begin" : 235,
      "end" : 237,
      "text" : "to",
      "whiteSpace" : false
    }, {
      "id" : "s2-t17",
      "begin" : 238,
      "end" : 245,
      "text" : "release",
      "whiteSpace" : false
    }, {
      "id" : "s2-t18",
      "begin" : 246,
      "end" : 247,
      "text" : "a",
      "whiteSpace" : false
    }, {
      "id" : "s2-t19",
      "begin" : 248,
      "end" : 253,
      "text" : "patch",
      "whiteSpace" : false
    }, {
      "id" : "s2-t20",
      "begin" : 253,
      "end" : 254,
      "text" : ",",
      "whiteSpace" : false
    }, {
      "id" : "s2-t21",
      "begin" : 255,
      "end" : 259,
      "text" : "that",
      "whiteSpace" : false
    }, {
      "id" : "s2-t22",
      "begin" : 260,
      "end" : 270,
      "text" : "ultimately",
      "whiteSpace" : false
    }, {
      "id" : "s2-t23",
      "begin" : 271,
      "end" : 273,
      "text" : "AT",
      "whiteSpace" : false
    }, {
      "id" : "s2-t24",
      "begin" : 273,
      "end" : 278,
      "text" : "&amp;",
      "whiteSpace" : false
    }, {
      "id" : "s2-t25",
      "begin" : 278,
      "end" : 280,
      "text" : "T;",
      "whiteSpace" : false
    }, {
      "id" : "s2-t26",
      "begin" : 281,
      "end" : 284,
      "text" : "has",
      "whiteSpace" : false
    }, {
      "id" : "s2-t27",
      "begin" : 285,
      "end" : 287,
      "text" : "to",
      "whiteSpace" : false
    }, {
      "id" : "s2-t28",
      "begin" : 288,
      "end" : 295,
      "text" : "certify",
      "whiteSpace" : false
    }, {
      "id" : "s2-t29",
      "begin" : 296,
      "end" : 299,
      "text" : "and",
      "whiteSpace" : false
    }, {
      "id" : "s2-t30",
      "begin" : 300,
      "end" : 307,
      "text" : "release",
      "whiteSpace" : false
    }, {
      "id" : "s2-t31",
      "begin" : 307,
      "end" : 308,
      "text" : ".",
      "whiteSpace" : false
    } ]
  }, {
    "id" : "s3",
    "begin" : 308,
    "end" : 386,
    "text" : "Can anyone give us some idea about the\nprogress on getting this problem fixed?",
    "tokens" : [ {
      "id" : "s3-t0",
      "begin" : 308,
      "end" : 311,
      "text" : "Can",
      "whiteSpace" : false
    }, {
      "id" : "s3-t1",
      "begin" : 312,
      "end" : 318,
      "text" : "anyone",
      "whiteSpace" : false
    }, {
      "id" : "s3-t2",
      "begin" : 319,
      "end" : 323,
      "text" : "give",
      "whiteSpace" : false
    }, {
      "id" : "s3-t3",
      "begin" : 324,
      "end" : 326,
      "text" : "us",
      "whiteSpace" : false
    }, {
      "id" : "s3-t4",
      "begin" : 327,
      "end" : 331,
      "text" : "some",
      "whiteSpace" : false
    }, {
      "id" : "s3-t5",
      "begin" : 332,
      "end" : 336,
      "text" : "idea",
      "whiteSpace" : false
    }, {
      "id" : "s3-t6",
      "begin" : 337,
      "end" : 342,
      "text" : "about",
      "whiteSpace" : false
    }, {
      "id" : "s3-t7",
      "begin" : 343,
      "end" : 346,
      "text" : "the",
      "whiteSpace" : false
    }, {
      "id" : "s3-t8",
      "begin" : 347,
      "end" : 355,
      "text" : "progress",
      "whiteSpace" : false
    }, {
      "id" : "s3-t9",
      "begin" : 356,
      "end" : 358,
      "text" : "on",
      "whiteSpace" : false
    }, {
      "id" : "s3-t10",
      "begin" : 359,
      "end" : 366,
      "text" : "getting",
      "whiteSpace" : false
    }, {
      "id" : "s3-t11",
      "begin" : 367,
      "end" : 371,
      "text" : "this",
      "whiteSpace" : false
    }, {
      "id" : "s3-t12",
      "begin" : 372,
      "end" : 379,
      "text" : "problem",
      "whiteSpace" : false
    }, {
      "id" : "s3-t13",
      "begin" : 380,
      "end" : 385,
      "text" : "fixed",
      "whiteSpace" : false
    }, {
      "id" : "s3-t14",
      "begin" : 385,
      "end" : 386,
      "text" : "?",
      "whiteSpace" : false
    } ]
  }, {
    "id" : "s4",
    "begin" : 386,
    "end" : 393,
    "text" : "Thanks.",
    "tokens" : [ {
      "id" : "s4-t0",
      "begin" : 386,
      "end" : 392,
      "text" : "Thanks",
      "whiteSpace" : false
    }, {
      "id" : "s4-t1",
      "begin" : 392,
      "end" : 393,
      "text" : ".",
      "whiteSpace" : false
    } ]
  } ],
  "mentions" : [ {
    "id" : "s0-m0",
    "properties" : {
      "SIRE_MENTION_ROLE" : "Product",
      "SIRE_MENTION_TYPE" : "NONE",
      "SIRE_ENTITY_SUBTYPE" : "NONE",
      "SIRE_MENTION_CLASS" : "SPC"
    },
    "type" : "Product",
    "begin" : 0,
    "end" : 7,
    "inCoref" : false
  }, {
    "id" : "s0-m2",
    "properties" : {
      "SIRE_MENTION_ROLE" : "Product",
      "SIRE_ENTITY_SUBTYPE" : "NONE",
      "SIRE_MENTION_TYPE" : "NONE",
      "SIRE_MENTION_CLASS" : "SPC"
    },
    "type" : "Product",
    "begin" : 20,
    "end" : 27,
    "inCoref" : false
  }, {
    "id" : "s1-m2",
    "properties" : {
      "SIRE_MENTION_ROLE" : "Product",
      "SIRE_ENTITY_SUBTYPE" : "NONE",
      "SIRE_MENTION_TYPE" : "NONE",
      "SIRE_MENTION_CLASS" : "SPC"
    },
    "type" : "Product",
    "begin" : 140,
    "end" : 147,
    "inCoref" : false
  }, {
    "id" : "s2-m0",
    "properties" : {
      "SIRE_MENTION_ROLE" : "Product",
      "SIRE_MENTION_TYPE" : "NONE",
      "SIRE_ENTITY_SUBTYPE" : "NONE",
      "SIRE_MENTION_CLASS" : "SPC"
    },
    "type" : "Product",
    "begin" : 158,
    "end" : 165,
    "inCoref" : false
  }, {
    "id" : "s4-m0",
    "properties" : {
      "SIRE_MENTION_ROLE" : "Product",
      "SIRE_ENTITY_SUBTYPE" : "NONE",
      "SIRE_MENTION_TYPE" : "NONE",
      "SIRE_MENTION_CLASS" : "SPC"
    },
    "type" : "Product",
    "begin" : 223,
    "end" : 226,
    "inCoref" : false
  }, {
    "id" : "cm1",
    "properties" : {
      "SIRE_MENTION_ROLE" : "Service_Provider",
      "SIRE_ENTITY_SUBTYPE" : "NONE",
      "SIRE_MENTION_TYPE" : "NONE",
      "SIRE_MENTION_CLASS" : "SPC"
    },
    "type" : "Service_Provider",
    "begin" : 271,
    "end" : 279,
    "inCoref" : false
  } ],
  "relations" : [ ],
  "corefs" : [ ],
  "typeResolved" : true,
  "userResolved" : false
}