{
  "id" : "591d9fc0-fedd-11e6-a6f8-37d4ef31c6bc-6",
  "name" : "1913a5d757fd0d054472d3d31e0dce65.txt",
  "version" : 3,
  "text" : "HTC ONE M8 AMBER GOLD!\n\nI've been trying to upgrade with my AT&amp;T; next for weeks now to the amber\ngold m8, but apparently my best buy will not do it unless I change my\ntelephone number to a local one. To me that is absurd because this is a phone\nI use for business and have been out of my local state for almost a year and\nwill be for another. So my question is will AT&amp;T; itself EVER offer the M8\nin the amber gold??!\n\n",
  "docLength" : 0,
  "language" : "EN",
  "status" : "READY",
  "modifiedDate" : 1488754636146,
  "documentSet" : [ ],
  "preannotation" : [ "PRE_LW" ],
  "sentences" : [ {
    "id" : "s0",
    "begin" : 0,
    "end" : 22,
    "text" : "HTC ONE M8 AMBER GOLD!",
    "tokens" : [ {
      "id" : "s0-t0",
      "begin" : 0,
      "end" : 3,
      "text" : "HTC",
      "whiteSpace" : false
    }, {
      "id" : "s0-t1",
      "begin" : 4,
      "end" : 7,
      "text" : "ONE",
      "whiteSpace" : false
    }, {
      "id" : "s0-t2",
      "begin" : 8,
      "end" : 10,
      "text" : "M8",
      "whiteSpace" : false
    }, {
      "id" : "s0-t3",
      "begin" : 11,
      "end" : 16,
      "text" : "AMBER",
      "whiteSpace" : false
    }, {
      "id" : "s0-t4",
      "begin" : 17,
      "end" : 21,
      "text" : "GOLD",
      "whiteSpace" : false
    }, {
      "id" : "s0-t5",
      "begin" : 21,
      "end" : 22,
      "text" : "!",
      "whiteSpace" : false
    } ]
  }, {
    "id" : "s1",
    "begin" : 24,
    "end" : 204,
    "text" : "I've been trying to upgrade with my AT&amp;T; next for weeks now to the amber\ngold m8, but apparently my best buy will not do it unless I change my\ntelephone number to a local one.",
    "tokens" : [ {
      "id" : "s1-t0",
      "begin" : 24,
      "end" : 25,
      "text" : "I",
      "whiteSpace" : false
    }, {
      "id" : "s1-t1",
      "begin" : 25,
      "end" : 28,
      "text" : "'ve",
      "whiteSpace" : false
    }, {
      "id" : "s1-t2",
      "begin" : 29,
      "end" : 33,
      "text" : "been",
      "whiteSpace" : false
    }, {
      "id" : "s1-t3",
      "begin" : 34,
      "end" : 40,
      "text" : "trying",
      "whiteSpace" : false
    }, {
      "id" : "s1-t4",
      "begin" : 41,
      "end" : 43,
      "text" : "to",
      "whiteSpace" : false
    }, {
      "id" : "s1-t5",
      "begin" : 44,
      "end" : 51,
      "text" : "upgrade",
      "whiteSpace" : false
    }, {
      "id" : "s1-t6",
      "begin" : 52,
      "end" : 56,
      "text" : "with",
      "whiteSpace" : false
    }, {
      "id" : "s1-t7",
      "begin" : 57,
      "end" : 59,
      "text" : "my",
      "whiteSpace" : false
    }, {
      "id" : "s1-t8",
      "begin" : 60,
      "end" : 62,
      "text" : "AT",
      "whiteSpace" : false
    }, {
      "id" : "s1-t9",
      "begin" : 62,
      "end" : 67,
      "text" : "&amp;",
      "whiteSpace" : false
    }, {
      "id" : "s1-t10",
      "begin" : 67,
      "end" : 69,
      "text" : "T;",
      "whiteSpace" : false
    }, {
      "id" : "s1-t11",
      "begin" : 70,
      "end" : 74,
      "text" : "next",
      "whiteSpace" : false
    }, {
      "id" : "s1-t12",
      "begin" : 75,
      "end" : 78,
      "text" : "for",
      "whiteSpace" : false
    }, {
      "id" : "s1-t13",
      "begin" : 79,
      "end" : 84,
      "text" : "weeks",
      "whiteSpace" : false
    }, {
      "id" : "s1-t14",
      "begin" : 85,
      "end" : 88,
      "text" : "now",
      "whiteSpace" : false
    }, {
      "id" : "s1-t15",
      "begin" : 89,
      "end" : 91,
      "text" : "to",
      "whiteSpace" : false
    }, {
      "id" : "s1-t16",
      "begin" : 92,
      "end" : 95,
      "text" : "the",
      "whiteSpace" : false
    }, {
      "id" : "s1-t17",
      "begin" : 96,
      "end" : 101,
      "text" : "amber",
      "whiteSpace" : false
    }, {
      "id" : "s1-t18",
      "begin" : 102,
      "end" : 106,
      "text" : "gold",
      "whiteSpace" : false
    }, {
      "id" : "s1-t19",
      "begin" : 107,
      "end" : 109,
      "text" : "m8",
      "whiteSpace" : false
    }, {
      "id" : "s1-t20",
      "begin" : 109,
      "end" : 110,
      "text" : ",",
      "whiteSpace" : false
    }, {
      "id" : "s1-t21",
      "begin" : 111,
      "end" : 114,
      "text" : "but",
      "whiteSpace" : false
    }, {
      "id" : "s1-t22",
      "begin" : 115,
      "end" : 125,
      "text" : "apparently",
      "whiteSpace" : false
    }, {
      "id" : "s1-t23",
      "begin" : 126,
      "end" : 128,
      "text" : "my",
      "whiteSpace" : false
    }, {
      "id" : "s1-t24",
      "begin" : 129,
      "end" : 133,
      "text" : "best",
      "whiteSpace" : false
    }, {
      "id" : "s1-t25",
      "begin" : 134,
      "end" : 137,
      "text" : "buy",
      "whiteSpace" : false
    }, {
      "id" : "s1-t26",
      "begin" : 138,
      "end" : 142,
      "text" : "will",
      "whiteSpace" : false
    }, {
      "id" : "s1-t27",
      "begin" : 143,
      "end" : 146,
      "text" : "not",
      "whiteSpace" : false
    }, {
      "id" : "s1-t28",
      "begin" : 147,
      "end" : 149,
      "text" : "do",
      "whiteSpace" : false
    }, {
      "id" : "s1-t29",
      "begin" : 150,
      "end" : 152,
      "text" : "it",
      "whiteSpace" : false
    }, {
      "id" : "s1-t30",
      "begin" : 153,
      "end" : 159,
      "text" : "unless",
      "whiteSpace" : false
    }, {
      "id" : "s1-t31",
      "begin" : 160,
      "end" : 161,
      "text" : "I",
      "whiteSpace" : false
    }, {
      "id" : "s1-t32",
      "begin" : 162,
      "end" : 168,
      "text" : "change",
      "whiteSpace" : false
    }, {
      "id" : "s1-t33",
      "begin" : 169,
      "end" : 171,
      "text" : "my",
      "whiteSpace" : false
    }, {
      "id" : "s1-t34",
      "begin" : 172,
      "end" : 181,
      "text" : "telephone",
      "whiteSpace" : false
    }, {
      "id" : "s1-t35",
      "begin" : 182,
      "end" : 188,
      "text" : "number",
      "whiteSpace" : false
    }, {
      "id" : "s1-t36",
      "begin" : 189,
      "end" : 191,
      "text" : "to",
      "whiteSpace" : false
    }, {
      "id" : "s1-t37",
      "begin" : 192,
      "end" : 193,
      "text" : "a",
      "whiteSpace" : false
    }, {
      "id" : "s1-t38",
      "begin" : 194,
      "end" : 199,
      "text" : "local",
      "whiteSpace" : false
    }, {
      "id" : "s1-t39",
      "begin" : 200,
      "end" : 203,
      "text" : "one",
      "whiteSpace" : false
    }, {
      "id" : "s1-t40",
      "begin" : 203,
      "end" : 204,
      "text" : ".",
      "whiteSpace" : false
    } ]
  }, {
    "id" : "s2",
    "begin" : 205,
    "end" : 347,
    "text" : "To me that is absurd because this is a phone\nI use for business and have been out of my local state for almost a year and\nwill be for another.",
    "tokens" : [ {
      "id" : "s2-t0",
      "begin" : 205,
      "end" : 207,
      "text" : "To",
      "whiteSpace" : false
    }, {
      "id" : "s2-t1",
      "begin" : 208,
      "end" : 210,
      "text" : "me",
      "whiteSpace" : false
    }, {
      "id" : "s2-t2",
      "begin" : 211,
      "end" : 215,
      "text" : "that",
      "whiteSpace" : false
    }, {
      "id" : "s2-t3",
      "begin" : 216,
      "end" : 218,
      "text" : "is",
      "whiteSpace" : false
    }, {
      "id" : "s2-t4",
      "begin" : 219,
      "end" : 225,
      "text" : "absurd",
      "whiteSpace" : false
    }, {
      "id" : "s2-t5",
      "begin" : 226,
      "end" : 233,
      "text" : "because",
      "whiteSpace" : false
    }, {
      "id" : "s2-t6",
      "begin" : 234,
      "end" : 238,
      "text" : "this",
      "whiteSpace" : false
    }, {
      "id" : "s2-t7",
      "begin" : 239,
      "end" : 241,
      "text" : "is",
      "whiteSpace" : false
    }, {
      "id" : "s2-t8",
      "begin" : 242,
      "end" : 243,
      "text" : "a",
      "whiteSpace" : false
    }, {
      "id" : "s2-t9",
      "begin" : 244,
      "end" : 249,
      "text" : "phone",
      "whiteSpace" : false
    }, {
      "id" : "s2-t10",
      "begin" : 250,
      "end" : 251,
      "text" : "I",
      "whiteSpace" : false
    }, {
      "id" : "s2-t11",
      "begin" : 252,
      "end" : 255,
      "text" : "use",
      "whiteSpace" : false
    }, {
      "id" : "s2-t12",
      "begin" : 256,
      "end" : 259,
      "text" : "for",
      "whiteSpace" : false
    }, {
      "id" : "s2-t13",
      "begin" : 260,
      "end" : 268,
      "text" : "business",
      "whiteSpace" : false
    }, {
      "id" : "s2-t14",
      "begin" : 269,
      "end" : 272,
      "text" : "and",
      "whiteSpace" : false
    }, {
      "id" : "s2-t15",
      "begin" : 273,
      "end" : 277,
      "text" : "have",
      "whiteSpace" : false
    }, {
      "id" : "s2-t16",
      "begin" : 278,
      "end" : 282,
      "text" : "been",
      "whiteSpace" : false
    }, {
      "id" : "s2-t17",
      "begin" : 283,
      "end" : 286,
      "text" : "out",
      "whiteSpace" : false
    }, {
      "id" : "s2-t18",
      "begin" : 287,
      "end" : 289,
      "text" : "of",
      "whiteSpace" : false
    }, {
      "id" : "s2-t19",
      "begin" : 290,
      "end" : 292,
      "text" : "my",
      "whiteSpace" : false
    }, {
      "id" : "s2-t20",
      "begin" : 293,
      "end" : 298,
      "text" : "local",
      "whiteSpace" : false
    }, {
      "id" : "s2-t21",
      "begin" : 299,
      "end" : 304,
      "text" : "state",
      "whiteSpace" : false
    }, {
      "id" : "s2-t22",
      "begin" : 305,
      "end" : 308,
      "text" : "for",
      "whiteSpace" : false
    }, {
      "id" : "s2-t23",
      "begin" : 309,
      "end" : 315,
      "text" : "almost",
      "whiteSpace" : false
    }, {
      "id" : "s2-t24",
      "begin" : 316,
      "end" : 317,
      "text" : "a",
      "whiteSpace" : false
    }, {
      "id" : "s2-t25",
      "begin" : 318,
      "end" : 322,
      "text" : "year",
      "whiteSpace" : false
    }, {
      "id" : "s2-t26",
      "begin" : 323,
      "end" : 326,
      "text" : "and",
      "whiteSpace" : false
    }, {
      "id" : "s2-t27",
      "begin" : 327,
      "end" : 331,
      "text" : "will",
      "whiteSpace" : false
    }, {
      "id" : "s2-t28",
      "begin" : 332,
      "end" : 334,
      "text" : "be",
      "whiteSpace" : false
    }, {
      "id" : "s2-t29",
      "begin" : 335,
      "end" : 338,
      "text" : "for",
      "whiteSpace" : false
    }, {
      "id" : "s2-t30",
      "begin" : 339,
      "end" : 346,
      "text" : "another",
      "whiteSpace" : false
    }, {
      "id" : "s2-t31",
      "begin" : 346,
      "end" : 347,
      "text" : ".",
      "whiteSpace" : false
    } ]
  }, {
    "id" : "s3",
    "begin" : 348,
    "end" : 424,
    "text" : "So my question is will AT&amp;T; itself EVER offer the M8\nin the amber gold?",
    "tokens" : [ {
      "id" : "s3-t0",
      "begin" : 348,
      "end" : 350,
      "text" : "So",
      "whiteSpace" : false
    }, {
      "id" : "s3-t1",
      "begin" : 351,
      "end" : 353,
      "text" : "my",
      "whiteSpace" : false
    }, {
      "id" : "s3-t2",
      "begin" : 354,
      "end" : 362,
      "text" : "question",
      "whiteSpace" : false
    }, {
      "id" : "s3-t3",
      "begin" : 363,
      "end" : 365,
      "text" : "is",
      "whiteSpace" : false
    }, {
      "id" : "s3-t4",
      "begin" : 366,
      "end" : 370,
      "text" : "will",
      "whiteSpace" : false
    }, {
      "id" : "s3-t5",
      "begin" : 371,
      "end" : 373,
      "text" : "AT",
      "whiteSpace" : false
    }, {
      "id" : "s3-t6",
      "begin" : 373,
      "end" : 378,
      "text" : "&amp;",
      "whiteSpace" : false
    }, {
      "id" : "s3-t7",
      "begin" : 378,
      "end" : 380,
      "text" : "T;",
      "whiteSpace" : false
    }, {
      "id" : "s3-t8",
      "begin" : 381,
      "end" : 387,
      "text" : "itself",
      "whiteSpace" : false
    }, {
      "id" : "s3-t9",
      "begin" : 388,
      "end" : 392,
      "text" : "EVER",
      "whiteSpace" : false
    }, {
      "id" : "s3-t10",
      "begin" : 393,
      "end" : 398,
      "text" : "offer",
      "whiteSpace" : false
    }, {
      "id" : "s3-t11",
      "begin" : 399,
      "end" : 402,
      "text" : "the",
      "whiteSpace" : false
    }, {
      "id" : "s3-t12",
      "begin" : 403,
      "end" : 405,
      "text" : "M8",
      "whiteSpace" : false
    }, {
      "id" : "s3-t13",
      "begin" : 406,
      "end" : 408,
      "text" : "in",
      "whiteSpace" : false
    }, {
      "id" : "s3-t14",
      "begin" : 409,
      "end" : 412,
      "text" : "the",
      "whiteSpace" : false
    }, {
      "id" : "s3-t15",
      "begin" : 413,
      "end" : 418,
      "text" : "amber",
      "whiteSpace" : false
    }, {
      "id" : "s3-t16",
      "begin" : 419,
      "end" : 423,
      "text" : "gold",
      "whiteSpace" : false
    }, {
      "id" : "s3-t17",
      "begin" : 423,
      "end" : 424,
      "text" : "?",
      "whiteSpace" : false
    } ]
  }, {
    "id" : "s4",
    "begin" : 424,
    "end" : 426,
    "text" : "?!",
    "tokens" : [ {
      "id" : "s4-t0",
      "begin" : 424,
      "end" : 425,
      "text" : "?",
      "whiteSpace" : false
    }, {
      "id" : "s4-t1",
      "begin" : 425,
      "end" : 426,
      "text" : "!",
      "whiteSpace" : false
    } ]
  } ],
  "mentions" : [ {
    "id" : "s0-m0",
    "properties" : {
      "SIRE_MENTION_ROLE" : "Product",
      "SIRE_MENTION_TYPE" : "NONE",
      "SIRE_ENTITY_SUBTYPE" : "NONE",
      "SIRE_MENTION_CLASS" : "SPC"
    },
    "type" : "Product",
    "begin" : 0,
    "end" : 10,
    "inCoref" : false
  }, {
    "id" : "cm1",
    "properties" : {
      "SIRE_MENTION_ROLE" : "Service_Provider",
      "SIRE_ENTITY_SUBTYPE" : "NONE",
      "SIRE_MENTION_TYPE" : "NONE",
      "SIRE_MENTION_CLASS" : "SPC"
    },
    "type" : "Service_Provider",
    "begin" : 60,
    "end" : 68,
    "inCoref" : false
  }, {
    "id" : "s1-m1",
    "properties" : {
      "SIRE_MENTION_ROLE" : "Product",
      "SIRE_ENTITY_SUBTYPE" : "NONE",
      "SIRE_MENTION_TYPE" : "NONE",
      "SIRE_MENTION_CLASS" : "SPC"
    },
    "type" : "Product",
    "begin" : 107,
    "end" : 109,
    "inCoref" : false
  }, {
    "id" : "cm2",
    "properties" : {
      "SIRE_MENTION_ROLE" : "Service_Provider",
      "SIRE_ENTITY_SUBTYPE" : "NONE",
      "SIRE_MENTION_TYPE" : "NONE",
      "SIRE_MENTION_CLASS" : "SPC"
    },
    "type" : "Service_Provider",
    "begin" : 371,
    "end" : 379,
    "inCoref" : false
  }, {
    "id" : "s3-m1",
    "properties" : {
      "SIRE_MENTION_ROLE" : "Product",
      "SIRE_ENTITY_SUBTYPE" : "NONE",
      "SIRE_MENTION_TYPE" : "NONE",
      "SIRE_MENTION_CLASS" : "SPC"
    },
    "type" : "Product",
    "begin" : 403,
    "end" : 405,
    "inCoref" : false
  } ],
  "relations" : [ ],
  "corefs" : [ ],
  "typeResolved" : true,
  "userResolved" : false
}