{
  "id" : "5bf28720-fedc-11e6-8c66-35e044ecf34d-7",
  "name" : "352a4b22276bdd30b71dbf36cb405912.txt",
  "version" : 3,
  "text" : "iPhone 4.3.5 software update\n\nI have iPhone 4.3.5 and there's no software update option under settings.\nWhenever iTunes tries to update when I sync it won't go through. Any ideas\nwhat could be going on?Solved!Go to Solution.\n\n",
  "docLength" : 0,
  "language" : "EN",
  "status" : "READY",
  "modifiedDate" : 1488754305918,
  "documentSet" : [ ],
  "preannotation" : [ "PRE_LW" ],
  "sentences" : [ {
    "id" : "s0",
    "begin" : 0,
    "end" : 28,
    "text" : "iPhone 4.3.5 software update",
    "tokens" : [ {
      "id" : "s0-t0",
      "begin" : 0,
      "end" : 6,
      "text" : "iPhone",
      "whiteSpace" : false
    }, {
      "id" : "s0-t1",
      "begin" : 7,
      "end" : 12,
      "text" : "4.3.5",
      "whiteSpace" : false
    }, {
      "id" : "s0-t2",
      "begin" : 13,
      "end" : 21,
      "text" : "software",
      "whiteSpace" : false
    }, {
      "id" : "s0-t3",
      "begin" : 22,
      "end" : 28,
      "text" : "update",
      "whiteSpace" : false
    } ]
  }, {
    "id" : "s1",
    "begin" : 30,
    "end" : 103,
    "text" : "I have iPhone 4.3.5 and there's no software update option under settings.",
    "tokens" : [ {
      "id" : "s1-t0",
      "begin" : 30,
      "end" : 31,
      "text" : "I",
      "whiteSpace" : false
    }, {
      "id" : "s1-t1",
      "begin" : 32,
      "end" : 36,
      "text" : "have",
      "whiteSpace" : false
    }, {
      "id" : "s1-t2",
      "begin" : 37,
      "end" : 43,
      "text" : "iPhone",
      "whiteSpace" : false
    }, {
      "id" : "s1-t3",
      "begin" : 44,
      "end" : 49,
      "text" : "4.3.5",
      "whiteSpace" : false
    }, {
      "id" : "s1-t4",
      "begin" : 50,
      "end" : 53,
      "text" : "and",
      "whiteSpace" : false
    }, {
      "id" : "s1-t5",
      "begin" : 54,
      "end" : 59,
      "text" : "there",
      "whiteSpace" : false
    }, {
      "id" : "s1-t6",
      "begin" : 59,
      "end" : 61,
      "text" : "'s",
      "whiteSpace" : false
    }, {
      "id" : "s1-t7",
      "begin" : 62,
      "end" : 64,
      "text" : "no",
      "whiteSpace" : false
    }, {
      "id" : "s1-t8",
      "begin" : 65,
      "end" : 73,
      "text" : "software",
      "whiteSpace" : false
    }, {
      "id" : "s1-t9",
      "begin" : 74,
      "end" : 80,
      "text" : "update",
      "whiteSpace" : false
    }, {
      "id" : "s1-t10",
      "begin" : 81,
      "end" : 87,
      "text" : "option",
      "whiteSpace" : false
    }, {
      "id" : "s1-t11",
      "begin" : 88,
      "end" : 93,
      "text" : "under",
      "whiteSpace" : false
    }, {
      "id" : "s1-t12",
      "begin" : 94,
      "end" : 102,
      "text" : "settings",
      "whiteSpace" : false
    }, {
      "id" : "s1-t13",
      "begin" : 102,
      "end" : 103,
      "text" : ".",
      "whiteSpace" : false
    } ]
  }, {
    "id" : "s2",
    "begin" : 104,
    "end" : 168,
    "text" : "Whenever iTunes tries to update when I sync it won't go through.",
    "tokens" : [ {
      "id" : "s2-t0",
      "begin" : 104,
      "end" : 112,
      "text" : "Whenever",
      "whiteSpace" : false
    }, {
      "id" : "s2-t1",
      "begin" : 113,
      "end" : 119,
      "text" : "iTunes",
      "whiteSpace" : false
    }, {
      "id" : "s2-t2",
      "begin" : 120,
      "end" : 125,
      "text" : "tries",
      "whiteSpace" : false
    }, {
      "id" : "s2-t3",
      "begin" : 126,
      "end" : 128,
      "text" : "to",
      "whiteSpace" : false
    }, {
      "id" : "s2-t4",
      "begin" : 129,
      "end" : 135,
      "text" : "update",
      "whiteSpace" : false
    }, {
      "id" : "s2-t5",
      "begin" : 136,
      "end" : 140,
      "text" : "when",
      "whiteSpace" : false
    }, {
      "id" : "s2-t6",
      "begin" : 141,
      "end" : 142,
      "text" : "I",
      "whiteSpace" : false
    }, {
      "id" : "s2-t7",
      "begin" : 143,
      "end" : 147,
      "text" : "sync",
      "whiteSpace" : false
    }, {
      "id" : "s2-t8",
      "begin" : 148,
      "end" : 150,
      "text" : "it",
      "whiteSpace" : false
    }, {
      "id" : "s2-t9",
      "begin" : 151,
      "end" : 153,
      "text" : "wo",
      "whiteSpace" : false
    }, {
      "id" : "s2-t10",
      "begin" : 153,
      "end" : 156,
      "text" : "n't",
      "whiteSpace" : false
    }, {
      "id" : "s2-t11",
      "begin" : 157,
      "end" : 159,
      "text" : "go",
      "whiteSpace" : false
    }, {
      "id" : "s2-t12",
      "begin" : 160,
      "end" : 167,
      "text" : "through",
      "whiteSpace" : false
    }, {
      "id" : "s2-t13",
      "begin" : 167,
      "end" : 168,
      "text" : ".",
      "whiteSpace" : false
    } ]
  }, {
    "id" : "s3",
    "begin" : 169,
    "end" : 202,
    "text" : "Any ideas\nwhat could be going on?",
    "tokens" : [ {
      "id" : "s3-t0",
      "begin" : 169,
      "end" : 172,
      "text" : "Any",
      "whiteSpace" : false
    }, {
      "id" : "s3-t1",
      "begin" : 173,
      "end" : 178,
      "text" : "ideas",
      "whiteSpace" : false
    }, {
      "id" : "s3-t2",
      "begin" : 179,
      "end" : 183,
      "text" : "what",
      "whiteSpace" : false
    }, {
      "id" : "s3-t3",
      "begin" : 184,
      "end" : 189,
      "text" : "could",
      "whiteSpace" : false
    }, {
      "id" : "s3-t4",
      "begin" : 190,
      "end" : 192,
      "text" : "be",
      "whiteSpace" : false
    }, {
      "id" : "s3-t5",
      "begin" : 193,
      "end" : 198,
      "text" : "going",
      "whiteSpace" : false
    }, {
      "id" : "s3-t6",
      "begin" : 199,
      "end" : 201,
      "text" : "on",
      "whiteSpace" : false
    }, {
      "id" : "s3-t7",
      "begin" : 201,
      "end" : 202,
      "text" : "?",
      "whiteSpace" : false
    } ]
  }, {
    "id" : "s4",
    "begin" : 202,
    "end" : 224,
    "text" : "Solved!Go to Solution.",
    "tokens" : [ {
      "id" : "s4-t0",
      "begin" : 202,
      "end" : 209,
      "text" : "Solved!",
      "whiteSpace" : false
    }, {
      "id" : "s4-t1",
      "begin" : 209,
      "end" : 211,
      "text" : "Go",
      "whiteSpace" : false
    }, {
      "id" : "s4-t2",
      "begin" : 212,
      "end" : 214,
      "text" : "to",
      "whiteSpace" : false
    }, {
      "id" : "s4-t3",
      "begin" : 215,
      "end" : 223,
      "text" : "Solution",
      "whiteSpace" : false
    }, {
      "id" : "s4-t4",
      "begin" : 223,
      "end" : 224,
      "text" : ".",
      "whiteSpace" : false
    } ]
  } ],
  "mentions" : [ {
    "id" : "cm1",
    "properties" : {
      "SIRE_MENTION_ROLE" : "Product",
      "SIRE_ENTITY_SUBTYPE" : "NONE",
      "SIRE_MENTION_TYPE" : "NONE",
      "SIRE_MENTION_CLASS" : "SPC"
    },
    "type" : "Product",
    "begin" : 0,
    "end" : 8,
    "inCoref" : false
  }, {
    "id" : "cm2",
    "properties" : {
      "SIRE_MENTION_ROLE" : "Product",
      "SIRE_ENTITY_SUBTYPE" : "NONE",
      "SIRE_MENTION_TYPE" : "NONE",
      "SIRE_MENTION_CLASS" : "SPC"
    },
    "type" : "Product",
    "begin" : 37,
    "end" : 45,
    "inCoref" : false
  }, {
    "id" : "s2-m1",
    "properties" : {
      "SIRE_MENTION_ROLE" : "Application",
      "SIRE_ENTITY_SUBTYPE" : "NONE",
      "SIRE_MENTION_TYPE" : "NONE",
      "SIRE_MENTION_CLASS" : "SPC"
    },
    "type" : "Application",
    "begin" : 113,
    "end" : 119,
    "inCoref" : false
  } ],
  "relations" : [ ],
  "corefs" : [ ],
  "typeResolved" : true,
  "userResolved" : false
}