{
  "id" : "5bf28720-fedc-11e6-8c66-35e044ecf34d-9",
  "name" : "352a4b22276bdd30b71dbf36cb873333.txt",
  "version" : 3,
  "text" : "Wi-Fi usage overseas\n\nI have a friend that will be travelling overseas for 2 weeks and I am pretty\nsure that her wi-fi will be totally free, but wanted to make sure. She does\nnot want any roaming charges as she is not going to use the phone itself for\ncalls or texts. So if she just uses wi-fi it will not incur any charges\ncorrect???Solved!Go to Solution.\n\n",
  "docLength" : 0,
  "language" : "EN",
  "status" : "READY",
  "modifiedDate" : 1488754288409,
  "documentSet" : [ ],
  "preannotation" : [ "PRE_LW" ],
  "sentences" : [ {
    "id" : "s0",
    "begin" : 0,
    "end" : 20,
    "text" : "Wi-Fi usage overseas",
    "tokens" : [ {
      "id" : "s0-t0",
      "begin" : 0,
      "end" : 5,
      "text" : "Wi-Fi",
      "whiteSpace" : false
    }, {
      "id" : "s0-t1",
      "begin" : 6,
      "end" : 11,
      "text" : "usage",
      "whiteSpace" : false
    }, {
      "id" : "s0-t2",
      "begin" : 12,
      "end" : 20,
      "text" : "overseas",
      "whiteSpace" : false
    } ]
  }, {
    "id" : "s1",
    "begin" : 22,
    "end" : 165,
    "text" : "I have a friend that will be travelling overseas for 2 weeks and I am pretty\nsure that her wi-fi will be totally free, but wanted to make sure.",
    "tokens" : [ {
      "id" : "s1-t0",
      "begin" : 22,
      "end" : 23,
      "text" : "I",
      "whiteSpace" : false
    }, {
      "id" : "s1-t1",
      "begin" : 24,
      "end" : 28,
      "text" : "have",
      "whiteSpace" : false
    }, {
      "id" : "s1-t2",
      "begin" : 29,
      "end" : 30,
      "text" : "a",
      "whiteSpace" : false
    }, {
      "id" : "s1-t3",
      "begin" : 31,
      "end" : 37,
      "text" : "friend",
      "whiteSpace" : false
    }, {
      "id" : "s1-t4",
      "begin" : 38,
      "end" : 42,
      "text" : "that",
      "whiteSpace" : false
    }, {
      "id" : "s1-t5",
      "begin" : 43,
      "end" : 47,
      "text" : "will",
      "whiteSpace" : false
    }, {
      "id" : "s1-t6",
      "begin" : 48,
      "end" : 50,
      "text" : "be",
      "whiteSpace" : false
    }, {
      "id" : "s1-t7",
      "begin" : 51,
      "end" : 61,
      "text" : "travelling",
      "whiteSpace" : false
    }, {
      "id" : "s1-t8",
      "begin" : 62,
      "end" : 70,
      "text" : "overseas",
      "whiteSpace" : false
    }, {
      "id" : "s1-t9",
      "begin" : 71,
      "end" : 74,
      "text" : "for",
      "whiteSpace" : false
    }, {
      "id" : "s1-t10",
      "begin" : 75,
      "end" : 76,
      "text" : "2",
      "whiteSpace" : false
    }, {
      "id" : "s1-t11",
      "begin" : 77,
      "end" : 82,
      "text" : "weeks",
      "whiteSpace" : false
    }, {
      "id" : "s1-t12",
      "begin" : 83,
      "end" : 86,
      "text" : "and",
      "whiteSpace" : false
    }, {
      "id" : "s1-t13",
      "begin" : 87,
      "end" : 88,
      "text" : "I",
      "whiteSpace" : false
    }, {
      "id" : "s1-t14",
      "begin" : 89,
      "end" : 91,
      "text" : "am",
      "whiteSpace" : false
    }, {
      "id" : "s1-t15",
      "begin" : 92,
      "end" : 98,
      "text" : "pretty",
      "whiteSpace" : false
    }, {
      "id" : "s1-t16",
      "begin" : 99,
      "end" : 103,
      "text" : "sure",
      "whiteSpace" : false
    }, {
      "id" : "s1-t17",
      "begin" : 104,
      "end" : 108,
      "text" : "that",
      "whiteSpace" : false
    }, {
      "id" : "s1-t18",
      "begin" : 109,
      "end" : 112,
      "text" : "her",
      "whiteSpace" : false
    }, {
      "id" : "s1-t19",
      "begin" : 113,
      "end" : 118,
      "text" : "wi-fi",
      "whiteSpace" : false
    }, {
      "id" : "s1-t20",
      "begin" : 119,
      "end" : 123,
      "text" : "will",
      "whiteSpace" : false
    }, {
      "id" : "s1-t21",
      "begin" : 124,
      "end" : 126,
      "text" : "be",
      "whiteSpace" : false
    }, {
      "id" : "s1-t22",
      "begin" : 127,
      "end" : 134,
      "text" : "totally",
      "whiteSpace" : false
    }, {
      "id" : "s1-t23",
      "begin" : 135,
      "end" : 139,
      "text" : "free",
      "whiteSpace" : false
    }, {
      "id" : "s1-t24",
      "begin" : 139,
      "end" : 140,
      "text" : ",",
      "whiteSpace" : false
    }, {
      "id" : "s1-t25",
      "begin" : 141,
      "end" : 144,
      "text" : "but",
      "whiteSpace" : false
    }, {
      "id" : "s1-t26",
      "begin" : 145,
      "end" : 151,
      "text" : "wanted",
      "whiteSpace" : false
    }, {
      "id" : "s1-t27",
      "begin" : 152,
      "end" : 154,
      "text" : "to",
      "whiteSpace" : false
    }, {
      "id" : "s1-t28",
      "begin" : 155,
      "end" : 159,
      "text" : "make",
      "whiteSpace" : false
    }, {
      "id" : "s1-t29",
      "begin" : 160,
      "end" : 164,
      "text" : "sure",
      "whiteSpace" : false
    }, {
      "id" : "s1-t30",
      "begin" : 164,
      "end" : 165,
      "text" : ".",
      "whiteSpace" : false
    } ]
  }, {
    "id" : "s2",
    "begin" : 166,
    "end" : 267,
    "text" : "She does\nnot want any roaming charges as she is not going to use the phone itself for\ncalls or texts.",
    "tokens" : [ {
      "id" : "s2-t0",
      "begin" : 166,
      "end" : 169,
      "text" : "She",
      "whiteSpace" : false
    }, {
      "id" : "s2-t1",
      "begin" : 170,
      "end" : 174,
      "text" : "does",
      "whiteSpace" : false
    }, {
      "id" : "s2-t2",
      "begin" : 175,
      "end" : 178,
      "text" : "not",
      "whiteSpace" : false
    }, {
      "id" : "s2-t3",
      "begin" : 179,
      "end" : 183,
      "text" : "want",
      "whiteSpace" : false
    }, {
      "id" : "s2-t4",
      "begin" : 184,
      "end" : 187,
      "text" : "any",
      "whiteSpace" : false
    }, {
      "id" : "s2-t5",
      "begin" : 188,
      "end" : 195,
      "text" : "roaming",
      "whiteSpace" : false
    }, {
      "id" : "s2-t6",
      "begin" : 196,
      "end" : 203,
      "text" : "charges",
      "whiteSpace" : false
    }, {
      "id" : "s2-t7",
      "begin" : 204,
      "end" : 206,
      "text" : "as",
      "whiteSpace" : false
    }, {
      "id" : "s2-t8",
      "begin" : 207,
      "end" : 210,
      "text" : "she",
      "whiteSpace" : false
    }, {
      "id" : "s2-t9",
      "begin" : 211,
      "end" : 213,
      "text" : "is",
      "whiteSpace" : false
    }, {
      "id" : "s2-t10",
      "begin" : 214,
      "end" : 217,
      "text" : "not",
      "whiteSpace" : false
    }, {
      "id" : "s2-t11",
      "begin" : 218,
      "end" : 223,
      "text" : "going",
      "whiteSpace" : false
    }, {
      "id" : "s2-t12",
      "begin" : 224,
      "end" : 226,
      "text" : "to",
      "whiteSpace" : false
    }, {
      "id" : "s2-t13",
      "begin" : 227,
      "end" : 230,
      "text" : "use",
      "whiteSpace" : false
    }, {
      "id" : "s2-t14",
      "begin" : 231,
      "end" : 234,
      "text" : "the",
      "whiteSpace" : false
    }, {
      "id" : "s2-t15",
      "begin" : 235,
      "end" : 240,
      "text" : "phone",
      "whiteSpace" : false
    }, {
      "id" : "s2-t16",
      "begin" : 241,
      "end" : 247,
      "text" : "itself",
      "whiteSpace" : false
    }, {
      "id" : "s2-t17",
      "begin" : 248,
      "end" : 251,
      "text" : "for",
      "whiteSpace" : false
    }, {
      "id" : "s2-t18",
      "begin" : 252,
      "end" : 257,
      "text" : "calls",
      "whiteSpace" : false
    }, {
      "id" : "s2-t19",
      "begin" : 258,
      "end" : 260,
      "text" : "or",
      "whiteSpace" : false
    }, {
      "id" : "s2-t20",
      "begin" : 261,
      "end" : 266,
      "text" : "texts",
      "whiteSpace" : false
    }, {
      "id" : "s2-t21",
      "begin" : 266,
      "end" : 267,
      "text" : ".",
      "whiteSpace" : false
    } ]
  }, {
    "id" : "s3",
    "begin" : 268,
    "end" : 332,
    "text" : "So if she just uses wi-fi it will not incur any charges\ncorrect?",
    "tokens" : [ {
      "id" : "s3-t0",
      "begin" : 268,
      "end" : 270,
      "text" : "So",
      "whiteSpace" : false
    }, {
      "id" : "s3-t1",
      "begin" : 271,
      "end" : 273,
      "text" : "if",
      "whiteSpace" : false
    }, {
      "id" : "s3-t2",
      "begin" : 274,
      "end" : 277,
      "text" : "she",
      "whiteSpace" : false
    }, {
      "id" : "s3-t3",
      "begin" : 278,
      "end" : 282,
      "text" : "just",
      "whiteSpace" : false
    }, {
      "id" : "s3-t4",
      "begin" : 283,
      "end" : 287,
      "text" : "uses",
      "whiteSpace" : false
    }, {
      "id" : "s3-t5",
      "begin" : 288,
      "end" : 293,
      "text" : "wi-fi",
      "whiteSpace" : false
    }, {
      "id" : "s3-t6",
      "begin" : 294,
      "end" : 296,
      "text" : "it",
      "whiteSpace" : false
    }, {
      "id" : "s3-t7",
      "begin" : 297,
      "end" : 301,
      "text" : "will",
      "whiteSpace" : false
    }, {
      "id" : "s3-t8",
      "begin" : 302,
      "end" : 305,
      "text" : "not",
      "whiteSpace" : false
    }, {
      "id" : "s3-t9",
      "begin" : 306,
      "end" : 311,
      "text" : "incur",
      "whiteSpace" : false
    }, {
      "id" : "s3-t10",
      "begin" : 312,
      "end" : 315,
      "text" : "any",
      "whiteSpace" : false
    }, {
      "id" : "s3-t11",
      "begin" : 316,
      "end" : 323,
      "text" : "charges",
      "whiteSpace" : false
    }, {
      "id" : "s3-t12",
      "begin" : 324,
      "end" : 331,
      "text" : "correct",
      "whiteSpace" : false
    }, {
      "id" : "s3-t13",
      "begin" : 331,
      "end" : 332,
      "text" : "?",
      "whiteSpace" : false
    } ]
  }, {
    "id" : "s4",
    "begin" : 332,
    "end" : 356,
    "text" : "??Solved!Go to Solution.",
    "tokens" : [ {
      "id" : "s4-t0",
      "begin" : 332,
      "end" : 341,
      "text" : "??Solved!",
      "whiteSpace" : false
    }, {
      "id" : "s4-t1",
      "begin" : 341,
      "end" : 343,
      "text" : "Go",
      "whiteSpace" : false
    }, {
      "id" : "s4-t2",
      "begin" : 344,
      "end" : 346,
      "text" : "to",
      "whiteSpace" : false
    }, {
      "id" : "s4-t3",
      "begin" : 347,
      "end" : 355,
      "text" : "Solution",
      "whiteSpace" : false
    }, {
      "id" : "s4-t4",
      "begin" : 355,
      "end" : 356,
      "text" : ".",
      "whiteSpace" : false
    } ]
  } ],
  "mentions" : [ {
    "id" : "s0-m1",
    "properties" : {
      "SIRE_MENTION_ROLE" : "Internet_Connectivity",
      "SIRE_ENTITY_SUBTYPE" : "NONE",
      "SIRE_MENTION_TYPE" : "NONE",
      "SIRE_MENTION_CLASS" : "SPC"
    },
    "type" : "Internet_Connectivity",
    "begin" : 0,
    "end" : 5,
    "inCoref" : false
  }, {
    "id" : "s1-m1",
    "properties" : {
      "SIRE_MENTION_ROLE" : "Internet_Connectivity",
      "SIRE_ENTITY_SUBTYPE" : "NONE",
      "SIRE_MENTION_TYPE" : "NONE",
      "SIRE_MENTION_CLASS" : "SPC"
    },
    "type" : "Internet_Connectivity",
    "begin" : 113,
    "end" : 118,
    "inCoref" : false
  }, {
    "id" : "s2-m2",
    "properties" : {
      "SIRE_MENTION_ROLE" : "Voice_Text",
      "SIRE_ENTITY_SUBTYPE" : "NONE",
      "SIRE_MENTION_TYPE" : "NONE",
      "SIRE_MENTION_CLASS" : "SPC"
    },
    "type" : "Voice_Text",
    "begin" : 188,
    "end" : 195,
    "inCoref" : false
  }, {
    "id" : "s2-m3",
    "properties" : {
      "SIRE_MENTION_ROLE" : "Voice_Text",
      "SIRE_ENTITY_SUBTYPE" : "NONE",
      "SIRE_MENTION_TYPE" : "NONE",
      "SIRE_MENTION_CLASS" : "SPC"
    },
    "type" : "Voice_Text",
    "begin" : 252,
    "end" : 257,
    "inCoref" : false
  }, {
    "id" : "cm1",
    "properties" : {
      "SIRE_MENTION_ROLE" : "Voice_Text",
      "SIRE_ENTITY_SUBTYPE" : "NONE",
      "SIRE_MENTION_TYPE" : "NONE",
      "SIRE_MENTION_CLASS" : "SPC"
    },
    "type" : "Voice_Text",
    "begin" : 261,
    "end" : 266,
    "inCoref" : false
  }, {
    "id" : "s3-m1",
    "properties" : {
      "SIRE_MENTION_ROLE" : "Internet_Connectivity",
      "SIRE_ENTITY_SUBTYPE" : "NONE",
      "SIRE_MENTION_TYPE" : "NONE",
      "SIRE_MENTION_CLASS" : "SPC"
    },
    "type" : "Internet_Connectivity",
    "begin" : 288,
    "end" : 293,
    "inCoref" : false
  } ],
  "relations" : [ ],
  "corefs" : [ ],
  "typeResolved" : true,
  "userResolved" : false
}