{
  "id" : "5bf28720-fedc-11e6-8c66-35e044ecf34d-6",
  "name" : "352a4b22276bdd30b71dbf36cb74790f.txt",
  "version" : 3,
  "text" : "New IPhone 4 won't connect to wireless\n\nI bought a new IPhone 4 today and I've been trying to connect to my home\nwireless without any luck.When I put in thecorrectpassword to connect it, it\nsays that \"it is unable tojointhenetwork.\" Any suggestions?Solved!Go to\nSolution.\n\n",
  "docLength" : 0,
  "language" : "EN",
  "status" : "READY",
  "modifiedDate" : 1488754229203,
  "documentSet" : [ ],
  "preannotation" : [ "PRE_LW" ],
  "sentences" : [ {
    "id" : "s0",
    "begin" : 0,
    "end" : 38,
    "text" : "New IPhone 4 won't connect to wireless",
    "tokens" : [ {
      "id" : "s0-t0",
      "begin" : 0,
      "end" : 3,
      "text" : "New",
      "whiteSpace" : false
    }, {
      "id" : "s0-t1",
      "begin" : 4,
      "end" : 10,
      "text" : "IPhone",
      "whiteSpace" : false
    }, {
      "id" : "s0-t2",
      "begin" : 11,
      "end" : 12,
      "text" : "4",
      "whiteSpace" : false
    }, {
      "id" : "s0-t3",
      "begin" : 13,
      "end" : 15,
      "text" : "wo",
      "whiteSpace" : false
    }, {
      "id" : "s0-t4",
      "begin" : 15,
      "end" : 18,
      "text" : "n't",
      "whiteSpace" : false
    }, {
      "id" : "s0-t5",
      "begin" : 19,
      "end" : 26,
      "text" : "connect",
      "whiteSpace" : false
    }, {
      "id" : "s0-t6",
      "begin" : 27,
      "end" : 29,
      "text" : "to",
      "whiteSpace" : false
    }, {
      "id" : "s0-t7",
      "begin" : 30,
      "end" : 38,
      "text" : "wireless",
      "whiteSpace" : false
    } ]
  }, {
    "id" : "s1",
    "begin" : 40,
    "end" : 139,
    "text" : "I bought a new IPhone 4 today and I've been trying to connect to my home\nwireless without any luck.",
    "tokens" : [ {
      "id" : "s1-t0",
      "begin" : 40,
      "end" : 41,
      "text" : "I",
      "whiteSpace" : false
    }, {
      "id" : "s1-t1",
      "begin" : 42,
      "end" : 48,
      "text" : "bought",
      "whiteSpace" : false
    }, {
      "id" : "s1-t2",
      "begin" : 49,
      "end" : 50,
      "text" : "a",
      "whiteSpace" : false
    }, {
      "id" : "s1-t3",
      "begin" : 51,
      "end" : 54,
      "text" : "new",
      "whiteSpace" : false
    }, {
      "id" : "s1-t4",
      "begin" : 55,
      "end" : 61,
      "text" : "IPhone",
      "whiteSpace" : false
    }, {
      "id" : "s1-t5",
      "begin" : 62,
      "end" : 63,
      "text" : "4",
      "whiteSpace" : false
    }, {
      "id" : "s1-t6",
      "begin" : 64,
      "end" : 69,
      "text" : "today",
      "whiteSpace" : false
    }, {
      "id" : "s1-t7",
      "begin" : 70,
      "end" : 73,
      "text" : "and",
      "whiteSpace" : false
    }, {
      "id" : "s1-t8",
      "begin" : 74,
      "end" : 75,
      "text" : "I",
      "whiteSpace" : false
    }, {
      "id" : "s1-t9",
      "begin" : 75,
      "end" : 78,
      "text" : "'ve",
      "whiteSpace" : false
    }, {
      "id" : "s1-t10",
      "begin" : 79,
      "end" : 83,
      "text" : "been",
      "whiteSpace" : false
    }, {
      "id" : "s1-t11",
      "begin" : 84,
      "end" : 90,
      "text" : "trying",
      "whiteSpace" : false
    }, {
      "id" : "s1-t12",
      "begin" : 91,
      "end" : 93,
      "text" : "to",
      "whiteSpace" : false
    }, {
      "id" : "s1-t13",
      "begin" : 94,
      "end" : 101,
      "text" : "connect",
      "whiteSpace" : false
    }, {
      "id" : "s1-t14",
      "begin" : 102,
      "end" : 104,
      "text" : "to",
      "whiteSpace" : false
    }, {
      "id" : "s1-t15",
      "begin" : 105,
      "end" : 107,
      "text" : "my",
      "whiteSpace" : false
    }, {
      "id" : "s1-t16",
      "begin" : 108,
      "end" : 112,
      "text" : "home",
      "whiteSpace" : false
    }, {
      "id" : "s1-t17",
      "begin" : 113,
      "end" : 121,
      "text" : "wireless",
      "whiteSpace" : false
    }, {
      "id" : "s1-t18",
      "begin" : 122,
      "end" : 129,
      "text" : "without",
      "whiteSpace" : false
    }, {
      "id" : "s1-t19",
      "begin" : 130,
      "end" : 133,
      "text" : "any",
      "whiteSpace" : false
    }, {
      "id" : "s1-t20",
      "begin" : 134,
      "end" : 138,
      "text" : "luck",
      "whiteSpace" : false
    }, {
      "id" : "s1-t21",
      "begin" : 138,
      "end" : 139,
      "text" : ".",
      "whiteSpace" : false
    } ]
  }, {
    "id" : "s2",
    "begin" : 139,
    "end" : 231,
    "text" : "When I put in thecorrectpassword to connect it, it\nsays that \"it is unable tojointhenetwork.",
    "tokens" : [ {
      "id" : "s2-t0",
      "begin" : 139,
      "end" : 143,
      "text" : "When",
      "whiteSpace" : false
    }, {
      "id" : "s2-t1",
      "begin" : 144,
      "end" : 145,
      "text" : "I",
      "whiteSpace" : false
    }, {
      "id" : "s2-t2",
      "begin" : 146,
      "end" : 149,
      "text" : "put",
      "whiteSpace" : false
    }, {
      "id" : "s2-t3",
      "begin" : 150,
      "end" : 152,
      "text" : "in",
      "whiteSpace" : false
    }, {
      "id" : "s2-t4",
      "begin" : 153,
      "end" : 171,
      "text" : "thecorrectpassword",
      "whiteSpace" : false
    }, {
      "id" : "s2-t5",
      "begin" : 172,
      "end" : 174,
      "text" : "to",
      "whiteSpace" : false
    }, {
      "id" : "s2-t6",
      "begin" : 175,
      "end" : 182,
      "text" : "connect",
      "whiteSpace" : false
    }, {
      "id" : "s2-t7",
      "begin" : 183,
      "end" : 185,
      "text" : "it",
      "whiteSpace" : false
    }, {
      "id" : "s2-t8",
      "begin" : 185,
      "end" : 186,
      "text" : ",",
      "whiteSpace" : false
    }, {
      "id" : "s2-t9",
      "begin" : 187,
      "end" : 189,
      "text" : "it",
      "whiteSpace" : false
    }, {
      "id" : "s2-t10",
      "begin" : 190,
      "end" : 194,
      "text" : "says",
      "whiteSpace" : false
    }, {
      "id" : "s2-t11",
      "begin" : 195,
      "end" : 199,
      "text" : "that",
      "whiteSpace" : false
    }, {
      "id" : "s2-t12",
      "begin" : 200,
      "end" : 201,
      "text" : "\"",
      "whiteSpace" : false
    }, {
      "id" : "s2-t13",
      "begin" : 201,
      "end" : 203,
      "text" : "it",
      "whiteSpace" : false
    }, {
      "id" : "s2-t14",
      "begin" : 204,
      "end" : 206,
      "text" : "is",
      "whiteSpace" : false
    }, {
      "id" : "s2-t15",
      "begin" : 207,
      "end" : 213,
      "text" : "unable",
      "whiteSpace" : false
    }, {
      "id" : "s2-t16",
      "begin" : 214,
      "end" : 230,
      "text" : "tojointhenetwork",
      "whiteSpace" : false
    }, {
      "id" : "s2-t17",
      "begin" : 230,
      "end" : 231,
      "text" : ".",
      "whiteSpace" : false
    } ]
  }, {
    "id" : "s3",
    "begin" : 231,
    "end" : 249,
    "text" : "\" Any suggestions?",
    "tokens" : [ {
      "id" : "s3-t0",
      "begin" : 231,
      "end" : 232,
      "text" : "\"",
      "whiteSpace" : false
    }, {
      "id" : "s3-t1",
      "begin" : 233,
      "end" : 236,
      "text" : "Any",
      "whiteSpace" : false
    }, {
      "id" : "s3-t2",
      "begin" : 237,
      "end" : 248,
      "text" : "suggestions",
      "whiteSpace" : false
    }, {
      "id" : "s3-t3",
      "begin" : 248,
      "end" : 249,
      "text" : "?",
      "whiteSpace" : false
    } ]
  }, {
    "id" : "s4",
    "begin" : 249,
    "end" : 271,
    "text" : "Solved!Go to\nSolution.",
    "tokens" : [ {
      "id" : "s4-t0",
      "begin" : 249,
      "end" : 256,
      "text" : "Solved!",
      "whiteSpace" : false
    }, {
      "id" : "s4-t1",
      "begin" : 256,
      "end" : 258,
      "text" : "Go",
      "whiteSpace" : false
    }, {
      "id" : "s4-t2",
      "begin" : 259,
      "end" : 261,
      "text" : "to",
      "whiteSpace" : false
    }, {
      "id" : "s4-t3",
      "begin" : 262,
      "end" : 270,
      "text" : "Solution",
      "whiteSpace" : false
    }, {
      "id" : "s4-t4",
      "begin" : 270,
      "end" : 271,
      "text" : ".",
      "whiteSpace" : false
    } ]
  } ],
  "mentions" : [ {
    "id" : "s0-m1",
    "properties" : {
      "SIRE_MENTION_ROLE" : "Product",
      "SIRE_ENTITY_SUBTYPE" : "NONE",
      "SIRE_MENTION_TYPE" : "NONE",
      "SIRE_MENTION_CLASS" : "SPC"
    },
    "type" : "Product",
    "begin" : 4,
    "end" : 12,
    "inCoref" : false
  }, {
    "id" : "s1-m1",
    "properties" : {
      "SIRE_MENTION_ROLE" : "Product",
      "SIRE_ENTITY_SUBTYPE" : "NONE",
      "SIRE_MENTION_TYPE" : "NONE",
      "SIRE_MENTION_CLASS" : "SPC"
    },
    "type" : "Product",
    "begin" : 55,
    "end" : 63,
    "inCoref" : false
  } ],
  "relations" : [ ],
  "corefs" : [ ],
  "typeResolved" : true,
  "userResolved" : false
}