{
  "id" : "5bf28720-fedc-11e6-8c66-35e044ecf34d-8",
  "name" : "352a4b22276bdd30b71dbf36cb608090.txt",
  "version" : 3,
  "text" : "Could not activate cellular data network - you are not subscribed to a\ncellular data service\n\nI have done a Reset everywhere - Turn phone on/off, airplance mode on/off,\nenable 3g on/off, cleared my history, cleared my cookies, cleared my cache,\nand turn off wifi. I got disconnected when I tried to contact customer\nsupport.I just changed my plan from $60 unlimited talk/text to the $75\nunlimited talk/text plus 200MB data. The CSR stated it would be available\nimmediately.I am still getting the error - \"Could not activate cellular data\nnetwork - you are not subscribed to a cellular data service\"Solved!Go to\nSolution.\n\n",
  "docLength" : 0,
  "language" : "EN",
  "status" : "READY",
  "modifiedDate" : 1488754259084,
  "documentSet" : [ ],
  "preannotation" : [ "PRE_LW" ],
  "sentences" : [ {
    "id" : "s0",
    "begin" : 0,
    "end" : 92,
    "text" : "Could not activate cellular data network - you are not subscribed to a\ncellular data service",
    "tokens" : [ {
      "id" : "s0-t0",
      "begin" : 0,
      "end" : 5,
      "text" : "Could",
      "whiteSpace" : false
    }, {
      "id" : "s0-t1",
      "begin" : 6,
      "end" : 9,
      "text" : "not",
      "whiteSpace" : false
    }, {
      "id" : "s0-t2",
      "begin" : 10,
      "end" : 18,
      "text" : "activate",
      "whiteSpace" : false
    }, {
      "id" : "s0-t3",
      "begin" : 19,
      "end" : 27,
      "text" : "cellular",
      "whiteSpace" : false
    }, {
      "id" : "s0-t4",
      "begin" : 28,
      "end" : 32,
      "text" : "data",
      "whiteSpace" : false
    }, {
      "id" : "s0-t5",
      "begin" : 33,
      "end" : 40,
      "text" : "network",
      "whiteSpace" : false
    }, {
      "id" : "s0-t6",
      "begin" : 41,
      "end" : 42,
      "text" : "-",
      "whiteSpace" : false
    }, {
      "id" : "s0-t7",
      "begin" : 43,
      "end" : 46,
      "text" : "you",
      "whiteSpace" : false
    }, {
      "id" : "s0-t8",
      "begin" : 47,
      "end" : 50,
      "text" : "are",
      "whiteSpace" : false
    }, {
      "id" : "s0-t9",
      "begin" : 51,
      "end" : 54,
      "text" : "not",
      "whiteSpace" : false
    }, {
      "id" : "s0-t10",
      "begin" : 55,
      "end" : 65,
      "text" : "subscribed",
      "whiteSpace" : false
    }, {
      "id" : "s0-t11",
      "begin" : 66,
      "end" : 68,
      "text" : "to",
      "whiteSpace" : false
    }, {
      "id" : "s0-t12",
      "begin" : 69,
      "end" : 70,
      "text" : "a",
      "whiteSpace" : false
    }, {
      "id" : "s0-t13",
      "begin" : 71,
      "end" : 79,
      "text" : "cellular",
      "whiteSpace" : false
    }, {
      "id" : "s0-t14",
      "begin" : 80,
      "end" : 84,
      "text" : "data",
      "whiteSpace" : false
    }, {
      "id" : "s0-t15",
      "begin" : 85,
      "end" : 92,
      "text" : "service",
      "whiteSpace" : false
    } ]
  }, {
    "id" : "s1",
    "begin" : 94,
    "end" : 263,
    "text" : "I have done a Reset everywhere - Turn phone on/off, airplance mode on/off,\nenable 3g on/off, cleared my history, cleared my cookies, cleared my cache,\nand turn off wifi.",
    "tokens" : [ {
      "id" : "s1-t0",
      "begin" : 94,
      "end" : 95,
      "text" : "I",
      "whiteSpace" : false
    }, {
      "id" : "s1-t1",
      "begin" : 96,
      "end" : 100,
      "text" : "have",
      "whiteSpace" : false
    }, {
      "id" : "s1-t2",
      "begin" : 101,
      "end" : 105,
      "text" : "done",
      "whiteSpace" : false
    }, {
      "id" : "s1-t3",
      "begin" : 106,
      "end" : 107,
      "text" : "a",
      "whiteSpace" : false
    }, {
      "id" : "s1-t4",
      "begin" : 108,
      "end" : 113,
      "text" : "Reset",
      "whiteSpace" : false
    }, {
      "id" : "s1-t5",
      "begin" : 114,
      "end" : 124,
      "text" : "everywhere",
      "whiteSpace" : false
    }, {
      "id" : "s1-t6",
      "begin" : 125,
      "end" : 126,
      "text" : "-",
      "whiteSpace" : false
    }, {
      "id" : "s1-t7",
      "begin" : 127,
      "end" : 131,
      "text" : "Turn",
      "whiteSpace" : false
    }, {
      "id" : "s1-t8",
      "begin" : 132,
      "end" : 137,
      "text" : "phone",
      "whiteSpace" : false
    }, {
      "id" : "s1-t9",
      "begin" : 138,
      "end" : 140,
      "text" : "on",
      "whiteSpace" : false
    }, {
      "id" : "s1-t10",
      "begin" : 140,
      "end" : 141,
      "text" : "/",
      "whiteSpace" : false
    }, {
      "id" : "s1-t11",
      "begin" : 141,
      "end" : 144,
      "text" : "off",
      "whiteSpace" : false
    }, {
      "id" : "s1-t12",
      "begin" : 144,
      "end" : 145,
      "text" : ",",
      "whiteSpace" : false
    }, {
      "id" : "s1-t13",
      "begin" : 146,
      "end" : 155,
      "text" : "airplance",
      "whiteSpace" : false
    }, {
      "id" : "s1-t14",
      "begin" : 156,
      "end" : 160,
      "text" : "mode",
      "whiteSpace" : false
    }, {
      "id" : "s1-t15",
      "begin" : 161,
      "end" : 163,
      "text" : "on",
      "whiteSpace" : false
    }, {
      "id" : "s1-t16",
      "begin" : 163,
      "end" : 164,
      "text" : "/",
      "whiteSpace" : false
    }, {
      "id" : "s1-t17",
      "begin" : 164,
      "end" : 167,
      "text" : "off",
      "whiteSpace" : false
    }, {
      "id" : "s1-t18",
      "begin" : 167,
      "end" : 168,
      "text" : ",",
      "whiteSpace" : false
    }, {
      "id" : "s1-t19",
      "begin" : 169,
      "end" : 175,
      "text" : "enable",
      "whiteSpace" : false
    }, {
      "id" : "s1-t20",
      "begin" : 176,
      "end" : 178,
      "text" : "3g",
      "whiteSpace" : false
    }, {
      "id" : "s1-t21",
      "begin" : 179,
      "end" : 181,
      "text" : "on",
      "whiteSpace" : false
    }, {
      "id" : "s1-t22",
      "begin" : 181,
      "end" : 182,
      "text" : "/",
      "whiteSpace" : false
    }, {
      "id" : "s1-t23",
      "begin" : 182,
      "end" : 185,
      "text" : "off",
      "whiteSpace" : false
    }, {
      "id" : "s1-t24",
      "begin" : 185,
      "end" : 186,
      "text" : ",",
      "whiteSpace" : false
    }, {
      "id" : "s1-t25",
      "begin" : 187,
      "end" : 194,
      "text" : "cleared",
      "whiteSpace" : false
    }, {
      "id" : "s1-t26",
      "begin" : 195,
      "end" : 197,
      "text" : "my",
      "whiteSpace" : false
    }, {
      "id" : "s1-t27",
      "begin" : 198,
      "end" : 205,
      "text" : "history",
      "whiteSpace" : false
    }, {
      "id" : "s1-t28",
      "begin" : 205,
      "end" : 206,
      "text" : ",",
      "whiteSpace" : false
    }, {
      "id" : "s1-t29",
      "begin" : 207,
      "end" : 214,
      "text" : "cleared",
      "whiteSpace" : false
    }, {
      "id" : "s1-t30",
      "begin" : 215,
      "end" : 217,
      "text" : "my",
      "whiteSpace" : false
    }, {
      "id" : "s1-t31",
      "begin" : 218,
      "end" : 225,
      "text" : "cookies",
      "whiteSpace" : false
    }, {
      "id" : "s1-t32",
      "begin" : 225,
      "end" : 226,
      "text" : ",",
      "whiteSpace" : false
    }, {
      "id" : "s1-t33",
      "begin" : 227,
      "end" : 234,
      "text" : "cleared",
      "whiteSpace" : false
    }, {
      "id" : "s1-t34",
      "begin" : 235,
      "end" : 237,
      "text" : "my",
      "whiteSpace" : false
    }, {
      "id" : "s1-t35",
      "begin" : 238,
      "end" : 243,
      "text" : "cache",
      "whiteSpace" : false
    }, {
      "id" : "s1-t36",
      "begin" : 243,
      "end" : 244,
      "text" : ",",
      "whiteSpace" : false
    }, {
      "id" : "s1-t37",
      "begin" : 245,
      "end" : 248,
      "text" : "and",
      "whiteSpace" : false
    }, {
      "id" : "s1-t38",
      "begin" : 249,
      "end" : 253,
      "text" : "turn",
      "whiteSpace" : false
    }, {
      "id" : "s1-t39",
      "begin" : 254,
      "end" : 257,
      "text" : "off",
      "whiteSpace" : false
    }, {
      "id" : "s1-t40",
      "begin" : 258,
      "end" : 262,
      "text" : "wifi",
      "whiteSpace" : false
    }, {
      "id" : "s1-t41",
      "begin" : 262,
      "end" : 263,
      "text" : ".",
      "whiteSpace" : false
    } ]
  }, {
    "id" : "s2",
    "begin" : 264,
    "end" : 423,
    "text" : "I got disconnected when I tried to contact customer\nsupport.I just changed my plan from $60 unlimited talk/text to the $75\nunlimited talk/text plus 200MB data.",
    "tokens" : [ {
      "id" : "s2-t0",
      "begin" : 264,
      "end" : 265,
      "text" : "I",
      "whiteSpace" : false
    }, {
      "id" : "s2-t1",
      "begin" : 266,
      "end" : 269,
      "text" : "got",
      "whiteSpace" : false
    }, {
      "id" : "s2-t2",
      "begin" : 270,
      "end" : 282,
      "text" : "disconnected",
      "whiteSpace" : false
    }, {
      "id" : "s2-t3",
      "begin" : 283,
      "end" : 287,
      "text" : "when",
      "whiteSpace" : false
    }, {
      "id" : "s2-t4",
      "begin" : 288,
      "end" : 289,
      "text" : "I",
      "whiteSpace" : false
    }, {
      "id" : "s2-t5",
      "begin" : 290,
      "end" : 295,
      "text" : "tried",
      "whiteSpace" : false
    }, {
      "id" : "s2-t6",
      "begin" : 296,
      "end" : 298,
      "text" : "to",
      "whiteSpace" : false
    }, {
      "id" : "s2-t7",
      "begin" : 299,
      "end" : 306,
      "text" : "contact",
      "whiteSpace" : false
    }, {
      "id" : "s2-t8",
      "begin" : 307,
      "end" : 315,
      "text" : "customer",
      "whiteSpace" : false
    }, {
      "id" : "s2-t9",
      "begin" : 316,
      "end" : 325,
      "text" : "support.I",
      "whiteSpace" : false
    }, {
      "id" : "s2-t10",
      "begin" : 326,
      "end" : 330,
      "text" : "just",
      "whiteSpace" : false
    }, {
      "id" : "s2-t11",
      "begin" : 331,
      "end" : 338,
      "text" : "changed",
      "whiteSpace" : false
    }, {
      "id" : "s2-t12",
      "begin" : 339,
      "end" : 341,
      "text" : "my",
      "whiteSpace" : false
    }, {
      "id" : "s2-t13",
      "begin" : 342,
      "end" : 346,
      "text" : "plan",
      "whiteSpace" : false
    }, {
      "id" : "s2-t14",
      "begin" : 347,
      "end" : 351,
      "text" : "from",
      "whiteSpace" : false
    }, {
      "id" : "s2-t15",
      "begin" : 352,
      "end" : 353,
      "text" : "$",
      "whiteSpace" : false
    }, {
      "id" : "s2-t16",
      "begin" : 353,
      "end" : 355,
      "text" : "60",
      "whiteSpace" : false
    }, {
      "id" : "s2-t17",
      "begin" : 356,
      "end" : 365,
      "text" : "unlimited",
      "whiteSpace" : false
    }, {
      "id" : "s2-t18",
      "begin" : 366,
      "end" : 370,
      "text" : "talk",
      "whiteSpace" : false
    }, {
      "id" : "s2-t19",
      "begin" : 370,
      "end" : 371,
      "text" : "/",
      "whiteSpace" : false
    }, {
      "id" : "s2-t20",
      "begin" : 371,
      "end" : 375,
      "text" : "text",
      "whiteSpace" : false
    }, {
      "id" : "s2-t21",
      "begin" : 376,
      "end" : 378,
      "text" : "to",
      "whiteSpace" : false
    }, {
      "id" : "s2-t22",
      "begin" : 379,
      "end" : 382,
      "text" : "the",
      "whiteSpace" : false
    }, {
      "id" : "s2-t23",
      "begin" : 383,
      "end" : 384,
      "text" : "$",
      "whiteSpace" : false
    }, {
      "id" : "s2-t24",
      "begin" : 384,
      "end" : 386,
      "text" : "75",
      "whiteSpace" : false
    }, {
      "id" : "s2-t25",
      "begin" : 387,
      "end" : 396,
      "text" : "unlimited",
      "whiteSpace" : false
    }, {
      "id" : "s2-t26",
      "begin" : 397,
      "end" : 401,
      "text" : "talk",
      "whiteSpace" : false
    }, {
      "id" : "s2-t27",
      "begin" : 401,
      "end" : 402,
      "text" : "/",
      "whiteSpace" : false
    }, {
      "id" : "s2-t28",
      "begin" : 402,
      "end" : 406,
      "text" : "text",
      "whiteSpace" : false
    }, {
      "id" : "s2-t29",
      "begin" : 407,
      "end" : 411,
      "text" : "plus",
      "whiteSpace" : false
    }, {
      "id" : "s2-t30",
      "begin" : 412,
      "end" : 417,
      "text" : "200MB",
      "whiteSpace" : false
    }, {
      "id" : "s2-t31",
      "begin" : 418,
      "end" : 422,
      "text" : "data",
      "whiteSpace" : false
    }, {
      "id" : "s2-t32",
      "begin" : 422,
      "end" : 423,
      "text" : ".",
      "whiteSpace" : false
    } ]
  }, {
    "id" : "s3",
    "begin" : 424,
    "end" : 620,
    "text" : "The CSR stated it would be available\nimmediately.I am still getting the error - \"Could not activate cellular data\nnetwork - you are not subscribed to a cellular data service\"Solved!Go to\nSolution.",
    "tokens" : [ {
      "id" : "s3-t0",
      "begin" : 424,
      "end" : 427,
      "text" : "The",
      "whiteSpace" : false
    }, {
      "id" : "s3-t1",
      "begin" : 428,
      "end" : 431,
      "text" : "CSR",
      "whiteSpace" : false
    }, {
      "id" : "s3-t2",
      "begin" : 432,
      "end" : 438,
      "text" : "stated",
      "whiteSpace" : false
    }, {
      "id" : "s3-t3",
      "begin" : 439,
      "end" : 441,
      "text" : "it",
      "whiteSpace" : false
    }, {
      "id" : "s3-t4",
      "begin" : 442,
      "end" : 447,
      "text" : "would",
      "whiteSpace" : false
    }, {
      "id" : "s3-t5",
      "begin" : 448,
      "end" : 450,
      "text" : "be",
      "whiteSpace" : false
    }, {
      "id" : "s3-t6",
      "begin" : 451,
      "end" : 460,
      "text" : "available",
      "whiteSpace" : false
    }, {
      "id" : "s3-t7",
      "begin" : 461,
      "end" : 474,
      "text" : "immediately.I",
      "whiteSpace" : false
    }, {
      "id" : "s3-t8",
      "begin" : 475,
      "end" : 477,
      "text" : "am",
      "whiteSpace" : false
    }, {
      "id" : "s3-t9",
      "begin" : 478,
      "end" : 483,
      "text" : "still",
      "whiteSpace" : false
    }, {
      "id" : "s3-t10",
      "begin" : 484,
      "end" : 491,
      "text" : "getting",
      "whiteSpace" : false
    }, {
      "id" : "s3-t11",
      "begin" : 492,
      "end" : 495,
      "text" : "the",
      "whiteSpace" : false
    }, {
      "id" : "s3-t12",
      "begin" : 496,
      "end" : 501,
      "text" : "error",
      "whiteSpace" : false
    }, {
      "id" : "s3-t13",
      "begin" : 502,
      "end" : 503,
      "text" : "-",
      "whiteSpace" : false
    }, {
      "id" : "s3-t14",
      "begin" : 504,
      "end" : 505,
      "text" : "\"",
      "whiteSpace" : false
    }, {
      "id" : "s3-t15",
      "begin" : 505,
      "end" : 510,
      "text" : "Could",
      "whiteSpace" : false
    }, {
      "id" : "s3-t16",
      "begin" : 511,
      "end" : 514,
      "text" : "not",
      "whiteSpace" : false
    }, {
      "id" : "s3-t17",
      "begin" : 515,
      "end" : 523,
      "text" : "activate",
      "whiteSpace" : false
    }, {
      "id" : "s3-t18",
      "begin" : 524,
      "end" : 532,
      "text" : "cellular",
      "whiteSpace" : false
    }, {
      "id" : "s3-t19",
      "begin" : 533,
      "end" : 537,
      "text" : "data",
      "whiteSpace" : false
    }, {
      "id" : "s3-t20",
      "begin" : 538,
      "end" : 545,
      "text" : "network",
      "whiteSpace" : false
    }, {
      "id" : "s3-t21",
      "begin" : 546,
      "end" : 547,
      "text" : "-",
      "whiteSpace" : false
    }, {
      "id" : "s3-t22",
      "begin" : 548,
      "end" : 551,
      "text" : "you",
      "whiteSpace" : false
    }, {
      "id" : "s3-t23",
      "begin" : 552,
      "end" : 555,
      "text" : "are",
      "whiteSpace" : false
    }, {
      "id" : "s3-t24",
      "begin" : 556,
      "end" : 559,
      "text" : "not",
      "whiteSpace" : false
    }, {
      "id" : "s3-t25",
      "begin" : 560,
      "end" : 570,
      "text" : "subscribed",
      "whiteSpace" : false
    }, {
      "id" : "s3-t26",
      "begin" : 571,
      "end" : 573,
      "text" : "to",
      "whiteSpace" : false
    }, {
      "id" : "s3-t27",
      "begin" : 574,
      "end" : 575,
      "text" : "a",
      "whiteSpace" : false
    }, {
      "id" : "s3-t28",
      "begin" : 576,
      "end" : 584,
      "text" : "cellular",
      "whiteSpace" : false
    }, {
      "id" : "s3-t29",
      "begin" : 585,
      "end" : 589,
      "text" : "data",
      "whiteSpace" : false
    }, {
      "id" : "s3-t30",
      "begin" : 590,
      "end" : 597,
      "text" : "service",
      "whiteSpace" : false
    }, {
      "id" : "s3-t31",
      "begin" : 597,
      "end" : 598,
      "text" : "\"",
      "whiteSpace" : false
    }, {
      "id" : "s3-t32",
      "begin" : 598,
      "end" : 605,
      "text" : "Solved!",
      "whiteSpace" : false
    }, {
      "id" : "s3-t33",
      "begin" : 605,
      "end" : 607,
      "text" : "Go",
      "whiteSpace" : false
    }, {
      "id" : "s3-t34",
      "begin" : 608,
      "end" : 610,
      "text" : "to",
      "whiteSpace" : false
    }, {
      "id" : "s3-t35",
      "begin" : 611,
      "end" : 619,
      "text" : "Solution",
      "whiteSpace" : false
    }, {
      "id" : "s3-t36",
      "begin" : 619,
      "end" : 620,
      "text" : ".",
      "whiteSpace" : false
    } ]
  } ],
  "mentions" : [ {
    "id" : "s0-m1",
    "properties" : {
      "SIRE_MENTION_ROLE" : "Internet_Connectivity",
      "SIRE_ENTITY_SUBTYPE" : "NONE",
      "SIRE_MENTION_TYPE" : "NONE",
      "SIRE_MENTION_CLASS" : "SPC"
    },
    "type" : "Internet_Connectivity",
    "begin" : 19,
    "end" : 32,
    "inCoref" : false
  }, {
    "id" : "s0-m2",
    "properties" : {
      "SIRE_MENTION_ROLE" : "Internet_Connectivity",
      "SIRE_ENTITY_SUBTYPE" : "NONE",
      "SIRE_MENTION_TYPE" : "NONE",
      "SIRE_MENTION_CLASS" : "SPC"
    },
    "type" : "Internet_Connectivity",
    "begin" : 71,
    "end" : 84,
    "inCoref" : false
  }, {
    "id" : "s1-m2",
    "properties" : {
      "SIRE_MENTION_ROLE" : "Physical_Feature",
      "SIRE_ENTITY_SUBTYPE" : "NONE",
      "SIRE_MENTION_TYPE" : "NONE",
      "SIRE_MENTION_CLASS" : "SPC"
    },
    "type" : "Physical_Feature",
    "begin" : 146,
    "end" : 160,
    "inCoref" : false
  }, {
    "id" : "s1-m1",
    "properties" : {
      "SIRE_MENTION_ROLE" : "Internet_Connectivity",
      "SIRE_ENTITY_SUBTYPE" : "NONE",
      "SIRE_MENTION_TYPE" : "NONE",
      "SIRE_MENTION_CLASS" : "SPC"
    },
    "type" : "Internet_Connectivity",
    "begin" : 176,
    "end" : 178,
    "inCoref" : false
  }, {
    "id" : "s1-m3",
    "properties" : {
      "SIRE_MENTION_ROLE" : "Internet_Connectivity",
      "SIRE_ENTITY_SUBTYPE" : "NONE",
      "SIRE_MENTION_TYPE" : "NONE",
      "SIRE_MENTION_CLASS" : "SPC"
    },
    "type" : "Internet_Connectivity",
    "begin" : 258,
    "end" : 262,
    "inCoref" : false
  }, {
    "id" : "s2-m3",
    "properties" : {
      "SIRE_MENTION_ROLE" : "Service_Plan",
      "SIRE_ENTITY_SUBTYPE" : "NONE",
      "SIRE_MENTION_TYPE" : "NONE",
      "SIRE_MENTION_CLASS" : "SPC"
    },
    "type" : "Service_Plan",
    "begin" : 352,
    "end" : 375,
    "inCoref" : false
  }, {
    "id" : "s2-m4",
    "properties" : {
      "SIRE_MENTION_ROLE" : "Service_Plan",
      "SIRE_ENTITY_SUBTYPE" : "NONE",
      "SIRE_MENTION_TYPE" : "NONE",
      "SIRE_MENTION_CLASS" : "SPC"
    },
    "type" : "Service_Plan",
    "begin" : 383,
    "end" : 406,
    "inCoref" : false
  }, {
    "id" : "s3-m1",
    "properties" : {
      "SIRE_MENTION_ROLE" : "Internet_Connectivity",
      "SIRE_ENTITY_SUBTYPE" : "NONE",
      "SIRE_MENTION_TYPE" : "NONE",
      "SIRE_MENTION_CLASS" : "SPC"
    },
    "type" : "Internet_Connectivity",
    "begin" : 524,
    "end" : 537,
    "inCoref" : false
  }, {
    "id" : "s3-m2",
    "properties" : {
      "SIRE_MENTION_ROLE" : "Internet_Connectivity",
      "SIRE_ENTITY_SUBTYPE" : "NONE",
      "SIRE_MENTION_TYPE" : "NONE",
      "SIRE_MENTION_CLASS" : "SPC"
    },
    "type" : "Internet_Connectivity",
    "begin" : 576,
    "end" : 589,
    "inCoref" : false
  } ],
  "relations" : [ ],
  "corefs" : [ ],
  "typeResolved" : true,
  "userResolved" : false
}