{
  "id" : "6e85e360-fedb-11e6-ba59-934669a05b50-0",
  "name" : "0240de21e16fa743a7feaaea982ce5fc.txt",
  "version" : 3,
  "text" : "TXT messaging to email and Email to TXT---(number@txt.att.net)\n\nI'm confused about data plans and text plans. If I have unlimited texting, can\nI send a text message to an email address w/ no charge? Likewise, can I email\na text message to a phone (number@txt.att.net) with no charge?At what point\nwould it be considered data?Is there a limit of characters to a text message,\nor could I email to text a big message and try to recoup some of the excessive\ncost that cell carriers charge for the bandwidth required to\ntext?Thanks,mfunSolved!Go to Solution.\n\n",
  "docLength" : 0,
  "language" : "EN",
  "status" : "READY",
  "modifiedDate" : 1488751919883,
  "documentSet" : [ ],
  "preannotation" : [ "PRE_LW" ],
  "sentences" : [ {
    "id" : "s0",
    "begin" : 0,
    "end" : 62,
    "text" : "TXT messaging to email and Email to TXT---(number@txt.att.net)",
    "tokens" : [ {
      "id" : "s0-t0",
      "begin" : 0,
      "end" : 3,
      "text" : "TXT",
      "whiteSpace" : false
    }, {
      "id" : "s0-t1",
      "begin" : 4,
      "end" : 13,
      "text" : "messaging",
      "whiteSpace" : false
    }, {
      "id" : "s0-t2",
      "begin" : 14,
      "end" : 16,
      "text" : "to",
      "whiteSpace" : false
    }, {
      "id" : "s0-t3",
      "begin" : 17,
      "end" : 22,
      "text" : "email",
      "whiteSpace" : false
    }, {
      "id" : "s0-t4",
      "begin" : 23,
      "end" : 26,
      "text" : "and",
      "whiteSpace" : false
    }, {
      "id" : "s0-t5",
      "begin" : 27,
      "end" : 32,
      "text" : "Email",
      "whiteSpace" : false
    }, {
      "id" : "s0-t6",
      "begin" : 33,
      "end" : 35,
      "text" : "to",
      "whiteSpace" : false
    }, {
      "id" : "s0-t7",
      "begin" : 36,
      "end" : 39,
      "text" : "TXT",
      "whiteSpace" : false
    }, {
      "id" : "s0-t8",
      "begin" : 39,
      "end" : 42,
      "text" : "---",
      "whiteSpace" : false
    }, {
      "id" : "s0-t9",
      "begin" : 42,
      "end" : 61,
      "text" : "(number@txt.att.net",
      "whiteSpace" : false
    }, {
      "id" : "s0-t10",
      "begin" : 61,
      "end" : 62,
      "text" : ")",
      "whiteSpace" : false
    } ]
  }, {
    "id" : "s1",
    "begin" : 64,
    "end" : 109,
    "text" : "I'm confused about data plans and text plans.",
    "tokens" : [ {
      "id" : "s1-t0",
      "begin" : 64,
      "end" : 65,
      "text" : "I",
      "whiteSpace" : false
    }, {
      "id" : "s1-t1",
      "begin" : 65,
      "end" : 67,
      "text" : "'m",
      "whiteSpace" : false
    }, {
      "id" : "s1-t2",
      "begin" : 68,
      "end" : 76,
      "text" : "confused",
      "whiteSpace" : false
    }, {
      "id" : "s1-t3",
      "begin" : 77,
      "end" : 82,
      "text" : "about",
      "whiteSpace" : false
    }, {
      "id" : "s1-t4",
      "begin" : 83,
      "end" : 87,
      "text" : "data",
      "whiteSpace" : false
    }, {
      "id" : "s1-t5",
      "begin" : 88,
      "end" : 93,
      "text" : "plans",
      "whiteSpace" : false
    }, {
      "id" : "s1-t6",
      "begin" : 94,
      "end" : 97,
      "text" : "and",
      "whiteSpace" : false
    }, {
      "id" : "s1-t7",
      "begin" : 98,
      "end" : 102,
      "text" : "text",
      "whiteSpace" : false
    }, {
      "id" : "s1-t8",
      "begin" : 103,
      "end" : 108,
      "text" : "plans",
      "whiteSpace" : false
    }, {
      "id" : "s1-t9",
      "begin" : 108,
      "end" : 109,
      "text" : ".",
      "whiteSpace" : false
    } ]
  }, {
    "id" : "s2",
    "begin" : 110,
    "end" : 198,
    "text" : "If I have unlimited texting, can\nI send a text message to an email address w/ no charge?",
    "tokens" : [ {
      "id" : "s2-t0",
      "begin" : 110,
      "end" : 112,
      "text" : "If",
      "whiteSpace" : false
    }, {
      "id" : "s2-t1",
      "begin" : 113,
      "end" : 114,
      "text" : "I",
      "whiteSpace" : false
    }, {
      "id" : "s2-t2",
      "begin" : 115,
      "end" : 119,
      "text" : "have",
      "whiteSpace" : false
    }, {
      "id" : "s2-t3",
      "begin" : 120,
      "end" : 129,
      "text" : "unlimited",
      "whiteSpace" : false
    }, {
      "id" : "s2-t4",
      "begin" : 130,
      "end" : 137,
      "text" : "texting",
      "whiteSpace" : false
    }, {
      "id" : "s2-t5",
      "begin" : 137,
      "end" : 138,
      "text" : ",",
      "whiteSpace" : false
    }, {
      "id" : "s2-t6",
      "begin" : 139,
      "end" : 142,
      "text" : "can",
      "whiteSpace" : false
    }, {
      "id" : "s2-t7",
      "begin" : 143,
      "end" : 144,
      "text" : "I",
      "whiteSpace" : false
    }, {
      "id" : "s2-t8",
      "begin" : 145,
      "end" : 149,
      "text" : "send",
      "whiteSpace" : false
    }, {
      "id" : "s2-t9",
      "begin" : 150,
      "end" : 151,
      "text" : "a",
      "whiteSpace" : false
    }, {
      "id" : "s2-t10",
      "begin" : 152,
      "end" : 156,
      "text" : "text",
      "whiteSpace" : false
    }, {
      "id" : "s2-t11",
      "begin" : 157,
      "end" : 164,
      "text" : "message",
      "whiteSpace" : false
    }, {
      "id" : "s2-t12",
      "begin" : 165,
      "end" : 167,
      "text" : "to",
      "whiteSpace" : false
    }, {
      "id" : "s2-t13",
      "begin" : 168,
      "end" : 170,
      "text" : "an",
      "whiteSpace" : false
    }, {
      "id" : "s2-t14",
      "begin" : 171,
      "end" : 176,
      "text" : "email",
      "whiteSpace" : false
    }, {
      "id" : "s2-t15",
      "begin" : 177,
      "end" : 184,
      "text" : "address",
      "whiteSpace" : false
    }, {
      "id" : "s2-t16",
      "begin" : 185,
      "end" : 186,
      "text" : "w",
      "whiteSpace" : false
    }, {
      "id" : "s2-t17",
      "begin" : 186,
      "end" : 187,
      "text" : "/",
      "whiteSpace" : false
    }, {
      "id" : "s2-t18",
      "begin" : 188,
      "end" : 190,
      "text" : "no",
      "whiteSpace" : false
    }, {
      "id" : "s2-t19",
      "begin" : 191,
      "end" : 197,
      "text" : "charge",
      "whiteSpace" : false
    }, {
      "id" : "s2-t20",
      "begin" : 197,
      "end" : 198,
      "text" : "?",
      "whiteSpace" : false
    } ]
  }, {
    "id" : "s3",
    "begin" : 199,
    "end" : 283,
    "text" : "Likewise, can I email\na text message to a phone (number@txt.att.net) with no charge?",
    "tokens" : [ {
      "id" : "s3-t0",
      "begin" : 199,
      "end" : 207,
      "text" : "Likewise",
      "whiteSpace" : false
    }, {
      "id" : "s3-t1",
      "begin" : 207,
      "end" : 208,
      "text" : ",",
      "whiteSpace" : false
    }, {
      "id" : "s3-t2",
      "begin" : 209,
      "end" : 212,
      "text" : "can",
      "whiteSpace" : false
    }, {
      "id" : "s3-t3",
      "begin" : 213,
      "end" : 214,
      "text" : "I",
      "whiteSpace" : false
    }, {
      "id" : "s3-t4",
      "begin" : 215,
      "end" : 220,
      "text" : "email",
      "whiteSpace" : false
    }, {
      "id" : "s3-t5",
      "begin" : 221,
      "end" : 222,
      "text" : "a",
      "whiteSpace" : false
    }, {
      "id" : "s3-t6",
      "begin" : 223,
      "end" : 227,
      "text" : "text",
      "whiteSpace" : false
    }, {
      "id" : "s3-t7",
      "begin" : 228,
      "end" : 235,
      "text" : "message",
      "whiteSpace" : false
    }, {
      "id" : "s3-t8",
      "begin" : 236,
      "end" : 238,
      "text" : "to",
      "whiteSpace" : false
    }, {
      "id" : "s3-t9",
      "begin" : 239,
      "end" : 240,
      "text" : "a",
      "whiteSpace" : false
    }, {
      "id" : "s3-t10",
      "begin" : 241,
      "end" : 246,
      "text" : "phone",
      "whiteSpace" : false
    }, {
      "id" : "s3-t11",
      "begin" : 247,
      "end" : 248,
      "text" : "(",
      "whiteSpace" : false
    }, {
      "id" : "s3-t12",
      "begin" : 248,
      "end" : 266,
      "text" : "number@txt.att.net",
      "whiteSpace" : false
    }, {
      "id" : "s3-t13",
      "begin" : 266,
      "end" : 267,
      "text" : ")",
      "whiteSpace" : false
    }, {
      "id" : "s3-t14",
      "begin" : 268,
      "end" : 272,
      "text" : "with",
      "whiteSpace" : false
    }, {
      "id" : "s3-t15",
      "begin" : 273,
      "end" : 275,
      "text" : "no",
      "whiteSpace" : false
    }, {
      "id" : "s3-t16",
      "begin" : 276,
      "end" : 282,
      "text" : "charge",
      "whiteSpace" : false
    }, {
      "id" : "s3-t17",
      "begin" : 282,
      "end" : 283,
      "text" : "?",
      "whiteSpace" : false
    } ]
  }, {
    "id" : "s4",
    "begin" : 283,
    "end" : 325,
    "text" : "At what point\nwould it be considered data?",
    "tokens" : [ {
      "id" : "s4-t0",
      "begin" : 283,
      "end" : 285,
      "text" : "At",
      "whiteSpace" : false
    }, {
      "id" : "s4-t1",
      "begin" : 286,
      "end" : 290,
      "text" : "what",
      "whiteSpace" : false
    }, {
      "id" : "s4-t2",
      "begin" : 291,
      "end" : 296,
      "text" : "point",
      "whiteSpace" : false
    }, {
      "id" : "s4-t3",
      "begin" : 297,
      "end" : 302,
      "text" : "would",
      "whiteSpace" : false
    }, {
      "id" : "s4-t4",
      "begin" : 303,
      "end" : 305,
      "text" : "it",
      "whiteSpace" : false
    }, {
      "id" : "s4-t5",
      "begin" : 306,
      "end" : 308,
      "text" : "be",
      "whiteSpace" : false
    }, {
      "id" : "s4-t6",
      "begin" : 309,
      "end" : 319,
      "text" : "considered",
      "whiteSpace" : false
    }, {
      "id" : "s4-t7",
      "begin" : 320,
      "end" : 324,
      "text" : "data",
      "whiteSpace" : false
    }, {
      "id" : "s4-t8",
      "begin" : 324,
      "end" : 325,
      "text" : "?",
      "whiteSpace" : false
    } ]
  }, {
    "id" : "s5",
    "begin" : 325,
    "end" : 520,
    "text" : "Is there a limit of characters to a text message,\nor could I email to text a big message and try to recoup some of the excessive\ncost that cell carriers charge for the bandwidth required to\ntext?",
    "tokens" : [ {
      "id" : "s5-t0",
      "begin" : 325,
      "end" : 327,
      "text" : "Is",
      "whiteSpace" : false
    }, {
      "id" : "s5-t1",
      "begin" : 328,
      "end" : 333,
      "text" : "there",
      "whiteSpace" : false
    }, {
      "id" : "s5-t2",
      "begin" : 334,
      "end" : 335,
      "text" : "a",
      "whiteSpace" : false
    }, {
      "id" : "s5-t3",
      "begin" : 336,
      "end" : 341,
      "text" : "limit",
      "whiteSpace" : false
    }, {
      "id" : "s5-t4",
      "begin" : 342,
      "end" : 344,
      "text" : "of",
      "whiteSpace" : false
    }, {
      "id" : "s5-t5",
      "begin" : 345,
      "end" : 355,
      "text" : "characters",
      "whiteSpace" : false
    }, {
      "id" : "s5-t6",
      "begin" : 356,
      "end" : 358,
      "text" : "to",
      "whiteSpace" : false
    }, {
      "id" : "s5-t7",
      "begin" : 359,
      "end" : 360,
      "text" : "a",
      "whiteSpace" : false
    }, {
      "id" : "s5-t8",
      "begin" : 361,
      "end" : 365,
      "text" : "text",
      "whiteSpace" : false
    }, {
      "id" : "s5-t9",
      "begin" : 366,
      "end" : 373,
      "text" : "message",
      "whiteSpace" : false
    }, {
      "id" : "s5-t10",
      "begin" : 373,
      "end" : 374,
      "text" : ",",
      "whiteSpace" : false
    }, {
      "id" : "s5-t11",
      "begin" : 375,
      "end" : 377,
      "text" : "or",
      "whiteSpace" : false
    }, {
      "id" : "s5-t12",
      "begin" : 378,
      "end" : 383,
      "text" : "could",
      "whiteSpace" : false
    }, {
      "id" : "s5-t13",
      "begin" : 384,
      "end" : 385,
      "text" : "I",
      "whiteSpace" : false
    }, {
      "id" : "s5-t14",
      "begin" : 386,
      "end" : 391,
      "text" : "email",
      "whiteSpace" : false
    }, {
      "id" : "s5-t15",
      "begin" : 392,
      "end" : 394,
      "text" : "to",
      "whiteSpace" : false
    }, {
      "id" : "s5-t16",
      "begin" : 395,
      "end" : 399,
      "text" : "text",
      "whiteSpace" : false
    }, {
      "id" : "s5-t17",
      "begin" : 400,
      "end" : 401,
      "text" : "a",
      "whiteSpace" : false
    }, {
      "id" : "s5-t18",
      "begin" : 402,
      "end" : 405,
      "text" : "big",
      "whiteSpace" : false
    }, {
      "id" : "s5-t19",
      "begin" : 406,
      "end" : 413,
      "text" : "message",
      "whiteSpace" : false
    }, {
      "id" : "s5-t20",
      "begin" : 414,
      "end" : 417,
      "text" : "and",
      "whiteSpace" : false
    }, {
      "id" : "s5-t21",
      "begin" : 418,
      "end" : 421,
      "text" : "try",
      "whiteSpace" : false
    }, {
      "id" : "s5-t22",
      "begin" : 422,
      "end" : 424,
      "text" : "to",
      "whiteSpace" : false
    }, {
      "id" : "s5-t23",
      "begin" : 425,
      "end" : 431,
      "text" : "recoup",
      "whiteSpace" : false
    }, {
      "id" : "s5-t24",
      "begin" : 432,
      "end" : 436,
      "text" : "some",
      "whiteSpace" : false
    }, {
      "id" : "s5-t25",
      "begin" : 437,
      "end" : 439,
      "text" : "of",
      "whiteSpace" : false
    }, {
      "id" : "s5-t26",
      "begin" : 440,
      "end" : 443,
      "text" : "the",
      "whiteSpace" : false
    }, {
      "id" : "s5-t27",
      "begin" : 444,
      "end" : 453,
      "text" : "excessive",
      "whiteSpace" : false
    }, {
      "id" : "s5-t28",
      "begin" : 454,
      "end" : 458,
      "text" : "cost",
      "whiteSpace" : false
    }, {
      "id" : "s5-t29",
      "begin" : 459,
      "end" : 463,
      "text" : "that",
      "whiteSpace" : false
    }, {
      "id" : "s5-t30",
      "begin" : 464,
      "end" : 468,
      "text" : "cell",
      "whiteSpace" : false
    }, {
      "id" : "s5-t31",
      "begin" : 469,
      "end" : 477,
      "text" : "carriers",
      "whiteSpace" : false
    }, {
      "id" : "s5-t32",
      "begin" : 478,
      "end" : 484,
      "text" : "charge",
      "whiteSpace" : false
    }, {
      "id" : "s5-t33",
      "begin" : 485,
      "end" : 488,
      "text" : "for",
      "whiteSpace" : false
    }, {
      "id" : "s5-t34",
      "begin" : 489,
      "end" : 492,
      "text" : "the",
      "whiteSpace" : false
    }, {
      "id" : "s5-t35",
      "begin" : 493,
      "end" : 502,
      "text" : "bandwidth",
      "whiteSpace" : false
    }, {
      "id" : "s5-t36",
      "begin" : 503,
      "end" : 511,
      "text" : "required",
      "whiteSpace" : false
    }, {
      "id" : "s5-t37",
      "begin" : 512,
      "end" : 514,
      "text" : "to",
      "whiteSpace" : false
    }, {
      "id" : "s5-t38",
      "begin" : 515,
      "end" : 519,
      "text" : "text",
      "whiteSpace" : false
    }, {
      "id" : "s5-t39",
      "begin" : 519,
      "end" : 520,
      "text" : "?",
      "whiteSpace" : false
    } ]
  }, {
    "id" : "s6",
    "begin" : 520,
    "end" : 553,
    "text" : "Thanks,mfunSolved!Go to Solution.",
    "tokens" : [ {
      "id" : "s6-t0",
      "begin" : 520,
      "end" : 526,
      "text" : "Thanks",
      "whiteSpace" : false
    }, {
      "id" : "s6-t1",
      "begin" : 526,
      "end" : 527,
      "text" : ",",
      "whiteSpace" : false
    }, {
      "id" : "s6-t2",
      "begin" : 527,
      "end" : 538,
      "text" : "mfunSolved!",
      "whiteSpace" : false
    }, {
      "id" : "s6-t3",
      "begin" : 538,
      "end" : 540,
      "text" : "Go",
      "whiteSpace" : false
    }, {
      "id" : "s6-t4",
      "begin" : 541,
      "end" : 543,
      "text" : "to",
      "whiteSpace" : false
    }, {
      "id" : "s6-t5",
      "begin" : 544,
      "end" : 552,
      "text" : "Solution",
      "whiteSpace" : false
    }, {
      "id" : "s6-t6",
      "begin" : 552,
      "end" : 553,
      "text" : ".",
      "whiteSpace" : false
    } ]
  } ],
  "mentions" : [ {
    "id" : "s0-m0",
    "properties" : {
      "SIRE_MENTION_ROLE" : "Voice_Text",
      "SIRE_ENTITY_SUBTYPE" : "NONE",
      "SIRE_MENTION_TYPE" : "NONE",
      "SIRE_MENTION_CLASS" : "SPC"
    },
    "type" : "Voice_Text",
    "begin" : 0,
    "end" : 13,
    "inCoref" : false
  }, {
    "id" : "s0-m3",
    "properties" : {
      "SIRE_MENTION_ROLE" : "Internet_Connectivity",
      "SIRE_ENTITY_SUBTYPE" : "NONE",
      "SIRE_MENTION_TYPE" : "NONE",
      "SIRE_MENTION_CLASS" : "SPC"
    },
    "type" : "Internet_Connectivity",
    "begin" : 17,
    "end" : 22,
    "inCoref" : false
  }, {
    "id" : "s0-m4",
    "properties" : {
      "SIRE_MENTION_ROLE" : "Internet_Connectivity",
      "SIRE_ENTITY_SUBTYPE" : "NONE",
      "SIRE_MENTION_TYPE" : "NONE",
      "SIRE_MENTION_CLASS" : "SPC"
    },
    "type" : "Internet_Connectivity",
    "begin" : 27,
    "end" : 32,
    "inCoref" : false
  }, {
    "id" : "s0-m5",
    "properties" : {
      "SIRE_MENTION_ROLE" : "Voice_Text",
      "SIRE_ENTITY_SUBTYPE" : "NONE",
      "SIRE_MENTION_TYPE" : "NONE",
      "SIRE_MENTION_CLASS" : "SPC"
    },
    "type" : "Voice_Text",
    "begin" : 36,
    "end" : 39,
    "inCoref" : false
  }, {
    "id" : "s0-m1",
    "properties" : {
      "SIRE_MENTION_ROLE" : "Service_Provider",
      "SIRE_MENTION_TYPE" : "NONE",
      "SIRE_ENTITY_SUBTYPE" : "NONE",
      "SIRE_MENTION_CLASS" : "SPC"
    },
    "type" : "Service_Provider",
    "begin" : 54,
    "end" : 57,
    "inCoref" : false
  }, {
    "id" : "s1-m1",
    "properties" : {
      "SIRE_MENTION_ROLE" : "Service_Plan",
      "SIRE_ENTITY_SUBTYPE" : "NONE",
      "SIRE_MENTION_TYPE" : "NONE",
      "SIRE_MENTION_CLASS" : "SPC"
    },
    "type" : "Service_Plan",
    "begin" : 83,
    "end" : 93,
    "inCoref" : false
  }, {
    "id" : "s1-m2",
    "properties" : {
      "SIRE_MENTION_ROLE" : "Service_Plan",
      "SIRE_ENTITY_SUBTYPE" : "NONE",
      "SIRE_MENTION_TYPE" : "NONE",
      "SIRE_MENTION_CLASS" : "SPC"
    },
    "type" : "Service_Plan",
    "begin" : 98,
    "end" : 108,
    "inCoref" : false
  }, {
    "id" : "s2-m2",
    "properties" : {
      "SIRE_MENTION_ROLE" : "Voice_Text",
      "SIRE_ENTITY_SUBTYPE" : "NONE",
      "SIRE_MENTION_TYPE" : "NONE",
      "SIRE_MENTION_CLASS" : "SPC"
    },
    "type" : "Voice_Text",
    "begin" : 130,
    "end" : 137,
    "inCoref" : false
  }, {
    "id" : "s2-m3",
    "properties" : {
      "SIRE_MENTION_ROLE" : "Voice_Text",
      "SIRE_ENTITY_SUBTYPE" : "NONE",
      "SIRE_MENTION_TYPE" : "NONE",
      "SIRE_MENTION_CLASS" : "SPC"
    },
    "type" : "Voice_Text",
    "begin" : 152,
    "end" : 164,
    "inCoref" : false
  }, {
    "id" : "s2-m4",
    "properties" : {
      "SIRE_MENTION_ROLE" : "Internet_Connectivity",
      "SIRE_ENTITY_SUBTYPE" : "NONE",
      "SIRE_MENTION_TYPE" : "NONE",
      "SIRE_MENTION_CLASS" : "SPC"
    },
    "type" : "Internet_Connectivity",
    "begin" : 171,
    "end" : 184,
    "inCoref" : false
  }, {
    "id" : "s3-m3",
    "properties" : {
      "SIRE_MENTION_ROLE" : "Internet_Connectivity",
      "SIRE_ENTITY_SUBTYPE" : "NONE",
      "SIRE_MENTION_TYPE" : "NONE",
      "SIRE_MENTION_CLASS" : "SPC"
    },
    "type" : "Internet_Connectivity",
    "begin" : 215,
    "end" : 220,
    "inCoref" : false
  }, {
    "id" : "s3-m2",
    "properties" : {
      "SIRE_MENTION_ROLE" : "Voice_Text",
      "SIRE_ENTITY_SUBTYPE" : "NONE",
      "SIRE_MENTION_TYPE" : "NONE",
      "SIRE_MENTION_CLASS" : "SPC"
    },
    "type" : "Voice_Text",
    "begin" : 223,
    "end" : 235,
    "inCoref" : false
  }, {
    "id" : "s5-m0",
    "properties" : {
      "SIRE_MENTION_ROLE" : "Service_Provider",
      "SIRE_MENTION_TYPE" : "NONE",
      "SIRE_ENTITY_SUBTYPE" : "NONE",
      "SIRE_MENTION_CLASS" : "SPC"
    },
    "type" : "Service_Provider",
    "begin" : 259,
    "end" : 262,
    "inCoref" : false
  }, {
    "id" : "s4-m1",
    "properties" : {
      "SIRE_MENTION_ROLE" : "Internet_Connectivity",
      "SIRE_ENTITY_SUBTYPE" : "NONE",
      "SIRE_MENTION_TYPE" : "NONE",
      "SIRE_MENTION_CLASS" : "SPC"
    },
    "type" : "Internet_Connectivity",
    "begin" : 320,
    "end" : 324,
    "inCoref" : false
  }, {
    "id" : "s5-m1",
    "properties" : {
      "SIRE_MENTION_ROLE" : "Voice_Text",
      "SIRE_ENTITY_SUBTYPE" : "NONE",
      "SIRE_MENTION_TYPE" : "NONE",
      "SIRE_MENTION_CLASS" : "SPC"
    },
    "type" : "Voice_Text",
    "begin" : 361,
    "end" : 373,
    "inCoref" : false
  }, {
    "id" : "s5-m2",
    "properties" : {
      "SIRE_MENTION_ROLE" : "Internet_Connectivity",
      "SIRE_ENTITY_SUBTYPE" : "NONE",
      "SIRE_MENTION_TYPE" : "NONE",
      "SIRE_MENTION_CLASS" : "SPC"
    },
    "type" : "Internet_Connectivity",
    "begin" : 386,
    "end" : 391,
    "inCoref" : false
  }, {
    "id" : "s5-m3",
    "properties" : {
      "SIRE_MENTION_ROLE" : "Voice_Text",
      "SIRE_ENTITY_SUBTYPE" : "NONE",
      "SIRE_MENTION_TYPE" : "NONE",
      "SIRE_MENTION_CLASS" : "SPC"
    },
    "type" : "Voice_Text",
    "begin" : 395,
    "end" : 399,
    "inCoref" : false
  }, {
    "id" : "s5-m4",
    "properties" : {
      "SIRE_MENTION_ROLE" : "Voice_Text",
      "SIRE_ENTITY_SUBTYPE" : "NONE",
      "SIRE_MENTION_TYPE" : "NONE",
      "SIRE_MENTION_CLASS" : "SPC"
    },
    "type" : "Voice_Text",
    "begin" : 515,
    "end" : 519,
    "inCoref" : false
  } ],
  "relations" : [ ],
  "corefs" : [ ],
  "typeResolved" : true,
  "userResolved" : false
}