{
  "id" : "6e85e360-fedb-11e6-ba59-934669a05b50-3",
  "name" : "0240de21e16fa743a7feaaea983fb500.txt",
  "version" : 3,
  "text" : "Visual Voicemail Share and Save options not working\n\nI have a handful of calls on the SAVED tab, but I need to export them in order\nto send as an attachment. Neither the Share out Export to File options do\nanything. I have a Samsung Galaxy S6 Edge. Can someone help me? I thought it\nmight be because of permissions but the spp had full permissions set to yes.\nThen I thought maybe it had to do with being on Wi-Fi, but shutting Wi-Fi off\ndidn't make a difference either.\n\n",
  "docLength" : 0,
  "language" : "EN",
  "status" : "READY",
  "modifiedDate" : 1488752062714,
  "documentSet" : [ ],
  "preannotation" : [ "PRE_LW" ],
  "sentences" : [ {
    "id" : "s0",
    "begin" : 0,
    "end" : 51,
    "text" : "Visual Voicemail Share and Save options not working",
    "tokens" : [ {
      "id" : "s0-t0",
      "begin" : 0,
      "end" : 6,
      "text" : "Visual",
      "whiteSpace" : false
    }, {
      "id" : "s0-t1",
      "begin" : 7,
      "end" : 16,
      "text" : "Voicemail",
      "whiteSpace" : false
    }, {
      "id" : "s0-t2",
      "begin" : 17,
      "end" : 22,
      "text" : "Share",
      "whiteSpace" : false
    }, {
      "id" : "s0-t3",
      "begin" : 23,
      "end" : 26,
      "text" : "and",
      "whiteSpace" : false
    }, {
      "id" : "s0-t4",
      "begin" : 27,
      "end" : 31,
      "text" : "Save",
      "whiteSpace" : false
    }, {
      "id" : "s0-t5",
      "begin" : 32,
      "end" : 39,
      "text" : "options",
      "whiteSpace" : false
    }, {
      "id" : "s0-t6",
      "begin" : 40,
      "end" : 43,
      "text" : "not",
      "whiteSpace" : false
    }, {
      "id" : "s0-t7",
      "begin" : 44,
      "end" : 51,
      "text" : "working",
      "whiteSpace" : false
    } ]
  }, {
    "id" : "s1",
    "begin" : 53,
    "end" : 157,
    "text" : "I have a handful of calls on the SAVED tab, but I need to export them in order\nto send as an attachment.",
    "tokens" : [ {
      "id" : "s1-t0",
      "begin" : 53,
      "end" : 54,
      "text" : "I",
      "whiteSpace" : false
    }, {
      "id" : "s1-t1",
      "begin" : 55,
      "end" : 59,
      "text" : "have",
      "whiteSpace" : false
    }, {
      "id" : "s1-t2",
      "begin" : 60,
      "end" : 61,
      "text" : "a",
      "whiteSpace" : false
    }, {
      "id" : "s1-t3",
      "begin" : 62,
      "end" : 69,
      "text" : "handful",
      "whiteSpace" : false
    }, {
      "id" : "s1-t4",
      "begin" : 70,
      "end" : 72,
      "text" : "of",
      "whiteSpace" : false
    }, {
      "id" : "s1-t5",
      "begin" : 73,
      "end" : 78,
      "text" : "calls",
      "whiteSpace" : false
    }, {
      "id" : "s1-t6",
      "begin" : 79,
      "end" : 81,
      "text" : "on",
      "whiteSpace" : false
    }, {
      "id" : "s1-t7",
      "begin" : 82,
      "end" : 85,
      "text" : "the",
      "whiteSpace" : false
    }, {
      "id" : "s1-t8",
      "begin" : 86,
      "end" : 91,
      "text" : "SAVED",
      "whiteSpace" : false
    }, {
      "id" : "s1-t9",
      "begin" : 92,
      "end" : 95,
      "text" : "tab",
      "whiteSpace" : false
    }, {
      "id" : "s1-t10",
      "begin" : 95,
      "end" : 96,
      "text" : ",",
      "whiteSpace" : false
    }, {
      "id" : "s1-t11",
      "begin" : 97,
      "end" : 100,
      "text" : "but",
      "whiteSpace" : false
    }, {
      "id" : "s1-t12",
      "begin" : 101,
      "end" : 102,
      "text" : "I",
      "whiteSpace" : false
    }, {
      "id" : "s1-t13",
      "begin" : 103,
      "end" : 107,
      "text" : "need",
      "whiteSpace" : false
    }, {
      "id" : "s1-t14",
      "begin" : 108,
      "end" : 110,
      "text" : "to",
      "whiteSpace" : false
    }, {
      "id" : "s1-t15",
      "begin" : 111,
      "end" : 117,
      "text" : "export",
      "whiteSpace" : false
    }, {
      "id" : "s1-t16",
      "begin" : 118,
      "end" : 122,
      "text" : "them",
      "whiteSpace" : false
    }, {
      "id" : "s1-t17",
      "begin" : 123,
      "end" : 125,
      "text" : "in",
      "whiteSpace" : false
    }, {
      "id" : "s1-t18",
      "begin" : 126,
      "end" : 131,
      "text" : "order",
      "whiteSpace" : false
    }, {
      "id" : "s1-t19",
      "begin" : 132,
      "end" : 134,
      "text" : "to",
      "whiteSpace" : false
    }, {
      "id" : "s1-t20",
      "begin" : 135,
      "end" : 139,
      "text" : "send",
      "whiteSpace" : false
    }, {
      "id" : "s1-t21",
      "begin" : 140,
      "end" : 142,
      "text" : "as",
      "whiteSpace" : false
    }, {
      "id" : "s1-t22",
      "begin" : 143,
      "end" : 145,
      "text" : "an",
      "whiteSpace" : false
    }, {
      "id" : "s1-t23",
      "begin" : 146,
      "end" : 156,
      "text" : "attachment",
      "whiteSpace" : false
    }, {
      "id" : "s1-t24",
      "begin" : 156,
      "end" : 157,
      "text" : ".",
      "whiteSpace" : false
    } ]
  }, {
    "id" : "s2",
    "begin" : 158,
    "end" : 215,
    "text" : "Neither the Share out Export to File options do\nanything.",
    "tokens" : [ {
      "id" : "s2-t0",
      "begin" : 158,
      "end" : 165,
      "text" : "Neither",
      "whiteSpace" : false
    }, {
      "id" : "s2-t1",
      "begin" : 166,
      "end" : 169,
      "text" : "the",
      "whiteSpace" : false
    }, {
      "id" : "s2-t2",
      "begin" : 170,
      "end" : 175,
      "text" : "Share",
      "whiteSpace" : false
    }, {
      "id" : "s2-t3",
      "begin" : 176,
      "end" : 179,
      "text" : "out",
      "whiteSpace" : false
    }, {
      "id" : "s2-t4",
      "begin" : 180,
      "end" : 186,
      "text" : "Export",
      "whiteSpace" : false
    }, {
      "id" : "s2-t5",
      "begin" : 187,
      "end" : 189,
      "text" : "to",
      "whiteSpace" : false
    }, {
      "id" : "s2-t6",
      "begin" : 190,
      "end" : 194,
      "text" : "File",
      "whiteSpace" : false
    }, {
      "id" : "s2-t7",
      "begin" : 195,
      "end" : 202,
      "text" : "options",
      "whiteSpace" : false
    }, {
      "id" : "s2-t8",
      "begin" : 203,
      "end" : 205,
      "text" : "do",
      "whiteSpace" : false
    }, {
      "id" : "s2-t9",
      "begin" : 206,
      "end" : 214,
      "text" : "anything",
      "whiteSpace" : false
    }, {
      "id" : "s2-t10",
      "begin" : 214,
      "end" : 215,
      "text" : ".",
      "whiteSpace" : false
    } ]
  }, {
    "id" : "s3",
    "begin" : 216,
    "end" : 248,
    "text" : "I have a Samsung Galaxy S6 Edge.",
    "tokens" : [ {
      "id" : "s3-t0",
      "begin" : 216,
      "end" : 217,
      "text" : "I",
      "whiteSpace" : false
    }, {
      "id" : "s3-t1",
      "begin" : 218,
      "end" : 222,
      "text" : "have",
      "whiteSpace" : false
    }, {
      "id" : "s3-t2",
      "begin" : 223,
      "end" : 224,
      "text" : "a",
      "whiteSpace" : false
    }, {
      "id" : "s3-t3",
      "begin" : 225,
      "end" : 232,
      "text" : "Samsung",
      "whiteSpace" : false
    }, {
      "id" : "s3-t4",
      "begin" : 233,
      "end" : 239,
      "text" : "Galaxy",
      "whiteSpace" : false
    }, {
      "id" : "s3-t5",
      "begin" : 240,
      "end" : 242,
      "text" : "S6",
      "whiteSpace" : false
    }, {
      "id" : "s3-t6",
      "begin" : 243,
      "end" : 247,
      "text" : "Edge",
      "whiteSpace" : false
    }, {
      "id" : "s3-t7",
      "begin" : 247,
      "end" : 248,
      "text" : ".",
      "whiteSpace" : false
    } ]
  }, {
    "id" : "s4",
    "begin" : 249,
    "end" : 269,
    "text" : "Can someone help me?",
    "tokens" : [ {
      "id" : "s4-t0",
      "begin" : 249,
      "end" : 252,
      "text" : "Can",
      "whiteSpace" : false
    }, {
      "id" : "s4-t1",
      "begin" : 253,
      "end" : 260,
      "text" : "someone",
      "whiteSpace" : false
    }, {
      "id" : "s4-t2",
      "begin" : 261,
      "end" : 265,
      "text" : "help",
      "whiteSpace" : false
    }, {
      "id" : "s4-t3",
      "begin" : 266,
      "end" : 268,
      "text" : "me",
      "whiteSpace" : false
    }, {
      "id" : "s4-t4",
      "begin" : 268,
      "end" : 269,
      "text" : "?",
      "whiteSpace" : false
    } ]
  }, {
    "id" : "s5",
    "begin" : 270,
    "end" : 359,
    "text" : "I thought it\nmight be because of permissions but the spp had full permissions set to yes.",
    "tokens" : [ {
      "id" : "s5-t0",
      "begin" : 270,
      "end" : 271,
      "text" : "I",
      "whiteSpace" : false
    }, {
      "id" : "s5-t1",
      "begin" : 272,
      "end" : 279,
      "text" : "thought",
      "whiteSpace" : false
    }, {
      "id" : "s5-t2",
      "begin" : 280,
      "end" : 282,
      "text" : "it",
      "whiteSpace" : false
    }, {
      "id" : "s5-t3",
      "begin" : 283,
      "end" : 288,
      "text" : "might",
      "whiteSpace" : false
    }, {
      "id" : "s5-t4",
      "begin" : 289,
      "end" : 291,
      "text" : "be",
      "whiteSpace" : false
    }, {
      "id" : "s5-t5",
      "begin" : 292,
      "end" : 299,
      "text" : "because",
      "whiteSpace" : false
    }, {
      "id" : "s5-t6",
      "begin" : 300,
      "end" : 302,
      "text" : "of",
      "whiteSpace" : false
    }, {
      "id" : "s5-t7",
      "begin" : 303,
      "end" : 314,
      "text" : "permissions",
      "whiteSpace" : false
    }, {
      "id" : "s5-t8",
      "begin" : 315,
      "end" : 318,
      "text" : "but",
      "whiteSpace" : false
    }, {
      "id" : "s5-t9",
      "begin" : 319,
      "end" : 322,
      "text" : "the",
      "whiteSpace" : false
    }, {
      "id" : "s5-t10",
      "begin" : 323,
      "end" : 326,
      "text" : "spp",
      "whiteSpace" : false
    }, {
      "id" : "s5-t11",
      "begin" : 327,
      "end" : 330,
      "text" : "had",
      "whiteSpace" : false
    }, {
      "id" : "s5-t12",
      "begin" : 331,
      "end" : 335,
      "text" : "full",
      "whiteSpace" : false
    }, {
      "id" : "s5-t13",
      "begin" : 336,
      "end" : 347,
      "text" : "permissions",
      "whiteSpace" : false
    }, {
      "id" : "s5-t14",
      "begin" : 348,
      "end" : 351,
      "text" : "set",
      "whiteSpace" : false
    }, {
      "id" : "s5-t15",
      "begin" : 352,
      "end" : 354,
      "text" : "to",
      "whiteSpace" : false
    }, {
      "id" : "s5-t16",
      "begin" : 355,
      "end" : 358,
      "text" : "yes",
      "whiteSpace" : false
    }, {
      "id" : "s5-t17",
      "begin" : 358,
      "end" : 359,
      "text" : ".",
      "whiteSpace" : false
    } ]
  }, {
    "id" : "s6",
    "begin" : 360,
    "end" : 470,
    "text" : "Then I thought maybe it had to do with being on Wi-Fi, but shutting Wi-Fi off\ndidn't make a difference either.",
    "tokens" : [ {
      "id" : "s6-t0",
      "begin" : 360,
      "end" : 364,
      "text" : "Then",
      "whiteSpace" : false
    }, {
      "id" : "s6-t1",
      "begin" : 365,
      "end" : 366,
      "text" : "I",
      "whiteSpace" : false
    }, {
      "id" : "s6-t2",
      "begin" : 367,
      "end" : 374,
      "text" : "thought",
      "whiteSpace" : false
    }, {
      "id" : "s6-t3",
      "begin" : 375,
      "end" : 380,
      "text" : "maybe",
      "whiteSpace" : false
    }, {
      "id" : "s6-t4",
      "begin" : 381,
      "end" : 383,
      "text" : "it",
      "whiteSpace" : false
    }, {
      "id" : "s6-t5",
      "begin" : 384,
      "end" : 387,
      "text" : "had",
      "whiteSpace" : false
    }, {
      "id" : "s6-t6",
      "begin" : 388,
      "end" : 390,
      "text" : "to",
      "whiteSpace" : false
    }, {
      "id" : "s6-t7",
      "begin" : 391,
      "end" : 393,
      "text" : "do",
      "whiteSpace" : false
    }, {
      "id" : "s6-t8",
      "begin" : 394,
      "end" : 398,
      "text" : "with",
      "whiteSpace" : false
    }, {
      "id" : "s6-t9",
      "begin" : 399,
      "end" : 404,
      "text" : "being",
      "whiteSpace" : false
    }, {
      "id" : "s6-t10",
      "begin" : 405,
      "end" : 407,
      "text" : "on",
      "whiteSpace" : false
    }, {
      "id" : "s6-t11",
      "begin" : 408,
      "end" : 413,
      "text" : "Wi-Fi",
      "whiteSpace" : false
    }, {
      "id" : "s6-t12",
      "begin" : 413,
      "end" : 414,
      "text" : ",",
      "whiteSpace" : false
    }, {
      "id" : "s6-t13",
      "begin" : 415,
      "end" : 418,
      "text" : "but",
      "whiteSpace" : false
    }, {
      "id" : "s6-t14",
      "begin" : 419,
      "end" : 427,
      "text" : "shutting",
      "whiteSpace" : false
    }, {
      "id" : "s6-t15",
      "begin" : 428,
      "end" : 433,
      "text" : "Wi-Fi",
      "whiteSpace" : false
    }, {
      "id" : "s6-t16",
      "begin" : 434,
      "end" : 437,
      "text" : "off",
      "whiteSpace" : false
    }, {
      "id" : "s6-t17",
      "begin" : 438,
      "end" : 441,
      "text" : "did",
      "whiteSpace" : false
    }, {
      "id" : "s6-t18",
      "begin" : 441,
      "end" : 444,
      "text" : "n't",
      "whiteSpace" : false
    }, {
      "id" : "s6-t19",
      "begin" : 445,
      "end" : 449,
      "text" : "make",
      "whiteSpace" : false
    }, {
      "id" : "s6-t20",
      "begin" : 450,
      "end" : 451,
      "text" : "a",
      "whiteSpace" : false
    }, {
      "id" : "s6-t21",
      "begin" : 452,
      "end" : 462,
      "text" : "difference",
      "whiteSpace" : false
    }, {
      "id" : "s6-t22",
      "begin" : 463,
      "end" : 469,
      "text" : "either",
      "whiteSpace" : false
    }, {
      "id" : "s6-t23",
      "begin" : 469,
      "end" : 470,
      "text" : ".",
      "whiteSpace" : false
    } ]
  } ],
  "mentions" : [ {
    "id" : "s0-m1",
    "properties" : {
      "SIRE_MENTION_ROLE" : "Voice_Text",
      "SIRE_ENTITY_SUBTYPE" : "NONE",
      "SIRE_MENTION_TYPE" : "NONE",
      "SIRE_MENTION_CLASS" : "SPC"
    },
    "type" : "Voice_Text",
    "begin" : 0,
    "end" : 16,
    "inCoref" : false
  }, {
    "id" : "s5-m1",
    "properties" : {
      "SIRE_MENTION_ROLE" : "Product",
      "SIRE_MENTION_TYPE" : "NONE",
      "SIRE_ENTITY_SUBTYPE" : "NONE",
      "SIRE_MENTION_CLASS" : "SPC"
    },
    "type" : "Product",
    "begin" : 225,
    "end" : 247,
    "inCoref" : false
  }, {
    "id" : "s6-m1",
    "properties" : {
      "SIRE_MENTION_ROLE" : "Internet_Connectivity",
      "SIRE_ENTITY_SUBTYPE" : "NONE",
      "SIRE_MENTION_TYPE" : "NONE",
      "SIRE_MENTION_CLASS" : "SPC"
    },
    "type" : "Internet_Connectivity",
    "begin" : 408,
    "end" : 413,
    "inCoref" : false
  }, {
    "id" : "s6-m2",
    "properties" : {
      "SIRE_MENTION_ROLE" : "Internet_Connectivity",
      "SIRE_ENTITY_SUBTYPE" : "NONE",
      "SIRE_MENTION_TYPE" : "NONE",
      "SIRE_MENTION_CLASS" : "SPC"
    },
    "type" : "Internet_Connectivity",
    "begin" : 428,
    "end" : 433,
    "inCoref" : false
  } ],
  "relations" : [ ],
  "corefs" : [ ],
  "typeResolved" : true,
  "userResolved" : false
}