{
  "id" : "6ee55690-fedd-11e6-a6f8-37d4ef31c6bc-0",
  "name" : "1913a5d757fd0d054472d3d31e1b6900.txt",
  "version" : 3,
  "text" : "Trying to connect my galaxy edge to my att account\n\nI got a new phone . Sim card is in but I don't know how to connect it to my\natt account.\n\n",
  "docLength" : 0,
  "language" : "EN",
  "status" : "READY",
  "modifiedDate" : 1488754792415,
  "documentSet" : [ ],
  "preannotation" : [ "PRE_LW" ],
  "sentences" : [ {
    "id" : "s0",
    "begin" : 0,
    "end" : 50,
    "text" : "Trying to connect my galaxy edge to my att account",
    "tokens" : [ {
      "id" : "s0-t0",
      "begin" : 0,
      "end" : 6,
      "text" : "Trying",
      "whiteSpace" : false
    }, {
      "id" : "s0-t1",
      "begin" : 7,
      "end" : 9,
      "text" : "to",
      "whiteSpace" : false
    }, {
      "id" : "s0-t2",
      "begin" : 10,
      "end" : 17,
      "text" : "connect",
      "whiteSpace" : false
    }, {
      "id" : "s0-t3",
      "begin" : 18,
      "end" : 20,
      "text" : "my",
      "whiteSpace" : false
    }, {
      "id" : "s0-t4",
      "begin" : 21,
      "end" : 27,
      "text" : "galaxy",
      "whiteSpace" : false
    }, {
      "id" : "s0-t5",
      "begin" : 28,
      "end" : 32,
      "text" : "edge",
      "whiteSpace" : false
    }, {
      "id" : "s0-t6",
      "begin" : 33,
      "end" : 35,
      "text" : "to",
      "whiteSpace" : false
    }, {
      "id" : "s0-t7",
      "begin" : 36,
      "end" : 38,
      "text" : "my",
      "whiteSpace" : false
    }, {
      "id" : "s0-t8",
      "begin" : 39,
      "end" : 42,
      "text" : "att",
      "whiteSpace" : false
    }, {
      "id" : "s0-t9",
      "begin" : 43,
      "end" : 50,
      "text" : "account",
      "whiteSpace" : false
    } ]
  }, {
    "id" : "s1",
    "begin" : 52,
    "end" : 71,
    "text" : "I got a new phone .",
    "tokens" : [ {
      "id" : "s1-t0",
      "begin" : 52,
      "end" : 53,
      "text" : "I",
      "whiteSpace" : false
    }, {
      "id" : "s1-t1",
      "begin" : 54,
      "end" : 57,
      "text" : "got",
      "whiteSpace" : false
    }, {
      "id" : "s1-t2",
      "begin" : 58,
      "end" : 59,
      "text" : "a",
      "whiteSpace" : false
    }, {
      "id" : "s1-t3",
      "begin" : 60,
      "end" : 63,
      "text" : "new",
      "whiteSpace" : false
    }, {
      "id" : "s1-t4",
      "begin" : 64,
      "end" : 69,
      "text" : "phone",
      "whiteSpace" : false
    }, {
      "id" : "s1-t5",
      "begin" : 70,
      "end" : 71,
      "text" : ".",
      "whiteSpace" : false
    } ]
  }, {
    "id" : "s2",
    "begin" : 72,
    "end" : 140,
    "text" : "Sim card is in but I don't know how to connect it to my\natt account.",
    "tokens" : [ {
      "id" : "s2-t0",
      "begin" : 72,
      "end" : 75,
      "text" : "Sim",
      "whiteSpace" : false
    }, {
      "id" : "s2-t1",
      "begin" : 76,
      "end" : 80,
      "text" : "card",
      "whiteSpace" : false
    }, {
      "id" : "s2-t2",
      "begin" : 81,
      "end" : 83,
      "text" : "is",
      "whiteSpace" : false
    }, {
      "id" : "s2-t3",
      "begin" : 84,
      "end" : 86,
      "text" : "in",
      "whiteSpace" : false
    }, {
      "id" : "s2-t4",
      "begin" : 87,
      "end" : 90,
      "text" : "but",
      "whiteSpace" : false
    }, {
      "id" : "s2-t5",
      "begin" : 91,
      "end" : 92,
      "text" : "I",
      "whiteSpace" : false
    }, {
      "id" : "s2-t6",
      "begin" : 93,
      "end" : 95,
      "text" : "do",
      "whiteSpace" : false
    }, {
      "id" : "s2-t7",
      "begin" : 95,
      "end" : 98,
      "text" : "n't",
      "whiteSpace" : false
    }, {
      "id" : "s2-t8",
      "begin" : 99,
      "end" : 103,
      "text" : "know",
      "whiteSpace" : false
    }, {
      "id" : "s2-t9",
      "begin" : 104,
      "end" : 107,
      "text" : "how",
      "whiteSpace" : false
    }, {
      "id" : "s2-t10",
      "begin" : 108,
      "end" : 110,
      "text" : "to",
      "whiteSpace" : false
    }, {
      "id" : "s2-t11",
      "begin" : 111,
      "end" : 118,
      "text" : "connect",
      "whiteSpace" : false
    }, {
      "id" : "s2-t12",
      "begin" : 119,
      "end" : 121,
      "text" : "it",
      "whiteSpace" : false
    }, {
      "id" : "s2-t13",
      "begin" : 122,
      "end" : 124,
      "text" : "to",
      "whiteSpace" : false
    }, {
      "id" : "s2-t14",
      "begin" : 125,
      "end" : 127,
      "text" : "my",
      "whiteSpace" : false
    }, {
      "id" : "s2-t15",
      "begin" : 128,
      "end" : 131,
      "text" : "att",
      "whiteSpace" : false
    }, {
      "id" : "s2-t16",
      "begin" : 132,
      "end" : 139,
      "text" : "account",
      "whiteSpace" : false
    }, {
      "id" : "s2-t17",
      "begin" : 139,
      "end" : 140,
      "text" : ".",
      "whiteSpace" : false
    } ]
  } ],
  "mentions" : [ {
    "id" : "s0-m0",
    "properties" : {
      "SIRE_MENTION_ROLE" : "Product",
      "SIRE_MENTION_TYPE" : "NONE",
      "SIRE_ENTITY_SUBTYPE" : "NONE",
      "SIRE_MENTION_CLASS" : "SPC"
    },
    "type" : "Product",
    "begin" : 21,
    "end" : 32,
    "inCoref" : false
  }, {
    "id" : "cm1",
    "properties" : {
      "SIRE_MENTION_ROLE" : "Service_Provider",
      "SIRE_ENTITY_SUBTYPE" : "NONE",
      "SIRE_MENTION_TYPE" : "NONE",
      "SIRE_MENTION_CLASS" : "SPC"
    },
    "type" : "Service_Provider",
    "begin" : 39,
    "end" : 42,
    "inCoref" : false
  }, {
    "id" : "s2-m2",
    "properties" : {
      "SIRE_MENTION_ROLE" : "Physical_Feature",
      "SIRE_ENTITY_SUBTYPE" : "NONE",
      "SIRE_MENTION_TYPE" : "NONE",
      "SIRE_MENTION_CLASS" : "SPC"
    },
    "type" : "Physical_Feature",
    "begin" : 72,
    "end" : 80,
    "inCoref" : false
  }, {
    "id" : "cm2",
    "properties" : {
      "SIRE_MENTION_ROLE" : "Service_Provider",
      "SIRE_ENTITY_SUBTYPE" : "NONE",
      "SIRE_MENTION_TYPE" : "NONE",
      "SIRE_MENTION_CLASS" : "SPC"
    },
    "type" : "Service_Provider",
    "begin" : 128,
    "end" : 131,
    "inCoref" : false
  } ],
  "relations" : [ ],
  "corefs" : [ ],
  "typeResolved" : true,
  "userResolved" : false
}