{
  "id" : "6ee55690-fedd-11e6-a6f8-37d4ef31c6bc-3",
  "name" : "1913a5d757fd0d054472d3d31e1ff5b0.txt",
  "version" : 3,
  "text" : "Inspire - Video stops playing every 60 seconds\n\nAny video I try to watch on my phone (streaming or from the SD card), stops\nand goes blank after 60 seconds. I have to tap it and then tap the play button\nagain, which takes a few seconds. Every 60 seconds. Surely this isn't how it\nis supposed to work? I am using the default viewer on the phone.Solved!Go to\nSolution.\n\n",
  "docLength" : 0,
  "language" : "EN",
  "status" : "READY",
  "modifiedDate" : 1488754865038,
  "documentSet" : [ ],
  "preannotation" : [ "PRE_LW" ],
  "sentences" : [ {
    "id" : "s0",
    "begin" : 0,
    "end" : 46,
    "text" : "Inspire - Video stops playing every 60 seconds",
    "tokens" : [ {
      "id" : "s0-t0",
      "begin" : 0,
      "end" : 7,
      "text" : "Inspire",
      "whiteSpace" : false
    }, {
      "id" : "s0-t1",
      "begin" : 8,
      "end" : 9,
      "text" : "-",
      "whiteSpace" : false
    }, {
      "id" : "s0-t2",
      "begin" : 10,
      "end" : 15,
      "text" : "Video",
      "whiteSpace" : false
    }, {
      "id" : "s0-t3",
      "begin" : 16,
      "end" : 21,
      "text" : "stops",
      "whiteSpace" : false
    }, {
      "id" : "s0-t4",
      "begin" : 22,
      "end" : 29,
      "text" : "playing",
      "whiteSpace" : false
    }, {
      "id" : "s0-t5",
      "begin" : 30,
      "end" : 35,
      "text" : "every",
      "whiteSpace" : false
    }, {
      "id" : "s0-t6",
      "begin" : 36,
      "end" : 38,
      "text" : "60",
      "whiteSpace" : false
    }, {
      "id" : "s0-t7",
      "begin" : 39,
      "end" : 46,
      "text" : "seconds",
      "whiteSpace" : false
    } ]
  }, {
    "id" : "s1",
    "begin" : 48,
    "end" : 156,
    "text" : "Any video I try to watch on my phone (streaming or from the SD card), stops\nand goes blank after 60 seconds.",
    "tokens" : [ {
      "id" : "s1-t0",
      "begin" : 48,
      "end" : 51,
      "text" : "Any",
      "whiteSpace" : false
    }, {
      "id" : "s1-t1",
      "begin" : 52,
      "end" : 57,
      "text" : "video",
      "whiteSpace" : false
    }, {
      "id" : "s1-t2",
      "begin" : 58,
      "end" : 59,
      "text" : "I",
      "whiteSpace" : false
    }, {
      "id" : "s1-t3",
      "begin" : 60,
      "end" : 63,
      "text" : "try",
      "whiteSpace" : false
    }, {
      "id" : "s1-t4",
      "begin" : 64,
      "end" : 66,
      "text" : "to",
      "whiteSpace" : false
    }, {
      "id" : "s1-t5",
      "begin" : 67,
      "end" : 72,
      "text" : "watch",
      "whiteSpace" : false
    }, {
      "id" : "s1-t6",
      "begin" : 73,
      "end" : 75,
      "text" : "on",
      "whiteSpace" : false
    }, {
      "id" : "s1-t7",
      "begin" : 76,
      "end" : 78,
      "text" : "my",
      "whiteSpace" : false
    }, {
      "id" : "s1-t8",
      "begin" : 79,
      "end" : 84,
      "text" : "phone",
      "whiteSpace" : false
    }, {
      "id" : "s1-t9",
      "begin" : 85,
      "end" : 86,
      "text" : "(",
      "whiteSpace" : false
    }, {
      "id" : "s1-t10",
      "begin" : 86,
      "end" : 95,
      "text" : "streaming",
      "whiteSpace" : false
    }, {
      "id" : "s1-t11",
      "begin" : 96,
      "end" : 98,
      "text" : "or",
      "whiteSpace" : false
    }, {
      "id" : "s1-t12",
      "begin" : 99,
      "end" : 103,
      "text" : "from",
      "whiteSpace" : false
    }, {
      "id" : "s1-t13",
      "begin" : 104,
      "end" : 107,
      "text" : "the",
      "whiteSpace" : false
    }, {
      "id" : "s1-t14",
      "begin" : 108,
      "end" : 110,
      "text" : "SD",
      "whiteSpace" : false
    }, {
      "id" : "s1-t15",
      "begin" : 111,
      "end" : 115,
      "text" : "card",
      "whiteSpace" : false
    }, {
      "id" : "s1-t16",
      "begin" : 115,
      "end" : 116,
      "text" : ")",
      "whiteSpace" : false
    }, {
      "id" : "s1-t17",
      "begin" : 116,
      "end" : 117,
      "text" : ",",
      "whiteSpace" : false
    }, {
      "id" : "s1-t18",
      "begin" : 118,
      "end" : 123,
      "text" : "stops",
      "whiteSpace" : false
    }, {
      "id" : "s1-t19",
      "begin" : 124,
      "end" : 127,
      "text" : "and",
      "whiteSpace" : false
    }, {
      "id" : "s1-t20",
      "begin" : 128,
      "end" : 132,
      "text" : "goes",
      "whiteSpace" : false
    }, {
      "id" : "s1-t21",
      "begin" : 133,
      "end" : 138,
      "text" : "blank",
      "whiteSpace" : false
    }, {
      "id" : "s1-t22",
      "begin" : 139,
      "end" : 144,
      "text" : "after",
      "whiteSpace" : false
    }, {
      "id" : "s1-t23",
      "begin" : 145,
      "end" : 147,
      "text" : "60",
      "whiteSpace" : false
    }, {
      "id" : "s1-t24",
      "begin" : 148,
      "end" : 155,
      "text" : "seconds",
      "whiteSpace" : false
    }, {
      "id" : "s1-t25",
      "begin" : 155,
      "end" : 156,
      "text" : ".",
      "whiteSpace" : false
    } ]
  }, {
    "id" : "s2",
    "begin" : 157,
    "end" : 236,
    "text" : "I have to tap it and then tap the play button\nagain, which takes a few seconds.",
    "tokens" : [ {
      "id" : "s2-t0",
      "begin" : 157,
      "end" : 158,
      "text" : "I",
      "whiteSpace" : false
    }, {
      "id" : "s2-t1",
      "begin" : 159,
      "end" : 163,
      "text" : "have",
      "whiteSpace" : false
    }, {
      "id" : "s2-t2",
      "begin" : 164,
      "end" : 166,
      "text" : "to",
      "whiteSpace" : false
    }, {
      "id" : "s2-t3",
      "begin" : 167,
      "end" : 170,
      "text" : "tap",
      "whiteSpace" : false
    }, {
      "id" : "s2-t4",
      "begin" : 171,
      "end" : 173,
      "text" : "it",
      "whiteSpace" : false
    }, {
      "id" : "s2-t5",
      "begin" : 174,
      "end" : 177,
      "text" : "and",
      "whiteSpace" : false
    }, {
      "id" : "s2-t6",
      "begin" : 178,
      "end" : 182,
      "text" : "then",
      "whiteSpace" : false
    }, {
      "id" : "s2-t7",
      "begin" : 183,
      "end" : 186,
      "text" : "tap",
      "whiteSpace" : false
    }, {
      "id" : "s2-t8",
      "begin" : 187,
      "end" : 190,
      "text" : "the",
      "whiteSpace" : false
    }, {
      "id" : "s2-t9",
      "begin" : 191,
      "end" : 195,
      "text" : "play",
      "whiteSpace" : false
    }, {
      "id" : "s2-t10",
      "begin" : 196,
      "end" : 202,
      "text" : "button",
      "whiteSpace" : false
    }, {
      "id" : "s2-t11",
      "begin" : 203,
      "end" : 208,
      "text" : "again",
      "whiteSpace" : false
    }, {
      "id" : "s2-t12",
      "begin" : 208,
      "end" : 209,
      "text" : ",",
      "whiteSpace" : false
    }, {
      "id" : "s2-t13",
      "begin" : 210,
      "end" : 215,
      "text" : "which",
      "whiteSpace" : false
    }, {
      "id" : "s2-t14",
      "begin" : 216,
      "end" : 221,
      "text" : "takes",
      "whiteSpace" : false
    }, {
      "id" : "s2-t15",
      "begin" : 222,
      "end" : 223,
      "text" : "a",
      "whiteSpace" : false
    }, {
      "id" : "s2-t16",
      "begin" : 224,
      "end" : 227,
      "text" : "few",
      "whiteSpace" : false
    }, {
      "id" : "s2-t17",
      "begin" : 228,
      "end" : 235,
      "text" : "seconds",
      "whiteSpace" : false
    }, {
      "id" : "s2-t18",
      "begin" : 235,
      "end" : 236,
      "text" : ".",
      "whiteSpace" : false
    } ]
  }, {
    "id" : "s3",
    "begin" : 237,
    "end" : 254,
    "text" : "Every 60 seconds.",
    "tokens" : [ {
      "id" : "s3-t0",
      "begin" : 237,
      "end" : 242,
      "text" : "Every",
      "whiteSpace" : false
    }, {
      "id" : "s3-t1",
      "begin" : 243,
      "end" : 245,
      "text" : "60",
      "whiteSpace" : false
    }, {
      "id" : "s3-t2",
      "begin" : 246,
      "end" : 253,
      "text" : "seconds",
      "whiteSpace" : false
    }, {
      "id" : "s3-t3",
      "begin" : 253,
      "end" : 254,
      "text" : ".",
      "whiteSpace" : false
    } ]
  }, {
    "id" : "s4",
    "begin" : 255,
    "end" : 300,
    "text" : "Surely this isn't how it\nis supposed to work?",
    "tokens" : [ {
      "id" : "s4-t0",
      "begin" : 255,
      "end" : 261,
      "text" : "Surely",
      "whiteSpace" : false
    }, {
      "id" : "s4-t1",
      "begin" : 262,
      "end" : 266,
      "text" : "this",
      "whiteSpace" : false
    }, {
      "id" : "s4-t2",
      "begin" : 267,
      "end" : 269,
      "text" : "is",
      "whiteSpace" : false
    }, {
      "id" : "s4-t3",
      "begin" : 269,
      "end" : 272,
      "text" : "n't",
      "whiteSpace" : false
    }, {
      "id" : "s4-t4",
      "begin" : 273,
      "end" : 276,
      "text" : "how",
      "whiteSpace" : false
    }, {
      "id" : "s4-t5",
      "begin" : 277,
      "end" : 279,
      "text" : "it",
      "whiteSpace" : false
    }, {
      "id" : "s4-t6",
      "begin" : 280,
      "end" : 282,
      "text" : "is",
      "whiteSpace" : false
    }, {
      "id" : "s4-t7",
      "begin" : 283,
      "end" : 291,
      "text" : "supposed",
      "whiteSpace" : false
    }, {
      "id" : "s4-t8",
      "begin" : 292,
      "end" : 294,
      "text" : "to",
      "whiteSpace" : false
    }, {
      "id" : "s4-t9",
      "begin" : 295,
      "end" : 299,
      "text" : "work",
      "whiteSpace" : false
    }, {
      "id" : "s4-t10",
      "begin" : 299,
      "end" : 300,
      "text" : "?",
      "whiteSpace" : false
    } ]
  }, {
    "id" : "s5",
    "begin" : 301,
    "end" : 366,
    "text" : "I am using the default viewer on the phone.Solved!Go to\nSolution.",
    "tokens" : [ {
      "id" : "s5-t0",
      "begin" : 301,
      "end" : 302,
      "text" : "I",
      "whiteSpace" : false
    }, {
      "id" : "s5-t1",
      "begin" : 303,
      "end" : 305,
      "text" : "am",
      "whiteSpace" : false
    }, {
      "id" : "s5-t2",
      "begin" : 306,
      "end" : 311,
      "text" : "using",
      "whiteSpace" : false
    }, {
      "id" : "s5-t3",
      "begin" : 312,
      "end" : 315,
      "text" : "the",
      "whiteSpace" : false
    }, {
      "id" : "s5-t4",
      "begin" : 316,
      "end" : 323,
      "text" : "default",
      "whiteSpace" : false
    }, {
      "id" : "s5-t5",
      "begin" : 324,
      "end" : 330,
      "text" : "viewer",
      "whiteSpace" : false
    }, {
      "id" : "s5-t6",
      "begin" : 331,
      "end" : 333,
      "text" : "on",
      "whiteSpace" : false
    }, {
      "id" : "s5-t7",
      "begin" : 334,
      "end" : 337,
      "text" : "the",
      "whiteSpace" : false
    }, {
      "id" : "s5-t8",
      "begin" : 338,
      "end" : 351,
      "text" : "phone.Solved!",
      "whiteSpace" : false
    }, {
      "id" : "s5-t9",
      "begin" : 351,
      "end" : 353,
      "text" : "Go",
      "whiteSpace" : false
    }, {
      "id" : "s5-t10",
      "begin" : 354,
      "end" : 356,
      "text" : "to",
      "whiteSpace" : false
    }, {
      "id" : "s5-t11",
      "begin" : 357,
      "end" : 365,
      "text" : "Solution",
      "whiteSpace" : false
    }, {
      "id" : "s5-t12",
      "begin" : 365,
      "end" : 366,
      "text" : ".",
      "whiteSpace" : false
    } ]
  } ],
  "mentions" : [ {
    "id" : "s1-m1",
    "properties" : {
      "SIRE_MENTION_ROLE" : "Physical_Feature",
      "SIRE_ENTITY_SUBTYPE" : "NONE",
      "SIRE_MENTION_TYPE" : "NONE",
      "SIRE_MENTION_CLASS" : "SPC"
    },
    "type" : "Physical_Feature",
    "begin" : 108,
    "end" : 115,
    "inCoref" : false
  } ],
  "relations" : [ ],
  "corefs" : [ ],
  "typeResolved" : true,
  "userResolved" : false
}