{
  "id" : "703f0fa0-fedc-11e6-b6a8-69b60c169944-7",
  "name" : "352a4b22276bdd30b71dbf36cb9eef89.txt",
  "version" : 3,
  "text" : "How can I block a phone number from calling my Apple 3g phone?\n\nSolved!Go to Solution.\n\n",
  "docLength" : 0,
  "language" : "EN",
  "status" : "READY",
  "modifiedDate" : 1488751181371,
  "documentSet" : [ ],
  "preannotation" : [ "PRE_LW" ],
  "sentences" : [ {
    "id" : "s0",
    "begin" : 0,
    "end" : 62,
    "text" : "How can I block a phone number from calling my Apple 3g phone?",
    "tokens" : [ {
      "id" : "s0-t0",
      "begin" : 0,
      "end" : 3,
      "text" : "How",
      "whiteSpace" : false
    }, {
      "id" : "s0-t1",
      "begin" : 4,
      "end" : 7,
      "text" : "can",
      "whiteSpace" : false
    }, {
      "id" : "s0-t2",
      "begin" : 8,
      "end" : 9,
      "text" : "I",
      "whiteSpace" : false
    }, {
      "id" : "s0-t3",
      "begin" : 10,
      "end" : 15,
      "text" : "block",
      "whiteSpace" : false
    }, {
      "id" : "s0-t4",
      "begin" : 16,
      "end" : 17,
      "text" : "a",
      "whiteSpace" : false
    }, {
      "id" : "s0-t5",
      "begin" : 18,
      "end" : 23,
      "text" : "phone",
      "whiteSpace" : false
    }, {
      "id" : "s0-t6",
      "begin" : 24,
      "end" : 30,
      "text" : "number",
      "whiteSpace" : false
    }, {
      "id" : "s0-t7",
      "begin" : 31,
      "end" : 35,
      "text" : "from",
      "whiteSpace" : false
    }, {
      "id" : "s0-t8",
      "begin" : 36,
      "end" : 43,
      "text" : "calling",
      "whiteSpace" : false
    }, {
      "id" : "s0-t9",
      "begin" : 44,
      "end" : 46,
      "text" : "my",
      "whiteSpace" : false
    }, {
      "id" : "s0-t10",
      "begin" : 47,
      "end" : 52,
      "text" : "Apple",
      "whiteSpace" : false
    }, {
      "id" : "s0-t11",
      "begin" : 53,
      "end" : 55,
      "text" : "3g",
      "whiteSpace" : false
    }, {
      "id" : "s0-t12",
      "begin" : 56,
      "end" : 61,
      "text" : "phone",
      "whiteSpace" : false
    }, {
      "id" : "s0-t13",
      "begin" : 61,
      "end" : 62,
      "text" : "?",
      "whiteSpace" : false
    } ]
  }, {
    "id" : "s1",
    "begin" : 64,
    "end" : 71,
    "text" : "Solved!",
    "tokens" : [ {
      "id" : "s1-t0",
      "begin" : 64,
      "end" : 70,
      "text" : "Solved",
      "whiteSpace" : false
    }, {
      "id" : "s1-t1",
      "begin" : 70,
      "end" : 71,
      "text" : "!",
      "whiteSpace" : false
    } ]
  }, {
    "id" : "s2",
    "begin" : 71,
    "end" : 86,
    "text" : "Go to Solution.",
    "tokens" : [ {
      "id" : "s2-t0",
      "begin" : 71,
      "end" : 73,
      "text" : "Go",
      "whiteSpace" : false
    }, {
      "id" : "s2-t1",
      "begin" : 74,
      "end" : 76,
      "text" : "to",
      "whiteSpace" : false
    }, {
      "id" : "s2-t2",
      "begin" : 77,
      "end" : 85,
      "text" : "Solution",
      "whiteSpace" : false
    }, {
      "id" : "s2-t3",
      "begin" : 85,
      "end" : 86,
      "text" : ".",
      "whiteSpace" : false
    } ]
  } ],
  "mentions" : [ {
    "id" : "s0-m3",
    "properties" : {
      "SIRE_MENTION_ROLE" : "Voice_Text",
      "SIRE_ENTITY_SUBTYPE" : "NONE",
      "SIRE_MENTION_TYPE" : "NONE",
      "SIRE_MENTION_CLASS" : "SPC"
    },
    "type" : "Voice_Text",
    "begin" : 36,
    "end" : 43,
    "inCoref" : false
  }, {
    "id" : "s0-m2",
    "properties" : {
      "SIRE_MENTION_ROLE" : "Product",
      "SIRE_ENTITY_SUBTYPE" : "NONE",
      "SIRE_MENTION_TYPE" : "NONE",
      "SIRE_MENTION_CLASS" : "SPC"
    },
    "type" : "Product",
    "begin" : 47,
    "end" : 55,
    "inCoref" : false
  } ],
  "relations" : [ ],
  "corefs" : [ ],
  "typeResolved" : true,
  "userResolved" : false
}