{
  "id" : "703f0fa0-fedc-11e6-b6a8-69b60c169944-1",
  "name" : "3fafcffaba489f8f55dc0bfbc317bba8.txt",
  "version" : 3,
  "text" : "Go phone problems on unlocked Japanese iPhone 7\n\nJust purchased go phone service. Cannot access internet through cell service.\nTexting and calls are ok. Cell settings are ok, tried powering on and off and\nresetting network settings.... still no luck.\n\n",
  "docLength" : 0,
  "language" : "EN",
  "status" : "READY",
  "modifiedDate" : 1488751114093,
  "documentSet" : [ ],
  "preannotation" : [ "PRE_LW" ],
  "sentences" : [ {
    "id" : "s0",
    "begin" : 0,
    "end" : 47,
    "text" : "Go phone problems on unlocked Japanese iPhone 7",
    "tokens" : [ {
      "id" : "s0-t0",
      "begin" : 0,
      "end" : 2,
      "text" : "Go",
      "whiteSpace" : false
    }, {
      "id" : "s0-t1",
      "begin" : 3,
      "end" : 8,
      "text" : "phone",
      "whiteSpace" : false
    }, {
      "id" : "s0-t2",
      "begin" : 9,
      "end" : 17,
      "text" : "problems",
      "whiteSpace" : false
    }, {
      "id" : "s0-t3",
      "begin" : 18,
      "end" : 20,
      "text" : "on",
      "whiteSpace" : false
    }, {
      "id" : "s0-t4",
      "begin" : 21,
      "end" : 29,
      "text" : "unlocked",
      "whiteSpace" : false
    }, {
      "id" : "s0-t5",
      "begin" : 30,
      "end" : 38,
      "text" : "Japanese",
      "whiteSpace" : false
    }, {
      "id" : "s0-t6",
      "begin" : 39,
      "end" : 45,
      "text" : "iPhone",
      "whiteSpace" : false
    }, {
      "id" : "s0-t7",
      "begin" : 46,
      "end" : 47,
      "text" : "7",
      "whiteSpace" : false
    } ]
  }, {
    "id" : "s1",
    "begin" : 49,
    "end" : 81,
    "text" : "Just purchased go phone service.",
    "tokens" : [ {
      "id" : "s1-t0",
      "begin" : 49,
      "end" : 53,
      "text" : "Just",
      "whiteSpace" : false
    }, {
      "id" : "s1-t1",
      "begin" : 54,
      "end" : 63,
      "text" : "purchased",
      "whiteSpace" : false
    }, {
      "id" : "s1-t2",
      "begin" : 64,
      "end" : 66,
      "text" : "go",
      "whiteSpace" : false
    }, {
      "id" : "s1-t3",
      "begin" : 67,
      "end" : 72,
      "text" : "phone",
      "whiteSpace" : false
    }, {
      "id" : "s1-t4",
      "begin" : 73,
      "end" : 80,
      "text" : "service",
      "whiteSpace" : false
    }, {
      "id" : "s1-t5",
      "begin" : 80,
      "end" : 81,
      "text" : ".",
      "whiteSpace" : false
    } ]
  }, {
    "id" : "s2",
    "begin" : 82,
    "end" : 126,
    "text" : "Cannot access internet through cell service.",
    "tokens" : [ {
      "id" : "s2-t0",
      "begin" : 82,
      "end" : 88,
      "text" : "Cannot",
      "whiteSpace" : false
    }, {
      "id" : "s2-t1",
      "begin" : 89,
      "end" : 95,
      "text" : "access",
      "whiteSpace" : false
    }, {
      "id" : "s2-t2",
      "begin" : 96,
      "end" : 104,
      "text" : "internet",
      "whiteSpace" : false
    }, {
      "id" : "s2-t3",
      "begin" : 105,
      "end" : 112,
      "text" : "through",
      "whiteSpace" : false
    }, {
      "id" : "s2-t4",
      "begin" : 113,
      "end" : 117,
      "text" : "cell",
      "whiteSpace" : false
    }, {
      "id" : "s2-t5",
      "begin" : 118,
      "end" : 125,
      "text" : "service",
      "whiteSpace" : false
    }, {
      "id" : "s2-t6",
      "begin" : 125,
      "end" : 126,
      "text" : ".",
      "whiteSpace" : false
    } ]
  }, {
    "id" : "s3",
    "begin" : 127,
    "end" : 152,
    "text" : "Texting and calls are ok.",
    "tokens" : [ {
      "id" : "s3-t0",
      "begin" : 127,
      "end" : 134,
      "text" : "Texting",
      "whiteSpace" : false
    }, {
      "id" : "s3-t1",
      "begin" : 135,
      "end" : 138,
      "text" : "and",
      "whiteSpace" : false
    }, {
      "id" : "s3-t2",
      "begin" : 139,
      "end" : 144,
      "text" : "calls",
      "whiteSpace" : false
    }, {
      "id" : "s3-t3",
      "begin" : 145,
      "end" : 148,
      "text" : "are",
      "whiteSpace" : false
    }, {
      "id" : "s3-t4",
      "begin" : 149,
      "end" : 151,
      "text" : "ok",
      "whiteSpace" : false
    }, {
      "id" : "s3-t5",
      "begin" : 151,
      "end" : 152,
      "text" : ".",
      "whiteSpace" : false
    } ]
  }, {
    "id" : "s4",
    "begin" : 153,
    "end" : 250,
    "text" : "Cell settings are ok, tried powering on and off and\nresetting network settings.... still no luck.",
    "tokens" : [ {
      "id" : "s4-t0",
      "begin" : 153,
      "end" : 157,
      "text" : "Cell",
      "whiteSpace" : false
    }, {
      "id" : "s4-t1",
      "begin" : 158,
      "end" : 166,
      "text" : "settings",
      "whiteSpace" : false
    }, {
      "id" : "s4-t2",
      "begin" : 167,
      "end" : 170,
      "text" : "are",
      "whiteSpace" : false
    }, {
      "id" : "s4-t3",
      "begin" : 171,
      "end" : 173,
      "text" : "ok",
      "whiteSpace" : false
    }, {
      "id" : "s4-t4",
      "begin" : 173,
      "end" : 174,
      "text" : ",",
      "whiteSpace" : false
    }, {
      "id" : "s4-t5",
      "begin" : 175,
      "end" : 180,
      "text" : "tried",
      "whiteSpace" : false
    }, {
      "id" : "s4-t6",
      "begin" : 181,
      "end" : 189,
      "text" : "powering",
      "whiteSpace" : false
    }, {
      "id" : "s4-t7",
      "begin" : 190,
      "end" : 192,
      "text" : "on",
      "whiteSpace" : false
    }, {
      "id" : "s4-t8",
      "begin" : 193,
      "end" : 196,
      "text" : "and",
      "whiteSpace" : false
    }, {
      "id" : "s4-t9",
      "begin" : 197,
      "end" : 200,
      "text" : "off",
      "whiteSpace" : false
    }, {
      "id" : "s4-t10",
      "begin" : 201,
      "end" : 204,
      "text" : "and",
      "whiteSpace" : false
    }, {
      "id" : "s4-t11",
      "begin" : 205,
      "end" : 214,
      "text" : "resetting",
      "whiteSpace" : false
    }, {
      "id" : "s4-t12",
      "begin" : 215,
      "end" : 222,
      "text" : "network",
      "whiteSpace" : false
    }, {
      "id" : "s4-t13",
      "begin" : 223,
      "end" : 231,
      "text" : "settings",
      "whiteSpace" : false
    }, {
      "id" : "s4-t14",
      "begin" : 231,
      "end" : 235,
      "text" : "....",
      "whiteSpace" : false
    }, {
      "id" : "s4-t15",
      "begin" : 236,
      "end" : 241,
      "text" : "still",
      "whiteSpace" : false
    }, {
      "id" : "s4-t16",
      "begin" : 242,
      "end" : 244,
      "text" : "no",
      "whiteSpace" : false
    }, {
      "id" : "s4-t17",
      "begin" : 245,
      "end" : 249,
      "text" : "luck",
      "whiteSpace" : false
    }, {
      "id" : "s4-t18",
      "begin" : 249,
      "end" : 250,
      "text" : ".",
      "whiteSpace" : false
    } ]
  } ],
  "mentions" : [ {
    "id" : "s0-m2",
    "properties" : {
      "SIRE_MENTION_ROLE" : "Product",
      "SIRE_ENTITY_SUBTYPE" : "NONE",
      "SIRE_MENTION_TYPE" : "NONE",
      "SIRE_MENTION_CLASS" : "SPC"
    },
    "type" : "Product",
    "begin" : 0,
    "end" : 8,
    "inCoref" : false
  }, {
    "id" : "s0-m1",
    "properties" : {
      "SIRE_MENTION_ROLE" : "Product",
      "SIRE_ENTITY_SUBTYPE" : "NONE",
      "SIRE_MENTION_TYPE" : "NONE",
      "SIRE_MENTION_CLASS" : "SPC"
    },
    "type" : "Product",
    "begin" : 39,
    "end" : 47,
    "inCoref" : false
  }, {
    "id" : "s1-m1",
    "properties" : {
      "SIRE_MENTION_ROLE" : "Product",
      "SIRE_ENTITY_SUBTYPE" : "NONE",
      "SIRE_MENTION_TYPE" : "NONE",
      "SIRE_MENTION_CLASS" : "SPC"
    },
    "type" : "Product",
    "begin" : 64,
    "end" : 72,
    "inCoref" : false
  }, {
    "id" : "s1-m2",
    "properties" : {
      "SIRE_MENTION_ROLE" : "Voice_Text",
      "SIRE_ENTITY_SUBTYPE" : "NONE",
      "SIRE_MENTION_TYPE" : "NONE",
      "SIRE_MENTION_CLASS" : "SPC"
    },
    "type" : "Voice_Text",
    "begin" : 73,
    "end" : 80,
    "inCoref" : false
  }, {
    "id" : "s2-m0",
    "properties" : {
      "SIRE_MENTION_ROLE" : "Internet_Connectivity",
      "SIRE_ENTITY_SUBTYPE" : "NONE",
      "SIRE_MENTION_TYPE" : "NONE",
      "SIRE_MENTION_CLASS" : "SPC"
    },
    "type" : "Internet_Connectivity",
    "begin" : 96,
    "end" : 104,
    "inCoref" : false
  }, {
    "id" : "s2-m2",
    "properties" : {
      "SIRE_MENTION_ROLE" : "Internet_Connectivity",
      "SIRE_ENTITY_SUBTYPE" : "NONE",
      "SIRE_MENTION_TYPE" : "NONE",
      "SIRE_MENTION_CLASS" : "SPC"
    },
    "type" : "Internet_Connectivity",
    "begin" : 113,
    "end" : 125,
    "inCoref" : false
  }, {
    "id" : "s3-m1",
    "properties" : {
      "SIRE_MENTION_ROLE" : "Voice_Text",
      "SIRE_ENTITY_SUBTYPE" : "NONE",
      "SIRE_MENTION_TYPE" : "NONE",
      "SIRE_MENTION_CLASS" : "SPC"
    },
    "type" : "Voice_Text",
    "begin" : 127,
    "end" : 134,
    "inCoref" : false
  }, {
    "id" : "s3-m2",
    "properties" : {
      "SIRE_MENTION_ROLE" : "Voice_Text",
      "SIRE_ENTITY_SUBTYPE" : "NONE",
      "SIRE_MENTION_TYPE" : "NONE",
      "SIRE_MENTION_CLASS" : "SPC"
    },
    "type" : "Voice_Text",
    "begin" : 139,
    "end" : 144,
    "inCoref" : false
  } ],
  "relations" : [ ],
  "corefs" : [ ],
  "typeResolved" : true,
  "userResolved" : false
}