{
  "id" : "703f0fa0-fedc-11e6-b6a8-69b60c169944-9",
  "name" : "361e9dd7f8a601a7780ad9ef9b0571ce.txt",
  "version" : 3,
  "text" : "New line for iPhone 4S\n\nHi all !I have a question regarding the revoking a line .If i will make a new\nline for the iPhone 4 S ($200) and after a short time i revoke that line\nat&amp;t; will unlock my iphone or it will be still locked on at&amp;t;\n?Thanks !Solved!Go to Solution.\n\n",
  "docLength" : 0,
  "language" : "EN",
  "status" : "READY",
  "modifiedDate" : 1488751207015,
  "documentSet" : [ ],
  "preannotation" : [ "PRE_LW" ],
  "sentences" : [ {
    "id" : "s0",
    "begin" : 0,
    "end" : 22,
    "text" : "New line for iPhone 4S",
    "tokens" : [ {
      "id" : "s0-t0",
      "begin" : 0,
      "end" : 3,
      "text" : "New",
      "whiteSpace" : false
    }, {
      "id" : "s0-t1",
      "begin" : 4,
      "end" : 8,
      "text" : "line",
      "whiteSpace" : false
    }, {
      "id" : "s0-t2",
      "begin" : 9,
      "end" : 12,
      "text" : "for",
      "whiteSpace" : false
    }, {
      "id" : "s0-t3",
      "begin" : 13,
      "end" : 19,
      "text" : "iPhone",
      "whiteSpace" : false
    }, {
      "id" : "s0-t4",
      "begin" : 20,
      "end" : 22,
      "text" : "4S",
      "whiteSpace" : false
    } ]
  }, {
    "id" : "s1",
    "begin" : 24,
    "end" : 32,
    "text" : "Hi all !",
    "tokens" : [ {
      "id" : "s1-t0",
      "begin" : 24,
      "end" : 26,
      "text" : "Hi",
      "whiteSpace" : false
    }, {
      "id" : "s1-t1",
      "begin" : 27,
      "end" : 30,
      "text" : "all",
      "whiteSpace" : false
    }, {
      "id" : "s1-t2",
      "begin" : 31,
      "end" : 32,
      "text" : "!",
      "whiteSpace" : false
    } ]
  }, {
    "id" : "s2",
    "begin" : 32,
    "end" : 81,
    "text" : "I have a question regarding the revoking a line .",
    "tokens" : [ {
      "id" : "s2-t0",
      "begin" : 32,
      "end" : 33,
      "text" : "I",
      "whiteSpace" : false
    }, {
      "id" : "s2-t1",
      "begin" : 34,
      "end" : 38,
      "text" : "have",
      "whiteSpace" : false
    }, {
      "id" : "s2-t2",
      "begin" : 39,
      "end" : 40,
      "text" : "a",
      "whiteSpace" : false
    }, {
      "id" : "s2-t3",
      "begin" : 41,
      "end" : 49,
      "text" : "question",
      "whiteSpace" : false
    }, {
      "id" : "s2-t4",
      "begin" : 50,
      "end" : 59,
      "text" : "regarding",
      "whiteSpace" : false
    }, {
      "id" : "s2-t5",
      "begin" : 60,
      "end" : 63,
      "text" : "the",
      "whiteSpace" : false
    }, {
      "id" : "s2-t6",
      "begin" : 64,
      "end" : 72,
      "text" : "revoking",
      "whiteSpace" : false
    }, {
      "id" : "s2-t7",
      "begin" : 73,
      "end" : 74,
      "text" : "a",
      "whiteSpace" : false
    }, {
      "id" : "s2-t8",
      "begin" : 75,
      "end" : 79,
      "text" : "line",
      "whiteSpace" : false
    }, {
      "id" : "s2-t9",
      "begin" : 80,
      "end" : 81,
      "text" : ".",
      "whiteSpace" : false
    } ]
  }, {
    "id" : "s3",
    "begin" : 81,
    "end" : 248,
    "text" : "If i will make a new\nline for the iPhone 4 S ($200) and after a short time i revoke that line\nat&amp;t; will unlock my iphone or it will be still locked on at&amp;t;\n?",
    "tokens" : [ {
      "id" : "s3-t0",
      "begin" : 81,
      "end" : 83,
      "text" : "If",
      "whiteSpace" : false
    }, {
      "id" : "s3-t1",
      "begin" : 84,
      "end" : 85,
      "text" : "i",
      "whiteSpace" : false
    }, {
      "id" : "s3-t2",
      "begin" : 86,
      "end" : 90,
      "text" : "will",
      "whiteSpace" : false
    }, {
      "id" : "s3-t3",
      "begin" : 91,
      "end" : 95,
      "text" : "make",
      "whiteSpace" : false
    }, {
      "id" : "s3-t4",
      "begin" : 96,
      "end" : 97,
      "text" : "a",
      "whiteSpace" : false
    }, {
      "id" : "s3-t5",
      "begin" : 98,
      "end" : 101,
      "text" : "new",
      "whiteSpace" : false
    }, {
      "id" : "s3-t6",
      "begin" : 102,
      "end" : 106,
      "text" : "line",
      "whiteSpace" : false
    }, {
      "id" : "s3-t7",
      "begin" : 107,
      "end" : 110,
      "text" : "for",
      "whiteSpace" : false
    }, {
      "id" : "s3-t8",
      "begin" : 111,
      "end" : 114,
      "text" : "the",
      "whiteSpace" : false
    }, {
      "id" : "s3-t9",
      "begin" : 115,
      "end" : 121,
      "text" : "iPhone",
      "whiteSpace" : false
    }, {
      "id" : "s3-t10",
      "begin" : 122,
      "end" : 123,
      "text" : "4",
      "whiteSpace" : false
    }, {
      "id" : "s3-t11",
      "begin" : 124,
      "end" : 125,
      "text" : "S",
      "whiteSpace" : false
    }, {
      "id" : "s3-t12",
      "begin" : 126,
      "end" : 127,
      "text" : "(",
      "whiteSpace" : false
    }, {
      "id" : "s3-t13",
      "begin" : 127,
      "end" : 128,
      "text" : "$",
      "whiteSpace" : false
    }, {
      "id" : "s3-t14",
      "begin" : 128,
      "end" : 131,
      "text" : "200",
      "whiteSpace" : false
    }, {
      "id" : "s3-t15",
      "begin" : 131,
      "end" : 132,
      "text" : ")",
      "whiteSpace" : false
    }, {
      "id" : "s3-t16",
      "begin" : 133,
      "end" : 136,
      "text" : "and",
      "whiteSpace" : false
    }, {
      "id" : "s3-t17",
      "begin" : 137,
      "end" : 142,
      "text" : "after",
      "whiteSpace" : false
    }, {
      "id" : "s3-t18",
      "begin" : 143,
      "end" : 144,
      "text" : "a",
      "whiteSpace" : false
    }, {
      "id" : "s3-t19",
      "begin" : 145,
      "end" : 150,
      "text" : "short",
      "whiteSpace" : false
    }, {
      "id" : "s3-t20",
      "begin" : 151,
      "end" : 155,
      "text" : "time",
      "whiteSpace" : false
    }, {
      "id" : "s3-t21",
      "begin" : 156,
      "end" : 157,
      "text" : "i",
      "whiteSpace" : false
    }, {
      "id" : "s3-t22",
      "begin" : 158,
      "end" : 164,
      "text" : "revoke",
      "whiteSpace" : false
    }, {
      "id" : "s3-t23",
      "begin" : 165,
      "end" : 169,
      "text" : "that",
      "whiteSpace" : false
    }, {
      "id" : "s3-t24",
      "begin" : 170,
      "end" : 174,
      "text" : "line",
      "whiteSpace" : false
    }, {
      "id" : "s3-t25",
      "begin" : 175,
      "end" : 177,
      "text" : "at",
      "whiteSpace" : false
    }, {
      "id" : "s3-t26",
      "begin" : 177,
      "end" : 182,
      "text" : "&amp;",
      "whiteSpace" : false
    }, {
      "id" : "s3-t27",
      "begin" : 182,
      "end" : 184,
      "text" : "t;",
      "whiteSpace" : false
    }, {
      "id" : "s3-t28",
      "begin" : 185,
      "end" : 189,
      "text" : "will",
      "whiteSpace" : false
    }, {
      "id" : "s3-t29",
      "begin" : 190,
      "end" : 196,
      "text" : "unlock",
      "whiteSpace" : false
    }, {
      "id" : "s3-t30",
      "begin" : 197,
      "end" : 199,
      "text" : "my",
      "whiteSpace" : false
    }, {
      "id" : "s3-t31",
      "begin" : 200,
      "end" : 206,
      "text" : "iphone",
      "whiteSpace" : false
    }, {
      "id" : "s3-t32",
      "begin" : 207,
      "end" : 209,
      "text" : "or",
      "whiteSpace" : false
    }, {
      "id" : "s3-t33",
      "begin" : 210,
      "end" : 212,
      "text" : "it",
      "whiteSpace" : false
    }, {
      "id" : "s3-t34",
      "begin" : 213,
      "end" : 217,
      "text" : "will",
      "whiteSpace" : false
    }, {
      "id" : "s3-t35",
      "begin" : 218,
      "end" : 220,
      "text" : "be",
      "whiteSpace" : false
    }, {
      "id" : "s3-t36",
      "begin" : 221,
      "end" : 226,
      "text" : "still",
      "whiteSpace" : false
    }, {
      "id" : "s3-t37",
      "begin" : 227,
      "end" : 233,
      "text" : "locked",
      "whiteSpace" : false
    }, {
      "id" : "s3-t38",
      "begin" : 234,
      "end" : 236,
      "text" : "on",
      "whiteSpace" : false
    }, {
      "id" : "s3-t39",
      "begin" : 237,
      "end" : 239,
      "text" : "at",
      "whiteSpace" : false
    }, {
      "id" : "s3-t40",
      "begin" : 239,
      "end" : 244,
      "text" : "&amp;",
      "whiteSpace" : false
    }, {
      "id" : "s3-t41",
      "begin" : 244,
      "end" : 246,
      "text" : "t;",
      "whiteSpace" : false
    }, {
      "id" : "s3-t42",
      "begin" : 247,
      "end" : 248,
      "text" : "?",
      "whiteSpace" : false
    } ]
  }, {
    "id" : "s4",
    "begin" : 248,
    "end" : 256,
    "text" : "Thanks !",
    "tokens" : [ {
      "id" : "s4-t0",
      "begin" : 248,
      "end" : 254,
      "text" : "Thanks",
      "whiteSpace" : false
    }, {
      "id" : "s4-t1",
      "begin" : 255,
      "end" : 256,
      "text" : "!",
      "whiteSpace" : false
    } ]
  }, {
    "id" : "s5",
    "begin" : 256,
    "end" : 263,
    "text" : "Solved!",
    "tokens" : [ {
      "id" : "s5-t0",
      "begin" : 256,
      "end" : 262,
      "text" : "Solved",
      "whiteSpace" : false
    }, {
      "id" : "s5-t1",
      "begin" : 262,
      "end" : 263,
      "text" : "!",
      "whiteSpace" : false
    } ]
  }, {
    "id" : "s6",
    "begin" : 263,
    "end" : 278,
    "text" : "Go to Solution.",
    "tokens" : [ {
      "id" : "s6-t0",
      "begin" : 263,
      "end" : 265,
      "text" : "Go",
      "whiteSpace" : false
    }, {
      "id" : "s6-t1",
      "begin" : 266,
      "end" : 268,
      "text" : "to",
      "whiteSpace" : false
    }, {
      "id" : "s6-t2",
      "begin" : 269,
      "end" : 277,
      "text" : "Solution",
      "whiteSpace" : false
    }, {
      "id" : "s6-t3",
      "begin" : 277,
      "end" : 278,
      "text" : ".",
      "whiteSpace" : false
    } ]
  } ],
  "mentions" : [ {
    "id" : "s0-m1",
    "properties" : {
      "SIRE_MENTION_ROLE" : "Product",
      "SIRE_ENTITY_SUBTYPE" : "NONE",
      "SIRE_MENTION_TYPE" : "NONE",
      "SIRE_MENTION_CLASS" : "SPC"
    },
    "type" : "Product",
    "begin" : 13,
    "end" : 22,
    "inCoref" : false
  }, {
    "id" : "s3-m2",
    "properties" : {
      "SIRE_MENTION_ROLE" : "Product",
      "SIRE_ENTITY_SUBTYPE" : "NONE",
      "SIRE_MENTION_TYPE" : "NONE",
      "SIRE_MENTION_CLASS" : "SPC"
    },
    "type" : "Product",
    "begin" : 115,
    "end" : 125,
    "inCoref" : false
  }, {
    "id" : "s3-m3",
    "properties" : {
      "SIRE_MENTION_ROLE" : "Service_Provider",
      "SIRE_ENTITY_SUBTYPE" : "NONE",
      "SIRE_MENTION_TYPE" : "NONE",
      "SIRE_MENTION_CLASS" : "SPC"
    },
    "type" : "Service_Provider",
    "begin" : 175,
    "end" : 183,
    "inCoref" : false
  }, {
    "id" : "s3-m0",
    "properties" : {
      "SIRE_MENTION_ROLE" : "Product",
      "SIRE_MENTION_TYPE" : "NONE",
      "SIRE_ENTITY_SUBTYPE" : "NONE",
      "SIRE_MENTION_CLASS" : "SPC"
    },
    "type" : "Product",
    "begin" : 200,
    "end" : 206,
    "inCoref" : false
  }, {
    "id" : "s3-m4",
    "properties" : {
      "SIRE_MENTION_ROLE" : "Service_Provider",
      "SIRE_ENTITY_SUBTYPE" : "NONE",
      "SIRE_MENTION_TYPE" : "NONE",
      "SIRE_MENTION_CLASS" : "SPC"
    },
    "type" : "Service_Provider",
    "begin" : 237,
    "end" : 245,
    "inCoref" : false
  } ],
  "relations" : [ ],
  "corefs" : [ ],
  "typeResolved" : true,
  "userResolved" : false
}