{
  "id" : "7d94a560-fedd-11e6-bdaf-657283dc3f11-3",
  "name" : "1913a5d757fd0d054472d3d31e5d3748.txt",
  "version" : 3,
  "text" : "Latest software update. Check charging cover\n\nPlease help me get this message to someone doing device QA.I have the S4\nActive and have discovered a nuisance issue that is beginning to get under my\nskin. With the recent update to 4.4, AT&amp;T; feels it is necessary to remind\nyou to close the charging port after each charge, as if you could forget. Fair\nenough, except there are some of us who don't use the charging port. This\nphone was touted as being capable of charging wirelessly (with the required\nadapter). Now every time I pick up my phone, the screen lights up with a\nreminder.Many of us probably sit at a desk for a few hours a day. Imagine\nevery time you get a text or make a call....Please give us some ability to\nacknowledge this and stop the pop-up. ThisIS an option on the S5.I called the\nlocal repair office (ATT owned) to ask if there is anything they can do.After\nabruptly being told \"no\" I was immediatley brushed off with the good ol'\n\"Anything else I can help you with\"?\n\n",
  "docLength" : 0,
  "language" : "EN",
  "status" : "READY",
  "modifiedDate" : 1488755029653,
  "documentSet" : [ ],
  "preannotation" : [ "PRE_LW" ],
  "sentences" : [ {
    "id" : "s0",
    "begin" : 0,
    "end" : 23,
    "text" : "Latest software update.",
    "tokens" : [ {
      "id" : "s0-t0",
      "begin" : 0,
      "end" : 6,
      "text" : "Latest",
      "whiteSpace" : false
    }, {
      "id" : "s0-t1",
      "begin" : 7,
      "end" : 15,
      "text" : "software",
      "whiteSpace" : false
    }, {
      "id" : "s0-t2",
      "begin" : 16,
      "end" : 22,
      "text" : "update",
      "whiteSpace" : false
    }, {
      "id" : "s0-t3",
      "begin" : 22,
      "end" : 23,
      "text" : ".",
      "whiteSpace" : false
    } ]
  }, {
    "id" : "s1",
    "begin" : 24,
    "end" : 44,
    "text" : "Check charging cover",
    "tokens" : [ {
      "id" : "s1-t0",
      "begin" : 24,
      "end" : 29,
      "text" : "Check",
      "whiteSpace" : false
    }, {
      "id" : "s1-t1",
      "begin" : 30,
      "end" : 38,
      "text" : "charging",
      "whiteSpace" : false
    }, {
      "id" : "s1-t2",
      "begin" : 39,
      "end" : 44,
      "text" : "cover",
      "whiteSpace" : false
    } ]
  }, {
    "id" : "s2",
    "begin" : 46,
    "end" : 202,
    "text" : "Please help me get this message to someone doing device QA.I have the S4\nActive and have discovered a nuisance issue that is beginning to get under my\nskin.",
    "tokens" : [ {
      "id" : "s2-t0",
      "begin" : 46,
      "end" : 52,
      "text" : "Please",
      "whiteSpace" : false
    }, {
      "id" : "s2-t1",
      "begin" : 53,
      "end" : 57,
      "text" : "help",
      "whiteSpace" : false
    }, {
      "id" : "s2-t2",
      "begin" : 58,
      "end" : 60,
      "text" : "me",
      "whiteSpace" : false
    }, {
      "id" : "s2-t3",
      "begin" : 61,
      "end" : 64,
      "text" : "get",
      "whiteSpace" : false
    }, {
      "id" : "s2-t4",
      "begin" : 65,
      "end" : 69,
      "text" : "this",
      "whiteSpace" : false
    }, {
      "id" : "s2-t5",
      "begin" : 70,
      "end" : 77,
      "text" : "message",
      "whiteSpace" : false
    }, {
      "id" : "s2-t6",
      "begin" : 78,
      "end" : 80,
      "text" : "to",
      "whiteSpace" : false
    }, {
      "id" : "s2-t7",
      "begin" : 81,
      "end" : 88,
      "text" : "someone",
      "whiteSpace" : false
    }, {
      "id" : "s2-t8",
      "begin" : 89,
      "end" : 94,
      "text" : "doing",
      "whiteSpace" : false
    }, {
      "id" : "s2-t9",
      "begin" : 95,
      "end" : 101,
      "text" : "device",
      "whiteSpace" : false
    }, {
      "id" : "s2-t10",
      "begin" : 102,
      "end" : 106,
      "text" : "QA.I",
      "whiteSpace" : false
    }, {
      "id" : "s2-t11",
      "begin" : 107,
      "end" : 111,
      "text" : "have",
      "whiteSpace" : false
    }, {
      "id" : "s2-t12",
      "begin" : 112,
      "end" : 115,
      "text" : "the",
      "whiteSpace" : false
    }, {
      "id" : "s2-t13",
      "begin" : 116,
      "end" : 118,
      "text" : "S4",
      "whiteSpace" : false
    }, {
      "id" : "s2-t14",
      "begin" : 119,
      "end" : 125,
      "text" : "Active",
      "whiteSpace" : false
    }, {
      "id" : "s2-t15",
      "begin" : 126,
      "end" : 129,
      "text" : "and",
      "whiteSpace" : false
    }, {
      "id" : "s2-t16",
      "begin" : 130,
      "end" : 134,
      "text" : "have",
      "whiteSpace" : false
    }, {
      "id" : "s2-t17",
      "begin" : 135,
      "end" : 145,
      "text" : "discovered",
      "whiteSpace" : false
    }, {
      "id" : "s2-t18",
      "begin" : 146,
      "end" : 147,
      "text" : "a",
      "whiteSpace" : false
    }, {
      "id" : "s2-t19",
      "begin" : 148,
      "end" : 156,
      "text" : "nuisance",
      "whiteSpace" : false
    }, {
      "id" : "s2-t20",
      "begin" : 157,
      "end" : 162,
      "text" : "issue",
      "whiteSpace" : false
    }, {
      "id" : "s2-t21",
      "begin" : 163,
      "end" : 167,
      "text" : "that",
      "whiteSpace" : false
    }, {
      "id" : "s2-t22",
      "begin" : 168,
      "end" : 170,
      "text" : "is",
      "whiteSpace" : false
    }, {
      "id" : "s2-t23",
      "begin" : 171,
      "end" : 180,
      "text" : "beginning",
      "whiteSpace" : false
    }, {
      "id" : "s2-t24",
      "begin" : 181,
      "end" : 183,
      "text" : "to",
      "whiteSpace" : false
    }, {
      "id" : "s2-t25",
      "begin" : 184,
      "end" : 187,
      "text" : "get",
      "whiteSpace" : false
    }, {
      "id" : "s2-t26",
      "begin" : 188,
      "end" : 193,
      "text" : "under",
      "whiteSpace" : false
    }, {
      "id" : "s2-t27",
      "begin" : 194,
      "end" : 196,
      "text" : "my",
      "whiteSpace" : false
    }, {
      "id" : "s2-t28",
      "begin" : 197,
      "end" : 201,
      "text" : "skin",
      "whiteSpace" : false
    }, {
      "id" : "s2-t29",
      "begin" : 201,
      "end" : 202,
      "text" : ".",
      "whiteSpace" : false
    } ]
  }, {
    "id" : "s3",
    "begin" : 203,
    "end" : 349,
    "text" : "With the recent update to 4.4, AT&amp;T; feels it is necessary to remind\nyou to close the charging port after each charge, as if you could forget.",
    "tokens" : [ {
      "id" : "s3-t0",
      "begin" : 203,
      "end" : 207,
      "text" : "With",
      "whiteSpace" : false
    }, {
      "id" : "s3-t1",
      "begin" : 208,
      "end" : 211,
      "text" : "the",
      "whiteSpace" : false
    }, {
      "id" : "s3-t2",
      "begin" : 212,
      "end" : 218,
      "text" : "recent",
      "whiteSpace" : false
    }, {
      "id" : "s3-t3",
      "begin" : 219,
      "end" : 225,
      "text" : "update",
      "whiteSpace" : false
    }, {
      "id" : "s3-t4",
      "begin" : 226,
      "end" : 228,
      "text" : "to",
      "whiteSpace" : false
    }, {
      "id" : "s3-t5",
      "begin" : 229,
      "end" : 232,
      "text" : "4.4",
      "whiteSpace" : false
    }, {
      "id" : "s3-t6",
      "begin" : 232,
      "end" : 233,
      "text" : ",",
      "whiteSpace" : false
    }, {
      "id" : "s3-t7",
      "begin" : 234,
      "end" : 236,
      "text" : "AT",
      "whiteSpace" : false
    }, {
      "id" : "s3-t8",
      "begin" : 236,
      "end" : 241,
      "text" : "&amp;",
      "whiteSpace" : false
    }, {
      "id" : "s3-t9",
      "begin" : 241,
      "end" : 243,
      "text" : "T;",
      "whiteSpace" : false
    }, {
      "id" : "s3-t10",
      "begin" : 244,
      "end" : 249,
      "text" : "feels",
      "whiteSpace" : false
    }, {
      "id" : "s3-t11",
      "begin" : 250,
      "end" : 252,
      "text" : "it",
      "whiteSpace" : false
    }, {
      "id" : "s3-t12",
      "begin" : 253,
      "end" : 255,
      "text" : "is",
      "whiteSpace" : false
    }, {
      "id" : "s3-t13",
      "begin" : 256,
      "end" : 265,
      "text" : "necessary",
      "whiteSpace" : false
    }, {
      "id" : "s3-t14",
      "begin" : 266,
      "end" : 268,
      "text" : "to",
      "whiteSpace" : false
    }, {
      "id" : "s3-t15",
      "begin" : 269,
      "end" : 275,
      "text" : "remind",
      "whiteSpace" : false
    }, {
      "id" : "s3-t16",
      "begin" : 276,
      "end" : 279,
      "text" : "you",
      "whiteSpace" : false
    }, {
      "id" : "s3-t17",
      "begin" : 280,
      "end" : 282,
      "text" : "to",
      "whiteSpace" : false
    }, {
      "id" : "s3-t18",
      "begin" : 283,
      "end" : 288,
      "text" : "close",
      "whiteSpace" : false
    }, {
      "id" : "s3-t19",
      "begin" : 289,
      "end" : 292,
      "text" : "the",
      "whiteSpace" : false
    }, {
      "id" : "s3-t20",
      "begin" : 293,
      "end" : 301,
      "text" : "charging",
      "whiteSpace" : false
    }, {
      "id" : "s3-t21",
      "begin" : 302,
      "end" : 306,
      "text" : "port",
      "whiteSpace" : false
    }, {
      "id" : "s3-t22",
      "begin" : 307,
      "end" : 312,
      "text" : "after",
      "whiteSpace" : false
    }, {
      "id" : "s3-t23",
      "begin" : 313,
      "end" : 317,
      "text" : "each",
      "whiteSpace" : false
    }, {
      "id" : "s3-t24",
      "begin" : 318,
      "end" : 324,
      "text" : "charge",
      "whiteSpace" : false
    }, {
      "id" : "s3-t25",
      "begin" : 324,
      "end" : 325,
      "text" : ",",
      "whiteSpace" : false
    }, {
      "id" : "s3-t26",
      "begin" : 326,
      "end" : 328,
      "text" : "as",
      "whiteSpace" : false
    }, {
      "id" : "s3-t27",
      "begin" : 329,
      "end" : 331,
      "text" : "if",
      "whiteSpace" : false
    }, {
      "id" : "s3-t28",
      "begin" : 332,
      "end" : 335,
      "text" : "you",
      "whiteSpace" : false
    }, {
      "id" : "s3-t29",
      "begin" : 336,
      "end" : 341,
      "text" : "could",
      "whiteSpace" : false
    }, {
      "id" : "s3-t30",
      "begin" : 342,
      "end" : 348,
      "text" : "forget",
      "whiteSpace" : false
    }, {
      "id" : "s3-t31",
      "begin" : 348,
      "end" : 349,
      "text" : ".",
      "whiteSpace" : false
    } ]
  }, {
    "id" : "s4",
    "begin" : 350,
    "end" : 423,
    "text" : "Fair\nenough, except there are some of us who don't use the charging port.",
    "tokens" : [ {
      "id" : "s4-t0",
      "begin" : 350,
      "end" : 354,
      "text" : "Fair",
      "whiteSpace" : false
    }, {
      "id" : "s4-t1",
      "begin" : 355,
      "end" : 361,
      "text" : "enough",
      "whiteSpace" : false
    }, {
      "id" : "s4-t2",
      "begin" : 361,
      "end" : 362,
      "text" : ",",
      "whiteSpace" : false
    }, {
      "id" : "s4-t3",
      "begin" : 363,
      "end" : 369,
      "text" : "except",
      "whiteSpace" : false
    }, {
      "id" : "s4-t4",
      "begin" : 370,
      "end" : 375,
      "text" : "there",
      "whiteSpace" : false
    }, {
      "id" : "s4-t5",
      "begin" : 376,
      "end" : 379,
      "text" : "are",
      "whiteSpace" : false
    }, {
      "id" : "s4-t6",
      "begin" : 380,
      "end" : 384,
      "text" : "some",
      "whiteSpace" : false
    }, {
      "id" : "s4-t7",
      "begin" : 385,
      "end" : 387,
      "text" : "of",
      "whiteSpace" : false
    }, {
      "id" : "s4-t8",
      "begin" : 388,
      "end" : 390,
      "text" : "us",
      "whiteSpace" : false
    }, {
      "id" : "s4-t9",
      "begin" : 391,
      "end" : 394,
      "text" : "who",
      "whiteSpace" : false
    }, {
      "id" : "s4-t10",
      "begin" : 395,
      "end" : 397,
      "text" : "do",
      "whiteSpace" : false
    }, {
      "id" : "s4-t11",
      "begin" : 397,
      "end" : 400,
      "text" : "n't",
      "whiteSpace" : false
    }, {
      "id" : "s4-t12",
      "begin" : 401,
      "end" : 404,
      "text" : "use",
      "whiteSpace" : false
    }, {
      "id" : "s4-t13",
      "begin" : 405,
      "end" : 408,
      "text" : "the",
      "whiteSpace" : false
    }, {
      "id" : "s4-t14",
      "begin" : 409,
      "end" : 417,
      "text" : "charging",
      "whiteSpace" : false
    }, {
      "id" : "s4-t15",
      "begin" : 418,
      "end" : 422,
      "text" : "port",
      "whiteSpace" : false
    }, {
      "id" : "s4-t16",
      "begin" : 422,
      "end" : 423,
      "text" : ".",
      "whiteSpace" : false
    } ]
  }, {
    "id" : "s5",
    "begin" : 424,
    "end" : 514,
    "text" : "This\nphone was touted as being capable of charging wirelessly (with the required\nadapter).",
    "tokens" : [ {
      "id" : "s5-t0",
      "begin" : 424,
      "end" : 428,
      "text" : "This",
      "whiteSpace" : false
    }, {
      "id" : "s5-t1",
      "begin" : 429,
      "end" : 434,
      "text" : "phone",
      "whiteSpace" : false
    }, {
      "id" : "s5-t2",
      "begin" : 435,
      "end" : 438,
      "text" : "was",
      "whiteSpace" : false
    }, {
      "id" : "s5-t3",
      "begin" : 439,
      "end" : 445,
      "text" : "touted",
      "whiteSpace" : false
    }, {
      "id" : "s5-t4",
      "begin" : 446,
      "end" : 448,
      "text" : "as",
      "whiteSpace" : false
    }, {
      "id" : "s5-t5",
      "begin" : 449,
      "end" : 454,
      "text" : "being",
      "whiteSpace" : false
    }, {
      "id" : "s5-t6",
      "begin" : 455,
      "end" : 462,
      "text" : "capable",
      "whiteSpace" : false
    }, {
      "id" : "s5-t7",
      "begin" : 463,
      "end" : 465,
      "text" : "of",
      "whiteSpace" : false
    }, {
      "id" : "s5-t8",
      "begin" : 466,
      "end" : 474,
      "text" : "charging",
      "whiteSpace" : false
    }, {
      "id" : "s5-t9",
      "begin" : 475,
      "end" : 485,
      "text" : "wirelessly",
      "whiteSpace" : false
    }, {
      "id" : "s5-t10",
      "begin" : 486,
      "end" : 487,
      "text" : "(",
      "whiteSpace" : false
    }, {
      "id" : "s5-t11",
      "begin" : 487,
      "end" : 491,
      "text" : "with",
      "whiteSpace" : false
    }, {
      "id" : "s5-t12",
      "begin" : 492,
      "end" : 495,
      "text" : "the",
      "whiteSpace" : false
    }, {
      "id" : "s5-t13",
      "begin" : 496,
      "end" : 504,
      "text" : "required",
      "whiteSpace" : false
    }, {
      "id" : "s5-t14",
      "begin" : 505,
      "end" : 512,
      "text" : "adapter",
      "whiteSpace" : false
    }, {
      "id" : "s5-t15",
      "begin" : 512,
      "end" : 513,
      "text" : ")",
      "whiteSpace" : false
    }, {
      "id" : "s5-t16",
      "begin" : 513,
      "end" : 514,
      "text" : ".",
      "whiteSpace" : false
    } ]
  }, {
    "id" : "s6",
    "begin" : 515,
    "end" : 587,
    "text" : "Now every time I pick up my phone, the screen lights up with a\nreminder.",
    "tokens" : [ {
      "id" : "s6-t0",
      "begin" : 515,
      "end" : 518,
      "text" : "Now",
      "whiteSpace" : false
    }, {
      "id" : "s6-t1",
      "begin" : 519,
      "end" : 524,
      "text" : "every",
      "whiteSpace" : false
    }, {
      "id" : "s6-t2",
      "begin" : 525,
      "end" : 529,
      "text" : "time",
      "whiteSpace" : false
    }, {
      "id" : "s6-t3",
      "begin" : 530,
      "end" : 531,
      "text" : "I",
      "whiteSpace" : false
    }, {
      "id" : "s6-t4",
      "begin" : 532,
      "end" : 536,
      "text" : "pick",
      "whiteSpace" : false
    }, {
      "id" : "s6-t5",
      "begin" : 537,
      "end" : 539,
      "text" : "up",
      "whiteSpace" : false
    }, {
      "id" : "s6-t6",
      "begin" : 540,
      "end" : 542,
      "text" : "my",
      "whiteSpace" : false
    }, {
      "id" : "s6-t7",
      "begin" : 543,
      "end" : 548,
      "text" : "phone",
      "whiteSpace" : false
    }, {
      "id" : "s6-t8",
      "begin" : 548,
      "end" : 549,
      "text" : ",",
      "whiteSpace" : false
    }, {
      "id" : "s6-t9",
      "begin" : 550,
      "end" : 553,
      "text" : "the",
      "whiteSpace" : false
    }, {
      "id" : "s6-t10",
      "begin" : 554,
      "end" : 560,
      "text" : "screen",
      "whiteSpace" : false
    }, {
      "id" : "s6-t11",
      "begin" : 561,
      "end" : 567,
      "text" : "lights",
      "whiteSpace" : false
    }, {
      "id" : "s6-t12",
      "begin" : 568,
      "end" : 570,
      "text" : "up",
      "whiteSpace" : false
    }, {
      "id" : "s6-t13",
      "begin" : 571,
      "end" : 575,
      "text" : "with",
      "whiteSpace" : false
    }, {
      "id" : "s6-t14",
      "begin" : 576,
      "end" : 577,
      "text" : "a",
      "whiteSpace" : false
    }, {
      "id" : "s6-t15",
      "begin" : 578,
      "end" : 586,
      "text" : "reminder",
      "whiteSpace" : false
    }, {
      "id" : "s6-t16",
      "begin" : 586,
      "end" : 587,
      "text" : ".",
      "whiteSpace" : false
    } ]
  }, {
    "id" : "s7",
    "begin" : 587,
    "end" : 643,
    "text" : "Many of us probably sit at a desk for a few hours a day.",
    "tokens" : [ {
      "id" : "s7-t0",
      "begin" : 587,
      "end" : 591,
      "text" : "Many",
      "whiteSpace" : false
    }, {
      "id" : "s7-t1",
      "begin" : 592,
      "end" : 594,
      "text" : "of",
      "whiteSpace" : false
    }, {
      "id" : "s7-t2",
      "begin" : 595,
      "end" : 597,
      "text" : "us",
      "whiteSpace" : false
    }, {
      "id" : "s7-t3",
      "begin" : 598,
      "end" : 606,
      "text" : "probably",
      "whiteSpace" : false
    }, {
      "id" : "s7-t4",
      "begin" : 607,
      "end" : 610,
      "text" : "sit",
      "whiteSpace" : false
    }, {
      "id" : "s7-t5",
      "begin" : 611,
      "end" : 613,
      "text" : "at",
      "whiteSpace" : false
    }, {
      "id" : "s7-t6",
      "begin" : 614,
      "end" : 615,
      "text" : "a",
      "whiteSpace" : false
    }, {
      "id" : "s7-t7",
      "begin" : 616,
      "end" : 620,
      "text" : "desk",
      "whiteSpace" : false
    }, {
      "id" : "s7-t8",
      "begin" : 621,
      "end" : 624,
      "text" : "for",
      "whiteSpace" : false
    }, {
      "id" : "s7-t9",
      "begin" : 625,
      "end" : 626,
      "text" : "a",
      "whiteSpace" : false
    }, {
      "id" : "s7-t10",
      "begin" : 627,
      "end" : 630,
      "text" : "few",
      "whiteSpace" : false
    }, {
      "id" : "s7-t11",
      "begin" : 631,
      "end" : 636,
      "text" : "hours",
      "whiteSpace" : false
    }, {
      "id" : "s7-t12",
      "begin" : 637,
      "end" : 638,
      "text" : "a",
      "whiteSpace" : false
    }, {
      "id" : "s7-t13",
      "begin" : 639,
      "end" : 642,
      "text" : "day",
      "whiteSpace" : false
    }, {
      "id" : "s7-t14",
      "begin" : 642,
      "end" : 643,
      "text" : ".",
      "whiteSpace" : false
    } ]
  }, {
    "id" : "s8",
    "begin" : 644,
    "end" : 764,
    "text" : "Imagine\nevery time you get a text or make a call....Please give us some ability to\nacknowledge this and stop the pop-up.",
    "tokens" : [ {
      "id" : "s8-t0",
      "begin" : 644,
      "end" : 651,
      "text" : "Imagine",
      "whiteSpace" : false
    }, {
      "id" : "s8-t1",
      "begin" : 652,
      "end" : 657,
      "text" : "every",
      "whiteSpace" : false
    }, {
      "id" : "s8-t2",
      "begin" : 658,
      "end" : 662,
      "text" : "time",
      "whiteSpace" : false
    }, {
      "id" : "s8-t3",
      "begin" : 663,
      "end" : 666,
      "text" : "you",
      "whiteSpace" : false
    }, {
      "id" : "s8-t4",
      "begin" : 667,
      "end" : 670,
      "text" : "get",
      "whiteSpace" : false
    }, {
      "id" : "s8-t5",
      "begin" : 671,
      "end" : 672,
      "text" : "a",
      "whiteSpace" : false
    }, {
      "id" : "s8-t6",
      "begin" : 673,
      "end" : 677,
      "text" : "text",
      "whiteSpace" : false
    }, {
      "id" : "s8-t7",
      "begin" : 678,
      "end" : 680,
      "text" : "or",
      "whiteSpace" : false
    }, {
      "id" : "s8-t8",
      "begin" : 681,
      "end" : 685,
      "text" : "make",
      "whiteSpace" : false
    }, {
      "id" : "s8-t9",
      "begin" : 686,
      "end" : 687,
      "text" : "a",
      "whiteSpace" : false
    }, {
      "id" : "s8-t10",
      "begin" : 688,
      "end" : 692,
      "text" : "call",
      "whiteSpace" : false
    }, {
      "id" : "s8-t11",
      "begin" : 692,
      "end" : 696,
      "text" : "....",
      "whiteSpace" : false
    }, {
      "id" : "s8-t12",
      "begin" : 696,
      "end" : 702,
      "text" : "Please",
      "whiteSpace" : false
    }, {
      "id" : "s8-t13",
      "begin" : 703,
      "end" : 707,
      "text" : "give",
      "whiteSpace" : false
    }, {
      "id" : "s8-t14",
      "begin" : 708,
      "end" : 710,
      "text" : "us",
      "whiteSpace" : false
    }, {
      "id" : "s8-t15",
      "begin" : 711,
      "end" : 715,
      "text" : "some",
      "whiteSpace" : false
    }, {
      "id" : "s8-t16",
      "begin" : 716,
      "end" : 723,
      "text" : "ability",
      "whiteSpace" : false
    }, {
      "id" : "s8-t17",
      "begin" : 724,
      "end" : 726,
      "text" : "to",
      "whiteSpace" : false
    }, {
      "id" : "s8-t18",
      "begin" : 727,
      "end" : 738,
      "text" : "acknowledge",
      "whiteSpace" : false
    }, {
      "id" : "s8-t19",
      "begin" : 739,
      "end" : 743,
      "text" : "this",
      "whiteSpace" : false
    }, {
      "id" : "s8-t20",
      "begin" : 744,
      "end" : 747,
      "text" : "and",
      "whiteSpace" : false
    }, {
      "id" : "s8-t21",
      "begin" : 748,
      "end" : 752,
      "text" : "stop",
      "whiteSpace" : false
    }, {
      "id" : "s8-t22",
      "begin" : 753,
      "end" : 756,
      "text" : "the",
      "whiteSpace" : false
    }, {
      "id" : "s8-t23",
      "begin" : 757,
      "end" : 760,
      "text" : "pop",
      "whiteSpace" : false
    }, {
      "id" : "s8-t24",
      "begin" : 760,
      "end" : 761,
      "text" : "-",
      "whiteSpace" : false
    }, {
      "id" : "s8-t25",
      "begin" : 761,
      "end" : 763,
      "text" : "up",
      "whiteSpace" : false
    }, {
      "id" : "s8-t26",
      "begin" : 763,
      "end" : 764,
      "text" : ".",
      "whiteSpace" : false
    } ]
  }, {
    "id" : "s9",
    "begin" : 765,
    "end" : 877,
    "text" : "ThisIS an option on the S5.I called the\nlocal repair office (ATT owned) to ask if there is anything they can do.",
    "tokens" : [ {
      "id" : "s9-t0",
      "begin" : 765,
      "end" : 771,
      "text" : "ThisIS",
      "whiteSpace" : false
    }, {
      "id" : "s9-t1",
      "begin" : 772,
      "end" : 774,
      "text" : "an",
      "whiteSpace" : false
    }, {
      "id" : "s9-t2",
      "begin" : 775,
      "end" : 781,
      "text" : "option",
      "whiteSpace" : false
    }, {
      "id" : "s9-t3",
      "begin" : 782,
      "end" : 784,
      "text" : "on",
      "whiteSpace" : false
    }, {
      "id" : "s9-t4",
      "begin" : 785,
      "end" : 788,
      "text" : "the",
      "whiteSpace" : false
    }, {
      "id" : "s9-t5",
      "begin" : 789,
      "end" : 793,
      "text" : "S5.I",
      "whiteSpace" : false
    }, {
      "id" : "s9-t6",
      "begin" : 794,
      "end" : 800,
      "text" : "called",
      "whiteSpace" : false
    }, {
      "id" : "s9-t7",
      "begin" : 801,
      "end" : 804,
      "text" : "the",
      "whiteSpace" : false
    }, {
      "id" : "s9-t8",
      "begin" : 805,
      "end" : 810,
      "text" : "local",
      "whiteSpace" : false
    }, {
      "id" : "s9-t9",
      "begin" : 811,
      "end" : 817,
      "text" : "repair",
      "whiteSpace" : false
    }, {
      "id" : "s9-t10",
      "begin" : 818,
      "end" : 824,
      "text" : "office",
      "whiteSpace" : false
    }, {
      "id" : "s9-t11",
      "begin" : 825,
      "end" : 826,
      "text" : "(",
      "whiteSpace" : false
    }, {
      "id" : "s9-t12",
      "begin" : 826,
      "end" : 829,
      "text" : "ATT",
      "whiteSpace" : false
    }, {
      "id" : "s9-t13",
      "begin" : 830,
      "end" : 835,
      "text" : "owned",
      "whiteSpace" : false
    }, {
      "id" : "s9-t14",
      "begin" : 835,
      "end" : 836,
      "text" : ")",
      "whiteSpace" : false
    }, {
      "id" : "s9-t15",
      "begin" : 837,
      "end" : 839,
      "text" : "to",
      "whiteSpace" : false
    }, {
      "id" : "s9-t16",
      "begin" : 840,
      "end" : 843,
      "text" : "ask",
      "whiteSpace" : false
    }, {
      "id" : "s9-t17",
      "begin" : 844,
      "end" : 846,
      "text" : "if",
      "whiteSpace" : false
    }, {
      "id" : "s9-t18",
      "begin" : 847,
      "end" : 852,
      "text" : "there",
      "whiteSpace" : false
    }, {
      "id" : "s9-t19",
      "begin" : 853,
      "end" : 855,
      "text" : "is",
      "whiteSpace" : false
    }, {
      "id" : "s9-t20",
      "begin" : 856,
      "end" : 864,
      "text" : "anything",
      "whiteSpace" : false
    }, {
      "id" : "s9-t21",
      "begin" : 865,
      "end" : 869,
      "text" : "they",
      "whiteSpace" : false
    }, {
      "id" : "s9-t22",
      "begin" : 870,
      "end" : 873,
      "text" : "can",
      "whiteSpace" : false
    }, {
      "id" : "s9-t23",
      "begin" : 874,
      "end" : 876,
      "text" : "do",
      "whiteSpace" : false
    }, {
      "id" : "s9-t24",
      "begin" : 876,
      "end" : 877,
      "text" : ".",
      "whiteSpace" : false
    } ]
  }, {
    "id" : "s10",
    "begin" : 877,
    "end" : 992,
    "text" : "After\nabruptly being told \"no\" I was immediatley brushed off with the good ol'\n\"Anything else I can help you with\"?",
    "tokens" : [ {
      "id" : "s10-t0",
      "begin" : 877,
      "end" : 882,
      "text" : "After",
      "whiteSpace" : false
    }, {
      "id" : "s10-t1",
      "begin" : 883,
      "end" : 891,
      "text" : "abruptly",
      "whiteSpace" : false
    }, {
      "id" : "s10-t2",
      "begin" : 892,
      "end" : 897,
      "text" : "being",
      "whiteSpace" : false
    }, {
      "id" : "s10-t3",
      "begin" : 898,
      "end" : 902,
      "text" : "told",
      "whiteSpace" : false
    }, {
      "id" : "s10-t4",
      "begin" : 903,
      "end" : 904,
      "text" : "\"",
      "whiteSpace" : false
    }, {
      "id" : "s10-t5",
      "begin" : 904,
      "end" : 906,
      "text" : "no",
      "whiteSpace" : false
    }, {
      "id" : "s10-t6",
      "begin" : 906,
      "end" : 907,
      "text" : "\"",
      "whiteSpace" : false
    }, {
      "id" : "s10-t7",
      "begin" : 908,
      "end" : 909,
      "text" : "I",
      "whiteSpace" : false
    }, {
      "id" : "s10-t8",
      "begin" : 910,
      "end" : 913,
      "text" : "was",
      "whiteSpace" : false
    }, {
      "id" : "s10-t9",
      "begin" : 914,
      "end" : 925,
      "text" : "immediatley",
      "whiteSpace" : false
    }, {
      "id" : "s10-t10",
      "begin" : 926,
      "end" : 933,
      "text" : "brushed",
      "whiteSpace" : false
    }, {
      "id" : "s10-t11",
      "begin" : 934,
      "end" : 937,
      "text" : "off",
      "whiteSpace" : false
    }, {
      "id" : "s10-t12",
      "begin" : 938,
      "end" : 942,
      "text" : "with",
      "whiteSpace" : false
    }, {
      "id" : "s10-t13",
      "begin" : 943,
      "end" : 946,
      "text" : "the",
      "whiteSpace" : false
    }, {
      "id" : "s10-t14",
      "begin" : 947,
      "end" : 951,
      "text" : "good",
      "whiteSpace" : false
    }, {
      "id" : "s10-t15",
      "begin" : 952,
      "end" : 954,
      "text" : "ol",
      "whiteSpace" : false
    }, {
      "id" : "s10-t16",
      "begin" : 954,
      "end" : 955,
      "text" : "'",
      "whiteSpace" : false
    }, {
      "id" : "s10-t17",
      "begin" : 956,
      "end" : 957,
      "text" : "\"",
      "whiteSpace" : false
    }, {
      "id" : "s10-t18",
      "begin" : 957,
      "end" : 965,
      "text" : "Anything",
      "whiteSpace" : false
    }, {
      "id" : "s10-t19",
      "begin" : 966,
      "end" : 970,
      "text" : "else",
      "whiteSpace" : false
    }, {
      "id" : "s10-t20",
      "begin" : 971,
      "end" : 972,
      "text" : "I",
      "whiteSpace" : false
    }, {
      "id" : "s10-t21",
      "begin" : 973,
      "end" : 976,
      "text" : "can",
      "whiteSpace" : false
    }, {
      "id" : "s10-t22",
      "begin" : 977,
      "end" : 981,
      "text" : "help",
      "whiteSpace" : false
    }, {
      "id" : "s10-t23",
      "begin" : 982,
      "end" : 985,
      "text" : "you",
      "whiteSpace" : false
    }, {
      "id" : "s10-t24",
      "begin" : 986,
      "end" : 990,
      "text" : "with",
      "whiteSpace" : false
    }, {
      "id" : "s10-t25",
      "begin" : 990,
      "end" : 991,
      "text" : "\"",
      "whiteSpace" : false
    }, {
      "id" : "s10-t26",
      "begin" : 991,
      "end" : 992,
      "text" : "?",
      "whiteSpace" : false
    } ]
  } ],
  "mentions" : [ {
    "id" : "s2-m1",
    "properties" : {
      "SIRE_MENTION_ROLE" : "Product",
      "SIRE_ENTITY_SUBTYPE" : "NONE",
      "SIRE_MENTION_TYPE" : "NONE",
      "SIRE_MENTION_CLASS" : "SPC"
    },
    "type" : "Product",
    "begin" : 116,
    "end" : 125,
    "inCoref" : false
  }, {
    "id" : "cm1",
    "properties" : {
      "SIRE_MENTION_ROLE" : "Service_Provider",
      "SIRE_ENTITY_SUBTYPE" : "NONE",
      "SIRE_MENTION_TYPE" : "NONE",
      "SIRE_MENTION_CLASS" : "SPC"
    },
    "type" : "Service_Provider",
    "begin" : 234,
    "end" : 242,
    "inCoref" : false
  }, {
    "id" : "s3-m2",
    "properties" : {
      "SIRE_MENTION_ROLE" : "Physical_Feature",
      "SIRE_ENTITY_SUBTYPE" : "NONE",
      "SIRE_MENTION_TYPE" : "NONE",
      "SIRE_MENTION_CLASS" : "SPC"
    },
    "type" : "Physical_Feature",
    "begin" : 293,
    "end" : 306,
    "inCoref" : false
  }, {
    "id" : "s4-m1",
    "properties" : {
      "SIRE_MENTION_ROLE" : "Physical_Feature",
      "SIRE_ENTITY_SUBTYPE" : "NONE",
      "SIRE_MENTION_TYPE" : "NONE",
      "SIRE_MENTION_CLASS" : "SPC"
    },
    "type" : "Physical_Feature",
    "begin" : 409,
    "end" : 422,
    "inCoref" : false
  }, {
    "id" : "s5-m2",
    "properties" : {
      "SIRE_MENTION_ROLE" : "Physical_Feature",
      "SIRE_ENTITY_SUBTYPE" : "NONE",
      "SIRE_MENTION_TYPE" : "NONE",
      "SIRE_MENTION_CLASS" : "SPC"
    },
    "type" : "Physical_Feature",
    "begin" : 505,
    "end" : 512,
    "inCoref" : false
  }, {
    "id" : "s6-m1",
    "properties" : {
      "SIRE_MENTION_ROLE" : "Physical_Feature",
      "SIRE_ENTITY_SUBTYPE" : "NONE",
      "SIRE_MENTION_TYPE" : "NONE",
      "SIRE_MENTION_CLASS" : "SPC"
    },
    "type" : "Physical_Feature",
    "begin" : 554,
    "end" : 560,
    "inCoref" : false
  }, {
    "id" : "s8-m1",
    "properties" : {
      "SIRE_MENTION_ROLE" : "Voice_Text",
      "SIRE_ENTITY_SUBTYPE" : "NONE",
      "SIRE_MENTION_TYPE" : "NONE",
      "SIRE_MENTION_CLASS" : "SPC"
    },
    "type" : "Voice_Text",
    "begin" : 673,
    "end" : 677,
    "inCoref" : false
  }, {
    "id" : "s8-m2",
    "properties" : {
      "SIRE_MENTION_ROLE" : "Voice_Text",
      "SIRE_ENTITY_SUBTYPE" : "NONE",
      "SIRE_MENTION_TYPE" : "NONE",
      "SIRE_MENTION_CLASS" : "SPC"
    },
    "type" : "Voice_Text",
    "begin" : 688,
    "end" : 692,
    "inCoref" : false
  }, {
    "id" : "s17-m0",
    "properties" : {
      "SIRE_MENTION_ROLE" : "Product",
      "SIRE_MENTION_TYPE" : "NONE",
      "SIRE_ENTITY_SUBTYPE" : "NONE",
      "SIRE_MENTION_CLASS" : "SPC"
    },
    "type" : "Product",
    "begin" : 789,
    "end" : 791,
    "inCoref" : false
  }, {
    "id" : "s18-m0",
    "properties" : {
      "SIRE_MENTION_ROLE" : "Service_Provider",
      "SIRE_MENTION_TYPE" : "NONE",
      "SIRE_ENTITY_SUBTYPE" : "NONE",
      "SIRE_MENTION_CLASS" : "SPC"
    },
    "type" : "Service_Provider",
    "begin" : 826,
    "end" : 829,
    "inCoref" : false
  } ],
  "relations" : [ ],
  "corefs" : [ ],
  "typeResolved" : true,
  "userResolved" : false
}