{
  "id" : "7d94a560-fedd-11e6-bdaf-657283dc3f11-1",
  "name" : "1913a5d757fd0d054472d3d31e2e84a3.txt",
  "version" : 3,
  "text" : "Locker could be *so* much better\n\nReally, did it never occur to the folks at AT&amp;T; that users might want to\nbe able to upload entire folders from their PCs, rather than one file at a\ntime? Well, it's great that I have 50 GB of \"cloud\", but it takes a LOT of\npatience to upload things one by one!\n\n",
  "docLength" : 0,
  "language" : "EN",
  "status" : "READY",
  "modifiedDate" : 1488754991514,
  "documentSet" : [ ],
  "preannotation" : [ "PRE_LW" ],
  "sentences" : [ {
    "id" : "s0",
    "begin" : 0,
    "end" : 32,
    "text" : "Locker could be *so* much better",
    "tokens" : [ {
      "id" : "s0-t0",
      "begin" : 0,
      "end" : 6,
      "text" : "Locker",
      "whiteSpace" : false
    }, {
      "id" : "s0-t1",
      "begin" : 7,
      "end" : 12,
      "text" : "could",
      "whiteSpace" : false
    }, {
      "id" : "s0-t2",
      "begin" : 13,
      "end" : 15,
      "text" : "be",
      "whiteSpace" : false
    }, {
      "id" : "s0-t3",
      "begin" : 16,
      "end" : 17,
      "text" : "*",
      "whiteSpace" : false
    }, {
      "id" : "s0-t4",
      "begin" : 17,
      "end" : 19,
      "text" : "so",
      "whiteSpace" : false
    }, {
      "id" : "s0-t5",
      "begin" : 19,
      "end" : 20,
      "text" : "*",
      "whiteSpace" : false
    }, {
      "id" : "s0-t6",
      "begin" : 21,
      "end" : 25,
      "text" : "much",
      "whiteSpace" : false
    }, {
      "id" : "s0-t7",
      "begin" : 26,
      "end" : 32,
      "text" : "better",
      "whiteSpace" : false
    } ]
  }, {
    "id" : "s1",
    "begin" : 34,
    "end" : 192,
    "text" : "Really, did it never occur to the folks at AT&amp;T; that users might want to\nbe able to upload entire folders from their PCs, rather than one file at a\ntime?",
    "tokens" : [ {
      "id" : "s1-t0",
      "begin" : 34,
      "end" : 40,
      "text" : "Really",
      "whiteSpace" : false
    }, {
      "id" : "s1-t1",
      "begin" : 40,
      "end" : 41,
      "text" : ",",
      "whiteSpace" : false
    }, {
      "id" : "s1-t2",
      "begin" : 42,
      "end" : 45,
      "text" : "did",
      "whiteSpace" : false
    }, {
      "id" : "s1-t3",
      "begin" : 46,
      "end" : 48,
      "text" : "it",
      "whiteSpace" : false
    }, {
      "id" : "s1-t4",
      "begin" : 49,
      "end" : 54,
      "text" : "never",
      "whiteSpace" : false
    }, {
      "id" : "s1-t5",
      "begin" : 55,
      "end" : 60,
      "text" : "occur",
      "whiteSpace" : false
    }, {
      "id" : "s1-t6",
      "begin" : 61,
      "end" : 63,
      "text" : "to",
      "whiteSpace" : false
    }, {
      "id" : "s1-t7",
      "begin" : 64,
      "end" : 67,
      "text" : "the",
      "whiteSpace" : false
    }, {
      "id" : "s1-t8",
      "begin" : 68,
      "end" : 73,
      "text" : "folks",
      "whiteSpace" : false
    }, {
      "id" : "s1-t9",
      "begin" : 74,
      "end" : 76,
      "text" : "at",
      "whiteSpace" : false
    }, {
      "id" : "s1-t10",
      "begin" : 77,
      "end" : 79,
      "text" : "AT",
      "whiteSpace" : false
    }, {
      "id" : "s1-t11",
      "begin" : 79,
      "end" : 84,
      "text" : "&amp;",
      "whiteSpace" : false
    }, {
      "id" : "s1-t12",
      "begin" : 84,
      "end" : 86,
      "text" : "T;",
      "whiteSpace" : false
    }, {
      "id" : "s1-t13",
      "begin" : 87,
      "end" : 91,
      "text" : "that",
      "whiteSpace" : false
    }, {
      "id" : "s1-t14",
      "begin" : 92,
      "end" : 97,
      "text" : "users",
      "whiteSpace" : false
    }, {
      "id" : "s1-t15",
      "begin" : 98,
      "end" : 103,
      "text" : "might",
      "whiteSpace" : false
    }, {
      "id" : "s1-t16",
      "begin" : 104,
      "end" : 108,
      "text" : "want",
      "whiteSpace" : false
    }, {
      "id" : "s1-t17",
      "begin" : 109,
      "end" : 111,
      "text" : "to",
      "whiteSpace" : false
    }, {
      "id" : "s1-t18",
      "begin" : 112,
      "end" : 114,
      "text" : "be",
      "whiteSpace" : false
    }, {
      "id" : "s1-t19",
      "begin" : 115,
      "end" : 119,
      "text" : "able",
      "whiteSpace" : false
    }, {
      "id" : "s1-t20",
      "begin" : 120,
      "end" : 122,
      "text" : "to",
      "whiteSpace" : false
    }, {
      "id" : "s1-t21",
      "begin" : 123,
      "end" : 129,
      "text" : "upload",
      "whiteSpace" : false
    }, {
      "id" : "s1-t22",
      "begin" : 130,
      "end" : 136,
      "text" : "entire",
      "whiteSpace" : false
    }, {
      "id" : "s1-t23",
      "begin" : 137,
      "end" : 144,
      "text" : "folders",
      "whiteSpace" : false
    }, {
      "id" : "s1-t24",
      "begin" : 145,
      "end" : 149,
      "text" : "from",
      "whiteSpace" : false
    }, {
      "id" : "s1-t25",
      "begin" : 150,
      "end" : 155,
      "text" : "their",
      "whiteSpace" : false
    }, {
      "id" : "s1-t26",
      "begin" : 156,
      "end" : 159,
      "text" : "PCs",
      "whiteSpace" : false
    }, {
      "id" : "s1-t27",
      "begin" : 159,
      "end" : 160,
      "text" : ",",
      "whiteSpace" : false
    }, {
      "id" : "s1-t28",
      "begin" : 161,
      "end" : 167,
      "text" : "rather",
      "whiteSpace" : false
    }, {
      "id" : "s1-t29",
      "begin" : 168,
      "end" : 172,
      "text" : "than",
      "whiteSpace" : false
    }, {
      "id" : "s1-t30",
      "begin" : 173,
      "end" : 176,
      "text" : "one",
      "whiteSpace" : false
    }, {
      "id" : "s1-t31",
      "begin" : 177,
      "end" : 181,
      "text" : "file",
      "whiteSpace" : false
    }, {
      "id" : "s1-t32",
      "begin" : 182,
      "end" : 184,
      "text" : "at",
      "whiteSpace" : false
    }, {
      "id" : "s1-t33",
      "begin" : 185,
      "end" : 186,
      "text" : "a",
      "whiteSpace" : false
    }, {
      "id" : "s1-t34",
      "begin" : 187,
      "end" : 191,
      "text" : "time",
      "whiteSpace" : false
    }, {
      "id" : "s1-t35",
      "begin" : 191,
      "end" : 192,
      "text" : "?",
      "whiteSpace" : false
    } ]
  }, {
    "id" : "s2",
    "begin" : 193,
    "end" : 299,
    "text" : "Well, it's great that I have 50 GB of \"cloud\", but it takes a LOT of\npatience to upload things one by one!",
    "tokens" : [ {
      "id" : "s2-t0",
      "begin" : 193,
      "end" : 197,
      "text" : "Well",
      "whiteSpace" : false
    }, {
      "id" : "s2-t1",
      "begin" : 197,
      "end" : 198,
      "text" : ",",
      "whiteSpace" : false
    }, {
      "id" : "s2-t2",
      "begin" : 199,
      "end" : 201,
      "text" : "it",
      "whiteSpace" : false
    }, {
      "id" : "s2-t3",
      "begin" : 201,
      "end" : 203,
      "text" : "'s",
      "whiteSpace" : false
    }, {
      "id" : "s2-t4",
      "begin" : 204,
      "end" : 209,
      "text" : "great",
      "whiteSpace" : false
    }, {
      "id" : "s2-t5",
      "begin" : 210,
      "end" : 214,
      "text" : "that",
      "whiteSpace" : false
    }, {
      "id" : "s2-t6",
      "begin" : 215,
      "end" : 216,
      "text" : "I",
      "whiteSpace" : false
    }, {
      "id" : "s2-t7",
      "begin" : 217,
      "end" : 221,
      "text" : "have",
      "whiteSpace" : false
    }, {
      "id" : "s2-t8",
      "begin" : 222,
      "end" : 224,
      "text" : "50",
      "whiteSpace" : false
    }, {
      "id" : "s2-t9",
      "begin" : 225,
      "end" : 227,
      "text" : "GB",
      "whiteSpace" : false
    }, {
      "id" : "s2-t10",
      "begin" : 228,
      "end" : 230,
      "text" : "of",
      "whiteSpace" : false
    }, {
      "id" : "s2-t11",
      "begin" : 231,
      "end" : 232,
      "text" : "\"",
      "whiteSpace" : false
    }, {
      "id" : "s2-t12",
      "begin" : 232,
      "end" : 237,
      "text" : "cloud",
      "whiteSpace" : false
    }, {
      "id" : "s2-t13",
      "begin" : 237,
      "end" : 238,
      "text" : "\"",
      "whiteSpace" : false
    }, {
      "id" : "s2-t14",
      "begin" : 238,
      "end" : 239,
      "text" : ",",
      "whiteSpace" : false
    }, {
      "id" : "s2-t15",
      "begin" : 240,
      "end" : 243,
      "text" : "but",
      "whiteSpace" : false
    }, {
      "id" : "s2-t16",
      "begin" : 244,
      "end" : 246,
      "text" : "it",
      "whiteSpace" : false
    }, {
      "id" : "s2-t17",
      "begin" : 247,
      "end" : 252,
      "text" : "takes",
      "whiteSpace" : false
    }, {
      "id" : "s2-t18",
      "begin" : 253,
      "end" : 254,
      "text" : "a",
      "whiteSpace" : false
    }, {
      "id" : "s2-t19",
      "begin" : 255,
      "end" : 258,
      "text" : "LOT",
      "whiteSpace" : false
    }, {
      "id" : "s2-t20",
      "begin" : 259,
      "end" : 261,
      "text" : "of",
      "whiteSpace" : false
    }, {
      "id" : "s2-t21",
      "begin" : 262,
      "end" : 270,
      "text" : "patience",
      "whiteSpace" : false
    }, {
      "id" : "s2-t22",
      "begin" : 271,
      "end" : 273,
      "text" : "to",
      "whiteSpace" : false
    }, {
      "id" : "s2-t23",
      "begin" : 274,
      "end" : 280,
      "text" : "upload",
      "whiteSpace" : false
    }, {
      "id" : "s2-t24",
      "begin" : 281,
      "end" : 287,
      "text" : "things",
      "whiteSpace" : false
    }, {
      "id" : "s2-t25",
      "begin" : 288,
      "end" : 291,
      "text" : "one",
      "whiteSpace" : false
    }, {
      "id" : "s2-t26",
      "begin" : 292,
      "end" : 294,
      "text" : "by",
      "whiteSpace" : false
    }, {
      "id" : "s2-t27",
      "begin" : 295,
      "end" : 298,
      "text" : "one",
      "whiteSpace" : false
    }, {
      "id" : "s2-t28",
      "begin" : 298,
      "end" : 299,
      "text" : "!",
      "whiteSpace" : false
    } ]
  } ],
  "mentions" : [ {
    "id" : "cm1",
    "properties" : {
      "SIRE_MENTION_ROLE" : "Service_Provider",
      "SIRE_ENTITY_SUBTYPE" : "NONE",
      "SIRE_MENTION_TYPE" : "NONE",
      "SIRE_MENTION_CLASS" : "SPC"
    },
    "type" : "Service_Provider",
    "begin" : 77,
    "end" : 85,
    "inCoref" : false
  } ],
  "relations" : [ ],
  "corefs" : [ ],
  "typeResolved" : true,
  "userResolved" : false
}