{
  "id" : "7d94a560-fedd-11e6-bdaf-657283dc3f11-8",
  "name" : "1913a5d757fd0d054472d3d31e63a93e.txt",
  "version" : 3,
  "text" : "How can we shut down att update services!??!?\n\nI do not want any form of update notifications outside of my googe play\nupdates.I do not want any form of system updates or notifications utill I have\ndecided it is time.How can I disable these services/apps????\n\n",
  "docLength" : 0,
  "language" : "EN",
  "status" : "READY",
  "modifiedDate" : 1488755079858,
  "documentSet" : [ ],
  "preannotation" : [ "PRE_LW" ],
  "sentences" : [ {
    "id" : "s0",
    "begin" : 0,
    "end" : 41,
    "text" : "How can we shut down att update services!",
    "tokens" : [ {
      "id" : "s0-t0",
      "begin" : 0,
      "end" : 3,
      "text" : "How",
      "whiteSpace" : false
    }, {
      "id" : "s0-t1",
      "begin" : 4,
      "end" : 7,
      "text" : "can",
      "whiteSpace" : false
    }, {
      "id" : "s0-t2",
      "begin" : 8,
      "end" : 10,
      "text" : "we",
      "whiteSpace" : false
    }, {
      "id" : "s0-t3",
      "begin" : 11,
      "end" : 15,
      "text" : "shut",
      "whiteSpace" : false
    }, {
      "id" : "s0-t4",
      "begin" : 16,
      "end" : 20,
      "text" : "down",
      "whiteSpace" : false
    }, {
      "id" : "s0-t5",
      "begin" : 21,
      "end" : 24,
      "text" : "att",
      "whiteSpace" : false
    }, {
      "id" : "s0-t6",
      "begin" : 25,
      "end" : 31,
      "text" : "update",
      "whiteSpace" : false
    }, {
      "id" : "s0-t7",
      "begin" : 32,
      "end" : 40,
      "text" : "services",
      "whiteSpace" : false
    }, {
      "id" : "s0-t8",
      "begin" : 40,
      "end" : 41,
      "text" : "!",
      "whiteSpace" : false
    } ]
  }, {
    "id" : "s1",
    "begin" : 41,
    "end" : 45,
    "text" : "??!?",
    "tokens" : [ {
      "id" : "s1-t0",
      "begin" : 41,
      "end" : 43,
      "text" : "??",
      "whiteSpace" : false
    }, {
      "id" : "s1-t1",
      "begin" : 43,
      "end" : 44,
      "text" : "!",
      "whiteSpace" : false
    }, {
      "id" : "s1-t2",
      "begin" : 44,
      "end" : 45,
      "text" : "?",
      "whiteSpace" : false
    } ]
  }, {
    "id" : "s2",
    "begin" : 47,
    "end" : 217,
    "text" : "I do not want any form of update notifications outside of my googe play\nupdates.I do not want any form of system updates or notifications utill I have\ndecided it is time.",
    "tokens" : [ {
      "id" : "s2-t0",
      "begin" : 47,
      "end" : 48,
      "text" : "I",
      "whiteSpace" : false
    }, {
      "id" : "s2-t1",
      "begin" : 49,
      "end" : 51,
      "text" : "do",
      "whiteSpace" : false
    }, {
      "id" : "s2-t2",
      "begin" : 52,
      "end" : 55,
      "text" : "not",
      "whiteSpace" : false
    }, {
      "id" : "s2-t3",
      "begin" : 56,
      "end" : 60,
      "text" : "want",
      "whiteSpace" : false
    }, {
      "id" : "s2-t4",
      "begin" : 61,
      "end" : 64,
      "text" : "any",
      "whiteSpace" : false
    }, {
      "id" : "s2-t5",
      "begin" : 65,
      "end" : 69,
      "text" : "form",
      "whiteSpace" : false
    }, {
      "id" : "s2-t6",
      "begin" : 70,
      "end" : 72,
      "text" : "of",
      "whiteSpace" : false
    }, {
      "id" : "s2-t7",
      "begin" : 73,
      "end" : 79,
      "text" : "update",
      "whiteSpace" : false
    }, {
      "id" : "s2-t8",
      "begin" : 80,
      "end" : 93,
      "text" : "notifications",
      "whiteSpace" : false
    }, {
      "id" : "s2-t9",
      "begin" : 94,
      "end" : 101,
      "text" : "outside",
      "whiteSpace" : false
    }, {
      "id" : "s2-t10",
      "begin" : 102,
      "end" : 104,
      "text" : "of",
      "whiteSpace" : false
    }, {
      "id" : "s2-t11",
      "begin" : 105,
      "end" : 107,
      "text" : "my",
      "whiteSpace" : false
    }, {
      "id" : "s2-t12",
      "begin" : 108,
      "end" : 113,
      "text" : "googe",
      "whiteSpace" : false
    }, {
      "id" : "s2-t13",
      "begin" : 114,
      "end" : 118,
      "text" : "play",
      "whiteSpace" : false
    }, {
      "id" : "s2-t14",
      "begin" : 119,
      "end" : 128,
      "text" : "updates.I",
      "whiteSpace" : false
    }, {
      "id" : "s2-t15",
      "begin" : 129,
      "end" : 131,
      "text" : "do",
      "whiteSpace" : false
    }, {
      "id" : "s2-t16",
      "begin" : 132,
      "end" : 135,
      "text" : "not",
      "whiteSpace" : false
    }, {
      "id" : "s2-t17",
      "begin" : 136,
      "end" : 140,
      "text" : "want",
      "whiteSpace" : false
    }, {
      "id" : "s2-t18",
      "begin" : 141,
      "end" : 144,
      "text" : "any",
      "whiteSpace" : false
    }, {
      "id" : "s2-t19",
      "begin" : 145,
      "end" : 149,
      "text" : "form",
      "whiteSpace" : false
    }, {
      "id" : "s2-t20",
      "begin" : 150,
      "end" : 152,
      "text" : "of",
      "whiteSpace" : false
    }, {
      "id" : "s2-t21",
      "begin" : 153,
      "end" : 159,
      "text" : "system",
      "whiteSpace" : false
    }, {
      "id" : "s2-t22",
      "begin" : 160,
      "end" : 167,
      "text" : "updates",
      "whiteSpace" : false
    }, {
      "id" : "s2-t23",
      "begin" : 168,
      "end" : 170,
      "text" : "or",
      "whiteSpace" : false
    }, {
      "id" : "s2-t24",
      "begin" : 171,
      "end" : 184,
      "text" : "notifications",
      "whiteSpace" : false
    }, {
      "id" : "s2-t25",
      "begin" : 185,
      "end" : 190,
      "text" : "utill",
      "whiteSpace" : false
    }, {
      "id" : "s2-t26",
      "begin" : 191,
      "end" : 192,
      "text" : "I",
      "whiteSpace" : false
    }, {
      "id" : "s2-t27",
      "begin" : 193,
      "end" : 197,
      "text" : "have",
      "whiteSpace" : false
    }, {
      "id" : "s2-t28",
      "begin" : 198,
      "end" : 205,
      "text" : "decided",
      "whiteSpace" : false
    }, {
      "id" : "s2-t29",
      "begin" : 206,
      "end" : 208,
      "text" : "it",
      "whiteSpace" : false
    }, {
      "id" : "s2-t30",
      "begin" : 209,
      "end" : 211,
      "text" : "is",
      "whiteSpace" : false
    }, {
      "id" : "s2-t31",
      "begin" : 212,
      "end" : 216,
      "text" : "time",
      "whiteSpace" : false
    }, {
      "id" : "s2-t32",
      "begin" : 216,
      "end" : 217,
      "text" : ".",
      "whiteSpace" : false
    } ]
  }, {
    "id" : "s3",
    "begin" : 217,
    "end" : 255,
    "text" : "How can I disable these services/apps?",
    "tokens" : [ {
      "id" : "s3-t0",
      "begin" : 217,
      "end" : 220,
      "text" : "How",
      "whiteSpace" : false
    }, {
      "id" : "s3-t1",
      "begin" : 221,
      "end" : 224,
      "text" : "can",
      "whiteSpace" : false
    }, {
      "id" : "s3-t2",
      "begin" : 225,
      "end" : 226,
      "text" : "I",
      "whiteSpace" : false
    }, {
      "id" : "s3-t3",
      "begin" : 227,
      "end" : 234,
      "text" : "disable",
      "whiteSpace" : false
    }, {
      "id" : "s3-t4",
      "begin" : 235,
      "end" : 240,
      "text" : "these",
      "whiteSpace" : false
    }, {
      "id" : "s3-t5",
      "begin" : 241,
      "end" : 249,
      "text" : "services",
      "whiteSpace" : false
    }, {
      "id" : "s3-t6",
      "begin" : 249,
      "end" : 250,
      "text" : "/",
      "whiteSpace" : false
    }, {
      "id" : "s3-t7",
      "begin" : 250,
      "end" : 254,
      "text" : "apps",
      "whiteSpace" : false
    }, {
      "id" : "s3-t8",
      "begin" : 254,
      "end" : 255,
      "text" : "?",
      "whiteSpace" : false
    } ]
  }, {
    "id" : "s4",
    "begin" : 255,
    "end" : 258,
    "text" : "???",
    "tokens" : [ {
      "id" : "s4-t0",
      "begin" : 255,
      "end" : 257,
      "text" : "??",
      "whiteSpace" : false
    }, {
      "id" : "s4-t1",
      "begin" : 257,
      "end" : 258,
      "text" : "?",
      "whiteSpace" : false
    } ]
  } ],
  "mentions" : [ {
    "id" : "s0-m0",
    "properties" : {
      "SIRE_MENTION_ROLE" : "Service_Provider",
      "SIRE_MENTION_TYPE" : "NONE",
      "SIRE_ENTITY_SUBTYPE" : "NONE",
      "SIRE_MENTION_CLASS" : "SPC"
    },
    "type" : "Service_Provider",
    "begin" : 21,
    "end" : 24,
    "inCoref" : false
  }, {
    "id" : "s2-m1",
    "properties" : {
      "SIRE_MENTION_ROLE" : "Application",
      "SIRE_ENTITY_SUBTYPE" : "NONE",
      "SIRE_MENTION_TYPE" : "NONE",
      "SIRE_MENTION_CLASS" : "SPC"
    },
    "type" : "Application",
    "begin" : 108,
    "end" : 118,
    "inCoref" : false
  }, {
    "id" : "s3-m1",
    "properties" : {
      "SIRE_MENTION_ROLE" : "Application",
      "SIRE_ENTITY_SUBTYPE" : "NONE",
      "SIRE_MENTION_TYPE" : "NONE",
      "SIRE_MENTION_CLASS" : "SPC"
    },
    "type" : "Application",
    "begin" : 250,
    "end" : 254,
    "inCoref" : false
  } ],
  "relations" : [ ],
  "corefs" : [ ],
  "typeResolved" : true,
  "userResolved" : false
}