{
  "id" : "82fb5b30-fedc-11e6-ab2e-b90886057030-7",
  "name" : "3fafcffaba489f8f55dc0bfbc349bb56.txt",
  "version" : 3,
  "text" : "Alarm Clock on Iphone 3GS\n\nI cannot find the clock/alarm clock on my phone either in settings or\nutilities. Does this phone not have a clock? Thanks.Solved!Go to Solution.\n\n",
  "docLength" : 0,
  "language" : "EN",
  "status" : "READY",
  "modifiedDate" : 1488751310697,
  "documentSet" : [ ],
  "preannotation" : [ "PRE_LW" ],
  "sentences" : [ {
    "id" : "s0",
    "begin" : 0,
    "end" : 25,
    "text" : "Alarm Clock on Iphone 3GS",
    "tokens" : [ {
      "id" : "s0-t0",
      "begin" : 0,
      "end" : 5,
      "text" : "Alarm",
      "whiteSpace" : false
    }, {
      "id" : "s0-t1",
      "begin" : 6,
      "end" : 11,
      "text" : "Clock",
      "whiteSpace" : false
    }, {
      "id" : "s0-t2",
      "begin" : 12,
      "end" : 14,
      "text" : "on",
      "whiteSpace" : false
    }, {
      "id" : "s0-t3",
      "begin" : 15,
      "end" : 21,
      "text" : "Iphone",
      "whiteSpace" : false
    }, {
      "id" : "s0-t4",
      "begin" : 22,
      "end" : 25,
      "text" : "3GS",
      "whiteSpace" : false
    } ]
  }, {
    "id" : "s1",
    "begin" : 27,
    "end" : 107,
    "text" : "I cannot find the clock/alarm clock on my phone either in settings or\nutilities.",
    "tokens" : [ {
      "id" : "s1-t0",
      "begin" : 27,
      "end" : 28,
      "text" : "I",
      "whiteSpace" : false
    }, {
      "id" : "s1-t1",
      "begin" : 29,
      "end" : 35,
      "text" : "cannot",
      "whiteSpace" : false
    }, {
      "id" : "s1-t2",
      "begin" : 36,
      "end" : 40,
      "text" : "find",
      "whiteSpace" : false
    }, {
      "id" : "s1-t3",
      "begin" : 41,
      "end" : 44,
      "text" : "the",
      "whiteSpace" : false
    }, {
      "id" : "s1-t4",
      "begin" : 45,
      "end" : 50,
      "text" : "clock",
      "whiteSpace" : false
    }, {
      "id" : "s1-t5",
      "begin" : 50,
      "end" : 51,
      "text" : "/",
      "whiteSpace" : false
    }, {
      "id" : "s1-t6",
      "begin" : 51,
      "end" : 56,
      "text" : "alarm",
      "whiteSpace" : false
    }, {
      "id" : "s1-t7",
      "begin" : 57,
      "end" : 62,
      "text" : "clock",
      "whiteSpace" : false
    }, {
      "id" : "s1-t8",
      "begin" : 63,
      "end" : 65,
      "text" : "on",
      "whiteSpace" : false
    }, {
      "id" : "s1-t9",
      "begin" : 66,
      "end" : 68,
      "text" : "my",
      "whiteSpace" : false
    }, {
      "id" : "s1-t10",
      "begin" : 69,
      "end" : 74,
      "text" : "phone",
      "whiteSpace" : false
    }, {
      "id" : "s1-t11",
      "begin" : 75,
      "end" : 81,
      "text" : "either",
      "whiteSpace" : false
    }, {
      "id" : "s1-t12",
      "begin" : 82,
      "end" : 84,
      "text" : "in",
      "whiteSpace" : false
    }, {
      "id" : "s1-t13",
      "begin" : 85,
      "end" : 93,
      "text" : "settings",
      "whiteSpace" : false
    }, {
      "id" : "s1-t14",
      "begin" : 94,
      "end" : 96,
      "text" : "or",
      "whiteSpace" : false
    }, {
      "id" : "s1-t15",
      "begin" : 97,
      "end" : 106,
      "text" : "utilities",
      "whiteSpace" : false
    }, {
      "id" : "s1-t16",
      "begin" : 106,
      "end" : 107,
      "text" : ".",
      "whiteSpace" : false
    } ]
  }, {
    "id" : "s2",
    "begin" : 108,
    "end" : 141,
    "text" : "Does this phone not have a clock?",
    "tokens" : [ {
      "id" : "s2-t0",
      "begin" : 108,
      "end" : 112,
      "text" : "Does",
      "whiteSpace" : false
    }, {
      "id" : "s2-t1",
      "begin" : 113,
      "end" : 117,
      "text" : "this",
      "whiteSpace" : false
    }, {
      "id" : "s2-t2",
      "begin" : 118,
      "end" : 123,
      "text" : "phone",
      "whiteSpace" : false
    }, {
      "id" : "s2-t3",
      "begin" : 124,
      "end" : 127,
      "text" : "not",
      "whiteSpace" : false
    }, {
      "id" : "s2-t4",
      "begin" : 128,
      "end" : 132,
      "text" : "have",
      "whiteSpace" : false
    }, {
      "id" : "s2-t5",
      "begin" : 133,
      "end" : 134,
      "text" : "a",
      "whiteSpace" : false
    }, {
      "id" : "s2-t6",
      "begin" : 135,
      "end" : 140,
      "text" : "clock",
      "whiteSpace" : false
    }, {
      "id" : "s2-t7",
      "begin" : 140,
      "end" : 141,
      "text" : "?",
      "whiteSpace" : false
    } ]
  }, {
    "id" : "s3",
    "begin" : 142,
    "end" : 171,
    "text" : "Thanks.Solved!Go to Solution.",
    "tokens" : [ {
      "id" : "s3-t0",
      "begin" : 142,
      "end" : 156,
      "text" : "Thanks.Solved!",
      "whiteSpace" : false
    }, {
      "id" : "s3-t1",
      "begin" : 156,
      "end" : 158,
      "text" : "Go",
      "whiteSpace" : false
    }, {
      "id" : "s3-t2",
      "begin" : 159,
      "end" : 161,
      "text" : "to",
      "whiteSpace" : false
    }, {
      "id" : "s3-t3",
      "begin" : 162,
      "end" : 170,
      "text" : "Solution",
      "whiteSpace" : false
    }, {
      "id" : "s3-t4",
      "begin" : 170,
      "end" : 171,
      "text" : ".",
      "whiteSpace" : false
    } ]
  } ],
  "mentions" : [ {
    "id" : "s0-m2",
    "properties" : {
      "SIRE_MENTION_ROLE" : "Application",
      "SIRE_ENTITY_SUBTYPE" : "NONE",
      "SIRE_MENTION_TYPE" : "NONE",
      "SIRE_MENTION_CLASS" : "SPC"
    },
    "type" : "Application",
    "begin" : 0,
    "end" : 11,
    "inCoref" : false
  }, {
    "id" : "s0-m0",
    "properties" : {
      "SIRE_MENTION_ROLE" : "Product",
      "SIRE_MENTION_TYPE" : "NONE",
      "SIRE_ENTITY_SUBTYPE" : "NONE",
      "SIRE_MENTION_CLASS" : "SPC"
    },
    "type" : "Product",
    "begin" : 15,
    "end" : 25,
    "inCoref" : false
  }, {
    "id" : "s1-m1",
    "properties" : {
      "SIRE_MENTION_ROLE" : "Application",
      "SIRE_ENTITY_SUBTYPE" : "NONE",
      "SIRE_MENTION_TYPE" : "NONE",
      "SIRE_MENTION_CLASS" : "SPC"
    },
    "type" : "Application",
    "begin" : 45,
    "end" : 50,
    "inCoref" : false
  }, {
    "id" : "s1-m2",
    "properties" : {
      "SIRE_MENTION_ROLE" : "Application",
      "SIRE_ENTITY_SUBTYPE" : "NONE",
      "SIRE_MENTION_TYPE" : "NONE",
      "SIRE_MENTION_CLASS" : "SPC"
    },
    "type" : "Application",
    "begin" : 51,
    "end" : 62,
    "inCoref" : false
  }, {
    "id" : "s2-m1",
    "properties" : {
      "SIRE_MENTION_ROLE" : "Application",
      "SIRE_ENTITY_SUBTYPE" : "NONE",
      "SIRE_MENTION_TYPE" : "NONE",
      "SIRE_MENTION_CLASS" : "SPC"
    },
    "type" : "Application",
    "begin" : 135,
    "end" : 140,
    "inCoref" : false
  } ],
  "relations" : [ ],
  "corefs" : [ ],
  "typeResolved" : true,
  "userResolved" : false
}