{
  "id" : "82fb5b30-fedc-11e6-ab2e-b90886057030-2",
  "name" : "3fafcffaba489f8f55dc0bfbc34b04e8.txt",
  "version" : 3,
  "text" : "iphone 5, help\n\nI will go to the United States next month, and would like to buy a locked\niphone 5 at & t (U.S. $ 200.00) without contract, only blocked. is this\npossible?Solved!Go to Solution.\n\n",
  "docLength" : 0,
  "language" : "EN",
  "status" : "READY",
  "modifiedDate" : 1488751252071,
  "documentSet" : [ ],
  "preannotation" : [ "PRE_LW" ],
  "sentences" : [ {
    "id" : "s0",
    "begin" : 0,
    "end" : 14,
    "text" : "iphone 5, help",
    "tokens" : [ {
      "id" : "s0-t0",
      "begin" : 0,
      "end" : 6,
      "text" : "iphone",
      "whiteSpace" : false
    }, {
      "id" : "s0-t1",
      "begin" : 7,
      "end" : 8,
      "text" : "5",
      "whiteSpace" : false
    }, {
      "id" : "s0-t2",
      "begin" : 8,
      "end" : 9,
      "text" : ",",
      "whiteSpace" : false
    }, {
      "id" : "s0-t3",
      "begin" : 10,
      "end" : 14,
      "text" : "help",
      "whiteSpace" : false
    } ]
  }, {
    "id" : "s1",
    "begin" : 16,
    "end" : 153,
    "text" : "I will go to the United States next month, and would like to buy a locked\niphone 5 at & t (U.S. $ 200.00) without contract, only blocked.",
    "tokens" : [ {
      "id" : "s1-t0",
      "begin" : 16,
      "end" : 17,
      "text" : "I",
      "whiteSpace" : false
    }, {
      "id" : "s1-t1",
      "begin" : 18,
      "end" : 22,
      "text" : "will",
      "whiteSpace" : false
    }, {
      "id" : "s1-t2",
      "begin" : 23,
      "end" : 25,
      "text" : "go",
      "whiteSpace" : false
    }, {
      "id" : "s1-t3",
      "begin" : 26,
      "end" : 28,
      "text" : "to",
      "whiteSpace" : false
    }, {
      "id" : "s1-t4",
      "begin" : 29,
      "end" : 32,
      "text" : "the",
      "whiteSpace" : false
    }, {
      "id" : "s1-t5",
      "begin" : 33,
      "end" : 39,
      "text" : "United",
      "whiteSpace" : false
    }, {
      "id" : "s1-t6",
      "begin" : 40,
      "end" : 46,
      "text" : "States",
      "whiteSpace" : false
    }, {
      "id" : "s1-t7",
      "begin" : 47,
      "end" : 51,
      "text" : "next",
      "whiteSpace" : false
    }, {
      "id" : "s1-t8",
      "begin" : 52,
      "end" : 57,
      "text" : "month",
      "whiteSpace" : false
    }, {
      "id" : "s1-t9",
      "begin" : 57,
      "end" : 58,
      "text" : ",",
      "whiteSpace" : false
    }, {
      "id" : "s1-t10",
      "begin" : 59,
      "end" : 62,
      "text" : "and",
      "whiteSpace" : false
    }, {
      "id" : "s1-t11",
      "begin" : 63,
      "end" : 68,
      "text" : "would",
      "whiteSpace" : false
    }, {
      "id" : "s1-t12",
      "begin" : 69,
      "end" : 73,
      "text" : "like",
      "whiteSpace" : false
    }, {
      "id" : "s1-t13",
      "begin" : 74,
      "end" : 76,
      "text" : "to",
      "whiteSpace" : false
    }, {
      "id" : "s1-t14",
      "begin" : 77,
      "end" : 80,
      "text" : "buy",
      "whiteSpace" : false
    }, {
      "id" : "s1-t15",
      "begin" : 81,
      "end" : 82,
      "text" : "a",
      "whiteSpace" : false
    }, {
      "id" : "s1-t16",
      "begin" : 83,
      "end" : 89,
      "text" : "locked",
      "whiteSpace" : false
    }, {
      "id" : "s1-t17",
      "begin" : 90,
      "end" : 96,
      "text" : "iphone",
      "whiteSpace" : false
    }, {
      "id" : "s1-t18",
      "begin" : 97,
      "end" : 98,
      "text" : "5",
      "whiteSpace" : false
    }, {
      "id" : "s1-t19",
      "begin" : 99,
      "end" : 101,
      "text" : "at",
      "whiteSpace" : false
    }, {
      "id" : "s1-t20",
      "begin" : 102,
      "end" : 103,
      "text" : "&",
      "whiteSpace" : false
    }, {
      "id" : "s1-t21",
      "begin" : 104,
      "end" : 105,
      "text" : "t",
      "whiteSpace" : false
    }, {
      "id" : "s1-t22",
      "begin" : 106,
      "end" : 107,
      "text" : "(",
      "whiteSpace" : false
    }, {
      "id" : "s1-t23",
      "begin" : 107,
      "end" : 111,
      "text" : "U.S.",
      "whiteSpace" : false
    }, {
      "id" : "s1-t24",
      "begin" : 112,
      "end" : 113,
      "text" : "$",
      "whiteSpace" : false
    }, {
      "id" : "s1-t25",
      "begin" : 114,
      "end" : 120,
      "text" : "200.00",
      "whiteSpace" : false
    }, {
      "id" : "s1-t26",
      "begin" : 120,
      "end" : 121,
      "text" : ")",
      "whiteSpace" : false
    }, {
      "id" : "s1-t27",
      "begin" : 122,
      "end" : 129,
      "text" : "without",
      "whiteSpace" : false
    }, {
      "id" : "s1-t28",
      "begin" : 130,
      "end" : 138,
      "text" : "contract",
      "whiteSpace" : false
    }, {
      "id" : "s1-t29",
      "begin" : 138,
      "end" : 139,
      "text" : ",",
      "whiteSpace" : false
    }, {
      "id" : "s1-t30",
      "begin" : 140,
      "end" : 144,
      "text" : "only",
      "whiteSpace" : false
    }, {
      "id" : "s1-t31",
      "begin" : 145,
      "end" : 152,
      "text" : "blocked",
      "whiteSpace" : false
    }, {
      "id" : "s1-t32",
      "begin" : 152,
      "end" : 153,
      "text" : ".",
      "whiteSpace" : false
    } ]
  }, {
    "id" : "s2",
    "begin" : 154,
    "end" : 171,
    "text" : "is this\npossible?",
    "tokens" : [ {
      "id" : "s2-t0",
      "begin" : 154,
      "end" : 156,
      "text" : "is",
      "whiteSpace" : false
    }, {
      "id" : "s2-t1",
      "begin" : 157,
      "end" : 161,
      "text" : "this",
      "whiteSpace" : false
    }, {
      "id" : "s2-t2",
      "begin" : 162,
      "end" : 170,
      "text" : "possible",
      "whiteSpace" : false
    }, {
      "id" : "s2-t3",
      "begin" : 170,
      "end" : 171,
      "text" : "?",
      "whiteSpace" : false
    } ]
  }, {
    "id" : "s3",
    "begin" : 171,
    "end" : 193,
    "text" : "Solved!Go to Solution.",
    "tokens" : [ {
      "id" : "s3-t0",
      "begin" : 171,
      "end" : 178,
      "text" : "Solved!",
      "whiteSpace" : false
    }, {
      "id" : "s3-t1",
      "begin" : 178,
      "end" : 180,
      "text" : "Go",
      "whiteSpace" : false
    }, {
      "id" : "s3-t2",
      "begin" : 181,
      "end" : 183,
      "text" : "to",
      "whiteSpace" : false
    }, {
      "id" : "s3-t3",
      "begin" : 184,
      "end" : 192,
      "text" : "Solution",
      "whiteSpace" : false
    }, {
      "id" : "s3-t4",
      "begin" : 192,
      "end" : 193,
      "text" : ".",
      "whiteSpace" : false
    } ]
  } ],
  "mentions" : [ {
    "id" : "s0-m0",
    "properties" : {
      "SIRE_MENTION_ROLE" : "Product",
      "SIRE_MENTION_TYPE" : "NONE",
      "SIRE_ENTITY_SUBTYPE" : "NONE",
      "SIRE_MENTION_CLASS" : "SPC"
    },
    "type" : "Product",
    "begin" : 0,
    "end" : 8,
    "inCoref" : false
  }, {
    "id" : "s2-m0",
    "properties" : {
      "SIRE_MENTION_ROLE" : "Product",
      "SIRE_MENTION_TYPE" : "NONE",
      "SIRE_ENTITY_SUBTYPE" : "NONE",
      "SIRE_MENTION_CLASS" : "SPC"
    },
    "type" : "Product",
    "begin" : 90,
    "end" : 98,
    "inCoref" : false
  }, {
    "id" : "s1-m2",
    "properties" : {
      "SIRE_MENTION_ROLE" : "Service_Provider",
      "SIRE_ENTITY_SUBTYPE" : "NONE",
      "SIRE_MENTION_TYPE" : "NONE",
      "SIRE_MENTION_CLASS" : "SPC"
    },
    "type" : "Service_Provider",
    "begin" : 99,
    "end" : 105,
    "inCoref" : false
  } ],
  "relations" : [ ],
  "corefs" : [ ],
  "typeResolved" : true,
  "userResolved" : false
}