{
  "id" : "82fb5b30-fedc-11e6-ab2e-b90886057030-5",
  "name" : "3fafcffaba489f8f55dc0bfbc35e9e7b.txt",
  "version" : 3,
  "text" : "google voice\n\nhi guys.....can some PLEASE explain HOW google voice works over the\niphone,please.....and explain it to me like i am 3 year old,lol.....I have a\ngmail account,i have the iphone...i want to make calls to canada,which i see\nare free,YAY ME!! but i am really not understanding HOW to call from my phone\nto their cell phone..big thanks in advance!!!Solved!Go to Solution.\n\n",
  "docLength" : 0,
  "language" : "EN",
  "status" : "READY",
  "modifiedDate" : 1488751289266,
  "documentSet" : [ ],
  "preannotation" : [ "PRE_LW" ],
  "sentences" : [ {
    "id" : "s0",
    "begin" : 0,
    "end" : 12,
    "text" : "google voice",
    "tokens" : [ {
      "id" : "s0-t0",
      "begin" : 0,
      "end" : 6,
      "text" : "google",
      "whiteSpace" : false
    }, {
      "id" : "s0-t1",
      "begin" : 7,
      "end" : 12,
      "text" : "voice",
      "whiteSpace" : false
    } ]
  }, {
    "id" : "s1",
    "begin" : 14,
    "end" : 252,
    "text" : "hi guys.....can some PLEASE explain HOW google voice works over the\niphone,please.....and explain it to me like i am 3 year old,lol.....I have a\ngmail account,i have the iphone...i want to make calls to canada,which i see\nare free,YAY ME!",
    "tokens" : [ {
      "id" : "s1-t0",
      "begin" : 14,
      "end" : 16,
      "text" : "hi",
      "whiteSpace" : false
    }, {
      "id" : "s1-t1",
      "begin" : 17,
      "end" : 21,
      "text" : "guys",
      "whiteSpace" : false
    }, {
      "id" : "s1-t2",
      "begin" : 21,
      "end" : 26,
      "text" : ".....",
      "whiteSpace" : false
    }, {
      "id" : "s1-t3",
      "begin" : 26,
      "end" : 29,
      "text" : "can",
      "whiteSpace" : false
    }, {
      "id" : "s1-t4",
      "begin" : 30,
      "end" : 34,
      "text" : "some",
      "whiteSpace" : false
    }, {
      "id" : "s1-t5",
      "begin" : 35,
      "end" : 41,
      "text" : "PLEASE",
      "whiteSpace" : false
    }, {
      "id" : "s1-t6",
      "begin" : 42,
      "end" : 49,
      "text" : "explain",
      "whiteSpace" : false
    }, {
      "id" : "s1-t7",
      "begin" : 50,
      "end" : 53,
      "text" : "HOW",
      "whiteSpace" : false
    }, {
      "id" : "s1-t8",
      "begin" : 54,
      "end" : 60,
      "text" : "google",
      "whiteSpace" : false
    }, {
      "id" : "s1-t9",
      "begin" : 61,
      "end" : 66,
      "text" : "voice",
      "whiteSpace" : false
    }, {
      "id" : "s1-t10",
      "begin" : 67,
      "end" : 72,
      "text" : "works",
      "whiteSpace" : false
    }, {
      "id" : "s1-t11",
      "begin" : 73,
      "end" : 77,
      "text" : "over",
      "whiteSpace" : false
    }, {
      "id" : "s1-t12",
      "begin" : 78,
      "end" : 81,
      "text" : "the",
      "whiteSpace" : false
    }, {
      "id" : "s1-t13",
      "begin" : 82,
      "end" : 95,
      "text" : "iphone,please",
      "whiteSpace" : false
    }, {
      "id" : "s1-t14",
      "begin" : 95,
      "end" : 100,
      "text" : ".....",
      "whiteSpace" : false
    }, {
      "id" : "s1-t15",
      "begin" : 100,
      "end" : 103,
      "text" : "and",
      "whiteSpace" : false
    }, {
      "id" : "s1-t16",
      "begin" : 104,
      "end" : 111,
      "text" : "explain",
      "whiteSpace" : false
    }, {
      "id" : "s1-t17",
      "begin" : 112,
      "end" : 114,
      "text" : "it",
      "whiteSpace" : false
    }, {
      "id" : "s1-t18",
      "begin" : 115,
      "end" : 117,
      "text" : "to",
      "whiteSpace" : false
    }, {
      "id" : "s1-t19",
      "begin" : 118,
      "end" : 120,
      "text" : "me",
      "whiteSpace" : false
    }, {
      "id" : "s1-t20",
      "begin" : 121,
      "end" : 125,
      "text" : "like",
      "whiteSpace" : false
    }, {
      "id" : "s1-t21",
      "begin" : 126,
      "end" : 127,
      "text" : "i",
      "whiteSpace" : false
    }, {
      "id" : "s1-t22",
      "begin" : 128,
      "end" : 130,
      "text" : "am",
      "whiteSpace" : false
    }, {
      "id" : "s1-t23",
      "begin" : 131,
      "end" : 132,
      "text" : "3",
      "whiteSpace" : false
    }, {
      "id" : "s1-t24",
      "begin" : 133,
      "end" : 137,
      "text" : "year",
      "whiteSpace" : false
    }, {
      "id" : "s1-t25",
      "begin" : 138,
      "end" : 145,
      "text" : "old,lol",
      "whiteSpace" : false
    }, {
      "id" : "s1-t26",
      "begin" : 145,
      "end" : 150,
      "text" : ".....",
      "whiteSpace" : false
    }, {
      "id" : "s1-t27",
      "begin" : 150,
      "end" : 151,
      "text" : "I",
      "whiteSpace" : false
    }, {
      "id" : "s1-t28",
      "begin" : 152,
      "end" : 156,
      "text" : "have",
      "whiteSpace" : false
    }, {
      "id" : "s1-t29",
      "begin" : 157,
      "end" : 158,
      "text" : "a",
      "whiteSpace" : false
    }, {
      "id" : "s1-t30",
      "begin" : 159,
      "end" : 164,
      "text" : "gmail",
      "whiteSpace" : false
    }, {
      "id" : "s1-t31",
      "begin" : 165,
      "end" : 172,
      "text" : "account",
      "whiteSpace" : false
    }, {
      "id" : "s1-t32",
      "begin" : 172,
      "end" : 173,
      "text" : ",",
      "whiteSpace" : false
    }, {
      "id" : "s1-t33",
      "begin" : 173,
      "end" : 174,
      "text" : "i",
      "whiteSpace" : false
    }, {
      "id" : "s1-t34",
      "begin" : 175,
      "end" : 179,
      "text" : "have",
      "whiteSpace" : false
    }, {
      "id" : "s1-t35",
      "begin" : 180,
      "end" : 183,
      "text" : "the",
      "whiteSpace" : false
    }, {
      "id" : "s1-t36",
      "begin" : 184,
      "end" : 190,
      "text" : "iphone",
      "whiteSpace" : false
    }, {
      "id" : "s1-t37",
      "begin" : 190,
      "end" : 193,
      "text" : "...",
      "whiteSpace" : false
    }, {
      "id" : "s1-t38",
      "begin" : 193,
      "end" : 194,
      "text" : "i",
      "whiteSpace" : false
    }, {
      "id" : "s1-t39",
      "begin" : 195,
      "end" : 199,
      "text" : "want",
      "whiteSpace" : false
    }, {
      "id" : "s1-t40",
      "begin" : 200,
      "end" : 202,
      "text" : "to",
      "whiteSpace" : false
    }, {
      "id" : "s1-t41",
      "begin" : 203,
      "end" : 207,
      "text" : "make",
      "whiteSpace" : false
    }, {
      "id" : "s1-t42",
      "begin" : 208,
      "end" : 213,
      "text" : "calls",
      "whiteSpace" : false
    }, {
      "id" : "s1-t43",
      "begin" : 214,
      "end" : 216,
      "text" : "to",
      "whiteSpace" : false
    }, {
      "id" : "s1-t44",
      "begin" : 217,
      "end" : 223,
      "text" : "canada",
      "whiteSpace" : false
    }, {
      "id" : "s1-t45",
      "begin" : 223,
      "end" : 224,
      "text" : ",",
      "whiteSpace" : false
    }, {
      "id" : "s1-t46",
      "begin" : 224,
      "end" : 229,
      "text" : "which",
      "whiteSpace" : false
    }, {
      "id" : "s1-t47",
      "begin" : 230,
      "end" : 231,
      "text" : "i",
      "whiteSpace" : false
    }, {
      "id" : "s1-t48",
      "begin" : 232,
      "end" : 235,
      "text" : "see",
      "whiteSpace" : false
    }, {
      "id" : "s1-t49",
      "begin" : 236,
      "end" : 239,
      "text" : "are",
      "whiteSpace" : false
    }, {
      "id" : "s1-t50",
      "begin" : 240,
      "end" : 244,
      "text" : "free",
      "whiteSpace" : false
    }, {
      "id" : "s1-t51",
      "begin" : 244,
      "end" : 245,
      "text" : ",",
      "whiteSpace" : false
    }, {
      "id" : "s1-t52",
      "begin" : 245,
      "end" : 248,
      "text" : "YAY",
      "whiteSpace" : false
    }, {
      "id" : "s1-t53",
      "begin" : 249,
      "end" : 251,
      "text" : "ME",
      "whiteSpace" : false
    }, {
      "id" : "s1-t54",
      "begin" : 251,
      "end" : 252,
      "text" : "!",
      "whiteSpace" : false
    } ]
  }, {
    "id" : "s2",
    "begin" : 252,
    "end" : 359,
    "text" : "! but i am really not understanding HOW to call from my phone\nto their cell phone..big thanks in advance!!!",
    "tokens" : [ {
      "id" : "s2-t0",
      "begin" : 252,
      "end" : 253,
      "text" : "!",
      "whiteSpace" : false
    }, {
      "id" : "s2-t1",
      "begin" : 254,
      "end" : 257,
      "text" : "but",
      "whiteSpace" : false
    }, {
      "id" : "s2-t2",
      "begin" : 258,
      "end" : 259,
      "text" : "i",
      "whiteSpace" : false
    }, {
      "id" : "s2-t3",
      "begin" : 260,
      "end" : 262,
      "text" : "am",
      "whiteSpace" : false
    }, {
      "id" : "s2-t4",
      "begin" : 263,
      "end" : 269,
      "text" : "really",
      "whiteSpace" : false
    }, {
      "id" : "s2-t5",
      "begin" : 270,
      "end" : 273,
      "text" : "not",
      "whiteSpace" : false
    }, {
      "id" : "s2-t6",
      "begin" : 274,
      "end" : 287,
      "text" : "understanding",
      "whiteSpace" : false
    }, {
      "id" : "s2-t7",
      "begin" : 288,
      "end" : 291,
      "text" : "HOW",
      "whiteSpace" : false
    }, {
      "id" : "s2-t8",
      "begin" : 292,
      "end" : 294,
      "text" : "to",
      "whiteSpace" : false
    }, {
      "id" : "s2-t9",
      "begin" : 295,
      "end" : 299,
      "text" : "call",
      "whiteSpace" : false
    }, {
      "id" : "s2-t10",
      "begin" : 300,
      "end" : 304,
      "text" : "from",
      "whiteSpace" : false
    }, {
      "id" : "s2-t11",
      "begin" : 305,
      "end" : 307,
      "text" : "my",
      "whiteSpace" : false
    }, {
      "id" : "s2-t12",
      "begin" : 308,
      "end" : 313,
      "text" : "phone",
      "whiteSpace" : false
    }, {
      "id" : "s2-t13",
      "begin" : 314,
      "end" : 316,
      "text" : "to",
      "whiteSpace" : false
    }, {
      "id" : "s2-t14",
      "begin" : 317,
      "end" : 322,
      "text" : "their",
      "whiteSpace" : false
    }, {
      "id" : "s2-t15",
      "begin" : 323,
      "end" : 327,
      "text" : "cell",
      "whiteSpace" : false
    }, {
      "id" : "s2-t16",
      "begin" : 328,
      "end" : 333,
      "text" : "phone",
      "whiteSpace" : false
    }, {
      "id" : "s2-t17",
      "begin" : 333,
      "end" : 335,
      "text" : "..",
      "whiteSpace" : false
    }, {
      "id" : "s2-t18",
      "begin" : 335,
      "end" : 338,
      "text" : "big",
      "whiteSpace" : false
    }, {
      "id" : "s2-t19",
      "begin" : 339,
      "end" : 345,
      "text" : "thanks",
      "whiteSpace" : false
    }, {
      "id" : "s2-t20",
      "begin" : 346,
      "end" : 348,
      "text" : "in",
      "whiteSpace" : false
    }, {
      "id" : "s2-t21",
      "begin" : 349,
      "end" : 356,
      "text" : "advance",
      "whiteSpace" : false
    }, {
      "id" : "s2-t22",
      "begin" : 356,
      "end" : 357,
      "text" : "!",
      "whiteSpace" : false
    }, {
      "id" : "s2-t23",
      "begin" : 357,
      "end" : 358,
      "text" : "!",
      "whiteSpace" : false
    }, {
      "id" : "s2-t24",
      "begin" : 358,
      "end" : 359,
      "text" : "!",
      "whiteSpace" : false
    } ]
  }, {
    "id" : "s3",
    "begin" : 359,
    "end" : 381,
    "text" : "Solved!Go to Solution.",
    "tokens" : [ {
      "id" : "s3-t0",
      "begin" : 359,
      "end" : 366,
      "text" : "Solved!",
      "whiteSpace" : false
    }, {
      "id" : "s3-t1",
      "begin" : 366,
      "end" : 368,
      "text" : "Go",
      "whiteSpace" : false
    }, {
      "id" : "s3-t2",
      "begin" : 369,
      "end" : 371,
      "text" : "to",
      "whiteSpace" : false
    }, {
      "id" : "s3-t3",
      "begin" : 372,
      "end" : 380,
      "text" : "Solution",
      "whiteSpace" : false
    }, {
      "id" : "s3-t4",
      "begin" : 380,
      "end" : 381,
      "text" : ".",
      "whiteSpace" : false
    } ]
  } ],
  "mentions" : [ {
    "id" : "s0-m0",
    "properties" : {
      "SIRE_MENTION_ROLE" : "Application",
      "SIRE_ENTITY_SUBTYPE" : "NONE",
      "SIRE_MENTION_TYPE" : "NONE",
      "SIRE_MENTION_CLASS" : "SPC"
    },
    "type" : "Application",
    "begin" : 0,
    "end" : 12,
    "inCoref" : false
  }, {
    "id" : "s1-m0",
    "properties" : {
      "SIRE_MENTION_ROLE" : "Application",
      "SIRE_ENTITY_SUBTYPE" : "NONE",
      "SIRE_MENTION_TYPE" : "NONE",
      "SIRE_MENTION_CLASS" : "SPC"
    },
    "type" : "Application",
    "begin" : 54,
    "end" : 66,
    "inCoref" : false
  }, {
    "id" : "s2-m0",
    "properties" : {
      "SIRE_MENTION_ROLE" : "Product",
      "SIRE_MENTION_TYPE" : "NONE",
      "SIRE_ENTITY_SUBTYPE" : "NONE",
      "SIRE_MENTION_CLASS" : "SPC"
    },
    "type" : "Product",
    "begin" : 82,
    "end" : 88,
    "inCoref" : false
  }, {
    "id" : "s1-m4",
    "properties" : {
      "SIRE_MENTION_ROLE" : "Application",
      "SIRE_ENTITY_SUBTYPE" : "NONE",
      "SIRE_MENTION_TYPE" : "NONE",
      "SIRE_MENTION_CLASS" : "SPC"
    },
    "type" : "Application",
    "begin" : 159,
    "end" : 164,
    "inCoref" : false
  }, {
    "id" : "s3-m0",
    "properties" : {
      "SIRE_MENTION_ROLE" : "Product",
      "SIRE_MENTION_TYPE" : "NONE",
      "SIRE_ENTITY_SUBTYPE" : "NONE",
      "SIRE_MENTION_CLASS" : "SPC"
    },
    "type" : "Product",
    "begin" : 184,
    "end" : 190,
    "inCoref" : false
  }, {
    "id" : "s1-m5",
    "properties" : {
      "SIRE_MENTION_ROLE" : "Voice_Text",
      "SIRE_ENTITY_SUBTYPE" : "NONE",
      "SIRE_MENTION_TYPE" : "NONE",
      "SIRE_MENTION_CLASS" : "SPC"
    },
    "type" : "Voice_Text",
    "begin" : 208,
    "end" : 213,
    "inCoref" : false
  }, {
    "id" : "s2-m1",
    "properties" : {
      "SIRE_MENTION_ROLE" : "Voice_Text",
      "SIRE_ENTITY_SUBTYPE" : "NONE",
      "SIRE_MENTION_TYPE" : "NONE",
      "SIRE_MENTION_CLASS" : "SPC"
    },
    "type" : "Voice_Text",
    "begin" : 295,
    "end" : 299,
    "inCoref" : false
  } ],
  "relations" : [ ],
  "corefs" : [ ],
  "typeResolved" : true,
  "userResolved" : false
}