{
  "id" : "82fb5b30-fedc-11e6-ab2e-b90886057030-8",
  "name" : "3fafcffaba489f8f55dc0bfbc3468ba8.txt",
  "version" : 3,
  "text" : "Voice Control\n\nHi, I just got the Iphone 4 and was checking the voice control. I had no\ntrouble starting it, but am not sure, do you have to hit and hold the button\nbefore each command, or does it stay in that mode? Thanks for your help, and\nsorry if this has been answered a thousand times. DaveSolved!Go to Solution.\n\n",
  "docLength" : 0,
  "language" : "EN",
  "status" : "READY",
  "modifiedDate" : 1488751327810,
  "documentSet" : [ ],
  "preannotation" : [ "PRE_LW" ],
  "sentences" : [ {
    "id" : "s0",
    "begin" : 0,
    "end" : 13,
    "text" : "Voice Control",
    "tokens" : [ {
      "id" : "s0-t0",
      "begin" : 0,
      "end" : 5,
      "text" : "Voice",
      "whiteSpace" : false
    }, {
      "id" : "s0-t1",
      "begin" : 6,
      "end" : 13,
      "text" : "Control",
      "whiteSpace" : false
    } ]
  }, {
    "id" : "s1",
    "begin" : 15,
    "end" : 78,
    "text" : "Hi, I just got the Iphone 4 and was checking the voice control.",
    "tokens" : [ {
      "id" : "s1-t0",
      "begin" : 15,
      "end" : 17,
      "text" : "Hi",
      "whiteSpace" : false
    }, {
      "id" : "s1-t1",
      "begin" : 17,
      "end" : 18,
      "text" : ",",
      "whiteSpace" : false
    }, {
      "id" : "s1-t2",
      "begin" : 19,
      "end" : 20,
      "text" : "I",
      "whiteSpace" : false
    }, {
      "id" : "s1-t3",
      "begin" : 21,
      "end" : 25,
      "text" : "just",
      "whiteSpace" : false
    }, {
      "id" : "s1-t4",
      "begin" : 26,
      "end" : 29,
      "text" : "got",
      "whiteSpace" : false
    }, {
      "id" : "s1-t5",
      "begin" : 30,
      "end" : 33,
      "text" : "the",
      "whiteSpace" : false
    }, {
      "id" : "s1-t6",
      "begin" : 34,
      "end" : 40,
      "text" : "Iphone",
      "whiteSpace" : false
    }, {
      "id" : "s1-t7",
      "begin" : 41,
      "end" : 42,
      "text" : "4",
      "whiteSpace" : false
    }, {
      "id" : "s1-t8",
      "begin" : 43,
      "end" : 46,
      "text" : "and",
      "whiteSpace" : false
    }, {
      "id" : "s1-t9",
      "begin" : 47,
      "end" : 50,
      "text" : "was",
      "whiteSpace" : false
    }, {
      "id" : "s1-t10",
      "begin" : 51,
      "end" : 59,
      "text" : "checking",
      "whiteSpace" : false
    }, {
      "id" : "s1-t11",
      "begin" : 60,
      "end" : 63,
      "text" : "the",
      "whiteSpace" : false
    }, {
      "id" : "s1-t12",
      "begin" : 64,
      "end" : 69,
      "text" : "voice",
      "whiteSpace" : false
    }, {
      "id" : "s1-t13",
      "begin" : 70,
      "end" : 77,
      "text" : "control",
      "whiteSpace" : false
    }, {
      "id" : "s1-t14",
      "begin" : 77,
      "end" : 78,
      "text" : ".",
      "whiteSpace" : false
    } ]
  }, {
    "id" : "s2",
    "begin" : 79,
    "end" : 215,
    "text" : "I had no\ntrouble starting it, but am not sure, do you have to hit and hold the button\nbefore each command, or does it stay in that mode?",
    "tokens" : [ {
      "id" : "s2-t0",
      "begin" : 79,
      "end" : 80,
      "text" : "I",
      "whiteSpace" : false
    }, {
      "id" : "s2-t1",
      "begin" : 81,
      "end" : 84,
      "text" : "had",
      "whiteSpace" : false
    }, {
      "id" : "s2-t2",
      "begin" : 85,
      "end" : 87,
      "text" : "no",
      "whiteSpace" : false
    }, {
      "id" : "s2-t3",
      "begin" : 88,
      "end" : 95,
      "text" : "trouble",
      "whiteSpace" : false
    }, {
      "id" : "s2-t4",
      "begin" : 96,
      "end" : 104,
      "text" : "starting",
      "whiteSpace" : false
    }, {
      "id" : "s2-t5",
      "begin" : 105,
      "end" : 107,
      "text" : "it",
      "whiteSpace" : false
    }, {
      "id" : "s2-t6",
      "begin" : 107,
      "end" : 108,
      "text" : ",",
      "whiteSpace" : false
    }, {
      "id" : "s2-t7",
      "begin" : 109,
      "end" : 112,
      "text" : "but",
      "whiteSpace" : false
    }, {
      "id" : "s2-t8",
      "begin" : 113,
      "end" : 115,
      "text" : "am",
      "whiteSpace" : false
    }, {
      "id" : "s2-t9",
      "begin" : 116,
      "end" : 119,
      "text" : "not",
      "whiteSpace" : false
    }, {
      "id" : "s2-t10",
      "begin" : 120,
      "end" : 124,
      "text" : "sure",
      "whiteSpace" : false
    }, {
      "id" : "s2-t11",
      "begin" : 124,
      "end" : 125,
      "text" : ",",
      "whiteSpace" : false
    }, {
      "id" : "s2-t12",
      "begin" : 126,
      "end" : 128,
      "text" : "do",
      "whiteSpace" : false
    }, {
      "id" : "s2-t13",
      "begin" : 129,
      "end" : 132,
      "text" : "you",
      "whiteSpace" : false
    }, {
      "id" : "s2-t14",
      "begin" : 133,
      "end" : 137,
      "text" : "have",
      "whiteSpace" : false
    }, {
      "id" : "s2-t15",
      "begin" : 138,
      "end" : 140,
      "text" : "to",
      "whiteSpace" : false
    }, {
      "id" : "s2-t16",
      "begin" : 141,
      "end" : 144,
      "text" : "hit",
      "whiteSpace" : false
    }, {
      "id" : "s2-t17",
      "begin" : 145,
      "end" : 148,
      "text" : "and",
      "whiteSpace" : false
    }, {
      "id" : "s2-t18",
      "begin" : 149,
      "end" : 153,
      "text" : "hold",
      "whiteSpace" : false
    }, {
      "id" : "s2-t19",
      "begin" : 154,
      "end" : 157,
      "text" : "the",
      "whiteSpace" : false
    }, {
      "id" : "s2-t20",
      "begin" : 158,
      "end" : 164,
      "text" : "button",
      "whiteSpace" : false
    }, {
      "id" : "s2-t21",
      "begin" : 165,
      "end" : 171,
      "text" : "before",
      "whiteSpace" : false
    }, {
      "id" : "s2-t22",
      "begin" : 172,
      "end" : 176,
      "text" : "each",
      "whiteSpace" : false
    }, {
      "id" : "s2-t23",
      "begin" : 177,
      "end" : 184,
      "text" : "command",
      "whiteSpace" : false
    }, {
      "id" : "s2-t24",
      "begin" : 184,
      "end" : 185,
      "text" : ",",
      "whiteSpace" : false
    }, {
      "id" : "s2-t25",
      "begin" : 186,
      "end" : 188,
      "text" : "or",
      "whiteSpace" : false
    }, {
      "id" : "s2-t26",
      "begin" : 189,
      "end" : 193,
      "text" : "does",
      "whiteSpace" : false
    }, {
      "id" : "s2-t27",
      "begin" : 194,
      "end" : 196,
      "text" : "it",
      "whiteSpace" : false
    }, {
      "id" : "s2-t28",
      "begin" : 197,
      "end" : 201,
      "text" : "stay",
      "whiteSpace" : false
    }, {
      "id" : "s2-t29",
      "begin" : 202,
      "end" : 204,
      "text" : "in",
      "whiteSpace" : false
    }, {
      "id" : "s2-t30",
      "begin" : 205,
      "end" : 209,
      "text" : "that",
      "whiteSpace" : false
    }, {
      "id" : "s2-t31",
      "begin" : 210,
      "end" : 214,
      "text" : "mode",
      "whiteSpace" : false
    }, {
      "id" : "s2-t32",
      "begin" : 214,
      "end" : 215,
      "text" : "?",
      "whiteSpace" : false
    } ]
  }, {
    "id" : "s3",
    "begin" : 216,
    "end" : 291,
    "text" : "Thanks for your help, and\nsorry if this has been answered a thousand times.",
    "tokens" : [ {
      "id" : "s3-t0",
      "begin" : 216,
      "end" : 222,
      "text" : "Thanks",
      "whiteSpace" : false
    }, {
      "id" : "s3-t1",
      "begin" : 223,
      "end" : 226,
      "text" : "for",
      "whiteSpace" : false
    }, {
      "id" : "s3-t2",
      "begin" : 227,
      "end" : 231,
      "text" : "your",
      "whiteSpace" : false
    }, {
      "id" : "s3-t3",
      "begin" : 232,
      "end" : 236,
      "text" : "help",
      "whiteSpace" : false
    }, {
      "id" : "s3-t4",
      "begin" : 236,
      "end" : 237,
      "text" : ",",
      "whiteSpace" : false
    }, {
      "id" : "s3-t5",
      "begin" : 238,
      "end" : 241,
      "text" : "and",
      "whiteSpace" : false
    }, {
      "id" : "s3-t6",
      "begin" : 242,
      "end" : 247,
      "text" : "sorry",
      "whiteSpace" : false
    }, {
      "id" : "s3-t7",
      "begin" : 248,
      "end" : 250,
      "text" : "if",
      "whiteSpace" : false
    }, {
      "id" : "s3-t8",
      "begin" : 251,
      "end" : 255,
      "text" : "this",
      "whiteSpace" : false
    }, {
      "id" : "s3-t9",
      "begin" : 256,
      "end" : 259,
      "text" : "has",
      "whiteSpace" : false
    }, {
      "id" : "s3-t10",
      "begin" : 260,
      "end" : 264,
      "text" : "been",
      "whiteSpace" : false
    }, {
      "id" : "s3-t11",
      "begin" : 265,
      "end" : 273,
      "text" : "answered",
      "whiteSpace" : false
    }, {
      "id" : "s3-t12",
      "begin" : 274,
      "end" : 275,
      "text" : "a",
      "whiteSpace" : false
    }, {
      "id" : "s3-t13",
      "begin" : 276,
      "end" : 284,
      "text" : "thousand",
      "whiteSpace" : false
    }, {
      "id" : "s3-t14",
      "begin" : 285,
      "end" : 290,
      "text" : "times",
      "whiteSpace" : false
    }, {
      "id" : "s3-t15",
      "begin" : 290,
      "end" : 291,
      "text" : ".",
      "whiteSpace" : false
    } ]
  }, {
    "id" : "s4",
    "begin" : 292,
    "end" : 303,
    "text" : "DaveSolved!",
    "tokens" : [ {
      "id" : "s4-t0",
      "begin" : 292,
      "end" : 302,
      "text" : "DaveSolved",
      "whiteSpace" : false
    }, {
      "id" : "s4-t1",
      "begin" : 302,
      "end" : 303,
      "text" : "!",
      "whiteSpace" : false
    } ]
  }, {
    "id" : "s5",
    "begin" : 303,
    "end" : 318,
    "text" : "Go to Solution.",
    "tokens" : [ {
      "id" : "s5-t0",
      "begin" : 303,
      "end" : 305,
      "text" : "Go",
      "whiteSpace" : false
    }, {
      "id" : "s5-t1",
      "begin" : 306,
      "end" : 308,
      "text" : "to",
      "whiteSpace" : false
    }, {
      "id" : "s5-t2",
      "begin" : 309,
      "end" : 317,
      "text" : "Solution",
      "whiteSpace" : false
    }, {
      "id" : "s5-t3",
      "begin" : 317,
      "end" : 318,
      "text" : ".",
      "whiteSpace" : false
    } ]
  } ],
  "mentions" : [ {
    "id" : "s0-m1",
    "properties" : {
      "SIRE_MENTION_ROLE" : "Application",
      "SIRE_ENTITY_SUBTYPE" : "NONE",
      "SIRE_MENTION_TYPE" : "NONE",
      "SIRE_MENTION_CLASS" : "SPC"
    },
    "type" : "Application",
    "begin" : 0,
    "end" : 13,
    "inCoref" : false
  }, {
    "id" : "s1-m0",
    "properties" : {
      "SIRE_MENTION_ROLE" : "Product",
      "SIRE_MENTION_TYPE" : "NONE",
      "SIRE_ENTITY_SUBTYPE" : "NONE",
      "SIRE_MENTION_CLASS" : "SPC"
    },
    "type" : "Product",
    "begin" : 34,
    "end" : 42,
    "inCoref" : false
  }, {
    "id" : "s1-m2",
    "properties" : {
      "SIRE_MENTION_ROLE" : "Application",
      "SIRE_ENTITY_SUBTYPE" : "NONE",
      "SIRE_MENTION_TYPE" : "NONE",
      "SIRE_MENTION_CLASS" : "SPC"
    },
    "type" : "Application",
    "begin" : 64,
    "end" : 77,
    "inCoref" : false
  }, {
    "id" : "s2-m1",
    "properties" : {
      "SIRE_MENTION_ROLE" : "Physical_Feature",
      "SIRE_ENTITY_SUBTYPE" : "NONE",
      "SIRE_MENTION_TYPE" : "NONE",
      "SIRE_MENTION_CLASS" : "SPC"
    },
    "type" : "Physical_Feature",
    "begin" : 158,
    "end" : 164,
    "inCoref" : false
  } ],
  "relations" : [ ],
  "corefs" : [ ],
  "typeResolved" : true,
  "userResolved" : false
}