{
  "id" : "83b0da70-feda-11e6-8c7d-7f6aa37994f5-0",
  "name" : "085bbb5674bc966ca03ebff1653bf21e.txt",
  "version" : 3,
  "text" : "3G/4G frequencies\n\nI will be travelling to the United States (Florida) in May, and I want to\nbring my smartphone with me.Could you please tell me the frequencies (bands)\nAT&amp;T; operates their 3G and 4G network?Thanks.Solved!Go to Solution.\n\n",
  "docLength" : 0,
  "language" : "EN",
  "status" : "READY",
  "modifiedDate" : 1488749398058,
  "documentSet" : [ ],
  "preannotation" : [ "PRE_LW" ],
  "sentences" : [ {
    "id" : "s0",
    "begin" : 0,
    "end" : 17,
    "text" : "3G/4G frequencies",
    "tokens" : [ {
      "id" : "s0-t0",
      "begin" : 0,
      "end" : 5,
      "text" : "3G/4G",
      "whiteSpace" : false
    }, {
      "id" : "s0-t1",
      "begin" : 6,
      "end" : 17,
      "text" : "frequencies",
      "whiteSpace" : false
    } ]
  }, {
    "id" : "s1",
    "begin" : 19,
    "end" : 121,
    "text" : "I will be travelling to the United States (Florida) in May, and I want to\nbring my smartphone with me.",
    "tokens" : [ {
      "id" : "s1-t0",
      "begin" : 19,
      "end" : 20,
      "text" : "I",
      "whiteSpace" : false
    }, {
      "id" : "s1-t1",
      "begin" : 21,
      "end" : 25,
      "text" : "will",
      "whiteSpace" : false
    }, {
      "id" : "s1-t2",
      "begin" : 26,
      "end" : 28,
      "text" : "be",
      "whiteSpace" : false
    }, {
      "id" : "s1-t3",
      "begin" : 29,
      "end" : 39,
      "text" : "travelling",
      "whiteSpace" : false
    }, {
      "id" : "s1-t4",
      "begin" : 40,
      "end" : 42,
      "text" : "to",
      "whiteSpace" : false
    }, {
      "id" : "s1-t5",
      "begin" : 43,
      "end" : 46,
      "text" : "the",
      "whiteSpace" : false
    }, {
      "id" : "s1-t6",
      "begin" : 47,
      "end" : 53,
      "text" : "United",
      "whiteSpace" : false
    }, {
      "id" : "s1-t7",
      "begin" : 54,
      "end" : 60,
      "text" : "States",
      "whiteSpace" : false
    }, {
      "id" : "s1-t8",
      "begin" : 61,
      "end" : 62,
      "text" : "(",
      "whiteSpace" : false
    }, {
      "id" : "s1-t9",
      "begin" : 62,
      "end" : 69,
      "text" : "Florida",
      "whiteSpace" : false
    }, {
      "id" : "s1-t10",
      "begin" : 69,
      "end" : 70,
      "text" : ")",
      "whiteSpace" : false
    }, {
      "id" : "s1-t11",
      "begin" : 71,
      "end" : 73,
      "text" : "in",
      "whiteSpace" : false
    }, {
      "id" : "s1-t12",
      "begin" : 74,
      "end" : 77,
      "text" : "May",
      "whiteSpace" : false
    }, {
      "id" : "s1-t13",
      "begin" : 77,
      "end" : 78,
      "text" : ",",
      "whiteSpace" : false
    }, {
      "id" : "s1-t14",
      "begin" : 79,
      "end" : 82,
      "text" : "and",
      "whiteSpace" : false
    }, {
      "id" : "s1-t15",
      "begin" : 83,
      "end" : 84,
      "text" : "I",
      "whiteSpace" : false
    }, {
      "id" : "s1-t16",
      "begin" : 85,
      "end" : 89,
      "text" : "want",
      "whiteSpace" : false
    }, {
      "id" : "s1-t17",
      "begin" : 90,
      "end" : 92,
      "text" : "to",
      "whiteSpace" : false
    }, {
      "id" : "s1-t18",
      "begin" : 93,
      "end" : 98,
      "text" : "bring",
      "whiteSpace" : false
    }, {
      "id" : "s1-t19",
      "begin" : 99,
      "end" : 101,
      "text" : "my",
      "whiteSpace" : false
    }, {
      "id" : "s1-t20",
      "begin" : 102,
      "end" : 112,
      "text" : "smartphone",
      "whiteSpace" : false
    }, {
      "id" : "s1-t21",
      "begin" : 113,
      "end" : 117,
      "text" : "with",
      "whiteSpace" : false
    }, {
      "id" : "s1-t22",
      "begin" : 118,
      "end" : 120,
      "text" : "me",
      "whiteSpace" : false
    }, {
      "id" : "s1-t23",
      "begin" : 120,
      "end" : 121,
      "text" : ".",
      "whiteSpace" : false
    } ]
  }, {
    "id" : "s2",
    "begin" : 121,
    "end" : 242,
    "text" : "Could you please tell me the frequencies (bands)\nAT&amp;T; operates their 3G and 4G network?Thanks.Solved!Go to Solution.",
    "tokens" : [ {
      "id" : "s2-t0",
      "begin" : 121,
      "end" : 126,
      "text" : "Could",
      "whiteSpace" : false
    }, {
      "id" : "s2-t1",
      "begin" : 127,
      "end" : 130,
      "text" : "you",
      "whiteSpace" : false
    }, {
      "id" : "s2-t2",
      "begin" : 131,
      "end" : 137,
      "text" : "please",
      "whiteSpace" : false
    }, {
      "id" : "s2-t3",
      "begin" : 138,
      "end" : 142,
      "text" : "tell",
      "whiteSpace" : false
    }, {
      "id" : "s2-t4",
      "begin" : 143,
      "end" : 145,
      "text" : "me",
      "whiteSpace" : false
    }, {
      "id" : "s2-t5",
      "begin" : 146,
      "end" : 149,
      "text" : "the",
      "whiteSpace" : false
    }, {
      "id" : "s2-t6",
      "begin" : 150,
      "end" : 161,
      "text" : "frequencies",
      "whiteSpace" : false
    }, {
      "id" : "s2-t7",
      "begin" : 162,
      "end" : 163,
      "text" : "(",
      "whiteSpace" : false
    }, {
      "id" : "s2-t8",
      "begin" : 163,
      "end" : 168,
      "text" : "bands",
      "whiteSpace" : false
    }, {
      "id" : "s2-t9",
      "begin" : 168,
      "end" : 169,
      "text" : ")",
      "whiteSpace" : false
    }, {
      "id" : "s2-t10",
      "begin" : 170,
      "end" : 172,
      "text" : "AT",
      "whiteSpace" : false
    }, {
      "id" : "s2-t11",
      "begin" : 172,
      "end" : 177,
      "text" : "&amp;",
      "whiteSpace" : false
    }, {
      "id" : "s2-t12",
      "begin" : 177,
      "end" : 179,
      "text" : "T;",
      "whiteSpace" : false
    }, {
      "id" : "s2-t13",
      "begin" : 180,
      "end" : 188,
      "text" : "operates",
      "whiteSpace" : false
    }, {
      "id" : "s2-t14",
      "begin" : 189,
      "end" : 194,
      "text" : "their",
      "whiteSpace" : false
    }, {
      "id" : "s2-t15",
      "begin" : 195,
      "end" : 197,
      "text" : "3G",
      "whiteSpace" : false
    }, {
      "id" : "s2-t16",
      "begin" : 198,
      "end" : 201,
      "text" : "and",
      "whiteSpace" : false
    }, {
      "id" : "s2-t17",
      "begin" : 202,
      "end" : 204,
      "text" : "4G",
      "whiteSpace" : false
    }, {
      "id" : "s2-t18",
      "begin" : 205,
      "end" : 227,
      "text" : "network?Thanks.Solved!",
      "whiteSpace" : false
    }, {
      "id" : "s2-t19",
      "begin" : 227,
      "end" : 229,
      "text" : "Go",
      "whiteSpace" : false
    }, {
      "id" : "s2-t20",
      "begin" : 230,
      "end" : 232,
      "text" : "to",
      "whiteSpace" : false
    }, {
      "id" : "s2-t21",
      "begin" : 233,
      "end" : 241,
      "text" : "Solution",
      "whiteSpace" : false
    }, {
      "id" : "s2-t22",
      "begin" : 241,
      "end" : 242,
      "text" : ".",
      "whiteSpace" : false
    } ]
  } ],
  "mentions" : [ {
    "id" : "cm1",
    "properties" : {
      "SIRE_MENTION_ROLE" : "Internet_Connectivity",
      "SIRE_ENTITY_SUBTYPE" : "NONE",
      "SIRE_MENTION_TYPE" : "NONE",
      "SIRE_MENTION_CLASS" : "SPC"
    },
    "type" : "Internet_Connectivity",
    "begin" : 0,
    "end" : 2,
    "inCoref" : false
  }, {
    "id" : "cm3",
    "properties" : {
      "SIRE_MENTION_ROLE" : "Internet_Connectivity",
      "SIRE_ENTITY_SUBTYPE" : "NONE",
      "SIRE_MENTION_TYPE" : "NONE",
      "SIRE_MENTION_CLASS" : "SPC"
    },
    "type" : "Internet_Connectivity",
    "begin" : 3,
    "end" : 5,
    "inCoref" : false
  }, {
    "id" : "s2-m4",
    "properties" : {
      "SIRE_MENTION_ROLE" : "Internet_Connectivity",
      "SIRE_ENTITY_SUBTYPE" : "NONE",
      "SIRE_MENTION_TYPE" : "NONE",
      "SIRE_MENTION_CLASS" : "SPC"
    },
    "type" : "Internet_Connectivity",
    "begin" : 150,
    "end" : 161,
    "inCoref" : false
  }, {
    "id" : "s2-m3",
    "properties" : {
      "SIRE_MENTION_ROLE" : "Service_Provider",
      "SIRE_ENTITY_SUBTYPE" : "NONE",
      "SIRE_MENTION_TYPE" : "NONE",
      "SIRE_MENTION_CLASS" : "SPC"
    },
    "type" : "Service_Provider",
    "begin" : 170,
    "end" : 178,
    "inCoref" : false
  }, {
    "id" : "cm2",
    "properties" : {
      "SIRE_MENTION_ROLE" : "Internet_Connectivity",
      "SIRE_ENTITY_SUBTYPE" : "NONE",
      "SIRE_MENTION_TYPE" : "NONE",
      "SIRE_MENTION_CLASS" : "SPC"
    },
    "type" : "Internet_Connectivity",
    "begin" : 195,
    "end" : 197,
    "inCoref" : false
  }, {
    "id" : "cm4",
    "properties" : {
      "SIRE_MENTION_ROLE" : "Internet_Connectivity",
      "SIRE_ENTITY_SUBTYPE" : "NONE",
      "SIRE_MENTION_TYPE" : "NONE",
      "SIRE_MENTION_CLASS" : "SPC"
    },
    "type" : "Internet_Connectivity",
    "begin" : 202,
    "end" : 212,
    "inCoref" : false
  } ],
  "relations" : [ ],
  "corefs" : [ ],
  "typeResolved" : true,
  "userResolved" : false
}