{
  "id" : "83b0da70-feda-11e6-8c7d-7f6aa37994f5-5",
  "name" : "085bbb5674bc966ca03ebff1658f4acd.txt",
  "version" : 3,
  "text" : "Does AT&amp;T; coverage work well over in the south (Specifically in\nMississippi)?\n\nI am specificlly referring to the quality of the phone calls I recieve, and\nwhether or not the service I get covers vast areas in the south.I also want to\nmake sure that I have the capability of using 4G LTE there.Thanks in advance\nto any response I may recieve.Solved!Go to Solution.\n\n",
  "docLength" : 0,
  "language" : "EN",
  "status" : "READY",
  "modifiedDate" : 1488749425869,
  "documentSet" : [ ],
  "preannotation" : [ "PRE_LW" ],
  "sentences" : [ {
    "id" : "s0",
    "begin" : 0,
    "end" : 82,
    "text" : "Does AT&amp;T; coverage work well over in the south (Specifically in\nMississippi)?",
    "tokens" : [ {
      "id" : "s0-t0",
      "begin" : 0,
      "end" : 4,
      "text" : "Does",
      "whiteSpace" : false
    }, {
      "id" : "s0-t1",
      "begin" : 5,
      "end" : 7,
      "text" : "AT",
      "whiteSpace" : false
    }, {
      "id" : "s0-t2",
      "begin" : 7,
      "end" : 12,
      "text" : "&amp;",
      "whiteSpace" : false
    }, {
      "id" : "s0-t3",
      "begin" : 12,
      "end" : 14,
      "text" : "T;",
      "whiteSpace" : false
    }, {
      "id" : "s0-t4",
      "begin" : 15,
      "end" : 23,
      "text" : "coverage",
      "whiteSpace" : false
    }, {
      "id" : "s0-t5",
      "begin" : 24,
      "end" : 28,
      "text" : "work",
      "whiteSpace" : false
    }, {
      "id" : "s0-t6",
      "begin" : 29,
      "end" : 33,
      "text" : "well",
      "whiteSpace" : false
    }, {
      "id" : "s0-t7",
      "begin" : 34,
      "end" : 38,
      "text" : "over",
      "whiteSpace" : false
    }, {
      "id" : "s0-t8",
      "begin" : 39,
      "end" : 41,
      "text" : "in",
      "whiteSpace" : false
    }, {
      "id" : "s0-t9",
      "begin" : 42,
      "end" : 45,
      "text" : "the",
      "whiteSpace" : false
    }, {
      "id" : "s0-t10",
      "begin" : 46,
      "end" : 51,
      "text" : "south",
      "whiteSpace" : false
    }, {
      "id" : "s0-t11",
      "begin" : 52,
      "end" : 53,
      "text" : "(",
      "whiteSpace" : false
    }, {
      "id" : "s0-t12",
      "begin" : 53,
      "end" : 65,
      "text" : "Specifically",
      "whiteSpace" : false
    }, {
      "id" : "s0-t13",
      "begin" : 66,
      "end" : 68,
      "text" : "in",
      "whiteSpace" : false
    }, {
      "id" : "s0-t14",
      "begin" : 69,
      "end" : 80,
      "text" : "Mississippi",
      "whiteSpace" : false
    }, {
      "id" : "s0-t15",
      "begin" : 80,
      "end" : 81,
      "text" : ")",
      "whiteSpace" : false
    }, {
      "id" : "s0-t16",
      "begin" : 81,
      "end" : 82,
      "text" : "?",
      "whiteSpace" : false
    } ]
  }, {
    "id" : "s1",
    "begin" : 84,
    "end" : 298,
    "text" : "I am specificlly referring to the quality of the phone calls I recieve, and\nwhether or not the service I get covers vast areas in the south.I also want to\nmake sure that I have the capability of using 4G LTE there.",
    "tokens" : [ {
      "id" : "s1-t0",
      "begin" : 84,
      "end" : 85,
      "text" : "I",
      "whiteSpace" : false
    }, {
      "id" : "s1-t1",
      "begin" : 86,
      "end" : 88,
      "text" : "am",
      "whiteSpace" : false
    }, {
      "id" : "s1-t2",
      "begin" : 89,
      "end" : 100,
      "text" : "specificlly",
      "whiteSpace" : false
    }, {
      "id" : "s1-t3",
      "begin" : 101,
      "end" : 110,
      "text" : "referring",
      "whiteSpace" : false
    }, {
      "id" : "s1-t4",
      "begin" : 111,
      "end" : 113,
      "text" : "to",
      "whiteSpace" : false
    }, {
      "id" : "s1-t5",
      "begin" : 114,
      "end" : 117,
      "text" : "the",
      "whiteSpace" : false
    }, {
      "id" : "s1-t6",
      "begin" : 118,
      "end" : 125,
      "text" : "quality",
      "whiteSpace" : false
    }, {
      "id" : "s1-t7",
      "begin" : 126,
      "end" : 128,
      "text" : "of",
      "whiteSpace" : false
    }, {
      "id" : "s1-t8",
      "begin" : 129,
      "end" : 132,
      "text" : "the",
      "whiteSpace" : false
    }, {
      "id" : "s1-t9",
      "begin" : 133,
      "end" : 138,
      "text" : "phone",
      "whiteSpace" : false
    }, {
      "id" : "s1-t10",
      "begin" : 139,
      "end" : 144,
      "text" : "calls",
      "whiteSpace" : false
    }, {
      "id" : "s1-t11",
      "begin" : 145,
      "end" : 146,
      "text" : "I",
      "whiteSpace" : false
    }, {
      "id" : "s1-t12",
      "begin" : 147,
      "end" : 154,
      "text" : "recieve",
      "whiteSpace" : false
    }, {
      "id" : "s1-t13",
      "begin" : 154,
      "end" : 155,
      "text" : ",",
      "whiteSpace" : false
    }, {
      "id" : "s1-t14",
      "begin" : 156,
      "end" : 159,
      "text" : "and",
      "whiteSpace" : false
    }, {
      "id" : "s1-t15",
      "begin" : 160,
      "end" : 167,
      "text" : "whether",
      "whiteSpace" : false
    }, {
      "id" : "s1-t16",
      "begin" : 168,
      "end" : 170,
      "text" : "or",
      "whiteSpace" : false
    }, {
      "id" : "s1-t17",
      "begin" : 171,
      "end" : 174,
      "text" : "not",
      "whiteSpace" : false
    }, {
      "id" : "s1-t18",
      "begin" : 175,
      "end" : 178,
      "text" : "the",
      "whiteSpace" : false
    }, {
      "id" : "s1-t19",
      "begin" : 179,
      "end" : 186,
      "text" : "service",
      "whiteSpace" : false
    }, {
      "id" : "s1-t20",
      "begin" : 187,
      "end" : 188,
      "text" : "I",
      "whiteSpace" : false
    }, {
      "id" : "s1-t21",
      "begin" : 189,
      "end" : 192,
      "text" : "get",
      "whiteSpace" : false
    }, {
      "id" : "s1-t22",
      "begin" : 193,
      "end" : 199,
      "text" : "covers",
      "whiteSpace" : false
    }, {
      "id" : "s1-t23",
      "begin" : 200,
      "end" : 204,
      "text" : "vast",
      "whiteSpace" : false
    }, {
      "id" : "s1-t24",
      "begin" : 205,
      "end" : 210,
      "text" : "areas",
      "whiteSpace" : false
    }, {
      "id" : "s1-t25",
      "begin" : 211,
      "end" : 213,
      "text" : "in",
      "whiteSpace" : false
    }, {
      "id" : "s1-t26",
      "begin" : 214,
      "end" : 217,
      "text" : "the",
      "whiteSpace" : false
    }, {
      "id" : "s1-t27",
      "begin" : 218,
      "end" : 225,
      "text" : "south.I",
      "whiteSpace" : false
    }, {
      "id" : "s1-t28",
      "begin" : 226,
      "end" : 230,
      "text" : "also",
      "whiteSpace" : false
    }, {
      "id" : "s1-t29",
      "begin" : 231,
      "end" : 235,
      "text" : "want",
      "whiteSpace" : false
    }, {
      "id" : "s1-t30",
      "begin" : 236,
      "end" : 238,
      "text" : "to",
      "whiteSpace" : false
    }, {
      "id" : "s1-t31",
      "begin" : 239,
      "end" : 243,
      "text" : "make",
      "whiteSpace" : false
    }, {
      "id" : "s1-t32",
      "begin" : 244,
      "end" : 248,
      "text" : "sure",
      "whiteSpace" : false
    }, {
      "id" : "s1-t33",
      "begin" : 249,
      "end" : 253,
      "text" : "that",
      "whiteSpace" : false
    }, {
      "id" : "s1-t34",
      "begin" : 254,
      "end" : 255,
      "text" : "I",
      "whiteSpace" : false
    }, {
      "id" : "s1-t35",
      "begin" : 256,
      "end" : 260,
      "text" : "have",
      "whiteSpace" : false
    }, {
      "id" : "s1-t36",
      "begin" : 261,
      "end" : 264,
      "text" : "the",
      "whiteSpace" : false
    }, {
      "id" : "s1-t37",
      "begin" : 265,
      "end" : 275,
      "text" : "capability",
      "whiteSpace" : false
    }, {
      "id" : "s1-t38",
      "begin" : 276,
      "end" : 278,
      "text" : "of",
      "whiteSpace" : false
    }, {
      "id" : "s1-t39",
      "begin" : 279,
      "end" : 284,
      "text" : "using",
      "whiteSpace" : false
    }, {
      "id" : "s1-t40",
      "begin" : 285,
      "end" : 287,
      "text" : "4G",
      "whiteSpace" : false
    }, {
      "id" : "s1-t41",
      "begin" : 288,
      "end" : 291,
      "text" : "LTE",
      "whiteSpace" : false
    }, {
      "id" : "s1-t42",
      "begin" : 292,
      "end" : 297,
      "text" : "there",
      "whiteSpace" : false
    }, {
      "id" : "s1-t43",
      "begin" : 297,
      "end" : 298,
      "text" : ".",
      "whiteSpace" : false
    } ]
  }, {
    "id" : "s2",
    "begin" : 298,
    "end" : 368,
    "text" : "Thanks in advance\nto any response I may recieve.Solved!Go to Solution.",
    "tokens" : [ {
      "id" : "s2-t0",
      "begin" : 298,
      "end" : 304,
      "text" : "Thanks",
      "whiteSpace" : false
    }, {
      "id" : "s2-t1",
      "begin" : 305,
      "end" : 307,
      "text" : "in",
      "whiteSpace" : false
    }, {
      "id" : "s2-t2",
      "begin" : 308,
      "end" : 315,
      "text" : "advance",
      "whiteSpace" : false
    }, {
      "id" : "s2-t3",
      "begin" : 316,
      "end" : 318,
      "text" : "to",
      "whiteSpace" : false
    }, {
      "id" : "s2-t4",
      "begin" : 319,
      "end" : 322,
      "text" : "any",
      "whiteSpace" : false
    }, {
      "id" : "s2-t5",
      "begin" : 323,
      "end" : 331,
      "text" : "response",
      "whiteSpace" : false
    }, {
      "id" : "s2-t6",
      "begin" : 332,
      "end" : 333,
      "text" : "I",
      "whiteSpace" : false
    }, {
      "id" : "s2-t7",
      "begin" : 334,
      "end" : 337,
      "text" : "may",
      "whiteSpace" : false
    }, {
      "id" : "s2-t8",
      "begin" : 338,
      "end" : 353,
      "text" : "recieve.Solved!",
      "whiteSpace" : false
    }, {
      "id" : "s2-t9",
      "begin" : 353,
      "end" : 355,
      "text" : "Go",
      "whiteSpace" : false
    }, {
      "id" : "s2-t10",
      "begin" : 356,
      "end" : 358,
      "text" : "to",
      "whiteSpace" : false
    }, {
      "id" : "s2-t11",
      "begin" : 359,
      "end" : 367,
      "text" : "Solution",
      "whiteSpace" : false
    }, {
      "id" : "s2-t12",
      "begin" : 367,
      "end" : 368,
      "text" : ".",
      "whiteSpace" : false
    } ]
  } ],
  "mentions" : [ {
    "id" : "s0-m1",
    "properties" : {
      "SIRE_MENTION_ROLE" : "Service_Provider",
      "SIRE_ENTITY_SUBTYPE" : "NONE",
      "SIRE_MENTION_TYPE" : "NONE",
      "SIRE_MENTION_CLASS" : "SPC"
    },
    "type" : "Service_Provider",
    "begin" : 5,
    "end" : 13,
    "inCoref" : false
  }, {
    "id" : "cm2",
    "properties" : {
      "SIRE_MENTION_ROLE" : "Voice_Text",
      "SIRE_ENTITY_SUBTYPE" : "NONE",
      "SIRE_MENTION_TYPE" : "NONE",
      "SIRE_MENTION_CLASS" : "SPC"
    },
    "type" : "Voice_Text",
    "begin" : 15,
    "end" : 23,
    "inCoref" : false
  }, {
    "id" : "s1-m3",
    "properties" : {
      "SIRE_MENTION_ROLE" : "Voice_Text",
      "SIRE_ENTITY_SUBTYPE" : "NONE",
      "SIRE_MENTION_TYPE" : "NONE",
      "SIRE_MENTION_CLASS" : "SPC"
    },
    "type" : "Voice_Text",
    "begin" : 133,
    "end" : 144,
    "inCoref" : false
  }, {
    "id" : "cm1",
    "properties" : {
      "SIRE_MENTION_ROLE" : "Internet_Connectivity",
      "SIRE_ENTITY_SUBTYPE" : "NONE",
      "SIRE_MENTION_TYPE" : "NONE",
      "SIRE_MENTION_CLASS" : "SPC"
    },
    "type" : "Internet_Connectivity",
    "begin" : 285,
    "end" : 287,
    "inCoref" : false
  }, {
    "id" : "s4-m0",
    "properties" : {
      "SIRE_MENTION_ROLE" : "Internet_Connectivity",
      "SIRE_ENTITY_SUBTYPE" : "NONE",
      "SIRE_MENTION_TYPE" : "NONE",
      "SIRE_MENTION_CLASS" : "SPC"
    },
    "type" : "Internet_Connectivity",
    "begin" : 288,
    "end" : 291,
    "inCoref" : false
  } ],
  "relations" : [ ],
  "corefs" : [ ],
  "typeResolved" : true,
  "userResolved" : false
}