{
  "id" : "83b0da70-feda-11e6-8c7d-7f6aa37994f5-3",
  "name" : "085bbb5674bc966ca03ebff1657a6600.txt",
  "version" : 3,
  "text" : "Signal Issues and Battery drain on two different phones starting this week\n\nI have a Galaxy Note 2, and a Nokia Lumia 920.Note2 is at 4.3 MK6Nokia is at\nCyan, windows OS 8.10.12393.xxxxStarting this week, 17Nov2014 or 16Nov2014,\nboth devices started to have battery drain issues. The Note 2 went from being\nat mid 80% batter life at the end of the day, to 35 to 40% battery life. Right\nnow my signal is -104 dBm 36asu, and no I turn off 4G unless I need it.The\nNokia usually is at 50% life at the end of the day, and after a night of\ncharging, by noon or 11am that same day (off the charger at 8am) it must be\nplugged in or it dies.I live in Central Texas, and noticed this week my signal\nwent from full to 2 and 4 bars tops, in the whole area... meaning a 60 by 60\nmile box.When a phone cannot get full strenght ramping (or boosting) occurs to\ntry to force a better connection, which I suspect is the cause of my battery\ndrain.What is going on with the wireless in Central Texas, and why are both my\nphones crapping out at the same time?thank you\n\n",
  "docLength" : 0,
  "language" : "EN",
  "status" : "READY",
  "modifiedDate" : 1488749622446,
  "documentSet" : [ ],
  "preannotation" : [ "PRE_LW" ],
  "sentences" : [ {
    "id" : "s0",
    "begin" : 0,
    "end" : 74,
    "text" : "Signal Issues and Battery drain on two different phones starting this week",
    "tokens" : [ {
      "id" : "s0-t0",
      "begin" : 0,
      "end" : 6,
      "text" : "Signal",
      "whiteSpace" : false
    }, {
      "id" : "s0-t1",
      "begin" : 7,
      "end" : 13,
      "text" : "Issues",
      "whiteSpace" : false
    }, {
      "id" : "s0-t2",
      "begin" : 14,
      "end" : 17,
      "text" : "and",
      "whiteSpace" : false
    }, {
      "id" : "s0-t3",
      "begin" : 18,
      "end" : 25,
      "text" : "Battery",
      "whiteSpace" : false
    }, {
      "id" : "s0-t4",
      "begin" : 26,
      "end" : 31,
      "text" : "drain",
      "whiteSpace" : false
    }, {
      "id" : "s0-t5",
      "begin" : 32,
      "end" : 34,
      "text" : "on",
      "whiteSpace" : false
    }, {
      "id" : "s0-t6",
      "begin" : 35,
      "end" : 38,
      "text" : "two",
      "whiteSpace" : false
    }, {
      "id" : "s0-t7",
      "begin" : 39,
      "end" : 48,
      "text" : "different",
      "whiteSpace" : false
    }, {
      "id" : "s0-t8",
      "begin" : 49,
      "end" : 55,
      "text" : "phones",
      "whiteSpace" : false
    }, {
      "id" : "s0-t9",
      "begin" : 56,
      "end" : 64,
      "text" : "starting",
      "whiteSpace" : false
    }, {
      "id" : "s0-t10",
      "begin" : 65,
      "end" : 69,
      "text" : "this",
      "whiteSpace" : false
    }, {
      "id" : "s0-t11",
      "begin" : 70,
      "end" : 74,
      "text" : "week",
      "whiteSpace" : false
    } ]
  }, {
    "id" : "s1",
    "begin" : 76,
    "end" : 279,
    "text" : "I have a Galaxy Note 2, and a Nokia Lumia 920.Note2 is at 4.3 MK6Nokia is at\nCyan, windows OS 8.10.12393.xxxxStarting this week, 17Nov2014 or 16Nov2014,\nboth devices started to have battery drain issues.",
    "tokens" : [ {
      "id" : "s1-t0",
      "begin" : 76,
      "end" : 77,
      "text" : "I",
      "whiteSpace" : false
    }, {
      "id" : "s1-t1",
      "begin" : 78,
      "end" : 82,
      "text" : "have",
      "whiteSpace" : false
    }, {
      "id" : "s1-t2",
      "begin" : 83,
      "end" : 84,
      "text" : "a",
      "whiteSpace" : false
    }, {
      "id" : "s1-t3",
      "begin" : 85,
      "end" : 91,
      "text" : "Galaxy",
      "whiteSpace" : false
    }, {
      "id" : "s1-t4",
      "begin" : 92,
      "end" : 96,
      "text" : "Note",
      "whiteSpace" : false
    }, {
      "id" : "s1-t5",
      "begin" : 97,
      "end" : 98,
      "text" : "2",
      "whiteSpace" : false
    }, {
      "id" : "s1-t6",
      "begin" : 98,
      "end" : 99,
      "text" : ",",
      "whiteSpace" : false
    }, {
      "id" : "s1-t7",
      "begin" : 100,
      "end" : 103,
      "text" : "and",
      "whiteSpace" : false
    }, {
      "id" : "s1-t8",
      "begin" : 104,
      "end" : 105,
      "text" : "a",
      "whiteSpace" : false
    }, {
      "id" : "s1-t9",
      "begin" : 106,
      "end" : 111,
      "text" : "Nokia",
      "whiteSpace" : false
    }, {
      "id" : "s1-t10",
      "begin" : 112,
      "end" : 117,
      "text" : "Lumia",
      "whiteSpace" : false
    }, {
      "id" : "s1-t11",
      "begin" : 118,
      "end" : 127,
      "text" : "920.Note2",
      "whiteSpace" : false
    }, {
      "id" : "s1-t12",
      "begin" : 128,
      "end" : 130,
      "text" : "is",
      "whiteSpace" : false
    }, {
      "id" : "s1-t13",
      "begin" : 131,
      "end" : 133,
      "text" : "at",
      "whiteSpace" : false
    }, {
      "id" : "s1-t14",
      "begin" : 134,
      "end" : 137,
      "text" : "4.3",
      "whiteSpace" : false
    }, {
      "id" : "s1-t15",
      "begin" : 138,
      "end" : 146,
      "text" : "MK6Nokia",
      "whiteSpace" : false
    }, {
      "id" : "s1-t16",
      "begin" : 147,
      "end" : 149,
      "text" : "is",
      "whiteSpace" : false
    }, {
      "id" : "s1-t17",
      "begin" : 150,
      "end" : 152,
      "text" : "at",
      "whiteSpace" : false
    }, {
      "id" : "s1-t18",
      "begin" : 153,
      "end" : 157,
      "text" : "Cyan",
      "whiteSpace" : false
    }, {
      "id" : "s1-t19",
      "begin" : 157,
      "end" : 158,
      "text" : ",",
      "whiteSpace" : false
    }, {
      "id" : "s1-t20",
      "begin" : 159,
      "end" : 166,
      "text" : "windows",
      "whiteSpace" : false
    }, {
      "id" : "s1-t21",
      "begin" : 167,
      "end" : 169,
      "text" : "OS",
      "whiteSpace" : false
    }, {
      "id" : "s1-t22",
      "begin" : 170,
      "end" : 193,
      "text" : "8.10.12393.xxxxStarting",
      "whiteSpace" : false
    }, {
      "id" : "s1-t23",
      "begin" : 194,
      "end" : 198,
      "text" : "this",
      "whiteSpace" : false
    }, {
      "id" : "s1-t24",
      "begin" : 199,
      "end" : 203,
      "text" : "week",
      "whiteSpace" : false
    }, {
      "id" : "s1-t25",
      "begin" : 203,
      "end" : 204,
      "text" : ",",
      "whiteSpace" : false
    }, {
      "id" : "s1-t26",
      "begin" : 205,
      "end" : 214,
      "text" : "17Nov2014",
      "whiteSpace" : false
    }, {
      "id" : "s1-t27",
      "begin" : 215,
      "end" : 217,
      "text" : "or",
      "whiteSpace" : false
    }, {
      "id" : "s1-t28",
      "begin" : 218,
      "end" : 227,
      "text" : "16Nov2014",
      "whiteSpace" : false
    }, {
      "id" : "s1-t29",
      "begin" : 227,
      "end" : 228,
      "text" : ",",
      "whiteSpace" : false
    }, {
      "id" : "s1-t30",
      "begin" : 229,
      "end" : 233,
      "text" : "both",
      "whiteSpace" : false
    }, {
      "id" : "s1-t31",
      "begin" : 234,
      "end" : 241,
      "text" : "devices",
      "whiteSpace" : false
    }, {
      "id" : "s1-t32",
      "begin" : 242,
      "end" : 249,
      "text" : "started",
      "whiteSpace" : false
    }, {
      "id" : "s1-t33",
      "begin" : 250,
      "end" : 252,
      "text" : "to",
      "whiteSpace" : false
    }, {
      "id" : "s1-t34",
      "begin" : 253,
      "end" : 257,
      "text" : "have",
      "whiteSpace" : false
    }, {
      "id" : "s1-t35",
      "begin" : 258,
      "end" : 265,
      "text" : "battery",
      "whiteSpace" : false
    }, {
      "id" : "s1-t36",
      "begin" : 266,
      "end" : 271,
      "text" : "drain",
      "whiteSpace" : false
    }, {
      "id" : "s1-t37",
      "begin" : 272,
      "end" : 278,
      "text" : "issues",
      "whiteSpace" : false
    }, {
      "id" : "s1-t38",
      "begin" : 278,
      "end" : 279,
      "text" : ".",
      "whiteSpace" : false
    } ]
  }, {
    "id" : "s2",
    "begin" : 280,
    "end" : 379,
    "text" : "The Note 2 went from being\nat mid 80% batter life at the end of the day, to 35 to 40% battery life.",
    "tokens" : [ {
      "id" : "s2-t0",
      "begin" : 280,
      "end" : 283,
      "text" : "The",
      "whiteSpace" : false
    }, {
      "id" : "s2-t1",
      "begin" : 284,
      "end" : 288,
      "text" : "Note",
      "whiteSpace" : false
    }, {
      "id" : "s2-t2",
      "begin" : 289,
      "end" : 290,
      "text" : "2",
      "whiteSpace" : false
    }, {
      "id" : "s2-t3",
      "begin" : 291,
      "end" : 295,
      "text" : "went",
      "whiteSpace" : false
    }, {
      "id" : "s2-t4",
      "begin" : 296,
      "end" : 300,
      "text" : "from",
      "whiteSpace" : false
    }, {
      "id" : "s2-t5",
      "begin" : 301,
      "end" : 306,
      "text" : "being",
      "whiteSpace" : false
    }, {
      "id" : "s2-t6",
      "begin" : 307,
      "end" : 309,
      "text" : "at",
      "whiteSpace" : false
    }, {
      "id" : "s2-t7",
      "begin" : 310,
      "end" : 313,
      "text" : "mid",
      "whiteSpace" : false
    }, {
      "id" : "s2-t8",
      "begin" : 314,
      "end" : 316,
      "text" : "80",
      "whiteSpace" : false
    }, {
      "id" : "s2-t9",
      "begin" : 316,
      "end" : 317,
      "text" : "%",
      "whiteSpace" : false
    }, {
      "id" : "s2-t10",
      "begin" : 318,
      "end" : 324,
      "text" : "batter",
      "whiteSpace" : false
    }, {
      "id" : "s2-t11",
      "begin" : 325,
      "end" : 329,
      "text" : "life",
      "whiteSpace" : false
    }, {
      "id" : "s2-t12",
      "begin" : 330,
      "end" : 332,
      "text" : "at",
      "whiteSpace" : false
    }, {
      "id" : "s2-t13",
      "begin" : 333,
      "end" : 336,
      "text" : "the",
      "whiteSpace" : false
    }, {
      "id" : "s2-t14",
      "begin" : 337,
      "end" : 340,
      "text" : "end",
      "whiteSpace" : false
    }, {
      "id" : "s2-t15",
      "begin" : 341,
      "end" : 343,
      "text" : "of",
      "whiteSpace" : false
    }, {
      "id" : "s2-t16",
      "begin" : 344,
      "end" : 347,
      "text" : "the",
      "whiteSpace" : false
    }, {
      "id" : "s2-t17",
      "begin" : 348,
      "end" : 351,
      "text" : "day",
      "whiteSpace" : false
    }, {
      "id" : "s2-t18",
      "begin" : 351,
      "end" : 352,
      "text" : ",",
      "whiteSpace" : false
    }, {
      "id" : "s2-t19",
      "begin" : 353,
      "end" : 355,
      "text" : "to",
      "whiteSpace" : false
    }, {
      "id" : "s2-t20",
      "begin" : 356,
      "end" : 358,
      "text" : "35",
      "whiteSpace" : false
    }, {
      "id" : "s2-t21",
      "begin" : 359,
      "end" : 361,
      "text" : "to",
      "whiteSpace" : false
    }, {
      "id" : "s2-t22",
      "begin" : 362,
      "end" : 364,
      "text" : "40",
      "whiteSpace" : false
    }, {
      "id" : "s2-t23",
      "begin" : 364,
      "end" : 365,
      "text" : "%",
      "whiteSpace" : false
    }, {
      "id" : "s2-t24",
      "begin" : 366,
      "end" : 373,
      "text" : "battery",
      "whiteSpace" : false
    }, {
      "id" : "s2-t25",
      "begin" : 374,
      "end" : 378,
      "text" : "life",
      "whiteSpace" : false
    }, {
      "id" : "s2-t26",
      "begin" : 378,
      "end" : 379,
      "text" : ".",
      "whiteSpace" : false
    } ]
  }, {
    "id" : "s3",
    "begin" : 380,
    "end" : 457,
    "text" : "Right\nnow my signal is -104 dBm 36asu, and no I turn off 4G unless I need it.",
    "tokens" : [ {
      "id" : "s3-t0",
      "begin" : 380,
      "end" : 385,
      "text" : "Right",
      "whiteSpace" : false
    }, {
      "id" : "s3-t1",
      "begin" : 386,
      "end" : 389,
      "text" : "now",
      "whiteSpace" : false
    }, {
      "id" : "s3-t2",
      "begin" : 390,
      "end" : 392,
      "text" : "my",
      "whiteSpace" : false
    }, {
      "id" : "s3-t3",
      "begin" : 393,
      "end" : 399,
      "text" : "signal",
      "whiteSpace" : false
    }, {
      "id" : "s3-t4",
      "begin" : 400,
      "end" : 402,
      "text" : "is",
      "whiteSpace" : false
    }, {
      "id" : "s3-t5",
      "begin" : 403,
      "end" : 407,
      "text" : "-104",
      "whiteSpace" : false
    }, {
      "id" : "s3-t6",
      "begin" : 408,
      "end" : 411,
      "text" : "dBm",
      "whiteSpace" : false
    }, {
      "id" : "s3-t7",
      "begin" : 412,
      "end" : 417,
      "text" : "36asu",
      "whiteSpace" : false
    }, {
      "id" : "s3-t8",
      "begin" : 417,
      "end" : 418,
      "text" : ",",
      "whiteSpace" : false
    }, {
      "id" : "s3-t9",
      "begin" : 419,
      "end" : 422,
      "text" : "and",
      "whiteSpace" : false
    }, {
      "id" : "s3-t10",
      "begin" : 423,
      "end" : 425,
      "text" : "no",
      "whiteSpace" : false
    }, {
      "id" : "s3-t11",
      "begin" : 426,
      "end" : 427,
      "text" : "I",
      "whiteSpace" : false
    }, {
      "id" : "s3-t12",
      "begin" : 428,
      "end" : 432,
      "text" : "turn",
      "whiteSpace" : false
    }, {
      "id" : "s3-t13",
      "begin" : 433,
      "end" : 436,
      "text" : "off",
      "whiteSpace" : false
    }, {
      "id" : "s3-t14",
      "begin" : 437,
      "end" : 439,
      "text" : "4G",
      "whiteSpace" : false
    }, {
      "id" : "s3-t15",
      "begin" : 440,
      "end" : 446,
      "text" : "unless",
      "whiteSpace" : false
    }, {
      "id" : "s3-t16",
      "begin" : 447,
      "end" : 448,
      "text" : "I",
      "whiteSpace" : false
    }, {
      "id" : "s3-t17",
      "begin" : 449,
      "end" : 453,
      "text" : "need",
      "whiteSpace" : false
    }, {
      "id" : "s3-t18",
      "begin" : 454,
      "end" : 456,
      "text" : "it",
      "whiteSpace" : false
    }, {
      "id" : "s3-t19",
      "begin" : 456,
      "end" : 457,
      "text" : ".",
      "whiteSpace" : false
    } ]
  }, {
    "id" : "s4",
    "begin" : 457,
    "end" : 775,
    "text" : "The\nNokia usually is at 50% life at the end of the day, and after a night of\ncharging, by noon or 11am that same day (off the charger at 8am) it must be\nplugged in or it dies.I live in Central Texas, and noticed this week my signal\nwent from full to 2 and 4 bars tops, in the whole area... meaning a 60 by 60\nmile box.",
    "tokens" : [ {
      "id" : "s4-t0",
      "begin" : 457,
      "end" : 460,
      "text" : "The",
      "whiteSpace" : false
    }, {
      "id" : "s4-t1",
      "begin" : 461,
      "end" : 466,
      "text" : "Nokia",
      "whiteSpace" : false
    }, {
      "id" : "s4-t2",
      "begin" : 467,
      "end" : 474,
      "text" : "usually",
      "whiteSpace" : false
    }, {
      "id" : "s4-t3",
      "begin" : 475,
      "end" : 477,
      "text" : "is",
      "whiteSpace" : false
    }, {
      "id" : "s4-t4",
      "begin" : 478,
      "end" : 480,
      "text" : "at",
      "whiteSpace" : false
    }, {
      "id" : "s4-t5",
      "begin" : 481,
      "end" : 483,
      "text" : "50",
      "whiteSpace" : false
    }, {
      "id" : "s4-t6",
      "begin" : 483,
      "end" : 484,
      "text" : "%",
      "whiteSpace" : false
    }, {
      "id" : "s4-t7",
      "begin" : 485,
      "end" : 489,
      "text" : "life",
      "whiteSpace" : false
    }, {
      "id" : "s4-t8",
      "begin" : 490,
      "end" : 492,
      "text" : "at",
      "whiteSpace" : false
    }, {
      "id" : "s4-t9",
      "begin" : 493,
      "end" : 496,
      "text" : "the",
      "whiteSpace" : false
    }, {
      "id" : "s4-t10",
      "begin" : 497,
      "end" : 500,
      "text" : "end",
      "whiteSpace" : false
    }, {
      "id" : "s4-t11",
      "begin" : 501,
      "end" : 503,
      "text" : "of",
      "whiteSpace" : false
    }, {
      "id" : "s4-t12",
      "begin" : 504,
      "end" : 507,
      "text" : "the",
      "whiteSpace" : false
    }, {
      "id" : "s4-t13",
      "begin" : 508,
      "end" : 511,
      "text" : "day",
      "whiteSpace" : false
    }, {
      "id" : "s4-t14",
      "begin" : 511,
      "end" : 512,
      "text" : ",",
      "whiteSpace" : false
    }, {
      "id" : "s4-t15",
      "begin" : 513,
      "end" : 516,
      "text" : "and",
      "whiteSpace" : false
    }, {
      "id" : "s4-t16",
      "begin" : 517,
      "end" : 522,
      "text" : "after",
      "whiteSpace" : false
    }, {
      "id" : "s4-t17",
      "begin" : 523,
      "end" : 524,
      "text" : "a",
      "whiteSpace" : false
    }, {
      "id" : "s4-t18",
      "begin" : 525,
      "end" : 530,
      "text" : "night",
      "whiteSpace" : false
    }, {
      "id" : "s4-t19",
      "begin" : 531,
      "end" : 533,
      "text" : "of",
      "whiteSpace" : false
    }, {
      "id" : "s4-t20",
      "begin" : 534,
      "end" : 542,
      "text" : "charging",
      "whiteSpace" : false
    }, {
      "id" : "s4-t21",
      "begin" : 542,
      "end" : 543,
      "text" : ",",
      "whiteSpace" : false
    }, {
      "id" : "s4-t22",
      "begin" : 544,
      "end" : 546,
      "text" : "by",
      "whiteSpace" : false
    }, {
      "id" : "s4-t23",
      "begin" : 547,
      "end" : 551,
      "text" : "noon",
      "whiteSpace" : false
    }, {
      "id" : "s4-t24",
      "begin" : 552,
      "end" : 554,
      "text" : "or",
      "whiteSpace" : false
    }, {
      "id" : "s4-t25",
      "begin" : 555,
      "end" : 559,
      "text" : "11am",
      "whiteSpace" : false
    }, {
      "id" : "s4-t26",
      "begin" : 560,
      "end" : 564,
      "text" : "that",
      "whiteSpace" : false
    }, {
      "id" : "s4-t27",
      "begin" : 565,
      "end" : 569,
      "text" : "same",
      "whiteSpace" : false
    }, {
      "id" : "s4-t28",
      "begin" : 570,
      "end" : 573,
      "text" : "day",
      "whiteSpace" : false
    }, {
      "id" : "s4-t29",
      "begin" : 574,
      "end" : 575,
      "text" : "(",
      "whiteSpace" : false
    }, {
      "id" : "s4-t30",
      "begin" : 575,
      "end" : 578,
      "text" : "off",
      "whiteSpace" : false
    }, {
      "id" : "s4-t31",
      "begin" : 579,
      "end" : 582,
      "text" : "the",
      "whiteSpace" : false
    }, {
      "id" : "s4-t32",
      "begin" : 583,
      "end" : 590,
      "text" : "charger",
      "whiteSpace" : false
    }, {
      "id" : "s4-t33",
      "begin" : 591,
      "end" : 593,
      "text" : "at",
      "whiteSpace" : false
    }, {
      "id" : "s4-t34",
      "begin" : 594,
      "end" : 597,
      "text" : "8am",
      "whiteSpace" : false
    }, {
      "id" : "s4-t35",
      "begin" : 597,
      "end" : 598,
      "text" : ")",
      "whiteSpace" : false
    }, {
      "id" : "s4-t36",
      "begin" : 599,
      "end" : 601,
      "text" : "it",
      "whiteSpace" : false
    }, {
      "id" : "s4-t37",
      "begin" : 602,
      "end" : 606,
      "text" : "must",
      "whiteSpace" : false
    }, {
      "id" : "s4-t38",
      "begin" : 607,
      "end" : 609,
      "text" : "be",
      "whiteSpace" : false
    }, {
      "id" : "s4-t39",
      "begin" : 610,
      "end" : 617,
      "text" : "plugged",
      "whiteSpace" : false
    }, {
      "id" : "s4-t40",
      "begin" : 618,
      "end" : 620,
      "text" : "in",
      "whiteSpace" : false
    }, {
      "id" : "s4-t41",
      "begin" : 621,
      "end" : 623,
      "text" : "or",
      "whiteSpace" : false
    }, {
      "id" : "s4-t42",
      "begin" : 624,
      "end" : 626,
      "text" : "it",
      "whiteSpace" : false
    }, {
      "id" : "s4-t43",
      "begin" : 627,
      "end" : 633,
      "text" : "dies.I",
      "whiteSpace" : false
    }, {
      "id" : "s4-t44",
      "begin" : 634,
      "end" : 638,
      "text" : "live",
      "whiteSpace" : false
    }, {
      "id" : "s4-t45",
      "begin" : 639,
      "end" : 641,
      "text" : "in",
      "whiteSpace" : false
    }, {
      "id" : "s4-t46",
      "begin" : 642,
      "end" : 649,
      "text" : "Central",
      "whiteSpace" : false
    }, {
      "id" : "s4-t47",
      "begin" : 650,
      "end" : 655,
      "text" : "Texas",
      "whiteSpace" : false
    }, {
      "id" : "s4-t48",
      "begin" : 655,
      "end" : 656,
      "text" : ",",
      "whiteSpace" : false
    }, {
      "id" : "s4-t49",
      "begin" : 657,
      "end" : 660,
      "text" : "and",
      "whiteSpace" : false
    }, {
      "id" : "s4-t50",
      "begin" : 661,
      "end" : 668,
      "text" : "noticed",
      "whiteSpace" : false
    }, {
      "id" : "s4-t51",
      "begin" : 669,
      "end" : 673,
      "text" : "this",
      "whiteSpace" : false
    }, {
      "id" : "s4-t52",
      "begin" : 674,
      "end" : 678,
      "text" : "week",
      "whiteSpace" : false
    }, {
      "id" : "s4-t53",
      "begin" : 679,
      "end" : 681,
      "text" : "my",
      "whiteSpace" : false
    }, {
      "id" : "s4-t54",
      "begin" : 682,
      "end" : 688,
      "text" : "signal",
      "whiteSpace" : false
    }, {
      "id" : "s4-t55",
      "begin" : 689,
      "end" : 693,
      "text" : "went",
      "whiteSpace" : false
    }, {
      "id" : "s4-t56",
      "begin" : 694,
      "end" : 698,
      "text" : "from",
      "whiteSpace" : false
    }, {
      "id" : "s4-t57",
      "begin" : 699,
      "end" : 703,
      "text" : "full",
      "whiteSpace" : false
    }, {
      "id" : "s4-t58",
      "begin" : 704,
      "end" : 706,
      "text" : "to",
      "whiteSpace" : false
    }, {
      "id" : "s4-t59",
      "begin" : 707,
      "end" : 708,
      "text" : "2",
      "whiteSpace" : false
    }, {
      "id" : "s4-t60",
      "begin" : 709,
      "end" : 712,
      "text" : "and",
      "whiteSpace" : false
    }, {
      "id" : "s4-t61",
      "begin" : 713,
      "end" : 714,
      "text" : "4",
      "whiteSpace" : false
    }, {
      "id" : "s4-t62",
      "begin" : 715,
      "end" : 719,
      "text" : "bars",
      "whiteSpace" : false
    }, {
      "id" : "s4-t63",
      "begin" : 720,
      "end" : 724,
      "text" : "tops",
      "whiteSpace" : false
    }, {
      "id" : "s4-t64",
      "begin" : 724,
      "end" : 725,
      "text" : ",",
      "whiteSpace" : false
    }, {
      "id" : "s4-t65",
      "begin" : 726,
      "end" : 728,
      "text" : "in",
      "whiteSpace" : false
    }, {
      "id" : "s4-t66",
      "begin" : 729,
      "end" : 732,
      "text" : "the",
      "whiteSpace" : false
    }, {
      "id" : "s4-t67",
      "begin" : 733,
      "end" : 738,
      "text" : "whole",
      "whiteSpace" : false
    }, {
      "id" : "s4-t68",
      "begin" : 739,
      "end" : 743,
      "text" : "area",
      "whiteSpace" : false
    }, {
      "id" : "s4-t69",
      "begin" : 743,
      "end" : 746,
      "text" : "...",
      "whiteSpace" : false
    }, {
      "id" : "s4-t70",
      "begin" : 747,
      "end" : 754,
      "text" : "meaning",
      "whiteSpace" : false
    }, {
      "id" : "s4-t71",
      "begin" : 755,
      "end" : 756,
      "text" : "a",
      "whiteSpace" : false
    }, {
      "id" : "s4-t72",
      "begin" : 757,
      "end" : 759,
      "text" : "60",
      "whiteSpace" : false
    }, {
      "id" : "s4-t73",
      "begin" : 760,
      "end" : 762,
      "text" : "by",
      "whiteSpace" : false
    }, {
      "id" : "s4-t74",
      "begin" : 763,
      "end" : 765,
      "text" : "60",
      "whiteSpace" : false
    }, {
      "id" : "s4-t75",
      "begin" : 766,
      "end" : 770,
      "text" : "mile",
      "whiteSpace" : false
    }, {
      "id" : "s4-t76",
      "begin" : 771,
      "end" : 774,
      "text" : "box",
      "whiteSpace" : false
    }, {
      "id" : "s4-t77",
      "begin" : 774,
      "end" : 775,
      "text" : ".",
      "whiteSpace" : false
    } ]
  }, {
    "id" : "s5",
    "begin" : 775,
    "end" : 928,
    "text" : "When a phone cannot get full strenght ramping (or boosting) occurs to\ntry to force a better connection, which I suspect is the cause of my battery\ndrain.",
    "tokens" : [ {
      "id" : "s5-t0",
      "begin" : 775,
      "end" : 779,
      "text" : "When",
      "whiteSpace" : false
    }, {
      "id" : "s5-t1",
      "begin" : 780,
      "end" : 781,
      "text" : "a",
      "whiteSpace" : false
    }, {
      "id" : "s5-t2",
      "begin" : 782,
      "end" : 787,
      "text" : "phone",
      "whiteSpace" : false
    }, {
      "id" : "s5-t3",
      "begin" : 788,
      "end" : 794,
      "text" : "cannot",
      "whiteSpace" : false
    }, {
      "id" : "s5-t4",
      "begin" : 795,
      "end" : 798,
      "text" : "get",
      "whiteSpace" : false
    }, {
      "id" : "s5-t5",
      "begin" : 799,
      "end" : 803,
      "text" : "full",
      "whiteSpace" : false
    }, {
      "id" : "s5-t6",
      "begin" : 804,
      "end" : 812,
      "text" : "strenght",
      "whiteSpace" : false
    }, {
      "id" : "s5-t7",
      "begin" : 813,
      "end" : 820,
      "text" : "ramping",
      "whiteSpace" : false
    }, {
      "id" : "s5-t8",
      "begin" : 821,
      "end" : 822,
      "text" : "(",
      "whiteSpace" : false
    }, {
      "id" : "s5-t9",
      "begin" : 822,
      "end" : 824,
      "text" : "or",
      "whiteSpace" : false
    }, {
      "id" : "s5-t10",
      "begin" : 825,
      "end" : 833,
      "text" : "boosting",
      "whiteSpace" : false
    }, {
      "id" : "s5-t11",
      "begin" : 833,
      "end" : 834,
      "text" : ")",
      "whiteSpace" : false
    }, {
      "id" : "s5-t12",
      "begin" : 835,
      "end" : 841,
      "text" : "occurs",
      "whiteSpace" : false
    }, {
      "id" : "s5-t13",
      "begin" : 842,
      "end" : 844,
      "text" : "to",
      "whiteSpace" : false
    }, {
      "id" : "s5-t14",
      "begin" : 845,
      "end" : 848,
      "text" : "try",
      "whiteSpace" : false
    }, {
      "id" : "s5-t15",
      "begin" : 849,
      "end" : 851,
      "text" : "to",
      "whiteSpace" : false
    }, {
      "id" : "s5-t16",
      "begin" : 852,
      "end" : 857,
      "text" : "force",
      "whiteSpace" : false
    }, {
      "id" : "s5-t17",
      "begin" : 858,
      "end" : 859,
      "text" : "a",
      "whiteSpace" : false
    }, {
      "id" : "s5-t18",
      "begin" : 860,
      "end" : 866,
      "text" : "better",
      "whiteSpace" : false
    }, {
      "id" : "s5-t19",
      "begin" : 867,
      "end" : 877,
      "text" : "connection",
      "whiteSpace" : false
    }, {
      "id" : "s5-t20",
      "begin" : 877,
      "end" : 878,
      "text" : ",",
      "whiteSpace" : false
    }, {
      "id" : "s5-t21",
      "begin" : 879,
      "end" : 884,
      "text" : "which",
      "whiteSpace" : false
    }, {
      "id" : "s5-t22",
      "begin" : 885,
      "end" : 886,
      "text" : "I",
      "whiteSpace" : false
    }, {
      "id" : "s5-t23",
      "begin" : 887,
      "end" : 894,
      "text" : "suspect",
      "whiteSpace" : false
    }, {
      "id" : "s5-t24",
      "begin" : 895,
      "end" : 897,
      "text" : "is",
      "whiteSpace" : false
    }, {
      "id" : "s5-t25",
      "begin" : 898,
      "end" : 901,
      "text" : "the",
      "whiteSpace" : false
    }, {
      "id" : "s5-t26",
      "begin" : 902,
      "end" : 907,
      "text" : "cause",
      "whiteSpace" : false
    }, {
      "id" : "s5-t27",
      "begin" : 908,
      "end" : 910,
      "text" : "of",
      "whiteSpace" : false
    }, {
      "id" : "s5-t28",
      "begin" : 911,
      "end" : 913,
      "text" : "my",
      "whiteSpace" : false
    }, {
      "id" : "s5-t29",
      "begin" : 914,
      "end" : 921,
      "text" : "battery",
      "whiteSpace" : false
    }, {
      "id" : "s5-t30",
      "begin" : 922,
      "end" : 927,
      "text" : "drain",
      "whiteSpace" : false
    }, {
      "id" : "s5-t31",
      "begin" : 927,
      "end" : 928,
      "text" : ".",
      "whiteSpace" : false
    } ]
  }, {
    "id" : "s6",
    "begin" : 928,
    "end" : 1047,
    "text" : "What is going on with the wireless in Central Texas, and why are both my\nphones crapping out at the same time?thank you",
    "tokens" : [ {
      "id" : "s6-t0",
      "begin" : 928,
      "end" : 932,
      "text" : "What",
      "whiteSpace" : false
    }, {
      "id" : "s6-t1",
      "begin" : 933,
      "end" : 935,
      "text" : "is",
      "whiteSpace" : false
    }, {
      "id" : "s6-t2",
      "begin" : 936,
      "end" : 941,
      "text" : "going",
      "whiteSpace" : false
    }, {
      "id" : "s6-t3",
      "begin" : 942,
      "end" : 944,
      "text" : "on",
      "whiteSpace" : false
    }, {
      "id" : "s6-t4",
      "begin" : 945,
      "end" : 949,
      "text" : "with",
      "whiteSpace" : false
    }, {
      "id" : "s6-t5",
      "begin" : 950,
      "end" : 953,
      "text" : "the",
      "whiteSpace" : false
    }, {
      "id" : "s6-t6",
      "begin" : 954,
      "end" : 962,
      "text" : "wireless",
      "whiteSpace" : false
    }, {
      "id" : "s6-t7",
      "begin" : 963,
      "end" : 965,
      "text" : "in",
      "whiteSpace" : false
    }, {
      "id" : "s6-t8",
      "begin" : 966,
      "end" : 973,
      "text" : "Central",
      "whiteSpace" : false
    }, {
      "id" : "s6-t9",
      "begin" : 974,
      "end" : 979,
      "text" : "Texas",
      "whiteSpace" : false
    }, {
      "id" : "s6-t10",
      "begin" : 979,
      "end" : 980,
      "text" : ",",
      "whiteSpace" : false
    }, {
      "id" : "s6-t11",
      "begin" : 981,
      "end" : 984,
      "text" : "and",
      "whiteSpace" : false
    }, {
      "id" : "s6-t12",
      "begin" : 985,
      "end" : 988,
      "text" : "why",
      "whiteSpace" : false
    }, {
      "id" : "s6-t13",
      "begin" : 989,
      "end" : 992,
      "text" : "are",
      "whiteSpace" : false
    }, {
      "id" : "s6-t14",
      "begin" : 993,
      "end" : 997,
      "text" : "both",
      "whiteSpace" : false
    }, {
      "id" : "s6-t15",
      "begin" : 998,
      "end" : 1000,
      "text" : "my",
      "whiteSpace" : false
    }, {
      "id" : "s6-t16",
      "begin" : 1001,
      "end" : 1007,
      "text" : "phones",
      "whiteSpace" : false
    }, {
      "id" : "s6-t17",
      "begin" : 1008,
      "end" : 1016,
      "text" : "crapping",
      "whiteSpace" : false
    }, {
      "id" : "s6-t18",
      "begin" : 1017,
      "end" : 1020,
      "text" : "out",
      "whiteSpace" : false
    }, {
      "id" : "s6-t19",
      "begin" : 1021,
      "end" : 1023,
      "text" : "at",
      "whiteSpace" : false
    }, {
      "id" : "s6-t20",
      "begin" : 1024,
      "end" : 1027,
      "text" : "the",
      "whiteSpace" : false
    }, {
      "id" : "s6-t21",
      "begin" : 1028,
      "end" : 1032,
      "text" : "same",
      "whiteSpace" : false
    }, {
      "id" : "s6-t22",
      "begin" : 1033,
      "end" : 1043,
      "text" : "time?thank",
      "whiteSpace" : false
    }, {
      "id" : "s6-t23",
      "begin" : 1044,
      "end" : 1047,
      "text" : "you",
      "whiteSpace" : false
    } ]
  } ],
  "mentions" : [ {
    "id" : "s0-m2",
    "properties" : {
      "SIRE_MENTION_ROLE" : "Voice_Text",
      "SIRE_ENTITY_SUBTYPE" : "NONE",
      "SIRE_MENTION_TYPE" : "NONE",
      "SIRE_MENTION_CLASS" : "SPC"
    },
    "type" : "Voice_Text",
    "begin" : 0,
    "end" : 6,
    "inCoref" : false
  }, {
    "id" : "s0-m1",
    "properties" : {
      "SIRE_MENTION_ROLE" : "Physical_Feature",
      "SIRE_ENTITY_SUBTYPE" : "NONE",
      "SIRE_MENTION_TYPE" : "NONE",
      "SIRE_MENTION_CLASS" : "SPC"
    },
    "type" : "Physical_Feature",
    "begin" : 18,
    "end" : 25,
    "inCoref" : false
  }, {
    "id" : "s1-m0",
    "properties" : {
      "SIRE_MENTION_ROLE" : "Product",
      "SIRE_MENTION_TYPE" : "NONE",
      "SIRE_ENTITY_SUBTYPE" : "NONE",
      "SIRE_MENTION_CLASS" : "SPC"
    },
    "type" : "Product",
    "begin" : 85,
    "end" : 98,
    "inCoref" : false
  }, {
    "id" : "s1-m1",
    "properties" : {
      "SIRE_MENTION_ROLE" : "Product",
      "SIRE_ENTITY_SUBTYPE" : "NONE",
      "SIRE_MENTION_TYPE" : "NONE",
      "SIRE_MENTION_CLASS" : "SPC"
    },
    "type" : "Product",
    "begin" : 106,
    "end" : 121,
    "inCoref" : false
  }, {
    "id" : "s1-m3",
    "properties" : {
      "SIRE_MENTION_ROLE" : "Product",
      "SIRE_ENTITY_SUBTYPE" : "NONE",
      "SIRE_MENTION_TYPE" : "NONE",
      "SIRE_MENTION_CLASS" : "SPC"
    },
    "type" : "Product",
    "begin" : 122,
    "end" : 127,
    "inCoref" : false
  }, {
    "id" : "s1-m4",
    "properties" : {
      "SIRE_MENTION_ROLE" : "Product",
      "SIRE_ENTITY_SUBTYPE" : "NONE",
      "SIRE_MENTION_TYPE" : "NONE",
      "SIRE_MENTION_CLASS" : "SPC"
    },
    "type" : "Product",
    "begin" : 138,
    "end" : 146,
    "inCoref" : false
  }, {
    "id" : "s1-m5",
    "properties" : {
      "SIRE_MENTION_ROLE" : "Product",
      "SIRE_ENTITY_SUBTYPE" : "NONE",
      "SIRE_MENTION_TYPE" : "NONE",
      "SIRE_MENTION_CLASS" : "SPC"
    },
    "type" : "Product",
    "begin" : 159,
    "end" : 169,
    "inCoref" : false
  }, {
    "id" : "cm2",
    "properties" : {
      "SIRE_MENTION_ROLE" : "Physical_Feature",
      "SIRE_ENTITY_SUBTYPE" : "NONE",
      "SIRE_MENTION_TYPE" : "NONE",
      "SIRE_MENTION_CLASS" : "SPC"
    },
    "type" : "Physical_Feature",
    "begin" : 258,
    "end" : 265,
    "inCoref" : false
  }, {
    "id" : "s4-m0",
    "properties" : {
      "SIRE_MENTION_ROLE" : "Product",
      "SIRE_MENTION_TYPE" : "NONE",
      "SIRE_ENTITY_SUBTYPE" : "NONE",
      "SIRE_MENTION_CLASS" : "SPC"
    },
    "type" : "Product",
    "begin" : 284,
    "end" : 290,
    "inCoref" : false
  }, {
    "id" : "s2-m3",
    "properties" : {
      "SIRE_MENTION_ROLE" : "Physical_Feature",
      "SIRE_ENTITY_SUBTYPE" : "NONE",
      "SIRE_MENTION_TYPE" : "NONE",
      "SIRE_MENTION_CLASS" : "SPC"
    },
    "type" : "Physical_Feature",
    "begin" : 318,
    "end" : 324,
    "inCoref" : false
  }, {
    "id" : "cm3",
    "properties" : {
      "SIRE_MENTION_ROLE" : "Physical_Feature",
      "SIRE_ENTITY_SUBTYPE" : "NONE",
      "SIRE_MENTION_TYPE" : "NONE",
      "SIRE_MENTION_CLASS" : "SPC"
    },
    "type" : "Physical_Feature",
    "begin" : 366,
    "end" : 373,
    "inCoref" : false
  }, {
    "id" : "cm1",
    "properties" : {
      "SIRE_MENTION_ROLE" : "Internet_Connectivity",
      "SIRE_ENTITY_SUBTYPE" : "NONE",
      "SIRE_MENTION_TYPE" : "NONE",
      "SIRE_MENTION_CLASS" : "SPC"
    },
    "type" : "Internet_Connectivity",
    "begin" : 437,
    "end" : 439,
    "inCoref" : false
  }, {
    "id" : "s8-m0",
    "properties" : {
      "SIRE_MENTION_ROLE" : "Product",
      "SIRE_ENTITY_SUBTYPE" : "NONE",
      "SIRE_MENTION_TYPE" : "NONE",
      "SIRE_MENTION_CLASS" : "SPC"
    },
    "type" : "Product",
    "begin" : 461,
    "end" : 466,
    "inCoref" : false
  }, {
    "id" : "s9-m0",
    "properties" : {
      "SIRE_MENTION_ROLE" : "Physical_Feature",
      "SIRE_ENTITY_SUBTYPE" : "NONE",
      "SIRE_MENTION_TYPE" : "NONE",
      "SIRE_MENTION_CLASS" : "SPC"
    },
    "type" : "Physical_Feature",
    "begin" : 583,
    "end" : 590,
    "inCoref" : false
  }, {
    "id" : "s4-m3",
    "properties" : {
      "SIRE_MENTION_ROLE" : "Voice_Text",
      "SIRE_ENTITY_SUBTYPE" : "NONE",
      "SIRE_MENTION_TYPE" : "NONE",
      "SIRE_MENTION_CLASS" : "SPC"
    },
    "type" : "Voice_Text",
    "begin" : 682,
    "end" : 688,
    "inCoref" : false
  }, {
    "id" : "s5-m1",
    "properties" : {
      "SIRE_MENTION_ROLE" : "Voice_Text",
      "SIRE_ENTITY_SUBTYPE" : "NONE",
      "SIRE_MENTION_TYPE" : "NONE",
      "SIRE_MENTION_CLASS" : "SPC"
    },
    "type" : "Voice_Text",
    "begin" : 867,
    "end" : 877,
    "inCoref" : false
  }, {
    "id" : "cm4",
    "properties" : {
      "SIRE_MENTION_ROLE" : "Physical_Feature",
      "SIRE_ENTITY_SUBTYPE" : "NONE",
      "SIRE_MENTION_TYPE" : "NONE",
      "SIRE_MENTION_CLASS" : "SPC"
    },
    "type" : "Physical_Feature",
    "begin" : 914,
    "end" : 921,
    "inCoref" : false
  } ],
  "relations" : [ ],
  "corefs" : [ ],
  "typeResolved" : true,
  "userResolved" : false
}