{
  "id" : "83ff7a30-fedb-11e6-adfe-7b21e22b049b-9",
  "name" : "0240de21e16fa743a7feaaea98639679.txt",
  "version" : 3,
  "text" : "Can a data plan be transferred to different phone number?\n\nI am planning to upgrade to a smartphone and was just aware of the price\nspikes. My aunt has a 2 gb plan but hardly uses it would it be possible for me\nto get her plan and her get a 300 mb plan?Solved!Go to Solution.\n\n",
  "docLength" : 0,
  "language" : "EN",
  "status" : "READY",
  "modifiedDate" : 1488748828095,
  "documentSet" : [ ],
  "preannotation" : [ "PRE_LW" ],
  "sentences" : [ {
    "id" : "s0",
    "begin" : 0,
    "end" : 57,
    "text" : "Can a data plan be transferred to different phone number?",
    "tokens" : [ {
      "id" : "s0-t0",
      "begin" : 0,
      "end" : 3,
      "text" : "Can",
      "whiteSpace" : false
    }, {
      "id" : "s0-t1",
      "begin" : 4,
      "end" : 5,
      "text" : "a",
      "whiteSpace" : false
    }, {
      "id" : "s0-t2",
      "begin" : 6,
      "end" : 10,
      "text" : "data",
      "whiteSpace" : false
    }, {
      "id" : "s0-t3",
      "begin" : 11,
      "end" : 15,
      "text" : "plan",
      "whiteSpace" : false
    }, {
      "id" : "s0-t4",
      "begin" : 16,
      "end" : 18,
      "text" : "be",
      "whiteSpace" : false
    }, {
      "id" : "s0-t5",
      "begin" : 19,
      "end" : 30,
      "text" : "transferred",
      "whiteSpace" : false
    }, {
      "id" : "s0-t6",
      "begin" : 31,
      "end" : 33,
      "text" : "to",
      "whiteSpace" : false
    }, {
      "id" : "s0-t7",
      "begin" : 34,
      "end" : 43,
      "text" : "different",
      "whiteSpace" : false
    }, {
      "id" : "s0-t8",
      "begin" : 44,
      "end" : 49,
      "text" : "phone",
      "whiteSpace" : false
    }, {
      "id" : "s0-t9",
      "begin" : 50,
      "end" : 56,
      "text" : "number",
      "whiteSpace" : false
    }, {
      "id" : "s0-t10",
      "begin" : 56,
      "end" : 57,
      "text" : "?",
      "whiteSpace" : false
    } ]
  }, {
    "id" : "s1",
    "begin" : 59,
    "end" : 139,
    "text" : "I am planning to upgrade to a smartphone and was just aware of the price\nspikes.",
    "tokens" : [ {
      "id" : "s1-t0",
      "begin" : 59,
      "end" : 60,
      "text" : "I",
      "whiteSpace" : false
    }, {
      "id" : "s1-t1",
      "begin" : 61,
      "end" : 63,
      "text" : "am",
      "whiteSpace" : false
    }, {
      "id" : "s1-t2",
      "begin" : 64,
      "end" : 72,
      "text" : "planning",
      "whiteSpace" : false
    }, {
      "id" : "s1-t3",
      "begin" : 73,
      "end" : 75,
      "text" : "to",
      "whiteSpace" : false
    }, {
      "id" : "s1-t4",
      "begin" : 76,
      "end" : 83,
      "text" : "upgrade",
      "whiteSpace" : false
    }, {
      "id" : "s1-t5",
      "begin" : 84,
      "end" : 86,
      "text" : "to",
      "whiteSpace" : false
    }, {
      "id" : "s1-t6",
      "begin" : 87,
      "end" : 88,
      "text" : "a",
      "whiteSpace" : false
    }, {
      "id" : "s1-t7",
      "begin" : 89,
      "end" : 99,
      "text" : "smartphone",
      "whiteSpace" : false
    }, {
      "id" : "s1-t8",
      "begin" : 100,
      "end" : 103,
      "text" : "and",
      "whiteSpace" : false
    }, {
      "id" : "s1-t9",
      "begin" : 104,
      "end" : 107,
      "text" : "was",
      "whiteSpace" : false
    }, {
      "id" : "s1-t10",
      "begin" : 108,
      "end" : 112,
      "text" : "just",
      "whiteSpace" : false
    }, {
      "id" : "s1-t11",
      "begin" : 113,
      "end" : 118,
      "text" : "aware",
      "whiteSpace" : false
    }, {
      "id" : "s1-t12",
      "begin" : 119,
      "end" : 121,
      "text" : "of",
      "whiteSpace" : false
    }, {
      "id" : "s1-t13",
      "begin" : 122,
      "end" : 125,
      "text" : "the",
      "whiteSpace" : false
    }, {
      "id" : "s1-t14",
      "begin" : 126,
      "end" : 131,
      "text" : "price",
      "whiteSpace" : false
    }, {
      "id" : "s1-t15",
      "begin" : 132,
      "end" : 138,
      "text" : "spikes",
      "whiteSpace" : false
    }, {
      "id" : "s1-t16",
      "begin" : 138,
      "end" : 139,
      "text" : ".",
      "whiteSpace" : false
    } ]
  }, {
    "id" : "s2",
    "begin" : 140,
    "end" : 253,
    "text" : "My aunt has a 2 gb plan but hardly uses it would it be possible for me\nto get her plan and her get a 300 mb plan?",
    "tokens" : [ {
      "id" : "s2-t0",
      "begin" : 140,
      "end" : 142,
      "text" : "My",
      "whiteSpace" : false
    }, {
      "id" : "s2-t1",
      "begin" : 143,
      "end" : 147,
      "text" : "aunt",
      "whiteSpace" : false
    }, {
      "id" : "s2-t2",
      "begin" : 148,
      "end" : 151,
      "text" : "has",
      "whiteSpace" : false
    }, {
      "id" : "s2-t3",
      "begin" : 152,
      "end" : 153,
      "text" : "a",
      "whiteSpace" : false
    }, {
      "id" : "s2-t4",
      "begin" : 154,
      "end" : 155,
      "text" : "2",
      "whiteSpace" : false
    }, {
      "id" : "s2-t5",
      "begin" : 156,
      "end" : 158,
      "text" : "gb",
      "whiteSpace" : false
    }, {
      "id" : "s2-t6",
      "begin" : 159,
      "end" : 163,
      "text" : "plan",
      "whiteSpace" : false
    }, {
      "id" : "s2-t7",
      "begin" : 164,
      "end" : 167,
      "text" : "but",
      "whiteSpace" : false
    }, {
      "id" : "s2-t8",
      "begin" : 168,
      "end" : 174,
      "text" : "hardly",
      "whiteSpace" : false
    }, {
      "id" : "s2-t9",
      "begin" : 175,
      "end" : 179,
      "text" : "uses",
      "whiteSpace" : false
    }, {
      "id" : "s2-t10",
      "begin" : 180,
      "end" : 182,
      "text" : "it",
      "whiteSpace" : false
    }, {
      "id" : "s2-t11",
      "begin" : 183,
      "end" : 188,
      "text" : "would",
      "whiteSpace" : false
    }, {
      "id" : "s2-t12",
      "begin" : 189,
      "end" : 191,
      "text" : "it",
      "whiteSpace" : false
    }, {
      "id" : "s2-t13",
      "begin" : 192,
      "end" : 194,
      "text" : "be",
      "whiteSpace" : false
    }, {
      "id" : "s2-t14",
      "begin" : 195,
      "end" : 203,
      "text" : "possible",
      "whiteSpace" : false
    }, {
      "id" : "s2-t15",
      "begin" : 204,
      "end" : 207,
      "text" : "for",
      "whiteSpace" : false
    }, {
      "id" : "s2-t16",
      "begin" : 208,
      "end" : 210,
      "text" : "me",
      "whiteSpace" : false
    }, {
      "id" : "s2-t17",
      "begin" : 211,
      "end" : 213,
      "text" : "to",
      "whiteSpace" : false
    }, {
      "id" : "s2-t18",
      "begin" : 214,
      "end" : 217,
      "text" : "get",
      "whiteSpace" : false
    }, {
      "id" : "s2-t19",
      "begin" : 218,
      "end" : 221,
      "text" : "her",
      "whiteSpace" : false
    }, {
      "id" : "s2-t20",
      "begin" : 222,
      "end" : 226,
      "text" : "plan",
      "whiteSpace" : false
    }, {
      "id" : "s2-t21",
      "begin" : 227,
      "end" : 230,
      "text" : "and",
      "whiteSpace" : false
    }, {
      "id" : "s2-t22",
      "begin" : 231,
      "end" : 234,
      "text" : "her",
      "whiteSpace" : false
    }, {
      "id" : "s2-t23",
      "begin" : 235,
      "end" : 238,
      "text" : "get",
      "whiteSpace" : false
    }, {
      "id" : "s2-t24",
      "begin" : 239,
      "end" : 240,
      "text" : "a",
      "whiteSpace" : false
    }, {
      "id" : "s2-t25",
      "begin" : 241,
      "end" : 244,
      "text" : "300",
      "whiteSpace" : false
    }, {
      "id" : "s2-t26",
      "begin" : 245,
      "end" : 247,
      "text" : "mb",
      "whiteSpace" : false
    }, {
      "id" : "s2-t27",
      "begin" : 248,
      "end" : 252,
      "text" : "plan",
      "whiteSpace" : false
    }, {
      "id" : "s2-t28",
      "begin" : 252,
      "end" : 253,
      "text" : "?",
      "whiteSpace" : false
    } ]
  }, {
    "id" : "s3",
    "begin" : 253,
    "end" : 275,
    "text" : "Solved!Go to Solution.",
    "tokens" : [ {
      "id" : "s3-t0",
      "begin" : 253,
      "end" : 260,
      "text" : "Solved!",
      "whiteSpace" : false
    }, {
      "id" : "s3-t1",
      "begin" : 260,
      "end" : 262,
      "text" : "Go",
      "whiteSpace" : false
    }, {
      "id" : "s3-t2",
      "begin" : 263,
      "end" : 265,
      "text" : "to",
      "whiteSpace" : false
    }, {
      "id" : "s3-t3",
      "begin" : 266,
      "end" : 274,
      "text" : "Solution",
      "whiteSpace" : false
    }, {
      "id" : "s3-t4",
      "begin" : 274,
      "end" : 275,
      "text" : ".",
      "whiteSpace" : false
    } ]
  } ],
  "mentions" : [ {
    "id" : "s0-m1",
    "properties" : {
      "SIRE_MENTION_ROLE" : "Service_Plan",
      "SIRE_ENTITY_SUBTYPE" : "NONE",
      "SIRE_MENTION_TYPE" : "NONE",
      "SIRE_MENTION_CLASS" : "SPC"
    },
    "type" : "Service_Plan",
    "begin" : 6,
    "end" : 15,
    "inCoref" : false
  }, {
    "id" : "s2-m1",
    "properties" : {
      "SIRE_MENTION_ROLE" : "Service_Plan",
      "SIRE_ENTITY_SUBTYPE" : "NONE",
      "SIRE_MENTION_TYPE" : "NONE",
      "SIRE_MENTION_CLASS" : "SPC"
    },
    "type" : "Service_Plan",
    "begin" : 154,
    "end" : 163,
    "inCoref" : false
  }, {
    "id" : "s2-m2",
    "properties" : {
      "SIRE_MENTION_ROLE" : "Service_Plan",
      "SIRE_ENTITY_SUBTYPE" : "NONE",
      "SIRE_MENTION_TYPE" : "NONE",
      "SIRE_MENTION_CLASS" : "SPC"
    },
    "type" : "Service_Plan",
    "begin" : 222,
    "end" : 226,
    "inCoref" : false
  }, {
    "id" : "s2-m3",
    "properties" : {
      "SIRE_MENTION_ROLE" : "Service_Plan",
      "SIRE_ENTITY_SUBTYPE" : "NONE",
      "SIRE_MENTION_TYPE" : "NONE",
      "SIRE_MENTION_CLASS" : "SPC"
    },
    "type" : "Service_Plan",
    "begin" : 241,
    "end" : 252,
    "inCoref" : false
  } ],
  "relations" : [ ],
  "corefs" : [ ],
  "typeResolved" : true,
  "userResolved" : false
}