{
  "id" : "83ff7a30-fedb-11e6-adfe-7b21e22b049b-0",
  "name" : "0240de21e16fa743a7feaaea984b1bdc.txt",
  "version" : 3,
  "text" : "Blocking a number\n\nhow do I block a number from calling or texting? And why does the number\n141-*** keep showing up on my bill?[Edited to comply with Guidelines]\n\n",
  "docLength" : 0,
  "language" : "EN",
  "status" : "READY",
  "modifiedDate" : 1488748722478,
  "documentSet" : [ ],
  "preannotation" : [ "PRE_LW" ],
  "sentences" : [ {
    "id" : "s0",
    "begin" : 0,
    "end" : 17,
    "text" : "Blocking a number",
    "tokens" : [ {
      "id" : "s0-t0",
      "begin" : 0,
      "end" : 8,
      "text" : "Blocking",
      "whiteSpace" : false
    }, {
      "id" : "s0-t1",
      "begin" : 9,
      "end" : 10,
      "text" : "a",
      "whiteSpace" : false
    }, {
      "id" : "s0-t2",
      "begin" : 11,
      "end" : 17,
      "text" : "number",
      "whiteSpace" : false
    } ]
  }, {
    "id" : "s1",
    "begin" : 19,
    "end" : 67,
    "text" : "how do I block a number from calling or texting?",
    "tokens" : [ {
      "id" : "s1-t0",
      "begin" : 19,
      "end" : 22,
      "text" : "how",
      "whiteSpace" : false
    }, {
      "id" : "s1-t1",
      "begin" : 23,
      "end" : 25,
      "text" : "do",
      "whiteSpace" : false
    }, {
      "id" : "s1-t2",
      "begin" : 26,
      "end" : 27,
      "text" : "I",
      "whiteSpace" : false
    }, {
      "id" : "s1-t3",
      "begin" : 28,
      "end" : 33,
      "text" : "block",
      "whiteSpace" : false
    }, {
      "id" : "s1-t4",
      "begin" : 34,
      "end" : 35,
      "text" : "a",
      "whiteSpace" : false
    }, {
      "id" : "s1-t5",
      "begin" : 36,
      "end" : 42,
      "text" : "number",
      "whiteSpace" : false
    }, {
      "id" : "s1-t6",
      "begin" : 43,
      "end" : 47,
      "text" : "from",
      "whiteSpace" : false
    }, {
      "id" : "s1-t7",
      "begin" : 48,
      "end" : 55,
      "text" : "calling",
      "whiteSpace" : false
    }, {
      "id" : "s1-t8",
      "begin" : 56,
      "end" : 58,
      "text" : "or",
      "whiteSpace" : false
    }, {
      "id" : "s1-t9",
      "begin" : 59,
      "end" : 66,
      "text" : "texting",
      "whiteSpace" : false
    }, {
      "id" : "s1-t10",
      "begin" : 66,
      "end" : 67,
      "text" : "?",
      "whiteSpace" : false
    } ]
  }, {
    "id" : "s2",
    "begin" : 68,
    "end" : 161,
    "text" : "And why does the number\n141-*** keep showing up on my bill?[Edited to comply with Guidelines]",
    "tokens" : [ {
      "id" : "s2-t0",
      "begin" : 68,
      "end" : 71,
      "text" : "And",
      "whiteSpace" : false
    }, {
      "id" : "s2-t1",
      "begin" : 72,
      "end" : 75,
      "text" : "why",
      "whiteSpace" : false
    }, {
      "id" : "s2-t2",
      "begin" : 76,
      "end" : 80,
      "text" : "does",
      "whiteSpace" : false
    }, {
      "id" : "s2-t3",
      "begin" : 81,
      "end" : 84,
      "text" : "the",
      "whiteSpace" : false
    }, {
      "id" : "s2-t4",
      "begin" : 85,
      "end" : 91,
      "text" : "number",
      "whiteSpace" : false
    }, {
      "id" : "s2-t5",
      "begin" : 92,
      "end" : 95,
      "text" : "141",
      "whiteSpace" : false
    }, {
      "id" : "s2-t6",
      "begin" : 95,
      "end" : 96,
      "text" : "-",
      "whiteSpace" : false
    }, {
      "id" : "s2-t7",
      "begin" : 96,
      "end" : 97,
      "text" : "*",
      "whiteSpace" : false
    }, {
      "id" : "s2-t8",
      "begin" : 97,
      "end" : 99,
      "text" : "**",
      "whiteSpace" : false
    }, {
      "id" : "s2-t9",
      "begin" : 100,
      "end" : 104,
      "text" : "keep",
      "whiteSpace" : false
    }, {
      "id" : "s2-t10",
      "begin" : 105,
      "end" : 112,
      "text" : "showing",
      "whiteSpace" : false
    }, {
      "id" : "s2-t11",
      "begin" : 113,
      "end" : 115,
      "text" : "up",
      "whiteSpace" : false
    }, {
      "id" : "s2-t12",
      "begin" : 116,
      "end" : 118,
      "text" : "on",
      "whiteSpace" : false
    }, {
      "id" : "s2-t13",
      "begin" : 119,
      "end" : 121,
      "text" : "my",
      "whiteSpace" : false
    }, {
      "id" : "s2-t14",
      "begin" : 122,
      "end" : 127,
      "text" : "bill?",
      "whiteSpace" : false
    }, {
      "id" : "s2-t15",
      "begin" : 127,
      "end" : 128,
      "text" : "[",
      "whiteSpace" : false
    }, {
      "id" : "s2-t16",
      "begin" : 128,
      "end" : 134,
      "text" : "Edited",
      "whiteSpace" : false
    }, {
      "id" : "s2-t17",
      "begin" : 135,
      "end" : 137,
      "text" : "to",
      "whiteSpace" : false
    }, {
      "id" : "s2-t18",
      "begin" : 138,
      "end" : 144,
      "text" : "comply",
      "whiteSpace" : false
    }, {
      "id" : "s2-t19",
      "begin" : 145,
      "end" : 149,
      "text" : "with",
      "whiteSpace" : false
    }, {
      "id" : "s2-t20",
      "begin" : 150,
      "end" : 160,
      "text" : "Guidelines",
      "whiteSpace" : false
    }, {
      "id" : "s2-t21",
      "begin" : 160,
      "end" : 161,
      "text" : "]",
      "whiteSpace" : false
    } ]
  } ],
  "mentions" : [ {
    "id" : "s1-m1",
    "properties" : {
      "SIRE_MENTION_ROLE" : "Voice_Text",
      "SIRE_ENTITY_SUBTYPE" : "NONE",
      "SIRE_MENTION_TYPE" : "NONE",
      "SIRE_MENTION_CLASS" : "SPC"
    },
    "type" : "Voice_Text",
    "begin" : 48,
    "end" : 55,
    "inCoref" : false
  }, {
    "id" : "s1-m2",
    "properties" : {
      "SIRE_MENTION_ROLE" : "Voice_Text",
      "SIRE_ENTITY_SUBTYPE" : "NONE",
      "SIRE_MENTION_TYPE" : "NONE",
      "SIRE_MENTION_CLASS" : "SPC"
    },
    "type" : "Voice_Text",
    "begin" : 59,
    "end" : 66,
    "inCoref" : false
  } ],
  "relations" : [ ],
  "corefs" : [ ],
  "typeResolved" : true,
  "userResolved" : false
}