{
  "id" : "83ff7a30-fedb-11e6-adfe-7b21e22b049b-7",
  "name" : "0240de21e16fa743a7feaaea985260b4.txt",
  "version" : 3,
  "text" : "Customers of The Coffee Bean & Tea Leaf\n\nWhen I go to a Coffee Bean & Tea Leaf, is there a trick to connect to their\nWiFi? Every time I go I see that I'm connect to their WiFi but when I access\nthe internet I do not get the WiFi logo on the top. I just see the 3G with the\nspinning circle.Is there something I'm doing wrong? When I go to a Starbucks,\nI have no problem.Solved!Go to Solution.\n\n",
  "docLength" : 0,
  "language" : "EN",
  "status" : "READY",
  "modifiedDate" : 1488748787628,
  "documentSet" : [ ],
  "preannotation" : [ "PRE_LW" ],
  "sentences" : [ {
    "id" : "s0",
    "begin" : 0,
    "end" : 39,
    "text" : "Customers of The Coffee Bean & Tea Leaf",
    "tokens" : [ {
      "id" : "s0-t0",
      "begin" : 0,
      "end" : 9,
      "text" : "Customers",
      "whiteSpace" : false
    }, {
      "id" : "s0-t1",
      "begin" : 10,
      "end" : 12,
      "text" : "of",
      "whiteSpace" : false
    }, {
      "id" : "s0-t2",
      "begin" : 13,
      "end" : 16,
      "text" : "The",
      "whiteSpace" : false
    }, {
      "id" : "s0-t3",
      "begin" : 17,
      "end" : 23,
      "text" : "Coffee",
      "whiteSpace" : false
    }, {
      "id" : "s0-t4",
      "begin" : 24,
      "end" : 28,
      "text" : "Bean",
      "whiteSpace" : false
    }, {
      "id" : "s0-t5",
      "begin" : 29,
      "end" : 30,
      "text" : "&",
      "whiteSpace" : false
    }, {
      "id" : "s0-t6",
      "begin" : 31,
      "end" : 34,
      "text" : "Tea",
      "whiteSpace" : false
    }, {
      "id" : "s0-t7",
      "begin" : 35,
      "end" : 39,
      "text" : "Leaf",
      "whiteSpace" : false
    } ]
  }, {
    "id" : "s1",
    "begin" : 41,
    "end" : 122,
    "text" : "When I go to a Coffee Bean & Tea Leaf, is there a trick to connect to their\nWiFi?",
    "tokens" : [ {
      "id" : "s1-t0",
      "begin" : 41,
      "end" : 45,
      "text" : "When",
      "whiteSpace" : false
    }, {
      "id" : "s1-t1",
      "begin" : 46,
      "end" : 47,
      "text" : "I",
      "whiteSpace" : false
    }, {
      "id" : "s1-t2",
      "begin" : 48,
      "end" : 50,
      "text" : "go",
      "whiteSpace" : false
    }, {
      "id" : "s1-t3",
      "begin" : 51,
      "end" : 53,
      "text" : "to",
      "whiteSpace" : false
    }, {
      "id" : "s1-t4",
      "begin" : 54,
      "end" : 55,
      "text" : "a",
      "whiteSpace" : false
    }, {
      "id" : "s1-t5",
      "begin" : 56,
      "end" : 62,
      "text" : "Coffee",
      "whiteSpace" : false
    }, {
      "id" : "s1-t6",
      "begin" : 63,
      "end" : 67,
      "text" : "Bean",
      "whiteSpace" : false
    }, {
      "id" : "s1-t7",
      "begin" : 68,
      "end" : 69,
      "text" : "&",
      "whiteSpace" : false
    }, {
      "id" : "s1-t8",
      "begin" : 70,
      "end" : 73,
      "text" : "Tea",
      "whiteSpace" : false
    }, {
      "id" : "s1-t9",
      "begin" : 74,
      "end" : 78,
      "text" : "Leaf",
      "whiteSpace" : false
    }, {
      "id" : "s1-t10",
      "begin" : 78,
      "end" : 79,
      "text" : ",",
      "whiteSpace" : false
    }, {
      "id" : "s1-t11",
      "begin" : 80,
      "end" : 82,
      "text" : "is",
      "whiteSpace" : false
    }, {
      "id" : "s1-t12",
      "begin" : 83,
      "end" : 88,
      "text" : "there",
      "whiteSpace" : false
    }, {
      "id" : "s1-t13",
      "begin" : 89,
      "end" : 90,
      "text" : "a",
      "whiteSpace" : false
    }, {
      "id" : "s1-t14",
      "begin" : 91,
      "end" : 96,
      "text" : "trick",
      "whiteSpace" : false
    }, {
      "id" : "s1-t15",
      "begin" : 97,
      "end" : 99,
      "text" : "to",
      "whiteSpace" : false
    }, {
      "id" : "s1-t16",
      "begin" : 100,
      "end" : 107,
      "text" : "connect",
      "whiteSpace" : false
    }, {
      "id" : "s1-t17",
      "begin" : 108,
      "end" : 110,
      "text" : "to",
      "whiteSpace" : false
    }, {
      "id" : "s1-t18",
      "begin" : 111,
      "end" : 116,
      "text" : "their",
      "whiteSpace" : false
    }, {
      "id" : "s1-t19",
      "begin" : 117,
      "end" : 121,
      "text" : "WiFi",
      "whiteSpace" : false
    }, {
      "id" : "s1-t20",
      "begin" : 121,
      "end" : 122,
      "text" : "?",
      "whiteSpace" : false
    } ]
  }, {
    "id" : "s2",
    "begin" : 123,
    "end" : 245,
    "text" : "Every time I go I see that I'm connect to their WiFi but when I access\nthe internet I do not get the WiFi logo on the top.",
    "tokens" : [ {
      "id" : "s2-t0",
      "begin" : 123,
      "end" : 128,
      "text" : "Every",
      "whiteSpace" : false
    }, {
      "id" : "s2-t1",
      "begin" : 129,
      "end" : 133,
      "text" : "time",
      "whiteSpace" : false
    }, {
      "id" : "s2-t2",
      "begin" : 134,
      "end" : 135,
      "text" : "I",
      "whiteSpace" : false
    }, {
      "id" : "s2-t3",
      "begin" : 136,
      "end" : 138,
      "text" : "go",
      "whiteSpace" : false
    }, {
      "id" : "s2-t4",
      "begin" : 139,
      "end" : 140,
      "text" : "I",
      "whiteSpace" : false
    }, {
      "id" : "s2-t5",
      "begin" : 141,
      "end" : 144,
      "text" : "see",
      "whiteSpace" : false
    }, {
      "id" : "s2-t6",
      "begin" : 145,
      "end" : 149,
      "text" : "that",
      "whiteSpace" : false
    }, {
      "id" : "s2-t7",
      "begin" : 150,
      "end" : 151,
      "text" : "I",
      "whiteSpace" : false
    }, {
      "id" : "s2-t8",
      "begin" : 151,
      "end" : 153,
      "text" : "'m",
      "whiteSpace" : false
    }, {
      "id" : "s2-t9",
      "begin" : 154,
      "end" : 161,
      "text" : "connect",
      "whiteSpace" : false
    }, {
      "id" : "s2-t10",
      "begin" : 162,
      "end" : 164,
      "text" : "to",
      "whiteSpace" : false
    }, {
      "id" : "s2-t11",
      "begin" : 165,
      "end" : 170,
      "text" : "their",
      "whiteSpace" : false
    }, {
      "id" : "s2-t12",
      "begin" : 171,
      "end" : 175,
      "text" : "WiFi",
      "whiteSpace" : false
    }, {
      "id" : "s2-t13",
      "begin" : 176,
      "end" : 179,
      "text" : "but",
      "whiteSpace" : false
    }, {
      "id" : "s2-t14",
      "begin" : 180,
      "end" : 184,
      "text" : "when",
      "whiteSpace" : false
    }, {
      "id" : "s2-t15",
      "begin" : 185,
      "end" : 186,
      "text" : "I",
      "whiteSpace" : false
    }, {
      "id" : "s2-t16",
      "begin" : 187,
      "end" : 193,
      "text" : "access",
      "whiteSpace" : false
    }, {
      "id" : "s2-t17",
      "begin" : 194,
      "end" : 197,
      "text" : "the",
      "whiteSpace" : false
    }, {
      "id" : "s2-t18",
      "begin" : 198,
      "end" : 206,
      "text" : "internet",
      "whiteSpace" : false
    }, {
      "id" : "s2-t19",
      "begin" : 207,
      "end" : 208,
      "text" : "I",
      "whiteSpace" : false
    }, {
      "id" : "s2-t20",
      "begin" : 209,
      "end" : 211,
      "text" : "do",
      "whiteSpace" : false
    }, {
      "id" : "s2-t21",
      "begin" : 212,
      "end" : 215,
      "text" : "not",
      "whiteSpace" : false
    }, {
      "id" : "s2-t22",
      "begin" : 216,
      "end" : 219,
      "text" : "get",
      "whiteSpace" : false
    }, {
      "id" : "s2-t23",
      "begin" : 220,
      "end" : 223,
      "text" : "the",
      "whiteSpace" : false
    }, {
      "id" : "s2-t24",
      "begin" : 224,
      "end" : 228,
      "text" : "WiFi",
      "whiteSpace" : false
    }, {
      "id" : "s2-t25",
      "begin" : 229,
      "end" : 233,
      "text" : "logo",
      "whiteSpace" : false
    }, {
      "id" : "s2-t26",
      "begin" : 234,
      "end" : 236,
      "text" : "on",
      "whiteSpace" : false
    }, {
      "id" : "s2-t27",
      "begin" : 237,
      "end" : 240,
      "text" : "the",
      "whiteSpace" : false
    }, {
      "id" : "s2-t28",
      "begin" : 241,
      "end" : 244,
      "text" : "top",
      "whiteSpace" : false
    }, {
      "id" : "s2-t29",
      "begin" : 244,
      "end" : 245,
      "text" : ".",
      "whiteSpace" : false
    } ]
  }, {
    "id" : "s3",
    "begin" : 246,
    "end" : 289,
    "text" : "I just see the 3G with the\nspinning circle.",
    "tokens" : [ {
      "id" : "s3-t0",
      "begin" : 246,
      "end" : 247,
      "text" : "I",
      "whiteSpace" : false
    }, {
      "id" : "s3-t1",
      "begin" : 248,
      "end" : 252,
      "text" : "just",
      "whiteSpace" : false
    }, {
      "id" : "s3-t2",
      "begin" : 253,
      "end" : 256,
      "text" : "see",
      "whiteSpace" : false
    }, {
      "id" : "s3-t3",
      "begin" : 257,
      "end" : 260,
      "text" : "the",
      "whiteSpace" : false
    }, {
      "id" : "s3-t4",
      "begin" : 261,
      "end" : 263,
      "text" : "3G",
      "whiteSpace" : false
    }, {
      "id" : "s3-t5",
      "begin" : 264,
      "end" : 268,
      "text" : "with",
      "whiteSpace" : false
    }, {
      "id" : "s3-t6",
      "begin" : 269,
      "end" : 272,
      "text" : "the",
      "whiteSpace" : false
    }, {
      "id" : "s3-t7",
      "begin" : 273,
      "end" : 281,
      "text" : "spinning",
      "whiteSpace" : false
    }, {
      "id" : "s3-t8",
      "begin" : 282,
      "end" : 288,
      "text" : "circle",
      "whiteSpace" : false
    }, {
      "id" : "s3-t9",
      "begin" : 288,
      "end" : 289,
      "text" : ".",
      "whiteSpace" : false
    } ]
  }, {
    "id" : "s4",
    "begin" : 289,
    "end" : 324,
    "text" : "Is there something I'm doing wrong?",
    "tokens" : [ {
      "id" : "s4-t0",
      "begin" : 289,
      "end" : 291,
      "text" : "Is",
      "whiteSpace" : false
    }, {
      "id" : "s4-t1",
      "begin" : 292,
      "end" : 297,
      "text" : "there",
      "whiteSpace" : false
    }, {
      "id" : "s4-t2",
      "begin" : 298,
      "end" : 307,
      "text" : "something",
      "whiteSpace" : false
    }, {
      "id" : "s4-t3",
      "begin" : 308,
      "end" : 309,
      "text" : "I",
      "whiteSpace" : false
    }, {
      "id" : "s4-t4",
      "begin" : 309,
      "end" : 311,
      "text" : "'m",
      "whiteSpace" : false
    }, {
      "id" : "s4-t5",
      "begin" : 312,
      "end" : 317,
      "text" : "doing",
      "whiteSpace" : false
    }, {
      "id" : "s4-t6",
      "begin" : 318,
      "end" : 323,
      "text" : "wrong",
      "whiteSpace" : false
    }, {
      "id" : "s4-t7",
      "begin" : 323,
      "end" : 324,
      "text" : "?",
      "whiteSpace" : false
    } ]
  }, {
    "id" : "s5",
    "begin" : 325,
    "end" : 391,
    "text" : "When I go to a Starbucks,\nI have no problem.Solved!Go to Solution.",
    "tokens" : [ {
      "id" : "s5-t0",
      "begin" : 325,
      "end" : 329,
      "text" : "When",
      "whiteSpace" : false
    }, {
      "id" : "s5-t1",
      "begin" : 330,
      "end" : 331,
      "text" : "I",
      "whiteSpace" : false
    }, {
      "id" : "s5-t2",
      "begin" : 332,
      "end" : 334,
      "text" : "go",
      "whiteSpace" : false
    }, {
      "id" : "s5-t3",
      "begin" : 335,
      "end" : 337,
      "text" : "to",
      "whiteSpace" : false
    }, {
      "id" : "s5-t4",
      "begin" : 338,
      "end" : 339,
      "text" : "a",
      "whiteSpace" : false
    }, {
      "id" : "s5-t5",
      "begin" : 340,
      "end" : 349,
      "text" : "Starbucks",
      "whiteSpace" : false
    }, {
      "id" : "s5-t6",
      "begin" : 349,
      "end" : 350,
      "text" : ",",
      "whiteSpace" : false
    }, {
      "id" : "s5-t7",
      "begin" : 351,
      "end" : 352,
      "text" : "I",
      "whiteSpace" : false
    }, {
      "id" : "s5-t8",
      "begin" : 353,
      "end" : 357,
      "text" : "have",
      "whiteSpace" : false
    }, {
      "id" : "s5-t9",
      "begin" : 358,
      "end" : 360,
      "text" : "no",
      "whiteSpace" : false
    }, {
      "id" : "s5-t10",
      "begin" : 361,
      "end" : 376,
      "text" : "problem.Solved!",
      "whiteSpace" : false
    }, {
      "id" : "s5-t11",
      "begin" : 376,
      "end" : 378,
      "text" : "Go",
      "whiteSpace" : false
    }, {
      "id" : "s5-t12",
      "begin" : 379,
      "end" : 381,
      "text" : "to",
      "whiteSpace" : false
    }, {
      "id" : "s5-t13",
      "begin" : 382,
      "end" : 390,
      "text" : "Solution",
      "whiteSpace" : false
    }, {
      "id" : "s5-t14",
      "begin" : 390,
      "end" : 391,
      "text" : ".",
      "whiteSpace" : false
    } ]
  } ],
  "mentions" : [ {
    "id" : "cm1",
    "properties" : {
      "SIRE_MENTION_ROLE" : "Internet_Connectivity",
      "SIRE_ENTITY_SUBTYPE" : "NONE",
      "SIRE_MENTION_TYPE" : "NONE",
      "SIRE_MENTION_CLASS" : "SPC"
    },
    "type" : "Internet_Connectivity",
    "begin" : 117,
    "end" : 121,
    "inCoref" : false
  }, {
    "id" : "cm2",
    "properties" : {
      "SIRE_MENTION_ROLE" : "Internet_Connectivity",
      "SIRE_ENTITY_SUBTYPE" : "NONE",
      "SIRE_MENTION_TYPE" : "NONE",
      "SIRE_MENTION_CLASS" : "SPC"
    },
    "type" : "Internet_Connectivity",
    "begin" : 171,
    "end" : 175,
    "inCoref" : false
  }, {
    "id" : "s4-m0",
    "properties" : {
      "SIRE_MENTION_ROLE" : "Internet_Connectivity",
      "SIRE_ENTITY_SUBTYPE" : "NONE",
      "SIRE_MENTION_TYPE" : "NONE",
      "SIRE_MENTION_CLASS" : "SPC"
    },
    "type" : "Internet_Connectivity",
    "begin" : 198,
    "end" : 206,
    "inCoref" : false
  }, {
    "id" : "cm3",
    "properties" : {
      "SIRE_MENTION_ROLE" : "Internet_Connectivity",
      "SIRE_ENTITY_SUBTYPE" : "NONE",
      "SIRE_MENTION_TYPE" : "NONE",
      "SIRE_MENTION_CLASS" : "SPC"
    },
    "type" : "Internet_Connectivity",
    "begin" : 224,
    "end" : 228,
    "inCoref" : false
  }, {
    "id" : "cm4",
    "properties" : {
      "SIRE_MENTION_ROLE" : "Internet_Connectivity",
      "SIRE_ENTITY_SUBTYPE" : "NONE",
      "SIRE_MENTION_TYPE" : "NONE",
      "SIRE_MENTION_CLASS" : "SPC"
    },
    "type" : "Internet_Connectivity",
    "begin" : 261,
    "end" : 263,
    "inCoref" : false
  } ],
  "relations" : [ ],
  "corefs" : [ ],
  "typeResolved" : true,
  "userResolved" : false
}