{
  "id" : "83ff7a30-fedb-11e6-adfe-7b21e22b049b-2",
  "name" : "0240de21e16fa743a7feaaea9845ec81.txt",
  "version" : 3,
  "text" : "Deleted Messages\n\nHello, There are several people living in my house and I usually leave my\nphone on side of bed. Well, from some reason this month I checked my data\nusage and saw numerous amounts of text messages sent while I'm asleep. I\nconfronted everyone but of course none admits it. They delete the messages\nfrom my phone.Is there any way to get a worded copy of the messages so I can\nfigure out who is doing it?Solved!Go to Solution.\n\n",
  "docLength" : 0,
  "language" : "EN",
  "status" : "READY",
  "modifiedDate" : 1488748750172,
  "documentSet" : [ ],
  "preannotation" : [ "PRE_LW" ],
  "sentences" : [ {
    "id" : "s0",
    "begin" : 0,
    "end" : 16,
    "text" : "Deleted Messages",
    "tokens" : [ {
      "id" : "s0-t0",
      "begin" : 0,
      "end" : 7,
      "text" : "Deleted",
      "whiteSpace" : false
    }, {
      "id" : "s0-t1",
      "begin" : 8,
      "end" : 16,
      "text" : "Messages",
      "whiteSpace" : false
    } ]
  }, {
    "id" : "s1",
    "begin" : 18,
    "end" : 113,
    "text" : "Hello, There are several people living in my house and I usually leave my\nphone on side of bed.",
    "tokens" : [ {
      "id" : "s1-t0",
      "begin" : 18,
      "end" : 23,
      "text" : "Hello",
      "whiteSpace" : false
    }, {
      "id" : "s1-t1",
      "begin" : 23,
      "end" : 24,
      "text" : ",",
      "whiteSpace" : false
    }, {
      "id" : "s1-t2",
      "begin" : 25,
      "end" : 30,
      "text" : "There",
      "whiteSpace" : false
    }, {
      "id" : "s1-t3",
      "begin" : 31,
      "end" : 34,
      "text" : "are",
      "whiteSpace" : false
    }, {
      "id" : "s1-t4",
      "begin" : 35,
      "end" : 42,
      "text" : "several",
      "whiteSpace" : false
    }, {
      "id" : "s1-t5",
      "begin" : 43,
      "end" : 49,
      "text" : "people",
      "whiteSpace" : false
    }, {
      "id" : "s1-t6",
      "begin" : 50,
      "end" : 56,
      "text" : "living",
      "whiteSpace" : false
    }, {
      "id" : "s1-t7",
      "begin" : 57,
      "end" : 59,
      "text" : "in",
      "whiteSpace" : false
    }, {
      "id" : "s1-t8",
      "begin" : 60,
      "end" : 62,
      "text" : "my",
      "whiteSpace" : false
    }, {
      "id" : "s1-t9",
      "begin" : 63,
      "end" : 68,
      "text" : "house",
      "whiteSpace" : false
    }, {
      "id" : "s1-t10",
      "begin" : 69,
      "end" : 72,
      "text" : "and",
      "whiteSpace" : false
    }, {
      "id" : "s1-t11",
      "begin" : 73,
      "end" : 74,
      "text" : "I",
      "whiteSpace" : false
    }, {
      "id" : "s1-t12",
      "begin" : 75,
      "end" : 82,
      "text" : "usually",
      "whiteSpace" : false
    }, {
      "id" : "s1-t13",
      "begin" : 83,
      "end" : 88,
      "text" : "leave",
      "whiteSpace" : false
    }, {
      "id" : "s1-t14",
      "begin" : 89,
      "end" : 91,
      "text" : "my",
      "whiteSpace" : false
    }, {
      "id" : "s1-t15",
      "begin" : 92,
      "end" : 97,
      "text" : "phone",
      "whiteSpace" : false
    }, {
      "id" : "s1-t16",
      "begin" : 98,
      "end" : 100,
      "text" : "on",
      "whiteSpace" : false
    }, {
      "id" : "s1-t17",
      "begin" : 101,
      "end" : 105,
      "text" : "side",
      "whiteSpace" : false
    }, {
      "id" : "s1-t18",
      "begin" : 106,
      "end" : 108,
      "text" : "of",
      "whiteSpace" : false
    }, {
      "id" : "s1-t19",
      "begin" : 109,
      "end" : 112,
      "text" : "bed",
      "whiteSpace" : false
    }, {
      "id" : "s1-t20",
      "begin" : 112,
      "end" : 113,
      "text" : ".",
      "whiteSpace" : false
    } ]
  }, {
    "id" : "s2",
    "begin" : 114,
    "end" : 236,
    "text" : "Well, from some reason this month I checked my data\nusage and saw numerous amounts of text messages sent while I'm asleep.",
    "tokens" : [ {
      "id" : "s2-t0",
      "begin" : 114,
      "end" : 118,
      "text" : "Well",
      "whiteSpace" : false
    }, {
      "id" : "s2-t1",
      "begin" : 118,
      "end" : 119,
      "text" : ",",
      "whiteSpace" : false
    }, {
      "id" : "s2-t2",
      "begin" : 120,
      "end" : 124,
      "text" : "from",
      "whiteSpace" : false
    }, {
      "id" : "s2-t3",
      "begin" : 125,
      "end" : 129,
      "text" : "some",
      "whiteSpace" : false
    }, {
      "id" : "s2-t4",
      "begin" : 130,
      "end" : 136,
      "text" : "reason",
      "whiteSpace" : false
    }, {
      "id" : "s2-t5",
      "begin" : 137,
      "end" : 141,
      "text" : "this",
      "whiteSpace" : false
    }, {
      "id" : "s2-t6",
      "begin" : 142,
      "end" : 147,
      "text" : "month",
      "whiteSpace" : false
    }, {
      "id" : "s2-t7",
      "begin" : 148,
      "end" : 149,
      "text" : "I",
      "whiteSpace" : false
    }, {
      "id" : "s2-t8",
      "begin" : 150,
      "end" : 157,
      "text" : "checked",
      "whiteSpace" : false
    }, {
      "id" : "s2-t9",
      "begin" : 158,
      "end" : 160,
      "text" : "my",
      "whiteSpace" : false
    }, {
      "id" : "s2-t10",
      "begin" : 161,
      "end" : 165,
      "text" : "data",
      "whiteSpace" : false
    }, {
      "id" : "s2-t11",
      "begin" : 166,
      "end" : 171,
      "text" : "usage",
      "whiteSpace" : false
    }, {
      "id" : "s2-t12",
      "begin" : 172,
      "end" : 175,
      "text" : "and",
      "whiteSpace" : false
    }, {
      "id" : "s2-t13",
      "begin" : 176,
      "end" : 179,
      "text" : "saw",
      "whiteSpace" : false
    }, {
      "id" : "s2-t14",
      "begin" : 180,
      "end" : 188,
      "text" : "numerous",
      "whiteSpace" : false
    }, {
      "id" : "s2-t15",
      "begin" : 189,
      "end" : 196,
      "text" : "amounts",
      "whiteSpace" : false
    }, {
      "id" : "s2-t16",
      "begin" : 197,
      "end" : 199,
      "text" : "of",
      "whiteSpace" : false
    }, {
      "id" : "s2-t17",
      "begin" : 200,
      "end" : 204,
      "text" : "text",
      "whiteSpace" : false
    }, {
      "id" : "s2-t18",
      "begin" : 205,
      "end" : 213,
      "text" : "messages",
      "whiteSpace" : false
    }, {
      "id" : "s2-t19",
      "begin" : 214,
      "end" : 218,
      "text" : "sent",
      "whiteSpace" : false
    }, {
      "id" : "s2-t20",
      "begin" : 219,
      "end" : 224,
      "text" : "while",
      "whiteSpace" : false
    }, {
      "id" : "s2-t21",
      "begin" : 225,
      "end" : 226,
      "text" : "I",
      "whiteSpace" : false
    }, {
      "id" : "s2-t22",
      "begin" : 226,
      "end" : 228,
      "text" : "'m",
      "whiteSpace" : false
    }, {
      "id" : "s2-t23",
      "begin" : 229,
      "end" : 235,
      "text" : "asleep",
      "whiteSpace" : false
    }, {
      "id" : "s2-t24",
      "begin" : 235,
      "end" : 236,
      "text" : ".",
      "whiteSpace" : false
    } ]
  }, {
    "id" : "s3",
    "begin" : 237,
    "end" : 288,
    "text" : "I\nconfronted everyone but of course none admits it.",
    "tokens" : [ {
      "id" : "s3-t0",
      "begin" : 237,
      "end" : 238,
      "text" : "I",
      "whiteSpace" : false
    }, {
      "id" : "s3-t1",
      "begin" : 239,
      "end" : 249,
      "text" : "confronted",
      "whiteSpace" : false
    }, {
      "id" : "s3-t2",
      "begin" : 250,
      "end" : 258,
      "text" : "everyone",
      "whiteSpace" : false
    }, {
      "id" : "s3-t3",
      "begin" : 259,
      "end" : 262,
      "text" : "but",
      "whiteSpace" : false
    }, {
      "id" : "s3-t4",
      "begin" : 263,
      "end" : 265,
      "text" : "of",
      "whiteSpace" : false
    }, {
      "id" : "s3-t5",
      "begin" : 266,
      "end" : 272,
      "text" : "course",
      "whiteSpace" : false
    }, {
      "id" : "s3-t6",
      "begin" : 273,
      "end" : 277,
      "text" : "none",
      "whiteSpace" : false
    }, {
      "id" : "s3-t7",
      "begin" : 278,
      "end" : 284,
      "text" : "admits",
      "whiteSpace" : false
    }, {
      "id" : "s3-t8",
      "begin" : 285,
      "end" : 287,
      "text" : "it",
      "whiteSpace" : false
    }, {
      "id" : "s3-t9",
      "begin" : 287,
      "end" : 288,
      "text" : ".",
      "whiteSpace" : false
    } ]
  }, {
    "id" : "s4",
    "begin" : 289,
    "end" : 328,
    "text" : "They delete the messages\nfrom my phone.",
    "tokens" : [ {
      "id" : "s4-t0",
      "begin" : 289,
      "end" : 293,
      "text" : "They",
      "whiteSpace" : false
    }, {
      "id" : "s4-t1",
      "begin" : 294,
      "end" : 300,
      "text" : "delete",
      "whiteSpace" : false
    }, {
      "id" : "s4-t2",
      "begin" : 301,
      "end" : 304,
      "text" : "the",
      "whiteSpace" : false
    }, {
      "id" : "s4-t3",
      "begin" : 305,
      "end" : 313,
      "text" : "messages",
      "whiteSpace" : false
    }, {
      "id" : "s4-t4",
      "begin" : 314,
      "end" : 318,
      "text" : "from",
      "whiteSpace" : false
    }, {
      "id" : "s4-t5",
      "begin" : 319,
      "end" : 321,
      "text" : "my",
      "whiteSpace" : false
    }, {
      "id" : "s4-t6",
      "begin" : 322,
      "end" : 327,
      "text" : "phone",
      "whiteSpace" : false
    }, {
      "id" : "s4-t7",
      "begin" : 327,
      "end" : 328,
      "text" : ".",
      "whiteSpace" : false
    } ]
  }, {
    "id" : "s5",
    "begin" : 328,
    "end" : 418,
    "text" : "Is there any way to get a worded copy of the messages so I can\nfigure out who is doing it?",
    "tokens" : [ {
      "id" : "s5-t0",
      "begin" : 328,
      "end" : 330,
      "text" : "Is",
      "whiteSpace" : false
    }, {
      "id" : "s5-t1",
      "begin" : 331,
      "end" : 336,
      "text" : "there",
      "whiteSpace" : false
    }, {
      "id" : "s5-t2",
      "begin" : 337,
      "end" : 340,
      "text" : "any",
      "whiteSpace" : false
    }, {
      "id" : "s5-t3",
      "begin" : 341,
      "end" : 344,
      "text" : "way",
      "whiteSpace" : false
    }, {
      "id" : "s5-t4",
      "begin" : 345,
      "end" : 347,
      "text" : "to",
      "whiteSpace" : false
    }, {
      "id" : "s5-t5",
      "begin" : 348,
      "end" : 351,
      "text" : "get",
      "whiteSpace" : false
    }, {
      "id" : "s5-t6",
      "begin" : 352,
      "end" : 353,
      "text" : "a",
      "whiteSpace" : false
    }, {
      "id" : "s5-t7",
      "begin" : 354,
      "end" : 360,
      "text" : "worded",
      "whiteSpace" : false
    }, {
      "id" : "s5-t8",
      "begin" : 361,
      "end" : 365,
      "text" : "copy",
      "whiteSpace" : false
    }, {
      "id" : "s5-t9",
      "begin" : 366,
      "end" : 368,
      "text" : "of",
      "whiteSpace" : false
    }, {
      "id" : "s5-t10",
      "begin" : 369,
      "end" : 372,
      "text" : "the",
      "whiteSpace" : false
    }, {
      "id" : "s5-t11",
      "begin" : 373,
      "end" : 381,
      "text" : "messages",
      "whiteSpace" : false
    }, {
      "id" : "s5-t12",
      "begin" : 382,
      "end" : 384,
      "text" : "so",
      "whiteSpace" : false
    }, {
      "id" : "s5-t13",
      "begin" : 385,
      "end" : 386,
      "text" : "I",
      "whiteSpace" : false
    }, {
      "id" : "s5-t14",
      "begin" : 387,
      "end" : 390,
      "text" : "can",
      "whiteSpace" : false
    }, {
      "id" : "s5-t15",
      "begin" : 391,
      "end" : 397,
      "text" : "figure",
      "whiteSpace" : false
    }, {
      "id" : "s5-t16",
      "begin" : 398,
      "end" : 401,
      "text" : "out",
      "whiteSpace" : false
    }, {
      "id" : "s5-t17",
      "begin" : 402,
      "end" : 405,
      "text" : "who",
      "whiteSpace" : false
    }, {
      "id" : "s5-t18",
      "begin" : 406,
      "end" : 408,
      "text" : "is",
      "whiteSpace" : false
    }, {
      "id" : "s5-t19",
      "begin" : 409,
      "end" : 414,
      "text" : "doing",
      "whiteSpace" : false
    }, {
      "id" : "s5-t20",
      "begin" : 415,
      "end" : 417,
      "text" : "it",
      "whiteSpace" : false
    }, {
      "id" : "s5-t21",
      "begin" : 417,
      "end" : 418,
      "text" : "?",
      "whiteSpace" : false
    } ]
  }, {
    "id" : "s6",
    "begin" : 418,
    "end" : 440,
    "text" : "Solved!Go to Solution.",
    "tokens" : [ {
      "id" : "s6-t0",
      "begin" : 418,
      "end" : 425,
      "text" : "Solved!",
      "whiteSpace" : false
    }, {
      "id" : "s6-t1",
      "begin" : 425,
      "end" : 427,
      "text" : "Go",
      "whiteSpace" : false
    }, {
      "id" : "s6-t2",
      "begin" : 428,
      "end" : 430,
      "text" : "to",
      "whiteSpace" : false
    }, {
      "id" : "s6-t3",
      "begin" : 431,
      "end" : 439,
      "text" : "Solution",
      "whiteSpace" : false
    }, {
      "id" : "s6-t4",
      "begin" : 439,
      "end" : 440,
      "text" : ".",
      "whiteSpace" : false
    } ]
  } ],
  "mentions" : [ {
    "id" : "s0-m1",
    "properties" : {
      "SIRE_MENTION_ROLE" : "Voice_Text",
      "SIRE_ENTITY_SUBTYPE" : "NONE",
      "SIRE_MENTION_TYPE" : "NONE",
      "SIRE_MENTION_CLASS" : "SPC"
    },
    "type" : "Voice_Text",
    "begin" : 8,
    "end" : 16,
    "inCoref" : false
  }, {
    "id" : "s2-m2",
    "properties" : {
      "SIRE_MENTION_ROLE" : "Internet_Connectivity",
      "SIRE_ENTITY_SUBTYPE" : "NONE",
      "SIRE_MENTION_TYPE" : "NONE",
      "SIRE_MENTION_CLASS" : "SPC"
    },
    "type" : "Internet_Connectivity",
    "begin" : 161,
    "end" : 171,
    "inCoref" : false
  }, {
    "id" : "s2-m1",
    "properties" : {
      "SIRE_MENTION_ROLE" : "Voice_Text",
      "SIRE_ENTITY_SUBTYPE" : "NONE",
      "SIRE_MENTION_TYPE" : "NONE",
      "SIRE_MENTION_CLASS" : "SPC"
    },
    "type" : "Voice_Text",
    "begin" : 204,
    "end" : 213,
    "inCoref" : false
  }, {
    "id" : "s4-m1",
    "properties" : {
      "SIRE_MENTION_ROLE" : "Voice_Text",
      "SIRE_ENTITY_SUBTYPE" : "NONE",
      "SIRE_MENTION_TYPE" : "NONE",
      "SIRE_MENTION_CLASS" : "SPC"
    },
    "type" : "Voice_Text",
    "begin" : 305,
    "end" : 313,
    "inCoref" : false
  }, {
    "id" : "s5-m1",
    "properties" : {
      "SIRE_MENTION_ROLE" : "Voice_Text",
      "SIRE_ENTITY_SUBTYPE" : "NONE",
      "SIRE_MENTION_TYPE" : "NONE",
      "SIRE_MENTION_CLASS" : "SPC"
    },
    "type" : "Voice_Text",
    "begin" : 373,
    "end" : 381,
    "inCoref" : false
  } ],
  "relations" : [ ],
  "corefs" : [ ],
  "typeResolved" : true,
  "userResolved" : false
}