{
  "id" : "9a5c3320-fedd-11e6-a381-ad3d4fae44a1-3",
  "name" : "1c21e31386057f5f202654d0e810d9ed.txt",
  "version" : 3,
  "text" : "switch from Apple to Android?\n\nI currently have the iPhone 4S that I've been very happy with but I want a\nbigger screen. I know that Apple will be coming out with new models soon and\nmay be going to a bigger screen but assuming it doesn't go to 5\" I am\nconsidering going to the Samsung S4. The S4 seems like a very nice phone but\nI'm nervous about switching to the Android system though. Can anyone\nexperienced with both systems and/or the S4 offer a comparison for me? I'm\nalso considering the forthcoming Note 3.Thanks in advance... Bob\n\n",
  "docLength" : 0,
  "language" : "EN",
  "status" : "READY",
  "modifiedDate" : 1488751749316,
  "documentSet" : [ ],
  "preannotation" : [ "PRE_LW" ],
  "sentences" : [ {
    "id" : "s0",
    "begin" : 0,
    "end" : 29,
    "text" : "switch from Apple to Android?",
    "tokens" : [ {
      "id" : "s0-t0",
      "begin" : 0,
      "end" : 6,
      "text" : "switch",
      "whiteSpace" : false
    }, {
      "id" : "s0-t1",
      "begin" : 7,
      "end" : 11,
      "text" : "from",
      "whiteSpace" : false
    }, {
      "id" : "s0-t2",
      "begin" : 12,
      "end" : 17,
      "text" : "Apple",
      "whiteSpace" : false
    }, {
      "id" : "s0-t3",
      "begin" : 18,
      "end" : 20,
      "text" : "to",
      "whiteSpace" : false
    }, {
      "id" : "s0-t4",
      "begin" : 21,
      "end" : 28,
      "text" : "Android",
      "whiteSpace" : false
    }, {
      "id" : "s0-t5",
      "begin" : 28,
      "end" : 29,
      "text" : "?",
      "whiteSpace" : false
    } ]
  }, {
    "id" : "s1",
    "begin" : 31,
    "end" : 120,
    "text" : "I currently have the iPhone 4S that I've been very happy with but I want a\nbigger screen.",
    "tokens" : [ {
      "id" : "s1-t0",
      "begin" : 31,
      "end" : 32,
      "text" : "I",
      "whiteSpace" : false
    }, {
      "id" : "s1-t1",
      "begin" : 33,
      "end" : 42,
      "text" : "currently",
      "whiteSpace" : false
    }, {
      "id" : "s1-t2",
      "begin" : 43,
      "end" : 47,
      "text" : "have",
      "whiteSpace" : false
    }, {
      "id" : "s1-t3",
      "begin" : 48,
      "end" : 51,
      "text" : "the",
      "whiteSpace" : false
    }, {
      "id" : "s1-t4",
      "begin" : 52,
      "end" : 58,
      "text" : "iPhone",
      "whiteSpace" : false
    }, {
      "id" : "s1-t5",
      "begin" : 59,
      "end" : 61,
      "text" : "4S",
      "whiteSpace" : false
    }, {
      "id" : "s1-t6",
      "begin" : 62,
      "end" : 66,
      "text" : "that",
      "whiteSpace" : false
    }, {
      "id" : "s1-t7",
      "begin" : 67,
      "end" : 68,
      "text" : "I",
      "whiteSpace" : false
    }, {
      "id" : "s1-t8",
      "begin" : 68,
      "end" : 71,
      "text" : "'ve",
      "whiteSpace" : false
    }, {
      "id" : "s1-t9",
      "begin" : 72,
      "end" : 76,
      "text" : "been",
      "whiteSpace" : false
    }, {
      "id" : "s1-t10",
      "begin" : 77,
      "end" : 81,
      "text" : "very",
      "whiteSpace" : false
    }, {
      "id" : "s1-t11",
      "begin" : 82,
      "end" : 87,
      "text" : "happy",
      "whiteSpace" : false
    }, {
      "id" : "s1-t12",
      "begin" : 88,
      "end" : 92,
      "text" : "with",
      "whiteSpace" : false
    }, {
      "id" : "s1-t13",
      "begin" : 93,
      "end" : 96,
      "text" : "but",
      "whiteSpace" : false
    }, {
      "id" : "s1-t14",
      "begin" : 97,
      "end" : 98,
      "text" : "I",
      "whiteSpace" : false
    }, {
      "id" : "s1-t15",
      "begin" : 99,
      "end" : 103,
      "text" : "want",
      "whiteSpace" : false
    }, {
      "id" : "s1-t16",
      "begin" : 104,
      "end" : 105,
      "text" : "a",
      "whiteSpace" : false
    }, {
      "id" : "s1-t17",
      "begin" : 106,
      "end" : 112,
      "text" : "bigger",
      "whiteSpace" : false
    }, {
      "id" : "s1-t18",
      "begin" : 113,
      "end" : 119,
      "text" : "screen",
      "whiteSpace" : false
    }, {
      "id" : "s1-t19",
      "begin" : 119,
      "end" : 120,
      "text" : ".",
      "whiteSpace" : false
    } ]
  }, {
    "id" : "s2",
    "begin" : 121,
    "end" : 289,
    "text" : "I know that Apple will be coming out with new models soon and\nmay be going to a bigger screen but assuming it doesn't go to 5\" I am\nconsidering going to the Samsung S4.",
    "tokens" : [ {
      "id" : "s2-t0",
      "begin" : 121,
      "end" : 122,
      "text" : "I",
      "whiteSpace" : false
    }, {
      "id" : "s2-t1",
      "begin" : 123,
      "end" : 127,
      "text" : "know",
      "whiteSpace" : false
    }, {
      "id" : "s2-t2",
      "begin" : 128,
      "end" : 132,
      "text" : "that",
      "whiteSpace" : false
    }, {
      "id" : "s2-t3",
      "begin" : 133,
      "end" : 138,
      "text" : "Apple",
      "whiteSpace" : false
    }, {
      "id" : "s2-t4",
      "begin" : 139,
      "end" : 143,
      "text" : "will",
      "whiteSpace" : false
    }, {
      "id" : "s2-t5",
      "begin" : 144,
      "end" : 146,
      "text" : "be",
      "whiteSpace" : false
    }, {
      "id" : "s2-t6",
      "begin" : 147,
      "end" : 153,
      "text" : "coming",
      "whiteSpace" : false
    }, {
      "id" : "s2-t7",
      "begin" : 154,
      "end" : 157,
      "text" : "out",
      "whiteSpace" : false
    }, {
      "id" : "s2-t8",
      "begin" : 158,
      "end" : 162,
      "text" : "with",
      "whiteSpace" : false
    }, {
      "id" : "s2-t9",
      "begin" : 163,
      "end" : 166,
      "text" : "new",
      "whiteSpace" : false
    }, {
      "id" : "s2-t10",
      "begin" : 167,
      "end" : 173,
      "text" : "models",
      "whiteSpace" : false
    }, {
      "id" : "s2-t11",
      "begin" : 174,
      "end" : 178,
      "text" : "soon",
      "whiteSpace" : false
    }, {
      "id" : "s2-t12",
      "begin" : 179,
      "end" : 182,
      "text" : "and",
      "whiteSpace" : false
    }, {
      "id" : "s2-t13",
      "begin" : 183,
      "end" : 186,
      "text" : "may",
      "whiteSpace" : false
    }, {
      "id" : "s2-t14",
      "begin" : 187,
      "end" : 189,
      "text" : "be",
      "whiteSpace" : false
    }, {
      "id" : "s2-t15",
      "begin" : 190,
      "end" : 195,
      "text" : "going",
      "whiteSpace" : false
    }, {
      "id" : "s2-t16",
      "begin" : 196,
      "end" : 198,
      "text" : "to",
      "whiteSpace" : false
    }, {
      "id" : "s2-t17",
      "begin" : 199,
      "end" : 200,
      "text" : "a",
      "whiteSpace" : false
    }, {
      "id" : "s2-t18",
      "begin" : 201,
      "end" : 207,
      "text" : "bigger",
      "whiteSpace" : false
    }, {
      "id" : "s2-t19",
      "begin" : 208,
      "end" : 214,
      "text" : "screen",
      "whiteSpace" : false
    }, {
      "id" : "s2-t20",
      "begin" : 215,
      "end" : 218,
      "text" : "but",
      "whiteSpace" : false
    }, {
      "id" : "s2-t21",
      "begin" : 219,
      "end" : 227,
      "text" : "assuming",
      "whiteSpace" : false
    }, {
      "id" : "s2-t22",
      "begin" : 228,
      "end" : 230,
      "text" : "it",
      "whiteSpace" : false
    }, {
      "id" : "s2-t23",
      "begin" : 231,
      "end" : 235,
      "text" : "does",
      "whiteSpace" : false
    }, {
      "id" : "s2-t24",
      "begin" : 235,
      "end" : 238,
      "text" : "n't",
      "whiteSpace" : false
    }, {
      "id" : "s2-t25",
      "begin" : 239,
      "end" : 241,
      "text" : "go",
      "whiteSpace" : false
    }, {
      "id" : "s2-t26",
      "begin" : 242,
      "end" : 244,
      "text" : "to",
      "whiteSpace" : false
    }, {
      "id" : "s2-t27",
      "begin" : 245,
      "end" : 246,
      "text" : "5",
      "whiteSpace" : false
    }, {
      "id" : "s2-t28",
      "begin" : 246,
      "end" : 247,
      "text" : "\"",
      "whiteSpace" : false
    }, {
      "id" : "s2-t29",
      "begin" : 248,
      "end" : 249,
      "text" : "I",
      "whiteSpace" : false
    }, {
      "id" : "s2-t30",
      "begin" : 250,
      "end" : 252,
      "text" : "am",
      "whiteSpace" : false
    }, {
      "id" : "s2-t31",
      "begin" : 253,
      "end" : 264,
      "text" : "considering",
      "whiteSpace" : false
    }, {
      "id" : "s2-t32",
      "begin" : 265,
      "end" : 270,
      "text" : "going",
      "whiteSpace" : false
    }, {
      "id" : "s2-t33",
      "begin" : 271,
      "end" : 273,
      "text" : "to",
      "whiteSpace" : false
    }, {
      "id" : "s2-t34",
      "begin" : 274,
      "end" : 277,
      "text" : "the",
      "whiteSpace" : false
    }, {
      "id" : "s2-t35",
      "begin" : 278,
      "end" : 285,
      "text" : "Samsung",
      "whiteSpace" : false
    }, {
      "id" : "s2-t36",
      "begin" : 286,
      "end" : 288,
      "text" : "S4",
      "whiteSpace" : false
    }, {
      "id" : "s2-t37",
      "begin" : 288,
      "end" : 289,
      "text" : ".",
      "whiteSpace" : false
    } ]
  }, {
    "id" : "s3",
    "begin" : 290,
    "end" : 387,
    "text" : "The S4 seems like a very nice phone but\nI'm nervous about switching to the Android system though.",
    "tokens" : [ {
      "id" : "s3-t0",
      "begin" : 290,
      "end" : 293,
      "text" : "The",
      "whiteSpace" : false
    }, {
      "id" : "s3-t1",
      "begin" : 294,
      "end" : 296,
      "text" : "S4",
      "whiteSpace" : false
    }, {
      "id" : "s3-t2",
      "begin" : 297,
      "end" : 302,
      "text" : "seems",
      "whiteSpace" : false
    }, {
      "id" : "s3-t3",
      "begin" : 303,
      "end" : 307,
      "text" : "like",
      "whiteSpace" : false
    }, {
      "id" : "s3-t4",
      "begin" : 308,
      "end" : 309,
      "text" : "a",
      "whiteSpace" : false
    }, {
      "id" : "s3-t5",
      "begin" : 310,
      "end" : 314,
      "text" : "very",
      "whiteSpace" : false
    }, {
      "id" : "s3-t6",
      "begin" : 315,
      "end" : 319,
      "text" : "nice",
      "whiteSpace" : false
    }, {
      "id" : "s3-t7",
      "begin" : 320,
      "end" : 325,
      "text" : "phone",
      "whiteSpace" : false
    }, {
      "id" : "s3-t8",
      "begin" : 326,
      "end" : 329,
      "text" : "but",
      "whiteSpace" : false
    }, {
      "id" : "s3-t9",
      "begin" : 330,
      "end" : 331,
      "text" : "I",
      "whiteSpace" : false
    }, {
      "id" : "s3-t10",
      "begin" : 331,
      "end" : 333,
      "text" : "'m",
      "whiteSpace" : false
    }, {
      "id" : "s3-t11",
      "begin" : 334,
      "end" : 341,
      "text" : "nervous",
      "whiteSpace" : false
    }, {
      "id" : "s3-t12",
      "begin" : 342,
      "end" : 347,
      "text" : "about",
      "whiteSpace" : false
    }, {
      "id" : "s3-t13",
      "begin" : 348,
      "end" : 357,
      "text" : "switching",
      "whiteSpace" : false
    }, {
      "id" : "s3-t14",
      "begin" : 358,
      "end" : 360,
      "text" : "to",
      "whiteSpace" : false
    }, {
      "id" : "s3-t15",
      "begin" : 361,
      "end" : 364,
      "text" : "the",
      "whiteSpace" : false
    }, {
      "id" : "s3-t16",
      "begin" : 365,
      "end" : 372,
      "text" : "Android",
      "whiteSpace" : false
    }, {
      "id" : "s3-t17",
      "begin" : 373,
      "end" : 379,
      "text" : "system",
      "whiteSpace" : false
    }, {
      "id" : "s3-t18",
      "begin" : 380,
      "end" : 386,
      "text" : "though",
      "whiteSpace" : false
    }, {
      "id" : "s3-t19",
      "begin" : 386,
      "end" : 387,
      "text" : ".",
      "whiteSpace" : false
    } ]
  }, {
    "id" : "s4",
    "begin" : 388,
    "end" : 469,
    "text" : "Can anyone\nexperienced with both systems and/or the S4 offer a comparison for me?",
    "tokens" : [ {
      "id" : "s4-t0",
      "begin" : 388,
      "end" : 391,
      "text" : "Can",
      "whiteSpace" : false
    }, {
      "id" : "s4-t1",
      "begin" : 392,
      "end" : 398,
      "text" : "anyone",
      "whiteSpace" : false
    }, {
      "id" : "s4-t2",
      "begin" : 399,
      "end" : 410,
      "text" : "experienced",
      "whiteSpace" : false
    }, {
      "id" : "s4-t3",
      "begin" : 411,
      "end" : 415,
      "text" : "with",
      "whiteSpace" : false
    }, {
      "id" : "s4-t4",
      "begin" : 416,
      "end" : 420,
      "text" : "both",
      "whiteSpace" : false
    }, {
      "id" : "s4-t5",
      "begin" : 421,
      "end" : 428,
      "text" : "systems",
      "whiteSpace" : false
    }, {
      "id" : "s4-t6",
      "begin" : 429,
      "end" : 432,
      "text" : "and",
      "whiteSpace" : false
    }, {
      "id" : "s4-t7",
      "begin" : 432,
      "end" : 433,
      "text" : "/",
      "whiteSpace" : false
    }, {
      "id" : "s4-t8",
      "begin" : 433,
      "end" : 435,
      "text" : "or",
      "whiteSpace" : false
    }, {
      "id" : "s4-t9",
      "begin" : 436,
      "end" : 439,
      "text" : "the",
      "whiteSpace" : false
    }, {
      "id" : "s4-t10",
      "begin" : 440,
      "end" : 442,
      "text" : "S4",
      "whiteSpace" : false
    }, {
      "id" : "s4-t11",
      "begin" : 443,
      "end" : 448,
      "text" : "offer",
      "whiteSpace" : false
    }, {
      "id" : "s4-t12",
      "begin" : 449,
      "end" : 450,
      "text" : "a",
      "whiteSpace" : false
    }, {
      "id" : "s4-t13",
      "begin" : 451,
      "end" : 461,
      "text" : "comparison",
      "whiteSpace" : false
    }, {
      "id" : "s4-t14",
      "begin" : 462,
      "end" : 465,
      "text" : "for",
      "whiteSpace" : false
    }, {
      "id" : "s4-t15",
      "begin" : 466,
      "end" : 468,
      "text" : "me",
      "whiteSpace" : false
    }, {
      "id" : "s4-t16",
      "begin" : 468,
      "end" : 469,
      "text" : "?",
      "whiteSpace" : false
    } ]
  }, {
    "id" : "s5",
    "begin" : 470,
    "end" : 538,
    "text" : "I'm\nalso considering the forthcoming Note 3.Thanks in advance... Bob",
    "tokens" : [ {
      "id" : "s5-t0",
      "begin" : 470,
      "end" : 471,
      "text" : "I",
      "whiteSpace" : false
    }, {
      "id" : "s5-t1",
      "begin" : 471,
      "end" : 473,
      "text" : "'m",
      "whiteSpace" : false
    }, {
      "id" : "s5-t2",
      "begin" : 474,
      "end" : 478,
      "text" : "also",
      "whiteSpace" : false
    }, {
      "id" : "s5-t3",
      "begin" : 479,
      "end" : 490,
      "text" : "considering",
      "whiteSpace" : false
    }, {
      "id" : "s5-t4",
      "begin" : 491,
      "end" : 494,
      "text" : "the",
      "whiteSpace" : false
    }, {
      "id" : "s5-t5",
      "begin" : 495,
      "end" : 506,
      "text" : "forthcoming",
      "whiteSpace" : false
    }, {
      "id" : "s5-t6",
      "begin" : 507,
      "end" : 511,
      "text" : "Note",
      "whiteSpace" : false
    }, {
      "id" : "s5-t7",
      "begin" : 512,
      "end" : 520,
      "text" : "3.Thanks",
      "whiteSpace" : false
    }, {
      "id" : "s5-t8",
      "begin" : 521,
      "end" : 523,
      "text" : "in",
      "whiteSpace" : false
    }, {
      "id" : "s5-t9",
      "begin" : 524,
      "end" : 531,
      "text" : "advance",
      "whiteSpace" : false
    }, {
      "id" : "s5-t10",
      "begin" : 531,
      "end" : 534,
      "text" : "...",
      "whiteSpace" : false
    }, {
      "id" : "s5-t11",
      "begin" : 535,
      "end" : 538,
      "text" : "Bob",
      "whiteSpace" : false
    } ]
  } ],
  "mentions" : [ {
    "id" : "s0-m0",
    "properties" : {
      "SIRE_MENTION_ROLE" : "Product",
      "SIRE_ENTITY_SUBTYPE" : "NONE",
      "SIRE_MENTION_TYPE" : "NONE",
      "SIRE_MENTION_CLASS" : "SPC"
    },
    "type" : "Product",
    "begin" : 12,
    "end" : 17,
    "inCoref" : false
  }, {
    "id" : "s0-m2",
    "properties" : {
      "SIRE_MENTION_ROLE" : "Product",
      "SIRE_ENTITY_SUBTYPE" : "NONE",
      "SIRE_MENTION_TYPE" : "NONE",
      "SIRE_MENTION_CLASS" : "SPC"
    },
    "type" : "Product",
    "begin" : 21,
    "end" : 28,
    "inCoref" : false
  }, {
    "id" : "s1-m1",
    "properties" : {
      "SIRE_MENTION_ROLE" : "Product",
      "SIRE_ENTITY_SUBTYPE" : "NONE",
      "SIRE_MENTION_TYPE" : "NONE",
      "SIRE_MENTION_CLASS" : "SPC"
    },
    "type" : "Product",
    "begin" : 52,
    "end" : 61,
    "inCoref" : false
  }, {
    "id" : "s1-m2",
    "properties" : {
      "SIRE_MENTION_ROLE" : "Physical_Feature",
      "SIRE_ENTITY_SUBTYPE" : "NONE",
      "SIRE_MENTION_TYPE" : "NONE",
      "SIRE_MENTION_CLASS" : "SPC"
    },
    "type" : "Physical_Feature",
    "begin" : 113,
    "end" : 119,
    "inCoref" : false
  }, {
    "id" : "s3-m0",
    "properties" : {
      "SIRE_MENTION_ROLE" : "Product",
      "SIRE_ENTITY_SUBTYPE" : "NONE",
      "SIRE_MENTION_TYPE" : "NONE",
      "SIRE_MENTION_CLASS" : "SPC"
    },
    "type" : "Product",
    "begin" : 133,
    "end" : 138,
    "inCoref" : false
  }, {
    "id" : "s2-m4",
    "properties" : {
      "SIRE_MENTION_ROLE" : "Physical_Feature",
      "SIRE_ENTITY_SUBTYPE" : "NONE",
      "SIRE_MENTION_TYPE" : "NONE",
      "SIRE_MENTION_CLASS" : "SPC"
    },
    "type" : "Physical_Feature",
    "begin" : 208,
    "end" : 214,
    "inCoref" : false
  }, {
    "id" : "s2-m3",
    "properties" : {
      "SIRE_MENTION_ROLE" : "Product",
      "SIRE_ENTITY_SUBTYPE" : "NONE",
      "SIRE_MENTION_TYPE" : "NONE",
      "SIRE_MENTION_CLASS" : "SPC"
    },
    "type" : "Product",
    "begin" : 278,
    "end" : 288,
    "inCoref" : false
  }, {
    "id" : "s3-m2",
    "properties" : {
      "SIRE_MENTION_ROLE" : "Product",
      "SIRE_ENTITY_SUBTYPE" : "NONE",
      "SIRE_MENTION_TYPE" : "NONE",
      "SIRE_MENTION_CLASS" : "SPC"
    },
    "type" : "Product",
    "begin" : 294,
    "end" : 296,
    "inCoref" : false
  }, {
    "id" : "s3-m1",
    "properties" : {
      "SIRE_MENTION_ROLE" : "Product",
      "SIRE_ENTITY_SUBTYPE" : "NONE",
      "SIRE_MENTION_TYPE" : "NONE",
      "SIRE_MENTION_CLASS" : "SPC"
    },
    "type" : "Product",
    "begin" : 365,
    "end" : 372,
    "inCoref" : false
  }, {
    "id" : "s4-m1",
    "properties" : {
      "SIRE_MENTION_ROLE" : "Product",
      "SIRE_ENTITY_SUBTYPE" : "NONE",
      "SIRE_MENTION_TYPE" : "NONE",
      "SIRE_MENTION_CLASS" : "SPC"
    },
    "type" : "Product",
    "begin" : 440,
    "end" : 442,
    "inCoref" : false
  }, {
    "id" : "s11-m0",
    "properties" : {
      "SIRE_MENTION_ROLE" : "Product",
      "SIRE_MENTION_TYPE" : "NONE",
      "SIRE_ENTITY_SUBTYPE" : "NONE",
      "SIRE_MENTION_CLASS" : "SPC"
    },
    "type" : "Product",
    "begin" : 507,
    "end" : 513,
    "inCoref" : false
  } ],
  "relations" : [ ],
  "corefs" : [ ],
  "typeResolved" : true,
  "userResolved" : false
}