{
  "id" : "9a5c3320-fedd-11e6-a381-ad3d4fae44a1-4",
  "name" : "1c21e31386057f5f202654d0e8084a86.txt",
  "version" : 3,
  "text" : "browser\n\nMy browser works fine but once in awhile it willshut it self off then go to\nhome page why?i clean the cache and history and i even force stop it so it\nwon't run .what am i doing wrong .?\n\n",
  "docLength" : 0,
  "language" : "EN",
  "status" : "READY",
  "modifiedDate" : 1488751762882,
  "documentSet" : [ ],
  "preannotation" : [ "PRE_LW" ],
  "sentences" : [ {
    "id" : "s0",
    "begin" : 0,
    "end" : 7,
    "text" : "browser",
    "tokens" : [ {
      "id" : "s0-t0",
      "begin" : 0,
      "end" : 7,
      "text" : "browser",
      "whiteSpace" : false
    } ]
  }, {
    "id" : "s1",
    "begin" : 9,
    "end" : 195,
    "text" : "My browser works fine but once in awhile it willshut it self off then go to\nhome page why?i clean the cache and history and i even force stop it so it\nwon't run .what am i doing wrong .?",
    "tokens" : [ {
      "id" : "s1-t0",
      "begin" : 9,
      "end" : 11,
      "text" : "My",
      "whiteSpace" : false
    }, {
      "id" : "s1-t1",
      "begin" : 12,
      "end" : 19,
      "text" : "browser",
      "whiteSpace" : false
    }, {
      "id" : "s1-t2",
      "begin" : 20,
      "end" : 25,
      "text" : "works",
      "whiteSpace" : false
    }, {
      "id" : "s1-t3",
      "begin" : 26,
      "end" : 30,
      "text" : "fine",
      "whiteSpace" : false
    }, {
      "id" : "s1-t4",
      "begin" : 31,
      "end" : 34,
      "text" : "but",
      "whiteSpace" : false
    }, {
      "id" : "s1-t5",
      "begin" : 35,
      "end" : 39,
      "text" : "once",
      "whiteSpace" : false
    }, {
      "id" : "s1-t6",
      "begin" : 40,
      "end" : 42,
      "text" : "in",
      "whiteSpace" : false
    }, {
      "id" : "s1-t7",
      "begin" : 43,
      "end" : 49,
      "text" : "awhile",
      "whiteSpace" : false
    }, {
      "id" : "s1-t8",
      "begin" : 50,
      "end" : 52,
      "text" : "it",
      "whiteSpace" : false
    }, {
      "id" : "s1-t9",
      "begin" : 53,
      "end" : 61,
      "text" : "willshut",
      "whiteSpace" : false
    }, {
      "id" : "s1-t10",
      "begin" : 62,
      "end" : 64,
      "text" : "it",
      "whiteSpace" : false
    }, {
      "id" : "s1-t11",
      "begin" : 65,
      "end" : 69,
      "text" : "self",
      "whiteSpace" : false
    }, {
      "id" : "s1-t12",
      "begin" : 70,
      "end" : 73,
      "text" : "off",
      "whiteSpace" : false
    }, {
      "id" : "s1-t13",
      "begin" : 74,
      "end" : 78,
      "text" : "then",
      "whiteSpace" : false
    }, {
      "id" : "s1-t14",
      "begin" : 79,
      "end" : 81,
      "text" : "go",
      "whiteSpace" : false
    }, {
      "id" : "s1-t15",
      "begin" : 82,
      "end" : 84,
      "text" : "to",
      "whiteSpace" : false
    }, {
      "id" : "s1-t16",
      "begin" : 85,
      "end" : 89,
      "text" : "home",
      "whiteSpace" : false
    }, {
      "id" : "s1-t17",
      "begin" : 90,
      "end" : 94,
      "text" : "page",
      "whiteSpace" : false
    }, {
      "id" : "s1-t18",
      "begin" : 95,
      "end" : 100,
      "text" : "why?i",
      "whiteSpace" : false
    }, {
      "id" : "s1-t19",
      "begin" : 101,
      "end" : 106,
      "text" : "clean",
      "whiteSpace" : false
    }, {
      "id" : "s1-t20",
      "begin" : 107,
      "end" : 110,
      "text" : "the",
      "whiteSpace" : false
    }, {
      "id" : "s1-t21",
      "begin" : 111,
      "end" : 116,
      "text" : "cache",
      "whiteSpace" : false
    }, {
      "id" : "s1-t22",
      "begin" : 117,
      "end" : 120,
      "text" : "and",
      "whiteSpace" : false
    }, {
      "id" : "s1-t23",
      "begin" : 121,
      "end" : 128,
      "text" : "history",
      "whiteSpace" : false
    }, {
      "id" : "s1-t24",
      "begin" : 129,
      "end" : 132,
      "text" : "and",
      "whiteSpace" : false
    }, {
      "id" : "s1-t25",
      "begin" : 133,
      "end" : 134,
      "text" : "i",
      "whiteSpace" : false
    }, {
      "id" : "s1-t26",
      "begin" : 135,
      "end" : 139,
      "text" : "even",
      "whiteSpace" : false
    }, {
      "id" : "s1-t27",
      "begin" : 140,
      "end" : 145,
      "text" : "force",
      "whiteSpace" : false
    }, {
      "id" : "s1-t28",
      "begin" : 146,
      "end" : 150,
      "text" : "stop",
      "whiteSpace" : false
    }, {
      "id" : "s1-t29",
      "begin" : 151,
      "end" : 153,
      "text" : "it",
      "whiteSpace" : false
    }, {
      "id" : "s1-t30",
      "begin" : 154,
      "end" : 156,
      "text" : "so",
      "whiteSpace" : false
    }, {
      "id" : "s1-t31",
      "begin" : 157,
      "end" : 159,
      "text" : "it",
      "whiteSpace" : false
    }, {
      "id" : "s1-t32",
      "begin" : 160,
      "end" : 162,
      "text" : "wo",
      "whiteSpace" : false
    }, {
      "id" : "s1-t33",
      "begin" : 162,
      "end" : 165,
      "text" : "n't",
      "whiteSpace" : false
    }, {
      "id" : "s1-t34",
      "begin" : 166,
      "end" : 169,
      "text" : "run",
      "whiteSpace" : false
    }, {
      "id" : "s1-t35",
      "begin" : 170,
      "end" : 175,
      "text" : ".what",
      "whiteSpace" : false
    }, {
      "id" : "s1-t36",
      "begin" : 176,
      "end" : 178,
      "text" : "am",
      "whiteSpace" : false
    }, {
      "id" : "s1-t37",
      "begin" : 179,
      "end" : 180,
      "text" : "i",
      "whiteSpace" : false
    }, {
      "id" : "s1-t38",
      "begin" : 181,
      "end" : 186,
      "text" : "doing",
      "whiteSpace" : false
    }, {
      "id" : "s1-t39",
      "begin" : 187,
      "end" : 192,
      "text" : "wrong",
      "whiteSpace" : false
    }, {
      "id" : "s1-t40",
      "begin" : 193,
      "end" : 194,
      "text" : ".",
      "whiteSpace" : false
    }, {
      "id" : "s1-t41",
      "begin" : 194,
      "end" : 195,
      "text" : "?",
      "whiteSpace" : false
    } ]
  } ],
  "mentions" : [ {
    "id" : "s0-m1",
    "properties" : {
      "SIRE_MENTION_ROLE" : "Internet_Connectivity",
      "SIRE_ENTITY_SUBTYPE" : "NONE",
      "SIRE_MENTION_TYPE" : "NONE",
      "SIRE_MENTION_CLASS" : "SPC"
    },
    "type" : "Internet_Connectivity",
    "begin" : 0,
    "end" : 7,
    "inCoref" : false
  }, {
    "id" : "s1-m1",
    "properties" : {
      "SIRE_MENTION_ROLE" : "Internet_Connectivity",
      "SIRE_ENTITY_SUBTYPE" : "NONE",
      "SIRE_MENTION_TYPE" : "NONE",
      "SIRE_MENTION_CLASS" : "SPC"
    },
    "type" : "Internet_Connectivity",
    "begin" : 12,
    "end" : 19,
    "inCoref" : false
  } ],
  "relations" : [ ],
  "corefs" : [ ],
  "typeResolved" : true,
  "userResolved" : false
}