{
  "id" : "9e14c3c0-fedc-11e6-ab2e-b90886057030-3",
  "name" : "14cd4942bf564de43e0035e905b32cb2.txt",
  "version" : 3,
  "text" : "importing hotmail contacts - captivate\n\ni have exported my hotmail contacts to a .csv file. how do i load it into me\ncaptivate?Solved!Go to Solution.\n\n",
  "docLength" : 0,
  "language" : "EN",
  "status" : "READY",
  "modifiedDate" : 1488754412405,
  "documentSet" : [ ],
  "preannotation" : [ "PRE_LW" ],
  "sentences" : [ {
    "id" : "s0",
    "begin" : 0,
    "end" : 38,
    "text" : "importing hotmail contacts - captivate",
    "tokens" : [ {
      "id" : "s0-t0",
      "begin" : 0,
      "end" : 9,
      "text" : "importing",
      "whiteSpace" : false
    }, {
      "id" : "s0-t1",
      "begin" : 10,
      "end" : 17,
      "text" : "hotmail",
      "whiteSpace" : false
    }, {
      "id" : "s0-t2",
      "begin" : 18,
      "end" : 26,
      "text" : "contacts",
      "whiteSpace" : false
    }, {
      "id" : "s0-t3",
      "begin" : 27,
      "end" : 28,
      "text" : "-",
      "whiteSpace" : false
    }, {
      "id" : "s0-t4",
      "begin" : 29,
      "end" : 38,
      "text" : "captivate",
      "whiteSpace" : false
    } ]
  }, {
    "id" : "s1",
    "begin" : 40,
    "end" : 91,
    "text" : "i have exported my hotmail contacts to a .csv file.",
    "tokens" : [ {
      "id" : "s1-t0",
      "begin" : 40,
      "end" : 41,
      "text" : "i",
      "whiteSpace" : false
    }, {
      "id" : "s1-t1",
      "begin" : 42,
      "end" : 46,
      "text" : "have",
      "whiteSpace" : false
    }, {
      "id" : "s1-t2",
      "begin" : 47,
      "end" : 55,
      "text" : "exported",
      "whiteSpace" : false
    }, {
      "id" : "s1-t3",
      "begin" : 56,
      "end" : 58,
      "text" : "my",
      "whiteSpace" : false
    }, {
      "id" : "s1-t4",
      "begin" : 59,
      "end" : 66,
      "text" : "hotmail",
      "whiteSpace" : false
    }, {
      "id" : "s1-t5",
      "begin" : 67,
      "end" : 75,
      "text" : "contacts",
      "whiteSpace" : false
    }, {
      "id" : "s1-t6",
      "begin" : 76,
      "end" : 78,
      "text" : "to",
      "whiteSpace" : false
    }, {
      "id" : "s1-t7",
      "begin" : 79,
      "end" : 80,
      "text" : "a",
      "whiteSpace" : false
    }, {
      "id" : "s1-t8",
      "begin" : 81,
      "end" : 85,
      "text" : ".csv",
      "whiteSpace" : false
    }, {
      "id" : "s1-t9",
      "begin" : 86,
      "end" : 90,
      "text" : "file",
      "whiteSpace" : false
    }, {
      "id" : "s1-t10",
      "begin" : 90,
      "end" : 91,
      "text" : ".",
      "whiteSpace" : false
    } ]
  }, {
    "id" : "s2",
    "begin" : 92,
    "end" : 127,
    "text" : "how do i load it into me\ncaptivate?",
    "tokens" : [ {
      "id" : "s2-t0",
      "begin" : 92,
      "end" : 95,
      "text" : "how",
      "whiteSpace" : false
    }, {
      "id" : "s2-t1",
      "begin" : 96,
      "end" : 98,
      "text" : "do",
      "whiteSpace" : false
    }, {
      "id" : "s2-t2",
      "begin" : 99,
      "end" : 100,
      "text" : "i",
      "whiteSpace" : false
    }, {
      "id" : "s2-t3",
      "begin" : 101,
      "end" : 105,
      "text" : "load",
      "whiteSpace" : false
    }, {
      "id" : "s2-t4",
      "begin" : 106,
      "end" : 108,
      "text" : "it",
      "whiteSpace" : false
    }, {
      "id" : "s2-t5",
      "begin" : 109,
      "end" : 113,
      "text" : "into",
      "whiteSpace" : false
    }, {
      "id" : "s2-t6",
      "begin" : 114,
      "end" : 116,
      "text" : "me",
      "whiteSpace" : false
    }, {
      "id" : "s2-t7",
      "begin" : 117,
      "end" : 126,
      "text" : "captivate",
      "whiteSpace" : false
    }, {
      "id" : "s2-t8",
      "begin" : 126,
      "end" : 127,
      "text" : "?",
      "whiteSpace" : false
    } ]
  }, {
    "id" : "s3",
    "begin" : 127,
    "end" : 149,
    "text" : "Solved!Go to Solution.",
    "tokens" : [ {
      "id" : "s3-t0",
      "begin" : 127,
      "end" : 134,
      "text" : "Solved!",
      "whiteSpace" : false
    }, {
      "id" : "s3-t1",
      "begin" : 134,
      "end" : 136,
      "text" : "Go",
      "whiteSpace" : false
    }, {
      "id" : "s3-t2",
      "begin" : 137,
      "end" : 139,
      "text" : "to",
      "whiteSpace" : false
    }, {
      "id" : "s3-t3",
      "begin" : 140,
      "end" : 148,
      "text" : "Solution",
      "whiteSpace" : false
    }, {
      "id" : "s3-t4",
      "begin" : 148,
      "end" : 149,
      "text" : ".",
      "whiteSpace" : false
    } ]
  } ],
  "mentions" : [ {
    "id" : "cm1",
    "properties" : {
      "SIRE_MENTION_ROLE" : "Product",
      "SIRE_ENTITY_SUBTYPE" : "NONE",
      "SIRE_MENTION_TYPE" : "NONE",
      "SIRE_MENTION_CLASS" : "SPC"
    },
    "type" : "Product",
    "begin" : 29,
    "end" : 38,
    "inCoref" : false
  }, {
    "id" : "cm2",
    "properties" : {
      "SIRE_MENTION_ROLE" : "Product",
      "SIRE_ENTITY_SUBTYPE" : "NONE",
      "SIRE_MENTION_TYPE" : "NONE",
      "SIRE_MENTION_CLASS" : "SPC"
    },
    "type" : "Product",
    "begin" : 117,
    "end" : 126,
    "inCoref" : false
  } ],
  "relations" : [ ],
  "corefs" : [ ],
  "typeResolved" : true,
  "userResolved" : false
}