{
  "id" : "9e14c3c0-fedc-11e6-ab2e-b90886057030-9",
  "name" : "14cd4942bf564de43e0035e905e45628.txt",
  "version" : 3,
  "text" : "Galaxy S4 Water Damage after 12 Hours\n\nI recently purchased an S4 and had it for less than 24 hours. The day after I\nsigned up the phone started acting strange, bluetooth and wireless wouldn't\nconnect and then the menu and back buttons quit working.After dealing with\nAT&amp;T; CS and Samsung, it was concluded that the phone had water damage (a\nsingle water damage indicator had been \"set off\"). The only water damage that\ncould have happened during that time was due to humidity and the last (and\nonly) person to open the case was the store sales clerk. I am not in the\nprocess of fighting either a $200 insurance deductible or a $350 replacement\nfee from Samsung. This is absolutely absurd and cannot seem to get anybody to\nunderstand that this was not my doing. I am contemplating filing a claim with\nthe BBB or going through arbitration. This seems insane due to the small cost\nto AT&amp;T.; I have been a lifelong AT&amp;T; customer with both wireless and\nuVerse, but am getting to the point of eliminating all my ties with AT&amp;T;\ndue to the lack of professional customer service. Any help would be greatly\nappreciated in resolving this issue.Thank you,Aaron[edited for privacy]\n\n",
  "docLength" : 0,
  "language" : "EN",
  "status" : "READY",
  "modifiedDate" : 1488754459553,
  "documentSet" : [ ],
  "preannotation" : [ "PRE_LW" ],
  "sentences" : [ {
    "id" : "s0",
    "begin" : 0,
    "end" : 37,
    "text" : "Galaxy S4 Water Damage after 12 Hours",
    "tokens" : [ {
      "id" : "s0-t0",
      "begin" : 0,
      "end" : 6,
      "text" : "Galaxy",
      "whiteSpace" : false
    }, {
      "id" : "s0-t1",
      "begin" : 7,
      "end" : 9,
      "text" : "S4",
      "whiteSpace" : false
    }, {
      "id" : "s0-t2",
      "begin" : 10,
      "end" : 15,
      "text" : "Water",
      "whiteSpace" : false
    }, {
      "id" : "s0-t3",
      "begin" : 16,
      "end" : 22,
      "text" : "Damage",
      "whiteSpace" : false
    }, {
      "id" : "s0-t4",
      "begin" : 23,
      "end" : 28,
      "text" : "after",
      "whiteSpace" : false
    }, {
      "id" : "s0-t5",
      "begin" : 29,
      "end" : 31,
      "text" : "12",
      "whiteSpace" : false
    }, {
      "id" : "s0-t6",
      "begin" : 32,
      "end" : 37,
      "text" : "Hours",
      "whiteSpace" : false
    } ]
  }, {
    "id" : "s1",
    "begin" : 39,
    "end" : 100,
    "text" : "I recently purchased an S4 and had it for less than 24 hours.",
    "tokens" : [ {
      "id" : "s1-t0",
      "begin" : 39,
      "end" : 40,
      "text" : "I",
      "whiteSpace" : false
    }, {
      "id" : "s1-t1",
      "begin" : 41,
      "end" : 49,
      "text" : "recently",
      "whiteSpace" : false
    }, {
      "id" : "s1-t2",
      "begin" : 50,
      "end" : 59,
      "text" : "purchased",
      "whiteSpace" : false
    }, {
      "id" : "s1-t3",
      "begin" : 60,
      "end" : 62,
      "text" : "an",
      "whiteSpace" : false
    }, {
      "id" : "s1-t4",
      "begin" : 63,
      "end" : 65,
      "text" : "S4",
      "whiteSpace" : false
    }, {
      "id" : "s1-t5",
      "begin" : 66,
      "end" : 69,
      "text" : "and",
      "whiteSpace" : false
    }, {
      "id" : "s1-t6",
      "begin" : 70,
      "end" : 73,
      "text" : "had",
      "whiteSpace" : false
    }, {
      "id" : "s1-t7",
      "begin" : 74,
      "end" : 76,
      "text" : "it",
      "whiteSpace" : false
    }, {
      "id" : "s1-t8",
      "begin" : 77,
      "end" : 80,
      "text" : "for",
      "whiteSpace" : false
    }, {
      "id" : "s1-t9",
      "begin" : 81,
      "end" : 85,
      "text" : "less",
      "whiteSpace" : false
    }, {
      "id" : "s1-t10",
      "begin" : 86,
      "end" : 90,
      "text" : "than",
      "whiteSpace" : false
    }, {
      "id" : "s1-t11",
      "begin" : 91,
      "end" : 93,
      "text" : "24",
      "whiteSpace" : false
    }, {
      "id" : "s1-t12",
      "begin" : 94,
      "end" : 99,
      "text" : "hours",
      "whiteSpace" : false
    }, {
      "id" : "s1-t13",
      "begin" : 99,
      "end" : 100,
      "text" : ".",
      "whiteSpace" : false
    } ]
  }, {
    "id" : "s2",
    "begin" : 101,
    "end" : 249,
    "text" : "The day after I\nsigned up the phone started acting strange, bluetooth and wireless wouldn't\nconnect and then the menu and back buttons quit working.",
    "tokens" : [ {
      "id" : "s2-t0",
      "begin" : 101,
      "end" : 104,
      "text" : "The",
      "whiteSpace" : false
    }, {
      "id" : "s2-t1",
      "begin" : 105,
      "end" : 108,
      "text" : "day",
      "whiteSpace" : false
    }, {
      "id" : "s2-t2",
      "begin" : 109,
      "end" : 114,
      "text" : "after",
      "whiteSpace" : false
    }, {
      "id" : "s2-t3",
      "begin" : 115,
      "end" : 116,
      "text" : "I",
      "whiteSpace" : false
    }, {
      "id" : "s2-t4",
      "begin" : 117,
      "end" : 123,
      "text" : "signed",
      "whiteSpace" : false
    }, {
      "id" : "s2-t5",
      "begin" : 124,
      "end" : 126,
      "text" : "up",
      "whiteSpace" : false
    }, {
      "id" : "s2-t6",
      "begin" : 127,
      "end" : 130,
      "text" : "the",
      "whiteSpace" : false
    }, {
      "id" : "s2-t7",
      "begin" : 131,
      "end" : 136,
      "text" : "phone",
      "whiteSpace" : false
    }, {
      "id" : "s2-t8",
      "begin" : 137,
      "end" : 144,
      "text" : "started",
      "whiteSpace" : false
    }, {
      "id" : "s2-t9",
      "begin" : 145,
      "end" : 151,
      "text" : "acting",
      "whiteSpace" : false
    }, {
      "id" : "s2-t10",
      "begin" : 152,
      "end" : 159,
      "text" : "strange",
      "whiteSpace" : false
    }, {
      "id" : "s2-t11",
      "begin" : 159,
      "end" : 160,
      "text" : ",",
      "whiteSpace" : false
    }, {
      "id" : "s2-t12",
      "begin" : 161,
      "end" : 170,
      "text" : "bluetooth",
      "whiteSpace" : false
    }, {
      "id" : "s2-t13",
      "begin" : 171,
      "end" : 174,
      "text" : "and",
      "whiteSpace" : false
    }, {
      "id" : "s2-t14",
      "begin" : 175,
      "end" : 183,
      "text" : "wireless",
      "whiteSpace" : false
    }, {
      "id" : "s2-t15",
      "begin" : 184,
      "end" : 189,
      "text" : "would",
      "whiteSpace" : false
    }, {
      "id" : "s2-t16",
      "begin" : 189,
      "end" : 192,
      "text" : "n't",
      "whiteSpace" : false
    }, {
      "id" : "s2-t17",
      "begin" : 193,
      "end" : 200,
      "text" : "connect",
      "whiteSpace" : false
    }, {
      "id" : "s2-t18",
      "begin" : 201,
      "end" : 204,
      "text" : "and",
      "whiteSpace" : false
    }, {
      "id" : "s2-t19",
      "begin" : 205,
      "end" : 209,
      "text" : "then",
      "whiteSpace" : false
    }, {
      "id" : "s2-t20",
      "begin" : 210,
      "end" : 213,
      "text" : "the",
      "whiteSpace" : false
    }, {
      "id" : "s2-t21",
      "begin" : 214,
      "end" : 218,
      "text" : "menu",
      "whiteSpace" : false
    }, {
      "id" : "s2-t22",
      "begin" : 219,
      "end" : 222,
      "text" : "and",
      "whiteSpace" : false
    }, {
      "id" : "s2-t23",
      "begin" : 223,
      "end" : 227,
      "text" : "back",
      "whiteSpace" : false
    }, {
      "id" : "s2-t24",
      "begin" : 228,
      "end" : 235,
      "text" : "buttons",
      "whiteSpace" : false
    }, {
      "id" : "s2-t25",
      "begin" : 236,
      "end" : 240,
      "text" : "quit",
      "whiteSpace" : false
    }, {
      "id" : "s2-t26",
      "begin" : 241,
      "end" : 248,
      "text" : "working",
      "whiteSpace" : false
    }, {
      "id" : "s2-t27",
      "begin" : 248,
      "end" : 249,
      "text" : ".",
      "whiteSpace" : false
    } ]
  }, {
    "id" : "s3",
    "begin" : 249,
    "end" : 396,
    "text" : "After dealing with\nAT&amp;T; CS and Samsung, it was concluded that the phone had water damage (a\nsingle water damage indicator had been \"set off\").",
    "tokens" : [ {
      "id" : "s3-t0",
      "begin" : 249,
      "end" : 254,
      "text" : "After",
      "whiteSpace" : false
    }, {
      "id" : "s3-t1",
      "begin" : 255,
      "end" : 262,
      "text" : "dealing",
      "whiteSpace" : false
    }, {
      "id" : "s3-t2",
      "begin" : 263,
      "end" : 267,
      "text" : "with",
      "whiteSpace" : false
    }, {
      "id" : "s3-t3",
      "begin" : 268,
      "end" : 270,
      "text" : "AT",
      "whiteSpace" : false
    }, {
      "id" : "s3-t4",
      "begin" : 270,
      "end" : 275,
      "text" : "&amp;",
      "whiteSpace" : false
    }, {
      "id" : "s3-t5",
      "begin" : 275,
      "end" : 277,
      "text" : "T;",
      "whiteSpace" : false
    }, {
      "id" : "s3-t6",
      "begin" : 278,
      "end" : 280,
      "text" : "CS",
      "whiteSpace" : false
    }, {
      "id" : "s3-t7",
      "begin" : 281,
      "end" : 284,
      "text" : "and",
      "whiteSpace" : false
    }, {
      "id" : "s3-t8",
      "begin" : 285,
      "end" : 292,
      "text" : "Samsung",
      "whiteSpace" : false
    }, {
      "id" : "s3-t9",
      "begin" : 292,
      "end" : 293,
      "text" : ",",
      "whiteSpace" : false
    }, {
      "id" : "s3-t10",
      "begin" : 294,
      "end" : 296,
      "text" : "it",
      "whiteSpace" : false
    }, {
      "id" : "s3-t11",
      "begin" : 297,
      "end" : 300,
      "text" : "was",
      "whiteSpace" : false
    }, {
      "id" : "s3-t12",
      "begin" : 301,
      "end" : 310,
      "text" : "concluded",
      "whiteSpace" : false
    }, {
      "id" : "s3-t13",
      "begin" : 311,
      "end" : 315,
      "text" : "that",
      "whiteSpace" : false
    }, {
      "id" : "s3-t14",
      "begin" : 316,
      "end" : 319,
      "text" : "the",
      "whiteSpace" : false
    }, {
      "id" : "s3-t15",
      "begin" : 320,
      "end" : 325,
      "text" : "phone",
      "whiteSpace" : false
    }, {
      "id" : "s3-t16",
      "begin" : 326,
      "end" : 329,
      "text" : "had",
      "whiteSpace" : false
    }, {
      "id" : "s3-t17",
      "begin" : 330,
      "end" : 335,
      "text" : "water",
      "whiteSpace" : false
    }, {
      "id" : "s3-t18",
      "begin" : 336,
      "end" : 342,
      "text" : "damage",
      "whiteSpace" : false
    }, {
      "id" : "s3-t19",
      "begin" : 343,
      "end" : 344,
      "text" : "(",
      "whiteSpace" : false
    }, {
      "id" : "s3-t20",
      "begin" : 344,
      "end" : 345,
      "text" : "a",
      "whiteSpace" : false
    }, {
      "id" : "s3-t21",
      "begin" : 346,
      "end" : 352,
      "text" : "single",
      "whiteSpace" : false
    }, {
      "id" : "s3-t22",
      "begin" : 353,
      "end" : 358,
      "text" : "water",
      "whiteSpace" : false
    }, {
      "id" : "s3-t23",
      "begin" : 359,
      "end" : 365,
      "text" : "damage",
      "whiteSpace" : false
    }, {
      "id" : "s3-t24",
      "begin" : 366,
      "end" : 375,
      "text" : "indicator",
      "whiteSpace" : false
    }, {
      "id" : "s3-t25",
      "begin" : 376,
      "end" : 379,
      "text" : "had",
      "whiteSpace" : false
    }, {
      "id" : "s3-t26",
      "begin" : 380,
      "end" : 384,
      "text" : "been",
      "whiteSpace" : false
    }, {
      "id" : "s3-t27",
      "begin" : 385,
      "end" : 386,
      "text" : "\"",
      "whiteSpace" : false
    }, {
      "id" : "s3-t28",
      "begin" : 386,
      "end" : 389,
      "text" : "set",
      "whiteSpace" : false
    }, {
      "id" : "s3-t29",
      "begin" : 390,
      "end" : 393,
      "text" : "off",
      "whiteSpace" : false
    }, {
      "id" : "s3-t30",
      "begin" : 393,
      "end" : 394,
      "text" : "\"",
      "whiteSpace" : false
    }, {
      "id" : "s3-t31",
      "begin" : 394,
      "end" : 395,
      "text" : ")",
      "whiteSpace" : false
    }, {
      "id" : "s3-t32",
      "begin" : 395,
      "end" : 396,
      "text" : ".",
      "whiteSpace" : false
    } ]
  }, {
    "id" : "s4",
    "begin" : 397,
    "end" : 555,
    "text" : "The only water damage that\ncould have happened during that time was due to humidity and the last (and\nonly) person to open the case was the store sales clerk.",
    "tokens" : [ {
      "id" : "s4-t0",
      "begin" : 397,
      "end" : 400,
      "text" : "The",
      "whiteSpace" : false
    }, {
      "id" : "s4-t1",
      "begin" : 401,
      "end" : 405,
      "text" : "only",
      "whiteSpace" : false
    }, {
      "id" : "s4-t2",
      "begin" : 406,
      "end" : 411,
      "text" : "water",
      "whiteSpace" : false
    }, {
      "id" : "s4-t3",
      "begin" : 412,
      "end" : 418,
      "text" : "damage",
      "whiteSpace" : false
    }, {
      "id" : "s4-t4",
      "begin" : 419,
      "end" : 423,
      "text" : "that",
      "whiteSpace" : false
    }, {
      "id" : "s4-t5",
      "begin" : 424,
      "end" : 429,
      "text" : "could",
      "whiteSpace" : false
    }, {
      "id" : "s4-t6",
      "begin" : 430,
      "end" : 434,
      "text" : "have",
      "whiteSpace" : false
    }, {
      "id" : "s4-t7",
      "begin" : 435,
      "end" : 443,
      "text" : "happened",
      "whiteSpace" : false
    }, {
      "id" : "s4-t8",
      "begin" : 444,
      "end" : 450,
      "text" : "during",
      "whiteSpace" : false
    }, {
      "id" : "s4-t9",
      "begin" : 451,
      "end" : 455,
      "text" : "that",
      "whiteSpace" : false
    }, {
      "id" : "s4-t10",
      "begin" : 456,
      "end" : 460,
      "text" : "time",
      "whiteSpace" : false
    }, {
      "id" : "s4-t11",
      "begin" : 461,
      "end" : 464,
      "text" : "was",
      "whiteSpace" : false
    }, {
      "id" : "s4-t12",
      "begin" : 465,
      "end" : 468,
      "text" : "due",
      "whiteSpace" : false
    }, {
      "id" : "s4-t13",
      "begin" : 469,
      "end" : 471,
      "text" : "to",
      "whiteSpace" : false
    }, {
      "id" : "s4-t14",
      "begin" : 472,
      "end" : 480,
      "text" : "humidity",
      "whiteSpace" : false
    }, {
      "id" : "s4-t15",
      "begin" : 481,
      "end" : 484,
      "text" : "and",
      "whiteSpace" : false
    }, {
      "id" : "s4-t16",
      "begin" : 485,
      "end" : 488,
      "text" : "the",
      "whiteSpace" : false
    }, {
      "id" : "s4-t17",
      "begin" : 489,
      "end" : 493,
      "text" : "last",
      "whiteSpace" : false
    }, {
      "id" : "s4-t18",
      "begin" : 494,
      "end" : 495,
      "text" : "(",
      "whiteSpace" : false
    }, {
      "id" : "s4-t19",
      "begin" : 495,
      "end" : 498,
      "text" : "and",
      "whiteSpace" : false
    }, {
      "id" : "s4-t20",
      "begin" : 499,
      "end" : 503,
      "text" : "only",
      "whiteSpace" : false
    }, {
      "id" : "s4-t21",
      "begin" : 503,
      "end" : 504,
      "text" : ")",
      "whiteSpace" : false
    }, {
      "id" : "s4-t22",
      "begin" : 505,
      "end" : 511,
      "text" : "person",
      "whiteSpace" : false
    }, {
      "id" : "s4-t23",
      "begin" : 512,
      "end" : 514,
      "text" : "to",
      "whiteSpace" : false
    }, {
      "id" : "s4-t24",
      "begin" : 515,
      "end" : 519,
      "text" : "open",
      "whiteSpace" : false
    }, {
      "id" : "s4-t25",
      "begin" : 520,
      "end" : 523,
      "text" : "the",
      "whiteSpace" : false
    }, {
      "id" : "s4-t26",
      "begin" : 524,
      "end" : 528,
      "text" : "case",
      "whiteSpace" : false
    }, {
      "id" : "s4-t27",
      "begin" : 529,
      "end" : 532,
      "text" : "was",
      "whiteSpace" : false
    }, {
      "id" : "s4-t28",
      "begin" : 533,
      "end" : 536,
      "text" : "the",
      "whiteSpace" : false
    }, {
      "id" : "s4-t29",
      "begin" : 537,
      "end" : 542,
      "text" : "store",
      "whiteSpace" : false
    }, {
      "id" : "s4-t30",
      "begin" : 543,
      "end" : 548,
      "text" : "sales",
      "whiteSpace" : false
    }, {
      "id" : "s4-t31",
      "begin" : 549,
      "end" : 554,
      "text" : "clerk",
      "whiteSpace" : false
    }, {
      "id" : "s4-t32",
      "begin" : 554,
      "end" : 555,
      "text" : ".",
      "whiteSpace" : false
    } ]
  }, {
    "id" : "s5",
    "begin" : 556,
    "end" : 666,
    "text" : "I am not in the\nprocess of fighting either a $200 insurance deductible or a $350 replacement\nfee from Samsung.",
    "tokens" : [ {
      "id" : "s5-t0",
      "begin" : 556,
      "end" : 557,
      "text" : "I",
      "whiteSpace" : false
    }, {
      "id" : "s5-t1",
      "begin" : 558,
      "end" : 560,
      "text" : "am",
      "whiteSpace" : false
    }, {
      "id" : "s5-t2",
      "begin" : 561,
      "end" : 564,
      "text" : "not",
      "whiteSpace" : false
    }, {
      "id" : "s5-t3",
      "begin" : 565,
      "end" : 567,
      "text" : "in",
      "whiteSpace" : false
    }, {
      "id" : "s5-t4",
      "begin" : 568,
      "end" : 571,
      "text" : "the",
      "whiteSpace" : false
    }, {
      "id" : "s5-t5",
      "begin" : 572,
      "end" : 579,
      "text" : "process",
      "whiteSpace" : false
    }, {
      "id" : "s5-t6",
      "begin" : 580,
      "end" : 582,
      "text" : "of",
      "whiteSpace" : false
    }, {
      "id" : "s5-t7",
      "begin" : 583,
      "end" : 591,
      "text" : "fighting",
      "whiteSpace" : false
    }, {
      "id" : "s5-t8",
      "begin" : 592,
      "end" : 598,
      "text" : "either",
      "whiteSpace" : false
    }, {
      "id" : "s5-t9",
      "begin" : 599,
      "end" : 600,
      "text" : "a",
      "whiteSpace" : false
    }, {
      "id" : "s5-t10",
      "begin" : 601,
      "end" : 602,
      "text" : "$",
      "whiteSpace" : false
    }, {
      "id" : "s5-t11",
      "begin" : 602,
      "end" : 605,
      "text" : "200",
      "whiteSpace" : false
    }, {
      "id" : "s5-t12",
      "begin" : 606,
      "end" : 615,
      "text" : "insurance",
      "whiteSpace" : false
    }, {
      "id" : "s5-t13",
      "begin" : 616,
      "end" : 626,
      "text" : "deductible",
      "whiteSpace" : false
    }, {
      "id" : "s5-t14",
      "begin" : 627,
      "end" : 629,
      "text" : "or",
      "whiteSpace" : false
    }, {
      "id" : "s5-t15",
      "begin" : 630,
      "end" : 631,
      "text" : "a",
      "whiteSpace" : false
    }, {
      "id" : "s5-t16",
      "begin" : 632,
      "end" : 633,
      "text" : "$",
      "whiteSpace" : false
    }, {
      "id" : "s5-t17",
      "begin" : 633,
      "end" : 636,
      "text" : "350",
      "whiteSpace" : false
    }, {
      "id" : "s5-t18",
      "begin" : 637,
      "end" : 648,
      "text" : "replacement",
      "whiteSpace" : false
    }, {
      "id" : "s5-t19",
      "begin" : 649,
      "end" : 652,
      "text" : "fee",
      "whiteSpace" : false
    }, {
      "id" : "s5-t20",
      "begin" : 653,
      "end" : 657,
      "text" : "from",
      "whiteSpace" : false
    }, {
      "id" : "s5-t21",
      "begin" : 658,
      "end" : 665,
      "text" : "Samsung",
      "whiteSpace" : false
    }, {
      "id" : "s5-t22",
      "begin" : 665,
      "end" : 666,
      "text" : ".",
      "whiteSpace" : false
    } ]
  }, {
    "id" : "s6",
    "begin" : 667,
    "end" : 765,
    "text" : "This is absolutely absurd and cannot seem to get anybody to\nunderstand that this was not my doing.",
    "tokens" : [ {
      "id" : "s6-t0",
      "begin" : 667,
      "end" : 671,
      "text" : "This",
      "whiteSpace" : false
    }, {
      "id" : "s6-t1",
      "begin" : 672,
      "end" : 674,
      "text" : "is",
      "whiteSpace" : false
    }, {
      "id" : "s6-t2",
      "begin" : 675,
      "end" : 685,
      "text" : "absolutely",
      "whiteSpace" : false
    }, {
      "id" : "s6-t3",
      "begin" : 686,
      "end" : 692,
      "text" : "absurd",
      "whiteSpace" : false
    }, {
      "id" : "s6-t4",
      "begin" : 693,
      "end" : 696,
      "text" : "and",
      "whiteSpace" : false
    }, {
      "id" : "s6-t5",
      "begin" : 697,
      "end" : 703,
      "text" : "cannot",
      "whiteSpace" : false
    }, {
      "id" : "s6-t6",
      "begin" : 704,
      "end" : 708,
      "text" : "seem",
      "whiteSpace" : false
    }, {
      "id" : "s6-t7",
      "begin" : 709,
      "end" : 711,
      "text" : "to",
      "whiteSpace" : false
    }, {
      "id" : "s6-t8",
      "begin" : 712,
      "end" : 715,
      "text" : "get",
      "whiteSpace" : false
    }, {
      "id" : "s6-t9",
      "begin" : 716,
      "end" : 723,
      "text" : "anybody",
      "whiteSpace" : false
    }, {
      "id" : "s6-t10",
      "begin" : 724,
      "end" : 726,
      "text" : "to",
      "whiteSpace" : false
    }, {
      "id" : "s6-t11",
      "begin" : 727,
      "end" : 737,
      "text" : "understand",
      "whiteSpace" : false
    }, {
      "id" : "s6-t12",
      "begin" : 738,
      "end" : 742,
      "text" : "that",
      "whiteSpace" : false
    }, {
      "id" : "s6-t13",
      "begin" : 743,
      "end" : 747,
      "text" : "this",
      "whiteSpace" : false
    }, {
      "id" : "s6-t14",
      "begin" : 748,
      "end" : 751,
      "text" : "was",
      "whiteSpace" : false
    }, {
      "id" : "s6-t15",
      "begin" : 752,
      "end" : 755,
      "text" : "not",
      "whiteSpace" : false
    }, {
      "id" : "s6-t16",
      "begin" : 756,
      "end" : 758,
      "text" : "my",
      "whiteSpace" : false
    }, {
      "id" : "s6-t17",
      "begin" : 759,
      "end" : 764,
      "text" : "doing",
      "whiteSpace" : false
    }, {
      "id" : "s6-t18",
      "begin" : 764,
      "end" : 765,
      "text" : ".",
      "whiteSpace" : false
    } ]
  }, {
    "id" : "s7",
    "begin" : 766,
    "end" : 842,
    "text" : "I am contemplating filing a claim with\nthe BBB or going through arbitration.",
    "tokens" : [ {
      "id" : "s7-t0",
      "begin" : 766,
      "end" : 767,
      "text" : "I",
      "whiteSpace" : false
    }, {
      "id" : "s7-t1",
      "begin" : 768,
      "end" : 770,
      "text" : "am",
      "whiteSpace" : false
    }, {
      "id" : "s7-t2",
      "begin" : 771,
      "end" : 784,
      "text" : "contemplating",
      "whiteSpace" : false
    }, {
      "id" : "s7-t3",
      "begin" : 785,
      "end" : 791,
      "text" : "filing",
      "whiteSpace" : false
    }, {
      "id" : "s7-t4",
      "begin" : 792,
      "end" : 793,
      "text" : "a",
      "whiteSpace" : false
    }, {
      "id" : "s7-t5",
      "begin" : 794,
      "end" : 799,
      "text" : "claim",
      "whiteSpace" : false
    }, {
      "id" : "s7-t6",
      "begin" : 800,
      "end" : 804,
      "text" : "with",
      "whiteSpace" : false
    }, {
      "id" : "s7-t7",
      "begin" : 805,
      "end" : 808,
      "text" : "the",
      "whiteSpace" : false
    }, {
      "id" : "s7-t8",
      "begin" : 809,
      "end" : 812,
      "text" : "BBB",
      "whiteSpace" : false
    }, {
      "id" : "s7-t9",
      "begin" : 813,
      "end" : 815,
      "text" : "or",
      "whiteSpace" : false
    }, {
      "id" : "s7-t10",
      "begin" : 816,
      "end" : 821,
      "text" : "going",
      "whiteSpace" : false
    }, {
      "id" : "s7-t11",
      "begin" : 822,
      "end" : 829,
      "text" : "through",
      "whiteSpace" : false
    }, {
      "id" : "s7-t12",
      "begin" : 830,
      "end" : 841,
      "text" : "arbitration",
      "whiteSpace" : false
    }, {
      "id" : "s7-t13",
      "begin" : 841,
      "end" : 842,
      "text" : ".",
      "whiteSpace" : false
    } ]
  }, {
    "id" : "s8",
    "begin" : 843,
    "end" : 1089,
    "text" : "This seems insane due to the small cost\nto AT&amp;T.; I have been a lifelong AT&amp;T; customer with both wireless and\nuVerse, but am getting to the point of eliminating all my ties with AT&amp;T;\ndue to the lack of professional customer service.",
    "tokens" : [ {
      "id" : "s8-t0",
      "begin" : 843,
      "end" : 847,
      "text" : "This",
      "whiteSpace" : false
    }, {
      "id" : "s8-t1",
      "begin" : 848,
      "end" : 853,
      "text" : "seems",
      "whiteSpace" : false
    }, {
      "id" : "s8-t2",
      "begin" : 854,
      "end" : 860,
      "text" : "insane",
      "whiteSpace" : false
    }, {
      "id" : "s8-t3",
      "begin" : 861,
      "end" : 864,
      "text" : "due",
      "whiteSpace" : false
    }, {
      "id" : "s8-t4",
      "begin" : 865,
      "end" : 867,
      "text" : "to",
      "whiteSpace" : false
    }, {
      "id" : "s8-t5",
      "begin" : 868,
      "end" : 871,
      "text" : "the",
      "whiteSpace" : false
    }, {
      "id" : "s8-t6",
      "begin" : 872,
      "end" : 877,
      "text" : "small",
      "whiteSpace" : false
    }, {
      "id" : "s8-t7",
      "begin" : 878,
      "end" : 882,
      "text" : "cost",
      "whiteSpace" : false
    }, {
      "id" : "s8-t8",
      "begin" : 883,
      "end" : 885,
      "text" : "to",
      "whiteSpace" : false
    }, {
      "id" : "s8-t9",
      "begin" : 886,
      "end" : 888,
      "text" : "AT",
      "whiteSpace" : false
    }, {
      "id" : "s8-t10",
      "begin" : 888,
      "end" : 893,
      "text" : "&amp;",
      "whiteSpace" : false
    }, {
      "id" : "s8-t11",
      "begin" : 893,
      "end" : 895,
      "text" : "T.",
      "whiteSpace" : false
    }, {
      "id" : "s8-t12",
      "begin" : 895,
      "end" : 896,
      "text" : ";",
      "whiteSpace" : false
    }, {
      "id" : "s8-t13",
      "begin" : 897,
      "end" : 898,
      "text" : "I",
      "whiteSpace" : false
    }, {
      "id" : "s8-t14",
      "begin" : 899,
      "end" : 903,
      "text" : "have",
      "whiteSpace" : false
    }, {
      "id" : "s8-t15",
      "begin" : 904,
      "end" : 908,
      "text" : "been",
      "whiteSpace" : false
    }, {
      "id" : "s8-t16",
      "begin" : 909,
      "end" : 910,
      "text" : "a",
      "whiteSpace" : false
    }, {
      "id" : "s8-t17",
      "begin" : 911,
      "end" : 919,
      "text" : "lifelong",
      "whiteSpace" : false
    }, {
      "id" : "s8-t18",
      "begin" : 920,
      "end" : 922,
      "text" : "AT",
      "whiteSpace" : false
    }, {
      "id" : "s8-t19",
      "begin" : 922,
      "end" : 927,
      "text" : "&amp;",
      "whiteSpace" : false
    }, {
      "id" : "s8-t20",
      "begin" : 927,
      "end" : 929,
      "text" : "T;",
      "whiteSpace" : false
    }, {
      "id" : "s8-t21",
      "begin" : 930,
      "end" : 938,
      "text" : "customer",
      "whiteSpace" : false
    }, {
      "id" : "s8-t22",
      "begin" : 939,
      "end" : 943,
      "text" : "with",
      "whiteSpace" : false
    }, {
      "id" : "s8-t23",
      "begin" : 944,
      "end" : 948,
      "text" : "both",
      "whiteSpace" : false
    }, {
      "id" : "s8-t24",
      "begin" : 949,
      "end" : 957,
      "text" : "wireless",
      "whiteSpace" : false
    }, {
      "id" : "s8-t25",
      "begin" : 958,
      "end" : 961,
      "text" : "and",
      "whiteSpace" : false
    }, {
      "id" : "s8-t26",
      "begin" : 962,
      "end" : 968,
      "text" : "uVerse",
      "whiteSpace" : false
    }, {
      "id" : "s8-t27",
      "begin" : 968,
      "end" : 969,
      "text" : ",",
      "whiteSpace" : false
    }, {
      "id" : "s8-t28",
      "begin" : 970,
      "end" : 973,
      "text" : "but",
      "whiteSpace" : false
    }, {
      "id" : "s8-t29",
      "begin" : 974,
      "end" : 976,
      "text" : "am",
      "whiteSpace" : false
    }, {
      "id" : "s8-t30",
      "begin" : 977,
      "end" : 984,
      "text" : "getting",
      "whiteSpace" : false
    }, {
      "id" : "s8-t31",
      "begin" : 985,
      "end" : 987,
      "text" : "to",
      "whiteSpace" : false
    }, {
      "id" : "s8-t32",
      "begin" : 988,
      "end" : 991,
      "text" : "the",
      "whiteSpace" : false
    }, {
      "id" : "s8-t33",
      "begin" : 992,
      "end" : 997,
      "text" : "point",
      "whiteSpace" : false
    }, {
      "id" : "s8-t34",
      "begin" : 998,
      "end" : 1000,
      "text" : "of",
      "whiteSpace" : false
    }, {
      "id" : "s8-t35",
      "begin" : 1001,
      "end" : 1012,
      "text" : "eliminating",
      "whiteSpace" : false
    }, {
      "id" : "s8-t36",
      "begin" : 1013,
      "end" : 1016,
      "text" : "all",
      "whiteSpace" : false
    }, {
      "id" : "s8-t37",
      "begin" : 1017,
      "end" : 1019,
      "text" : "my",
      "whiteSpace" : false
    }, {
      "id" : "s8-t38",
      "begin" : 1020,
      "end" : 1024,
      "text" : "ties",
      "whiteSpace" : false
    }, {
      "id" : "s8-t39",
      "begin" : 1025,
      "end" : 1029,
      "text" : "with",
      "whiteSpace" : false
    }, {
      "id" : "s8-t40",
      "begin" : 1030,
      "end" : 1032,
      "text" : "AT",
      "whiteSpace" : false
    }, {
      "id" : "s8-t41",
      "begin" : 1032,
      "end" : 1037,
      "text" : "&amp;",
      "whiteSpace" : false
    }, {
      "id" : "s8-t42",
      "begin" : 1037,
      "end" : 1039,
      "text" : "T;",
      "whiteSpace" : false
    }, {
      "id" : "s8-t43",
      "begin" : 1040,
      "end" : 1043,
      "text" : "due",
      "whiteSpace" : false
    }, {
      "id" : "s8-t44",
      "begin" : 1044,
      "end" : 1046,
      "text" : "to",
      "whiteSpace" : false
    }, {
      "id" : "s8-t45",
      "begin" : 1047,
      "end" : 1050,
      "text" : "the",
      "whiteSpace" : false
    }, {
      "id" : "s8-t46",
      "begin" : 1051,
      "end" : 1055,
      "text" : "lack",
      "whiteSpace" : false
    }, {
      "id" : "s8-t47",
      "begin" : 1056,
      "end" : 1058,
      "text" : "of",
      "whiteSpace" : false
    }, {
      "id" : "s8-t48",
      "begin" : 1059,
      "end" : 1071,
      "text" : "professional",
      "whiteSpace" : false
    }, {
      "id" : "s8-t49",
      "begin" : 1072,
      "end" : 1080,
      "text" : "customer",
      "whiteSpace" : false
    }, {
      "id" : "s8-t50",
      "begin" : 1081,
      "end" : 1088,
      "text" : "service",
      "whiteSpace" : false
    }, {
      "id" : "s8-t51",
      "begin" : 1088,
      "end" : 1089,
      "text" : ".",
      "whiteSpace" : false
    } ]
  }, {
    "id" : "s9",
    "begin" : 1090,
    "end" : 1152,
    "text" : "Any help would be greatly\nappreciated in resolving this issue.",
    "tokens" : [ {
      "id" : "s9-t0",
      "begin" : 1090,
      "end" : 1093,
      "text" : "Any",
      "whiteSpace" : false
    }, {
      "id" : "s9-t1",
      "begin" : 1094,
      "end" : 1098,
      "text" : "help",
      "whiteSpace" : false
    }, {
      "id" : "s9-t2",
      "begin" : 1099,
      "end" : 1104,
      "text" : "would",
      "whiteSpace" : false
    }, {
      "id" : "s9-t3",
      "begin" : 1105,
      "end" : 1107,
      "text" : "be",
      "whiteSpace" : false
    }, {
      "id" : "s9-t4",
      "begin" : 1108,
      "end" : 1115,
      "text" : "greatly",
      "whiteSpace" : false
    }, {
      "id" : "s9-t5",
      "begin" : 1116,
      "end" : 1127,
      "text" : "appreciated",
      "whiteSpace" : false
    }, {
      "id" : "s9-t6",
      "begin" : 1128,
      "end" : 1130,
      "text" : "in",
      "whiteSpace" : false
    }, {
      "id" : "s9-t7",
      "begin" : 1131,
      "end" : 1140,
      "text" : "resolving",
      "whiteSpace" : false
    }, {
      "id" : "s9-t8",
      "begin" : 1141,
      "end" : 1145,
      "text" : "this",
      "whiteSpace" : false
    }, {
      "id" : "s9-t9",
      "begin" : 1146,
      "end" : 1151,
      "text" : "issue",
      "whiteSpace" : false
    }, {
      "id" : "s9-t10",
      "begin" : 1151,
      "end" : 1152,
      "text" : ".",
      "whiteSpace" : false
    } ]
  }, {
    "id" : "s10",
    "begin" : 1152,
    "end" : 1187,
    "text" : "Thank you,Aaron[edited for privacy]",
    "tokens" : [ {
      "id" : "s10-t0",
      "begin" : 1152,
      "end" : 1157,
      "text" : "Thank",
      "whiteSpace" : false
    }, {
      "id" : "s10-t1",
      "begin" : 1158,
      "end" : 1161,
      "text" : "you",
      "whiteSpace" : false
    }, {
      "id" : "s10-t2",
      "begin" : 1161,
      "end" : 1162,
      "text" : ",",
      "whiteSpace" : false
    }, {
      "id" : "s10-t3",
      "begin" : 1162,
      "end" : 1167,
      "text" : "Aaron",
      "whiteSpace" : false
    }, {
      "id" : "s10-t4",
      "begin" : 1167,
      "end" : 1168,
      "text" : "[",
      "whiteSpace" : false
    }, {
      "id" : "s10-t5",
      "begin" : 1168,
      "end" : 1174,
      "text" : "edited",
      "whiteSpace" : false
    }, {
      "id" : "s10-t6",
      "begin" : 1175,
      "end" : 1178,
      "text" : "for",
      "whiteSpace" : false
    }, {
      "id" : "s10-t7",
      "begin" : 1179,
      "end" : 1186,
      "text" : "privacy",
      "whiteSpace" : false
    }, {
      "id" : "s10-t8",
      "begin" : 1186,
      "end" : 1187,
      "text" : "]",
      "whiteSpace" : false
    } ]
  } ],
  "mentions" : [ {
    "id" : "s0-m0",
    "properties" : {
      "SIRE_MENTION_ROLE" : "Product",
      "SIRE_MENTION_TYPE" : "NONE",
      "SIRE_ENTITY_SUBTYPE" : "NONE",
      "SIRE_MENTION_CLASS" : "SPC"
    },
    "type" : "Product",
    "begin" : 0,
    "end" : 9,
    "inCoref" : false
  }, {
    "id" : "s1-m1",
    "properties" : {
      "SIRE_MENTION_ROLE" : "Product",
      "SIRE_ENTITY_SUBTYPE" : "NONE",
      "SIRE_MENTION_TYPE" : "NONE",
      "SIRE_MENTION_CLASS" : "SPC"
    },
    "type" : "Product",
    "begin" : 63,
    "end" : 65,
    "inCoref" : false
  }, {
    "id" : "s3-m0",
    "properties" : {
      "SIRE_MENTION_ROLE" : "Internet_Connectivity",
      "SIRE_ENTITY_SUBTYPE" : "NONE",
      "SIRE_MENTION_TYPE" : "NONE",
      "SIRE_MENTION_CLASS" : "SPC"
    },
    "type" : "Internet_Connectivity",
    "begin" : 161,
    "end" : 170,
    "inCoref" : false
  }, {
    "id" : "s2-m2",
    "properties" : {
      "SIRE_MENTION_ROLE" : "Internet_Connectivity",
      "SIRE_ENTITY_SUBTYPE" : "NONE",
      "SIRE_MENTION_TYPE" : "NONE",
      "SIRE_MENTION_CLASS" : "SPC"
    },
    "type" : "Internet_Connectivity",
    "begin" : 175,
    "end" : 183,
    "inCoref" : false
  }, {
    "id" : "s2-m3",
    "properties" : {
      "SIRE_MENTION_ROLE" : "Physical_Feature",
      "SIRE_ENTITY_SUBTYPE" : "NONE",
      "SIRE_MENTION_TYPE" : "NONE",
      "SIRE_MENTION_CLASS" : "SPC"
    },
    "type" : "Physical_Feature",
    "begin" : 228,
    "end" : 235,
    "inCoref" : false
  }, {
    "id" : "cm2",
    "properties" : {
      "SIRE_MENTION_ROLE" : "Service_Provider",
      "SIRE_ENTITY_SUBTYPE" : "NONE",
      "SIRE_MENTION_TYPE" : "NONE",
      "SIRE_MENTION_CLASS" : "SPC"
    },
    "type" : "Service_Provider",
    "begin" : 268,
    "end" : 277,
    "inCoref" : false
  }, {
    "id" : "cm1",
    "properties" : {
      "SIRE_MENTION_ROLE" : "Service_Provider",
      "SIRE_ENTITY_SUBTYPE" : "NONE",
      "SIRE_MENTION_TYPE" : "NONE",
      "SIRE_MENTION_CLASS" : "SPC"
    },
    "type" : "Service_Provider",
    "begin" : 268,
    "end" : 276,
    "inCoref" : false
  }, {
    "id" : "s8-m3",
    "properties" : {
      "SIRE_MENTION_ROLE" : "Service_Provider",
      "SIRE_ENTITY_SUBTYPE" : "NONE",
      "SIRE_MENTION_TYPE" : "NONE",
      "SIRE_MENTION_CLASS" : "SPC"
    },
    "type" : "Service_Provider",
    "begin" : 886,
    "end" : 894,
    "inCoref" : false
  }, {
    "id" : "cm3",
    "properties" : {
      "SIRE_MENTION_ROLE" : "Service_Provider",
      "SIRE_ENTITY_SUBTYPE" : "NONE",
      "SIRE_MENTION_TYPE" : "NONE",
      "SIRE_MENTION_CLASS" : "SPC"
    },
    "type" : "Service_Provider",
    "begin" : 920,
    "end" : 929,
    "inCoref" : false
  }, {
    "id" : "s8-m4",
    "properties" : {
      "SIRE_MENTION_ROLE" : "Product",
      "SIRE_ENTITY_SUBTYPE" : "NONE",
      "SIRE_MENTION_TYPE" : "NONE",
      "SIRE_MENTION_CLASS" : "SPC"
    },
    "type" : "Product",
    "begin" : 962,
    "end" : 968,
    "inCoref" : false
  }, {
    "id" : "cm4",
    "properties" : {
      "SIRE_MENTION_ROLE" : "Service_Provider",
      "SIRE_ENTITY_SUBTYPE" : "NONE",
      "SIRE_MENTION_TYPE" : "NONE",
      "SIRE_MENTION_CLASS" : "SPC"
    },
    "type" : "Service_Provider",
    "begin" : 1030,
    "end" : 1039,
    "inCoref" : false
  } ],
  "relations" : [ ],
  "corefs" : [ ],
  "typeResolved" : true,
  "userResolved" : false
}