{
  "id" : "a3227990-feda-11e6-ab2e-b90886057030-5",
  "name" : "1067c69d8113357543b74e3cae01da8f.txt",
  "version" : 3,
  "text" : "poor coverage central Idaho\n\nI can see a cell tower two blocks away but will only occaisionally get 1-2\nbars. ANd when I do get a couple bars I can't call a Moscow Idaho number. WHy\ndoesn't ATT have better coverage here?\n\n",
  "docLength" : 0,
  "language" : "EN",
  "status" : "READY",
  "modifiedDate" : 1488750299888,
  "documentSet" : [ ],
  "preannotation" : [ "PRE_LW" ],
  "sentences" : [ {
    "id" : "s0",
    "begin" : 0,
    "end" : 27,
    "text" : "poor coverage central Idaho",
    "tokens" : [ {
      "id" : "s0-t0",
      "begin" : 0,
      "end" : 4,
      "text" : "poor",
      "whiteSpace" : false
    }, {
      "id" : "s0-t1",
      "begin" : 5,
      "end" : 13,
      "text" : "coverage",
      "whiteSpace" : false
    }, {
      "id" : "s0-t2",
      "begin" : 14,
      "end" : 21,
      "text" : "central",
      "whiteSpace" : false
    }, {
      "id" : "s0-t3",
      "begin" : 22,
      "end" : 27,
      "text" : "Idaho",
      "whiteSpace" : false
    } ]
  }, {
    "id" : "s1",
    "begin" : 29,
    "end" : 109,
    "text" : "I can see a cell tower two blocks away but will only occaisionally get 1-2\nbars.",
    "tokens" : [ {
      "id" : "s1-t0",
      "begin" : 29,
      "end" : 30,
      "text" : "I",
      "whiteSpace" : false
    }, {
      "id" : "s1-t1",
      "begin" : 31,
      "end" : 34,
      "text" : "can",
      "whiteSpace" : false
    }, {
      "id" : "s1-t2",
      "begin" : 35,
      "end" : 38,
      "text" : "see",
      "whiteSpace" : false
    }, {
      "id" : "s1-t3",
      "begin" : 39,
      "end" : 40,
      "text" : "a",
      "whiteSpace" : false
    }, {
      "id" : "s1-t4",
      "begin" : 41,
      "end" : 45,
      "text" : "cell",
      "whiteSpace" : false
    }, {
      "id" : "s1-t5",
      "begin" : 46,
      "end" : 51,
      "text" : "tower",
      "whiteSpace" : false
    }, {
      "id" : "s1-t6",
      "begin" : 52,
      "end" : 55,
      "text" : "two",
      "whiteSpace" : false
    }, {
      "id" : "s1-t7",
      "begin" : 56,
      "end" : 62,
      "text" : "blocks",
      "whiteSpace" : false
    }, {
      "id" : "s1-t8",
      "begin" : 63,
      "end" : 67,
      "text" : "away",
      "whiteSpace" : false
    }, {
      "id" : "s1-t9",
      "begin" : 68,
      "end" : 71,
      "text" : "but",
      "whiteSpace" : false
    }, {
      "id" : "s1-t10",
      "begin" : 72,
      "end" : 76,
      "text" : "will",
      "whiteSpace" : false
    }, {
      "id" : "s1-t11",
      "begin" : 77,
      "end" : 81,
      "text" : "only",
      "whiteSpace" : false
    }, {
      "id" : "s1-t12",
      "begin" : 82,
      "end" : 95,
      "text" : "occaisionally",
      "whiteSpace" : false
    }, {
      "id" : "s1-t13",
      "begin" : 96,
      "end" : 99,
      "text" : "get",
      "whiteSpace" : false
    }, {
      "id" : "s1-t14",
      "begin" : 100,
      "end" : 103,
      "text" : "1-2",
      "whiteSpace" : false
    }, {
      "id" : "s1-t15",
      "begin" : 104,
      "end" : 108,
      "text" : "bars",
      "whiteSpace" : false
    }, {
      "id" : "s1-t16",
      "begin" : 108,
      "end" : 109,
      "text" : ".",
      "whiteSpace" : false
    } ]
  }, {
    "id" : "s2",
    "begin" : 110,
    "end" : 177,
    "text" : "ANd when I do get a couple bars I can't call a Moscow Idaho number.",
    "tokens" : [ {
      "id" : "s2-t0",
      "begin" : 110,
      "end" : 113,
      "text" : "ANd",
      "whiteSpace" : false
    }, {
      "id" : "s2-t1",
      "begin" : 114,
      "end" : 118,
      "text" : "when",
      "whiteSpace" : false
    }, {
      "id" : "s2-t2",
      "begin" : 119,
      "end" : 120,
      "text" : "I",
      "whiteSpace" : false
    }, {
      "id" : "s2-t3",
      "begin" : 121,
      "end" : 123,
      "text" : "do",
      "whiteSpace" : false
    }, {
      "id" : "s2-t4",
      "begin" : 124,
      "end" : 127,
      "text" : "get",
      "whiteSpace" : false
    }, {
      "id" : "s2-t5",
      "begin" : 128,
      "end" : 129,
      "text" : "a",
      "whiteSpace" : false
    }, {
      "id" : "s2-t6",
      "begin" : 130,
      "end" : 136,
      "text" : "couple",
      "whiteSpace" : false
    }, {
      "id" : "s2-t7",
      "begin" : 137,
      "end" : 141,
      "text" : "bars",
      "whiteSpace" : false
    }, {
      "id" : "s2-t8",
      "begin" : 142,
      "end" : 143,
      "text" : "I",
      "whiteSpace" : false
    }, {
      "id" : "s2-t9",
      "begin" : 144,
      "end" : 146,
      "text" : "ca",
      "whiteSpace" : false
    }, {
      "id" : "s2-t10",
      "begin" : 146,
      "end" : 149,
      "text" : "n't",
      "whiteSpace" : false
    }, {
      "id" : "s2-t11",
      "begin" : 150,
      "end" : 154,
      "text" : "call",
      "whiteSpace" : false
    }, {
      "id" : "s2-t12",
      "begin" : 155,
      "end" : 156,
      "text" : "a",
      "whiteSpace" : false
    }, {
      "id" : "s2-t13",
      "begin" : 157,
      "end" : 163,
      "text" : "Moscow",
      "whiteSpace" : false
    }, {
      "id" : "s2-t14",
      "begin" : 164,
      "end" : 169,
      "text" : "Idaho",
      "whiteSpace" : false
    }, {
      "id" : "s2-t15",
      "begin" : 170,
      "end" : 176,
      "text" : "number",
      "whiteSpace" : false
    }, {
      "id" : "s2-t16",
      "begin" : 176,
      "end" : 177,
      "text" : ".",
      "whiteSpace" : false
    } ]
  }, {
    "id" : "s3",
    "begin" : 178,
    "end" : 220,
    "text" : "WHy\ndoesn't ATT have better coverage here?",
    "tokens" : [ {
      "id" : "s3-t0",
      "begin" : 178,
      "end" : 181,
      "text" : "WHy",
      "whiteSpace" : false
    }, {
      "id" : "s3-t1",
      "begin" : 182,
      "end" : 186,
      "text" : "does",
      "whiteSpace" : false
    }, {
      "id" : "s3-t2",
      "begin" : 186,
      "end" : 189,
      "text" : "n't",
      "whiteSpace" : false
    }, {
      "id" : "s3-t3",
      "begin" : 190,
      "end" : 193,
      "text" : "ATT",
      "whiteSpace" : false
    }, {
      "id" : "s3-t4",
      "begin" : 194,
      "end" : 198,
      "text" : "have",
      "whiteSpace" : false
    }, {
      "id" : "s3-t5",
      "begin" : 199,
      "end" : 205,
      "text" : "better",
      "whiteSpace" : false
    }, {
      "id" : "s3-t6",
      "begin" : 206,
      "end" : 214,
      "text" : "coverage",
      "whiteSpace" : false
    }, {
      "id" : "s3-t7",
      "begin" : 215,
      "end" : 219,
      "text" : "here",
      "whiteSpace" : false
    }, {
      "id" : "s3-t8",
      "begin" : 219,
      "end" : 220,
      "text" : "?",
      "whiteSpace" : false
    } ]
  } ],
  "mentions" : [ {
    "id" : "s0-m1",
    "properties" : {
      "SIRE_MENTION_ROLE" : "Voice_Text",
      "SIRE_ENTITY_SUBTYPE" : "NONE",
      "SIRE_MENTION_TYPE" : "NONE",
      "SIRE_MENTION_CLASS" : "SPC"
    },
    "type" : "Voice_Text",
    "begin" : 5,
    "end" : 13,
    "inCoref" : false
  }, {
    "id" : "s5-m0",
    "properties" : {
      "SIRE_MENTION_ROLE" : "Service_Provider",
      "SIRE_MENTION_TYPE" : "NONE",
      "SIRE_ENTITY_SUBTYPE" : "NONE",
      "SIRE_MENTION_CLASS" : "SPC"
    },
    "type" : "Service_Provider",
    "begin" : 190,
    "end" : 193,
    "inCoref" : false
  }, {
    "id" : "s3-m2",
    "properties" : {
      "SIRE_MENTION_ROLE" : "Voice_Text",
      "SIRE_ENTITY_SUBTYPE" : "NONE",
      "SIRE_MENTION_TYPE" : "NONE",
      "SIRE_MENTION_CLASS" : "SPC"
    },
    "type" : "Voice_Text",
    "begin" : 206,
    "end" : 214,
    "inCoref" : false
  } ],
  "relations" : [ ],
  "corefs" : [ ],
  "typeResolved" : true,
  "userResolved" : false
}