{
  "id" : "a3227990-feda-11e6-ab2e-b90886057030-6",
  "name" : "1067c69d8113357543b74e3cae07d044.txt",
  "version" : 3,
  "text" : "No more service with a 3G-compatible phone?\n\nHello,I have been using a GoPhone SIM card with my Huawei P8 Lite (ALE-L21)\nfor 5 months now. I bought my phone in Europe less than a year ago, and it is\nan unlocked model. I travelled back to Europe (where I obviously had no\nservice because GoPhones only work in North America) for 3 weeks and since I\ncame back to the US last week I've been lacking service (the phone oscillates\nbetween \"No service\" and \"Emercy calls only\" depeding on the area). An\nAT&amp;T; representative told me that this issue was related to the 2G network\nshutdown, which is strange because both my SIM card and my phone are\ncompatible with 3G networks (including both the 850 and 1900 MHz frequencies\nspecified on AT&amp;T;'s website). I did not change any settings. The access\npoint is correctly configured. I still have enough money on my GoPhone\naccount.Meanwhile, my French SIM card (this is a dual-sim phone) is still\nworking, but over T-Mobile's network. I would prefer not to buy a new phone,\nas all the phones the representative showed me are single-SIM models (which I\ndon't want because I need to use both my SIM cards and carrying two phones is\nreally unpractical). Additionally, the representative couldn't provide me with\na compatibility criterion. Moreover, my phone is almost new... And I did not\nreceive any text warning about compatibility issues.Is it possible that my\nGoPhone account is limited to using the 2G network? Could it be a SIM card\nfailure (maybe due to X-rays at the airport)? A software problem?Any help\nwould be greatly appreciated as I really need my US phone number! By the way,\nI saw on my online account that I received a text message yesterday; is there\na way to retrieve it without service?\n\n",
  "docLength" : 0,
  "language" : "EN",
  "status" : "READY",
  "modifiedDate" : 1488750407061,
  "documentSet" : [ ],
  "preannotation" : [ "PRE_LW" ],
  "sentences" : [ {
    "id" : "s0",
    "begin" : 0,
    "end" : 43,
    "text" : "No more service with a 3G-compatible phone?",
    "tokens" : [ {
      "id" : "s0-t0",
      "begin" : 0,
      "end" : 2,
      "text" : "No",
      "whiteSpace" : false
    }, {
      "id" : "s0-t1",
      "begin" : 3,
      "end" : 7,
      "text" : "more",
      "whiteSpace" : false
    }, {
      "id" : "s0-t2",
      "begin" : 8,
      "end" : 15,
      "text" : "service",
      "whiteSpace" : false
    }, {
      "id" : "s0-t3",
      "begin" : 16,
      "end" : 20,
      "text" : "with",
      "whiteSpace" : false
    }, {
      "id" : "s0-t4",
      "begin" : 21,
      "end" : 22,
      "text" : "a",
      "whiteSpace" : false
    }, {
      "id" : "s0-t5",
      "begin" : 23,
      "end" : 25,
      "text" : "3G",
      "whiteSpace" : false
    }, {
      "id" : "s0-t6",
      "begin" : 25,
      "end" : 26,
      "text" : "-",
      "whiteSpace" : false
    }, {
      "id" : "s0-t7",
      "begin" : 26,
      "end" : 36,
      "text" : "compatible",
      "whiteSpace" : false
    }, {
      "id" : "s0-t8",
      "begin" : 37,
      "end" : 42,
      "text" : "phone",
      "whiteSpace" : false
    }, {
      "id" : "s0-t9",
      "begin" : 42,
      "end" : 43,
      "text" : "?",
      "whiteSpace" : false
    } ]
  }, {
    "id" : "s1",
    "begin" : 45,
    "end" : 138,
    "text" : "Hello,I have been using a GoPhone SIM card with my Huawei P8 Lite (ALE-L21)\nfor 5 months now.",
    "tokens" : [ {
      "id" : "s1-t0",
      "begin" : 45,
      "end" : 50,
      "text" : "Hello",
      "whiteSpace" : false
    }, {
      "id" : "s1-t1",
      "begin" : 50,
      "end" : 51,
      "text" : ",",
      "whiteSpace" : false
    }, {
      "id" : "s1-t2",
      "begin" : 51,
      "end" : 52,
      "text" : "I",
      "whiteSpace" : false
    }, {
      "id" : "s1-t3",
      "begin" : 53,
      "end" : 57,
      "text" : "have",
      "whiteSpace" : false
    }, {
      "id" : "s1-t4",
      "begin" : 58,
      "end" : 62,
      "text" : "been",
      "whiteSpace" : false
    }, {
      "id" : "s1-t5",
      "begin" : 63,
      "end" : 68,
      "text" : "using",
      "whiteSpace" : false
    }, {
      "id" : "s1-t6",
      "begin" : 69,
      "end" : 70,
      "text" : "a",
      "whiteSpace" : false
    }, {
      "id" : "s1-t7",
      "begin" : 71,
      "end" : 78,
      "text" : "GoPhone",
      "whiteSpace" : false
    }, {
      "id" : "s1-t8",
      "begin" : 79,
      "end" : 82,
      "text" : "SIM",
      "whiteSpace" : false
    }, {
      "id" : "s1-t9",
      "begin" : 83,
      "end" : 87,
      "text" : "card",
      "whiteSpace" : false
    }, {
      "id" : "s1-t10",
      "begin" : 88,
      "end" : 92,
      "text" : "with",
      "whiteSpace" : false
    }, {
      "id" : "s1-t11",
      "begin" : 93,
      "end" : 95,
      "text" : "my",
      "whiteSpace" : false
    }, {
      "id" : "s1-t12",
      "begin" : 96,
      "end" : 102,
      "text" : "Huawei",
      "whiteSpace" : false
    }, {
      "id" : "s1-t13",
      "begin" : 103,
      "end" : 105,
      "text" : "P8",
      "whiteSpace" : false
    }, {
      "id" : "s1-t14",
      "begin" : 106,
      "end" : 110,
      "text" : "Lite",
      "whiteSpace" : false
    }, {
      "id" : "s1-t15",
      "begin" : 111,
      "end" : 112,
      "text" : "(",
      "whiteSpace" : false
    }, {
      "id" : "s1-t16",
      "begin" : 112,
      "end" : 119,
      "text" : "ALE-L21",
      "whiteSpace" : false
    }, {
      "id" : "s1-t17",
      "begin" : 119,
      "end" : 120,
      "text" : ")",
      "whiteSpace" : false
    }, {
      "id" : "s1-t18",
      "begin" : 121,
      "end" : 124,
      "text" : "for",
      "whiteSpace" : false
    }, {
      "id" : "s1-t19",
      "begin" : 125,
      "end" : 126,
      "text" : "5",
      "whiteSpace" : false
    }, {
      "id" : "s1-t20",
      "begin" : 127,
      "end" : 133,
      "text" : "months",
      "whiteSpace" : false
    }, {
      "id" : "s1-t21",
      "begin" : 134,
      "end" : 137,
      "text" : "now",
      "whiteSpace" : false
    }, {
      "id" : "s1-t22",
      "begin" : 137,
      "end" : 138,
      "text" : ".",
      "whiteSpace" : false
    } ]
  }, {
    "id" : "s2",
    "begin" : 139,
    "end" : 217,
    "text" : "I bought my phone in Europe less than a year ago, and it is\nan unlocked model.",
    "tokens" : [ {
      "id" : "s2-t0",
      "begin" : 139,
      "end" : 140,
      "text" : "I",
      "whiteSpace" : false
    }, {
      "id" : "s2-t1",
      "begin" : 141,
      "end" : 147,
      "text" : "bought",
      "whiteSpace" : false
    }, {
      "id" : "s2-t2",
      "begin" : 148,
      "end" : 150,
      "text" : "my",
      "whiteSpace" : false
    }, {
      "id" : "s2-t3",
      "begin" : 151,
      "end" : 156,
      "text" : "phone",
      "whiteSpace" : false
    }, {
      "id" : "s2-t4",
      "begin" : 157,
      "end" : 159,
      "text" : "in",
      "whiteSpace" : false
    }, {
      "id" : "s2-t5",
      "begin" : 160,
      "end" : 166,
      "text" : "Europe",
      "whiteSpace" : false
    }, {
      "id" : "s2-t6",
      "begin" : 167,
      "end" : 171,
      "text" : "less",
      "whiteSpace" : false
    }, {
      "id" : "s2-t7",
      "begin" : 172,
      "end" : 176,
      "text" : "than",
      "whiteSpace" : false
    }, {
      "id" : "s2-t8",
      "begin" : 177,
      "end" : 178,
      "text" : "a",
      "whiteSpace" : false
    }, {
      "id" : "s2-t9",
      "begin" : 179,
      "end" : 183,
      "text" : "year",
      "whiteSpace" : false
    }, {
      "id" : "s2-t10",
      "begin" : 184,
      "end" : 187,
      "text" : "ago",
      "whiteSpace" : false
    }, {
      "id" : "s2-t11",
      "begin" : 187,
      "end" : 188,
      "text" : ",",
      "whiteSpace" : false
    }, {
      "id" : "s2-t12",
      "begin" : 189,
      "end" : 192,
      "text" : "and",
      "whiteSpace" : false
    }, {
      "id" : "s2-t13",
      "begin" : 193,
      "end" : 195,
      "text" : "it",
      "whiteSpace" : false
    }, {
      "id" : "s2-t14",
      "begin" : 196,
      "end" : 198,
      "text" : "is",
      "whiteSpace" : false
    }, {
      "id" : "s2-t15",
      "begin" : 199,
      "end" : 201,
      "text" : "an",
      "whiteSpace" : false
    }, {
      "id" : "s2-t16",
      "begin" : 202,
      "end" : 210,
      "text" : "unlocked",
      "whiteSpace" : false
    }, {
      "id" : "s2-t17",
      "begin" : 211,
      "end" : 216,
      "text" : "model",
      "whiteSpace" : false
    }, {
      "id" : "s2-t18",
      "begin" : 216,
      "end" : 217,
      "text" : ".",
      "whiteSpace" : false
    } ]
  }, {
    "id" : "s3",
    "begin" : 218,
    "end" : 493,
    "text" : "I travelled back to Europe (where I obviously had no\nservice because GoPhones only work in North America) for 3 weeks and since I\ncame back to the US last week I've been lacking service (the phone oscillates\nbetween \"No service\" and \"Emercy calls only\" depeding on the area).",
    "tokens" : [ {
      "id" : "s3-t0",
      "begin" : 218,
      "end" : 219,
      "text" : "I",
      "whiteSpace" : false
    }, {
      "id" : "s3-t1",
      "begin" : 220,
      "end" : 229,
      "text" : "travelled",
      "whiteSpace" : false
    }, {
      "id" : "s3-t2",
      "begin" : 230,
      "end" : 234,
      "text" : "back",
      "whiteSpace" : false
    }, {
      "id" : "s3-t3",
      "begin" : 235,
      "end" : 237,
      "text" : "to",
      "whiteSpace" : false
    }, {
      "id" : "s3-t4",
      "begin" : 238,
      "end" : 244,
      "text" : "Europe",
      "whiteSpace" : false
    }, {
      "id" : "s3-t5",
      "begin" : 245,
      "end" : 246,
      "text" : "(",
      "whiteSpace" : false
    }, {
      "id" : "s3-t6",
      "begin" : 246,
      "end" : 251,
      "text" : "where",
      "whiteSpace" : false
    }, {
      "id" : "s3-t7",
      "begin" : 252,
      "end" : 253,
      "text" : "I",
      "whiteSpace" : false
    }, {
      "id" : "s3-t8",
      "begin" : 254,
      "end" : 263,
      "text" : "obviously",
      "whiteSpace" : false
    }, {
      "id" : "s3-t9",
      "begin" : 264,
      "end" : 267,
      "text" : "had",
      "whiteSpace" : false
    }, {
      "id" : "s3-t10",
      "begin" : 268,
      "end" : 270,
      "text" : "no",
      "whiteSpace" : false
    }, {
      "id" : "s3-t11",
      "begin" : 271,
      "end" : 278,
      "text" : "service",
      "whiteSpace" : false
    }, {
      "id" : "s3-t12",
      "begin" : 279,
      "end" : 286,
      "text" : "because",
      "whiteSpace" : false
    }, {
      "id" : "s3-t13",
      "begin" : 287,
      "end" : 295,
      "text" : "GoPhones",
      "whiteSpace" : false
    }, {
      "id" : "s3-t14",
      "begin" : 296,
      "end" : 300,
      "text" : "only",
      "whiteSpace" : false
    }, {
      "id" : "s3-t15",
      "begin" : 301,
      "end" : 305,
      "text" : "work",
      "whiteSpace" : false
    }, {
      "id" : "s3-t16",
      "begin" : 306,
      "end" : 308,
      "text" : "in",
      "whiteSpace" : false
    }, {
      "id" : "s3-t17",
      "begin" : 309,
      "end" : 314,
      "text" : "North",
      "whiteSpace" : false
    }, {
      "id" : "s3-t18",
      "begin" : 315,
      "end" : 322,
      "text" : "America",
      "whiteSpace" : false
    }, {
      "id" : "s3-t19",
      "begin" : 322,
      "end" : 323,
      "text" : ")",
      "whiteSpace" : false
    }, {
      "id" : "s3-t20",
      "begin" : 324,
      "end" : 327,
      "text" : "for",
      "whiteSpace" : false
    }, {
      "id" : "s3-t21",
      "begin" : 328,
      "end" : 329,
      "text" : "3",
      "whiteSpace" : false
    }, {
      "id" : "s3-t22",
      "begin" : 330,
      "end" : 335,
      "text" : "weeks",
      "whiteSpace" : false
    }, {
      "id" : "s3-t23",
      "begin" : 336,
      "end" : 339,
      "text" : "and",
      "whiteSpace" : false
    }, {
      "id" : "s3-t24",
      "begin" : 340,
      "end" : 345,
      "text" : "since",
      "whiteSpace" : false
    }, {
      "id" : "s3-t25",
      "begin" : 346,
      "end" : 347,
      "text" : "I",
      "whiteSpace" : false
    }, {
      "id" : "s3-t26",
      "begin" : 348,
      "end" : 352,
      "text" : "came",
      "whiteSpace" : false
    }, {
      "id" : "s3-t27",
      "begin" : 353,
      "end" : 357,
      "text" : "back",
      "whiteSpace" : false
    }, {
      "id" : "s3-t28",
      "begin" : 358,
      "end" : 360,
      "text" : "to",
      "whiteSpace" : false
    }, {
      "id" : "s3-t29",
      "begin" : 361,
      "end" : 364,
      "text" : "the",
      "whiteSpace" : false
    }, {
      "id" : "s3-t30",
      "begin" : 365,
      "end" : 367,
      "text" : "US",
      "whiteSpace" : false
    }, {
      "id" : "s3-t31",
      "begin" : 368,
      "end" : 372,
      "text" : "last",
      "whiteSpace" : false
    }, {
      "id" : "s3-t32",
      "begin" : 373,
      "end" : 377,
      "text" : "week",
      "whiteSpace" : false
    }, {
      "id" : "s3-t33",
      "begin" : 378,
      "end" : 379,
      "text" : "I",
      "whiteSpace" : false
    }, {
      "id" : "s3-t34",
      "begin" : 379,
      "end" : 382,
      "text" : "'ve",
      "whiteSpace" : false
    }, {
      "id" : "s3-t35",
      "begin" : 383,
      "end" : 387,
      "text" : "been",
      "whiteSpace" : false
    }, {
      "id" : "s3-t36",
      "begin" : 388,
      "end" : 395,
      "text" : "lacking",
      "whiteSpace" : false
    }, {
      "id" : "s3-t37",
      "begin" : 396,
      "end" : 403,
      "text" : "service",
      "whiteSpace" : false
    }, {
      "id" : "s3-t38",
      "begin" : 404,
      "end" : 405,
      "text" : "(",
      "whiteSpace" : false
    }, {
      "id" : "s3-t39",
      "begin" : 405,
      "end" : 408,
      "text" : "the",
      "whiteSpace" : false
    }, {
      "id" : "s3-t40",
      "begin" : 409,
      "end" : 414,
      "text" : "phone",
      "whiteSpace" : false
    }, {
      "id" : "s3-t41",
      "begin" : 415,
      "end" : 425,
      "text" : "oscillates",
      "whiteSpace" : false
    }, {
      "id" : "s3-t42",
      "begin" : 426,
      "end" : 433,
      "text" : "between",
      "whiteSpace" : false
    }, {
      "id" : "s3-t43",
      "begin" : 434,
      "end" : 435,
      "text" : "\"",
      "whiteSpace" : false
    }, {
      "id" : "s3-t44",
      "begin" : 435,
      "end" : 437,
      "text" : "No",
      "whiteSpace" : false
    }, {
      "id" : "s3-t45",
      "begin" : 438,
      "end" : 445,
      "text" : "service",
      "whiteSpace" : false
    }, {
      "id" : "s3-t46",
      "begin" : 445,
      "end" : 446,
      "text" : "\"",
      "whiteSpace" : false
    }, {
      "id" : "s3-t47",
      "begin" : 447,
      "end" : 450,
      "text" : "and",
      "whiteSpace" : false
    }, {
      "id" : "s3-t48",
      "begin" : 451,
      "end" : 452,
      "text" : "\"",
      "whiteSpace" : false
    }, {
      "id" : "s3-t49",
      "begin" : 452,
      "end" : 458,
      "text" : "Emercy",
      "whiteSpace" : false
    }, {
      "id" : "s3-t50",
      "begin" : 459,
      "end" : 464,
      "text" : "calls",
      "whiteSpace" : false
    }, {
      "id" : "s3-t51",
      "begin" : 465,
      "end" : 469,
      "text" : "only",
      "whiteSpace" : false
    }, {
      "id" : "s3-t52",
      "begin" : 469,
      "end" : 470,
      "text" : "\"",
      "whiteSpace" : false
    }, {
      "id" : "s3-t53",
      "begin" : 471,
      "end" : 479,
      "text" : "depeding",
      "whiteSpace" : false
    }, {
      "id" : "s3-t54",
      "begin" : 480,
      "end" : 482,
      "text" : "on",
      "whiteSpace" : false
    }, {
      "id" : "s3-t55",
      "begin" : 483,
      "end" : 486,
      "text" : "the",
      "whiteSpace" : false
    }, {
      "id" : "s3-t56",
      "begin" : 487,
      "end" : 491,
      "text" : "area",
      "whiteSpace" : false
    }, {
      "id" : "s3-t57",
      "begin" : 491,
      "end" : 492,
      "text" : ")",
      "whiteSpace" : false
    }, {
      "id" : "s3-t58",
      "begin" : 492,
      "end" : 493,
      "text" : ".",
      "whiteSpace" : false
    } ]
  }, {
    "id" : "s4",
    "begin" : 494,
    "end" : 756,
    "text" : "An\nAT&amp;T; representative told me that this issue was related to the 2G network\nshutdown, which is strange because both my SIM card and my phone are\ncompatible with 3G networks (including both the 850 and 1900 MHz frequencies\nspecified on AT&amp;T;'s website).",
    "tokens" : [ {
      "id" : "s4-t0",
      "begin" : 494,
      "end" : 496,
      "text" : "An",
      "whiteSpace" : false
    }, {
      "id" : "s4-t1",
      "begin" : 497,
      "end" : 499,
      "text" : "AT",
      "whiteSpace" : false
    }, {
      "id" : "s4-t2",
      "begin" : 499,
      "end" : 504,
      "text" : "&amp;",
      "whiteSpace" : false
    }, {
      "id" : "s4-t3",
      "begin" : 504,
      "end" : 506,
      "text" : "T;",
      "whiteSpace" : false
    }, {
      "id" : "s4-t4",
      "begin" : 507,
      "end" : 521,
      "text" : "representative",
      "whiteSpace" : false
    }, {
      "id" : "s4-t5",
      "begin" : 522,
      "end" : 526,
      "text" : "told",
      "whiteSpace" : false
    }, {
      "id" : "s4-t6",
      "begin" : 527,
      "end" : 529,
      "text" : "me",
      "whiteSpace" : false
    }, {
      "id" : "s4-t7",
      "begin" : 530,
      "end" : 534,
      "text" : "that",
      "whiteSpace" : false
    }, {
      "id" : "s4-t8",
      "begin" : 535,
      "end" : 539,
      "text" : "this",
      "whiteSpace" : false
    }, {
      "id" : "s4-t9",
      "begin" : 540,
      "end" : 545,
      "text" : "issue",
      "whiteSpace" : false
    }, {
      "id" : "s4-t10",
      "begin" : 546,
      "end" : 549,
      "text" : "was",
      "whiteSpace" : false
    }, {
      "id" : "s4-t11",
      "begin" : 550,
      "end" : 557,
      "text" : "related",
      "whiteSpace" : false
    }, {
      "id" : "s4-t12",
      "begin" : 558,
      "end" : 560,
      "text" : "to",
      "whiteSpace" : false
    }, {
      "id" : "s4-t13",
      "begin" : 561,
      "end" : 564,
      "text" : "the",
      "whiteSpace" : false
    }, {
      "id" : "s4-t14",
      "begin" : 565,
      "end" : 567,
      "text" : "2G",
      "whiteSpace" : false
    }, {
      "id" : "s4-t15",
      "begin" : 568,
      "end" : 575,
      "text" : "network",
      "whiteSpace" : false
    }, {
      "id" : "s4-t16",
      "begin" : 576,
      "end" : 584,
      "text" : "shutdown",
      "whiteSpace" : false
    }, {
      "id" : "s4-t17",
      "begin" : 584,
      "end" : 585,
      "text" : ",",
      "whiteSpace" : false
    }, {
      "id" : "s4-t18",
      "begin" : 586,
      "end" : 591,
      "text" : "which",
      "whiteSpace" : false
    }, {
      "id" : "s4-t19",
      "begin" : 592,
      "end" : 594,
      "text" : "is",
      "whiteSpace" : false
    }, {
      "id" : "s4-t20",
      "begin" : 595,
      "end" : 602,
      "text" : "strange",
      "whiteSpace" : false
    }, {
      "id" : "s4-t21",
      "begin" : 603,
      "end" : 610,
      "text" : "because",
      "whiteSpace" : false
    }, {
      "id" : "s4-t22",
      "begin" : 611,
      "end" : 615,
      "text" : "both",
      "whiteSpace" : false
    }, {
      "id" : "s4-t23",
      "begin" : 616,
      "end" : 618,
      "text" : "my",
      "whiteSpace" : false
    }, {
      "id" : "s4-t24",
      "begin" : 619,
      "end" : 622,
      "text" : "SIM",
      "whiteSpace" : false
    }, {
      "id" : "s4-t25",
      "begin" : 623,
      "end" : 627,
      "text" : "card",
      "whiteSpace" : false
    }, {
      "id" : "s4-t26",
      "begin" : 628,
      "end" : 631,
      "text" : "and",
      "whiteSpace" : false
    }, {
      "id" : "s4-t27",
      "begin" : 632,
      "end" : 634,
      "text" : "my",
      "whiteSpace" : false
    }, {
      "id" : "s4-t28",
      "begin" : 635,
      "end" : 640,
      "text" : "phone",
      "whiteSpace" : false
    }, {
      "id" : "s4-t29",
      "begin" : 641,
      "end" : 644,
      "text" : "are",
      "whiteSpace" : false
    }, {
      "id" : "s4-t30",
      "begin" : 645,
      "end" : 655,
      "text" : "compatible",
      "whiteSpace" : false
    }, {
      "id" : "s4-t31",
      "begin" : 656,
      "end" : 660,
      "text" : "with",
      "whiteSpace" : false
    }, {
      "id" : "s4-t32",
      "begin" : 661,
      "end" : 663,
      "text" : "3G",
      "whiteSpace" : false
    }, {
      "id" : "s4-t33",
      "begin" : 664,
      "end" : 672,
      "text" : "networks",
      "whiteSpace" : false
    }, {
      "id" : "s4-t34",
      "begin" : 673,
      "end" : 674,
      "text" : "(",
      "whiteSpace" : false
    }, {
      "id" : "s4-t35",
      "begin" : 674,
      "end" : 683,
      "text" : "including",
      "whiteSpace" : false
    }, {
      "id" : "s4-t36",
      "begin" : 684,
      "end" : 688,
      "text" : "both",
      "whiteSpace" : false
    }, {
      "id" : "s4-t37",
      "begin" : 689,
      "end" : 692,
      "text" : "the",
      "whiteSpace" : false
    }, {
      "id" : "s4-t38",
      "begin" : 693,
      "end" : 696,
      "text" : "850",
      "whiteSpace" : false
    }, {
      "id" : "s4-t39",
      "begin" : 697,
      "end" : 700,
      "text" : "and",
      "whiteSpace" : false
    }, {
      "id" : "s4-t40",
      "begin" : 701,
      "end" : 705,
      "text" : "1900",
      "whiteSpace" : false
    }, {
      "id" : "s4-t41",
      "begin" : 706,
      "end" : 709,
      "text" : "MHz",
      "whiteSpace" : false
    }, {
      "id" : "s4-t42",
      "begin" : 710,
      "end" : 721,
      "text" : "frequencies",
      "whiteSpace" : false
    }, {
      "id" : "s4-t43",
      "begin" : 722,
      "end" : 731,
      "text" : "specified",
      "whiteSpace" : false
    }, {
      "id" : "s4-t44",
      "begin" : 732,
      "end" : 734,
      "text" : "on",
      "whiteSpace" : false
    }, {
      "id" : "s4-t45",
      "begin" : 735,
      "end" : 737,
      "text" : "AT",
      "whiteSpace" : false
    }, {
      "id" : "s4-t46",
      "begin" : 737,
      "end" : 742,
      "text" : "&amp;",
      "whiteSpace" : false
    }, {
      "id" : "s4-t47",
      "begin" : 742,
      "end" : 744,
      "text" : "T;",
      "whiteSpace" : false
    }, {
      "id" : "s4-t48",
      "begin" : 744,
      "end" : 746,
      "text" : "'s",
      "whiteSpace" : false
    }, {
      "id" : "s4-t49",
      "begin" : 747,
      "end" : 754,
      "text" : "website",
      "whiteSpace" : false
    }, {
      "id" : "s4-t50",
      "begin" : 754,
      "end" : 755,
      "text" : ")",
      "whiteSpace" : false
    }, {
      "id" : "s4-t51",
      "begin" : 755,
      "end" : 756,
      "text" : ".",
      "whiteSpace" : false
    } ]
  }, {
    "id" : "s5",
    "begin" : 757,
    "end" : 787,
    "text" : "I did not change any settings.",
    "tokens" : [ {
      "id" : "s5-t0",
      "begin" : 757,
      "end" : 758,
      "text" : "I",
      "whiteSpace" : false
    }, {
      "id" : "s5-t1",
      "begin" : 759,
      "end" : 762,
      "text" : "did",
      "whiteSpace" : false
    }, {
      "id" : "s5-t2",
      "begin" : 763,
      "end" : 766,
      "text" : "not",
      "whiteSpace" : false
    }, {
      "id" : "s5-t3",
      "begin" : 767,
      "end" : 773,
      "text" : "change",
      "whiteSpace" : false
    }, {
      "id" : "s5-t4",
      "begin" : 774,
      "end" : 777,
      "text" : "any",
      "whiteSpace" : false
    }, {
      "id" : "s5-t5",
      "begin" : 778,
      "end" : 786,
      "text" : "settings",
      "whiteSpace" : false
    }, {
      "id" : "s5-t6",
      "begin" : 786,
      "end" : 787,
      "text" : ".",
      "whiteSpace" : false
    } ]
  }, {
    "id" : "s6",
    "begin" : 788,
    "end" : 829,
    "text" : "The access\npoint is correctly configured.",
    "tokens" : [ {
      "id" : "s6-t0",
      "begin" : 788,
      "end" : 791,
      "text" : "The",
      "whiteSpace" : false
    }, {
      "id" : "s6-t1",
      "begin" : 792,
      "end" : 798,
      "text" : "access",
      "whiteSpace" : false
    }, {
      "id" : "s6-t2",
      "begin" : 799,
      "end" : 804,
      "text" : "point",
      "whiteSpace" : false
    }, {
      "id" : "s6-t3",
      "begin" : 805,
      "end" : 807,
      "text" : "is",
      "whiteSpace" : false
    }, {
      "id" : "s6-t4",
      "begin" : 808,
      "end" : 817,
      "text" : "correctly",
      "whiteSpace" : false
    }, {
      "id" : "s6-t5",
      "begin" : 818,
      "end" : 828,
      "text" : "configured",
      "whiteSpace" : false
    }, {
      "id" : "s6-t6",
      "begin" : 828,
      "end" : 829,
      "text" : ".",
      "whiteSpace" : false
    } ]
  }, {
    "id" : "s7",
    "begin" : 830,
    "end" : 981,
    "text" : "I still have enough money on my GoPhone\naccount.Meanwhile, my French SIM card (this is a dual-sim phone) is still\nworking, but over T-Mobile's network.",
    "tokens" : [ {
      "id" : "s7-t0",
      "begin" : 830,
      "end" : 831,
      "text" : "I",
      "whiteSpace" : false
    }, {
      "id" : "s7-t1",
      "begin" : 832,
      "end" : 837,
      "text" : "still",
      "whiteSpace" : false
    }, {
      "id" : "s7-t2",
      "begin" : 838,
      "end" : 842,
      "text" : "have",
      "whiteSpace" : false
    }, {
      "id" : "s7-t3",
      "begin" : 843,
      "end" : 849,
      "text" : "enough",
      "whiteSpace" : false
    }, {
      "id" : "s7-t4",
      "begin" : 850,
      "end" : 855,
      "text" : "money",
      "whiteSpace" : false
    }, {
      "id" : "s7-t5",
      "begin" : 856,
      "end" : 858,
      "text" : "on",
      "whiteSpace" : false
    }, {
      "id" : "s7-t6",
      "begin" : 859,
      "end" : 861,
      "text" : "my",
      "whiteSpace" : false
    }, {
      "id" : "s7-t7",
      "begin" : 862,
      "end" : 869,
      "text" : "GoPhone",
      "whiteSpace" : false
    }, {
      "id" : "s7-t8",
      "begin" : 870,
      "end" : 887,
      "text" : "account.Meanwhile",
      "whiteSpace" : false
    }, {
      "id" : "s7-t9",
      "begin" : 887,
      "end" : 888,
      "text" : ",",
      "whiteSpace" : false
    }, {
      "id" : "s7-t10",
      "begin" : 889,
      "end" : 891,
      "text" : "my",
      "whiteSpace" : false
    }, {
      "id" : "s7-t11",
      "begin" : 892,
      "end" : 898,
      "text" : "French",
      "whiteSpace" : false
    }, {
      "id" : "s7-t12",
      "begin" : 899,
      "end" : 902,
      "text" : "SIM",
      "whiteSpace" : false
    }, {
      "id" : "s7-t13",
      "begin" : 903,
      "end" : 907,
      "text" : "card",
      "whiteSpace" : false
    }, {
      "id" : "s7-t14",
      "begin" : 908,
      "end" : 909,
      "text" : "(",
      "whiteSpace" : false
    }, {
      "id" : "s7-t15",
      "begin" : 909,
      "end" : 913,
      "text" : "this",
      "whiteSpace" : false
    }, {
      "id" : "s7-t16",
      "begin" : 914,
      "end" : 916,
      "text" : "is",
      "whiteSpace" : false
    }, {
      "id" : "s7-t17",
      "begin" : 917,
      "end" : 918,
      "text" : "a",
      "whiteSpace" : false
    }, {
      "id" : "s7-t18",
      "begin" : 919,
      "end" : 923,
      "text" : "dual",
      "whiteSpace" : false
    }, {
      "id" : "s7-t19",
      "begin" : 923,
      "end" : 924,
      "text" : "-",
      "whiteSpace" : false
    }, {
      "id" : "s7-t20",
      "begin" : 924,
      "end" : 927,
      "text" : "sim",
      "whiteSpace" : false
    }, {
      "id" : "s7-t21",
      "begin" : 928,
      "end" : 933,
      "text" : "phone",
      "whiteSpace" : false
    }, {
      "id" : "s7-t22",
      "begin" : 933,
      "end" : 934,
      "text" : ")",
      "whiteSpace" : false
    }, {
      "id" : "s7-t23",
      "begin" : 935,
      "end" : 937,
      "text" : "is",
      "whiteSpace" : false
    }, {
      "id" : "s7-t24",
      "begin" : 938,
      "end" : 943,
      "text" : "still",
      "whiteSpace" : false
    }, {
      "id" : "s7-t25",
      "begin" : 944,
      "end" : 951,
      "text" : "working",
      "whiteSpace" : false
    }, {
      "id" : "s7-t26",
      "begin" : 951,
      "end" : 952,
      "text" : ",",
      "whiteSpace" : false
    }, {
      "id" : "s7-t27",
      "begin" : 953,
      "end" : 956,
      "text" : "but",
      "whiteSpace" : false
    }, {
      "id" : "s7-t28",
      "begin" : 957,
      "end" : 961,
      "text" : "over",
      "whiteSpace" : false
    }, {
      "id" : "s7-t29",
      "begin" : 962,
      "end" : 970,
      "text" : "T-Mobile",
      "whiteSpace" : false
    }, {
      "id" : "s7-t30",
      "begin" : 970,
      "end" : 972,
      "text" : "'s",
      "whiteSpace" : false
    }, {
      "id" : "s7-t31",
      "begin" : 973,
      "end" : 980,
      "text" : "network",
      "whiteSpace" : false
    }, {
      "id" : "s7-t32",
      "begin" : 980,
      "end" : 981,
      "text" : ".",
      "whiteSpace" : false
    } ]
  }, {
    "id" : "s8",
    "begin" : 982,
    "end" : 1197,
    "text" : "I would prefer not to buy a new phone,\nas all the phones the representative showed me are single-SIM models (which I\ndon't want because I need to use both my SIM cards and carrying two phones is\nreally unpractical).",
    "tokens" : [ {
      "id" : "s8-t0",
      "begin" : 982,
      "end" : 983,
      "text" : "I",
      "whiteSpace" : false
    }, {
      "id" : "s8-t1",
      "begin" : 984,
      "end" : 989,
      "text" : "would",
      "whiteSpace" : false
    }, {
      "id" : "s8-t2",
      "begin" : 990,
      "end" : 996,
      "text" : "prefer",
      "whiteSpace" : false
    }, {
      "id" : "s8-t3",
      "begin" : 997,
      "end" : 1000,
      "text" : "not",
      "whiteSpace" : false
    }, {
      "id" : "s8-t4",
      "begin" : 1001,
      "end" : 1003,
      "text" : "to",
      "whiteSpace" : false
    }, {
      "id" : "s8-t5",
      "begin" : 1004,
      "end" : 1007,
      "text" : "buy",
      "whiteSpace" : false
    }, {
      "id" : "s8-t6",
      "begin" : 1008,
      "end" : 1009,
      "text" : "a",
      "whiteSpace" : false
    }, {
      "id" : "s8-t7",
      "begin" : 1010,
      "end" : 1013,
      "text" : "new",
      "whiteSpace" : false
    }, {
      "id" : "s8-t8",
      "begin" : 1014,
      "end" : 1019,
      "text" : "phone",
      "whiteSpace" : false
    }, {
      "id" : "s8-t9",
      "begin" : 1019,
      "end" : 1020,
      "text" : ",",
      "whiteSpace" : false
    }, {
      "id" : "s8-t10",
      "begin" : 1021,
      "end" : 1023,
      "text" : "as",
      "whiteSpace" : false
    }, {
      "id" : "s8-t11",
      "begin" : 1024,
      "end" : 1027,
      "text" : "all",
      "whiteSpace" : false
    }, {
      "id" : "s8-t12",
      "begin" : 1028,
      "end" : 1031,
      "text" : "the",
      "whiteSpace" : false
    }, {
      "id" : "s8-t13",
      "begin" : 1032,
      "end" : 1038,
      "text" : "phones",
      "whiteSpace" : false
    }, {
      "id" : "s8-t14",
      "begin" : 1039,
      "end" : 1042,
      "text" : "the",
      "whiteSpace" : false
    }, {
      "id" : "s8-t15",
      "begin" : 1043,
      "end" : 1057,
      "text" : "representative",
      "whiteSpace" : false
    }, {
      "id" : "s8-t16",
      "begin" : 1058,
      "end" : 1064,
      "text" : "showed",
      "whiteSpace" : false
    }, {
      "id" : "s8-t17",
      "begin" : 1065,
      "end" : 1067,
      "text" : "me",
      "whiteSpace" : false
    }, {
      "id" : "s8-t18",
      "begin" : 1068,
      "end" : 1071,
      "text" : "are",
      "whiteSpace" : false
    }, {
      "id" : "s8-t19",
      "begin" : 1072,
      "end" : 1078,
      "text" : "single",
      "whiteSpace" : false
    }, {
      "id" : "s8-t20",
      "begin" : 1078,
      "end" : 1079,
      "text" : "-",
      "whiteSpace" : false
    }, {
      "id" : "s8-t21",
      "begin" : 1079,
      "end" : 1082,
      "text" : "SIM",
      "whiteSpace" : false
    }, {
      "id" : "s8-t22",
      "begin" : 1083,
      "end" : 1089,
      "text" : "models",
      "whiteSpace" : false
    }, {
      "id" : "s8-t23",
      "begin" : 1090,
      "end" : 1091,
      "text" : "(",
      "whiteSpace" : false
    }, {
      "id" : "s8-t24",
      "begin" : 1091,
      "end" : 1096,
      "text" : "which",
      "whiteSpace" : false
    }, {
      "id" : "s8-t25",
      "begin" : 1097,
      "end" : 1098,
      "text" : "I",
      "whiteSpace" : false
    }, {
      "id" : "s8-t26",
      "begin" : 1099,
      "end" : 1101,
      "text" : "do",
      "whiteSpace" : false
    }, {
      "id" : "s8-t27",
      "begin" : 1101,
      "end" : 1104,
      "text" : "n't",
      "whiteSpace" : false
    }, {
      "id" : "s8-t28",
      "begin" : 1105,
      "end" : 1109,
      "text" : "want",
      "whiteSpace" : false
    }, {
      "id" : "s8-t29",
      "begin" : 1110,
      "end" : 1117,
      "text" : "because",
      "whiteSpace" : false
    }, {
      "id" : "s8-t30",
      "begin" : 1118,
      "end" : 1119,
      "text" : "I",
      "whiteSpace" : false
    }, {
      "id" : "s8-t31",
      "begin" : 1120,
      "end" : 1124,
      "text" : "need",
      "whiteSpace" : false
    }, {
      "id" : "s8-t32",
      "begin" : 1125,
      "end" : 1127,
      "text" : "to",
      "whiteSpace" : false
    }, {
      "id" : "s8-t33",
      "begin" : 1128,
      "end" : 1131,
      "text" : "use",
      "whiteSpace" : false
    }, {
      "id" : "s8-t34",
      "begin" : 1132,
      "end" : 1136,
      "text" : "both",
      "whiteSpace" : false
    }, {
      "id" : "s8-t35",
      "begin" : 1137,
      "end" : 1139,
      "text" : "my",
      "whiteSpace" : false
    }, {
      "id" : "s8-t36",
      "begin" : 1140,
      "end" : 1143,
      "text" : "SIM",
      "whiteSpace" : false
    }, {
      "id" : "s8-t37",
      "begin" : 1144,
      "end" : 1149,
      "text" : "cards",
      "whiteSpace" : false
    }, {
      "id" : "s8-t38",
      "begin" : 1150,
      "end" : 1153,
      "text" : "and",
      "whiteSpace" : false
    }, {
      "id" : "s8-t39",
      "begin" : 1154,
      "end" : 1162,
      "text" : "carrying",
      "whiteSpace" : false
    }, {
      "id" : "s8-t40",
      "begin" : 1163,
      "end" : 1166,
      "text" : "two",
      "whiteSpace" : false
    }, {
      "id" : "s8-t41",
      "begin" : 1167,
      "end" : 1173,
      "text" : "phones",
      "whiteSpace" : false
    }, {
      "id" : "s8-t42",
      "begin" : 1174,
      "end" : 1176,
      "text" : "is",
      "whiteSpace" : false
    }, {
      "id" : "s8-t43",
      "begin" : 1177,
      "end" : 1183,
      "text" : "really",
      "whiteSpace" : false
    }, {
      "id" : "s8-t44",
      "begin" : 1184,
      "end" : 1195,
      "text" : "unpractical",
      "whiteSpace" : false
    }, {
      "id" : "s8-t45",
      "begin" : 1195,
      "end" : 1196,
      "text" : ")",
      "whiteSpace" : false
    }, {
      "id" : "s8-t46",
      "begin" : 1196,
      "end" : 1197,
      "text" : ".",
      "whiteSpace" : false
    } ]
  }, {
    "id" : "s9",
    "begin" : 1198,
    "end" : 1282,
    "text" : "Additionally, the representative couldn't provide me with\na compatibility criterion.",
    "tokens" : [ {
      "id" : "s9-t0",
      "begin" : 1198,
      "end" : 1210,
      "text" : "Additionally",
      "whiteSpace" : false
    }, {
      "id" : "s9-t1",
      "begin" : 1210,
      "end" : 1211,
      "text" : ",",
      "whiteSpace" : false
    }, {
      "id" : "s9-t2",
      "begin" : 1212,
      "end" : 1215,
      "text" : "the",
      "whiteSpace" : false
    }, {
      "id" : "s9-t3",
      "begin" : 1216,
      "end" : 1230,
      "text" : "representative",
      "whiteSpace" : false
    }, {
      "id" : "s9-t4",
      "begin" : 1231,
      "end" : 1236,
      "text" : "could",
      "whiteSpace" : false
    }, {
      "id" : "s9-t5",
      "begin" : 1236,
      "end" : 1239,
      "text" : "n't",
      "whiteSpace" : false
    }, {
      "id" : "s9-t6",
      "begin" : 1240,
      "end" : 1247,
      "text" : "provide",
      "whiteSpace" : false
    }, {
      "id" : "s9-t7",
      "begin" : 1248,
      "end" : 1250,
      "text" : "me",
      "whiteSpace" : false
    }, {
      "id" : "s9-t8",
      "begin" : 1251,
      "end" : 1255,
      "text" : "with",
      "whiteSpace" : false
    }, {
      "id" : "s9-t9",
      "begin" : 1256,
      "end" : 1257,
      "text" : "a",
      "whiteSpace" : false
    }, {
      "id" : "s9-t10",
      "begin" : 1258,
      "end" : 1271,
      "text" : "compatibility",
      "whiteSpace" : false
    }, {
      "id" : "s9-t11",
      "begin" : 1272,
      "end" : 1281,
      "text" : "criterion",
      "whiteSpace" : false
    }, {
      "id" : "s9-t12",
      "begin" : 1281,
      "end" : 1282,
      "text" : ".",
      "whiteSpace" : false
    } ]
  }, {
    "id" : "s10",
    "begin" : 1283,
    "end" : 1385,
    "text" : "Moreover, my phone is almost new... And I did not\nreceive any text warning about compatibility issues.",
    "tokens" : [ {
      "id" : "s10-t0",
      "begin" : 1283,
      "end" : 1291,
      "text" : "Moreover",
      "whiteSpace" : false
    }, {
      "id" : "s10-t1",
      "begin" : 1291,
      "end" : 1292,
      "text" : ",",
      "whiteSpace" : false
    }, {
      "id" : "s10-t2",
      "begin" : 1293,
      "end" : 1295,
      "text" : "my",
      "whiteSpace" : false
    }, {
      "id" : "s10-t3",
      "begin" : 1296,
      "end" : 1301,
      "text" : "phone",
      "whiteSpace" : false
    }, {
      "id" : "s10-t4",
      "begin" : 1302,
      "end" : 1304,
      "text" : "is",
      "whiteSpace" : false
    }, {
      "id" : "s10-t5",
      "begin" : 1305,
      "end" : 1311,
      "text" : "almost",
      "whiteSpace" : false
    }, {
      "id" : "s10-t6",
      "begin" : 1312,
      "end" : 1315,
      "text" : "new",
      "whiteSpace" : false
    }, {
      "id" : "s10-t7",
      "begin" : 1315,
      "end" : 1318,
      "text" : "...",
      "whiteSpace" : false
    }, {
      "id" : "s10-t8",
      "begin" : 1319,
      "end" : 1322,
      "text" : "And",
      "whiteSpace" : false
    }, {
      "id" : "s10-t9",
      "begin" : 1323,
      "end" : 1324,
      "text" : "I",
      "whiteSpace" : false
    }, {
      "id" : "s10-t10",
      "begin" : 1325,
      "end" : 1328,
      "text" : "did",
      "whiteSpace" : false
    }, {
      "id" : "s10-t11",
      "begin" : 1329,
      "end" : 1332,
      "text" : "not",
      "whiteSpace" : false
    }, {
      "id" : "s10-t12",
      "begin" : 1333,
      "end" : 1340,
      "text" : "receive",
      "whiteSpace" : false
    }, {
      "id" : "s10-t13",
      "begin" : 1341,
      "end" : 1344,
      "text" : "any",
      "whiteSpace" : false
    }, {
      "id" : "s10-t14",
      "begin" : 1345,
      "end" : 1349,
      "text" : "text",
      "whiteSpace" : false
    }, {
      "id" : "s10-t15",
      "begin" : 1350,
      "end" : 1357,
      "text" : "warning",
      "whiteSpace" : false
    }, {
      "id" : "s10-t16",
      "begin" : 1358,
      "end" : 1363,
      "text" : "about",
      "whiteSpace" : false
    }, {
      "id" : "s10-t17",
      "begin" : 1364,
      "end" : 1377,
      "text" : "compatibility",
      "whiteSpace" : false
    }, {
      "id" : "s10-t18",
      "begin" : 1378,
      "end" : 1384,
      "text" : "issues",
      "whiteSpace" : false
    }, {
      "id" : "s10-t19",
      "begin" : 1384,
      "end" : 1385,
      "text" : ".",
      "whiteSpace" : false
    } ]
  }, {
    "id" : "s11",
    "begin" : 1385,
    "end" : 1459,
    "text" : "Is it possible that my\nGoPhone account is limited to using the 2G network?",
    "tokens" : [ {
      "id" : "s11-t0",
      "begin" : 1385,
      "end" : 1387,
      "text" : "Is",
      "whiteSpace" : false
    }, {
      "id" : "s11-t1",
      "begin" : 1388,
      "end" : 1390,
      "text" : "it",
      "whiteSpace" : false
    }, {
      "id" : "s11-t2",
      "begin" : 1391,
      "end" : 1399,
      "text" : "possible",
      "whiteSpace" : false
    }, {
      "id" : "s11-t3",
      "begin" : 1400,
      "end" : 1404,
      "text" : "that",
      "whiteSpace" : false
    }, {
      "id" : "s11-t4",
      "begin" : 1405,
      "end" : 1407,
      "text" : "my",
      "whiteSpace" : false
    }, {
      "id" : "s11-t5",
      "begin" : 1408,
      "end" : 1415,
      "text" : "GoPhone",
      "whiteSpace" : false
    }, {
      "id" : "s11-t6",
      "begin" : 1416,
      "end" : 1423,
      "text" : "account",
      "whiteSpace" : false
    }, {
      "id" : "s11-t7",
      "begin" : 1424,
      "end" : 1426,
      "text" : "is",
      "whiteSpace" : false
    }, {
      "id" : "s11-t8",
      "begin" : 1427,
      "end" : 1434,
      "text" : "limited",
      "whiteSpace" : false
    }, {
      "id" : "s11-t9",
      "begin" : 1435,
      "end" : 1437,
      "text" : "to",
      "whiteSpace" : false
    }, {
      "id" : "s11-t10",
      "begin" : 1438,
      "end" : 1443,
      "text" : "using",
      "whiteSpace" : false
    }, {
      "id" : "s11-t11",
      "begin" : 1444,
      "end" : 1447,
      "text" : "the",
      "whiteSpace" : false
    }, {
      "id" : "s11-t12",
      "begin" : 1448,
      "end" : 1450,
      "text" : "2G",
      "whiteSpace" : false
    }, {
      "id" : "s11-t13",
      "begin" : 1451,
      "end" : 1458,
      "text" : "network",
      "whiteSpace" : false
    }, {
      "id" : "s11-t14",
      "begin" : 1458,
      "end" : 1459,
      "text" : "?",
      "whiteSpace" : false
    } ]
  }, {
    "id" : "s12",
    "begin" : 1460,
    "end" : 1528,
    "text" : "Could it be a SIM card\nfailure (maybe due to X-rays at the airport)?",
    "tokens" : [ {
      "id" : "s12-t0",
      "begin" : 1460,
      "end" : 1465,
      "text" : "Could",
      "whiteSpace" : false
    }, {
      "id" : "s12-t1",
      "begin" : 1466,
      "end" : 1468,
      "text" : "it",
      "whiteSpace" : false
    }, {
      "id" : "s12-t2",
      "begin" : 1469,
      "end" : 1471,
      "text" : "be",
      "whiteSpace" : false
    }, {
      "id" : "s12-t3",
      "begin" : 1472,
      "end" : 1473,
      "text" : "a",
      "whiteSpace" : false
    }, {
      "id" : "s12-t4",
      "begin" : 1474,
      "end" : 1477,
      "text" : "SIM",
      "whiteSpace" : false
    }, {
      "id" : "s12-t5",
      "begin" : 1478,
      "end" : 1482,
      "text" : "card",
      "whiteSpace" : false
    }, {
      "id" : "s12-t6",
      "begin" : 1483,
      "end" : 1490,
      "text" : "failure",
      "whiteSpace" : false
    }, {
      "id" : "s12-t7",
      "begin" : 1491,
      "end" : 1492,
      "text" : "(",
      "whiteSpace" : false
    }, {
      "id" : "s12-t8",
      "begin" : 1492,
      "end" : 1497,
      "text" : "maybe",
      "whiteSpace" : false
    }, {
      "id" : "s12-t9",
      "begin" : 1498,
      "end" : 1501,
      "text" : "due",
      "whiteSpace" : false
    }, {
      "id" : "s12-t10",
      "begin" : 1502,
      "end" : 1504,
      "text" : "to",
      "whiteSpace" : false
    }, {
      "id" : "s12-t11",
      "begin" : 1505,
      "end" : 1511,
      "text" : "X-rays",
      "whiteSpace" : false
    }, {
      "id" : "s12-t12",
      "begin" : 1512,
      "end" : 1514,
      "text" : "at",
      "whiteSpace" : false
    }, {
      "id" : "s12-t13",
      "begin" : 1515,
      "end" : 1518,
      "text" : "the",
      "whiteSpace" : false
    }, {
      "id" : "s12-t14",
      "begin" : 1519,
      "end" : 1526,
      "text" : "airport",
      "whiteSpace" : false
    }, {
      "id" : "s12-t15",
      "begin" : 1526,
      "end" : 1527,
      "text" : ")",
      "whiteSpace" : false
    }, {
      "id" : "s12-t16",
      "begin" : 1527,
      "end" : 1528,
      "text" : "?",
      "whiteSpace" : false
    } ]
  }, {
    "id" : "s13",
    "begin" : 1529,
    "end" : 1548,
    "text" : "A software problem?",
    "tokens" : [ {
      "id" : "s13-t0",
      "begin" : 1529,
      "end" : 1530,
      "text" : "A",
      "whiteSpace" : false
    }, {
      "id" : "s13-t1",
      "begin" : 1531,
      "end" : 1539,
      "text" : "software",
      "whiteSpace" : false
    }, {
      "id" : "s13-t2",
      "begin" : 1540,
      "end" : 1547,
      "text" : "problem",
      "whiteSpace" : false
    }, {
      "id" : "s13-t3",
      "begin" : 1547,
      "end" : 1548,
      "text" : "?",
      "whiteSpace" : false
    } ]
  }, {
    "id" : "s14",
    "begin" : 1548,
    "end" : 1622,
    "text" : "Any help\nwould be greatly appreciated as I really need my US phone number!",
    "tokens" : [ {
      "id" : "s14-t0",
      "begin" : 1548,
      "end" : 1551,
      "text" : "Any",
      "whiteSpace" : false
    }, {
      "id" : "s14-t1",
      "begin" : 1552,
      "end" : 1556,
      "text" : "help",
      "whiteSpace" : false
    }, {
      "id" : "s14-t2",
      "begin" : 1557,
      "end" : 1562,
      "text" : "would",
      "whiteSpace" : false
    }, {
      "id" : "s14-t3",
      "begin" : 1563,
      "end" : 1565,
      "text" : "be",
      "whiteSpace" : false
    }, {
      "id" : "s14-t4",
      "begin" : 1566,
      "end" : 1573,
      "text" : "greatly",
      "whiteSpace" : false
    }, {
      "id" : "s14-t5",
      "begin" : 1574,
      "end" : 1585,
      "text" : "appreciated",
      "whiteSpace" : false
    }, {
      "id" : "s14-t6",
      "begin" : 1586,
      "end" : 1588,
      "text" : "as",
      "whiteSpace" : false
    }, {
      "id" : "s14-t7",
      "begin" : 1589,
      "end" : 1590,
      "text" : "I",
      "whiteSpace" : false
    }, {
      "id" : "s14-t8",
      "begin" : 1591,
      "end" : 1597,
      "text" : "really",
      "whiteSpace" : false
    }, {
      "id" : "s14-t9",
      "begin" : 1598,
      "end" : 1602,
      "text" : "need",
      "whiteSpace" : false
    }, {
      "id" : "s14-t10",
      "begin" : 1603,
      "end" : 1605,
      "text" : "my",
      "whiteSpace" : false
    }, {
      "id" : "s14-t11",
      "begin" : 1606,
      "end" : 1608,
      "text" : "US",
      "whiteSpace" : false
    }, {
      "id" : "s14-t12",
      "begin" : 1609,
      "end" : 1614,
      "text" : "phone",
      "whiteSpace" : false
    }, {
      "id" : "s14-t13",
      "begin" : 1615,
      "end" : 1621,
      "text" : "number",
      "whiteSpace" : false
    }, {
      "id" : "s14-t14",
      "begin" : 1621,
      "end" : 1622,
      "text" : "!",
      "whiteSpace" : false
    } ]
  }, {
    "id" : "s15",
    "begin" : 1623,
    "end" : 1750,
    "text" : "By the way,\nI saw on my online account that I received a text message yesterday; is there\na way to retrieve it without service?",
    "tokens" : [ {
      "id" : "s15-t0",
      "begin" : 1623,
      "end" : 1625,
      "text" : "By",
      "whiteSpace" : false
    }, {
      "id" : "s15-t1",
      "begin" : 1626,
      "end" : 1629,
      "text" : "the",
      "whiteSpace" : false
    }, {
      "id" : "s15-t2",
      "begin" : 1630,
      "end" : 1633,
      "text" : "way",
      "whiteSpace" : false
    }, {
      "id" : "s15-t3",
      "begin" : 1633,
      "end" : 1634,
      "text" : ",",
      "whiteSpace" : false
    }, {
      "id" : "s15-t4",
      "begin" : 1635,
      "end" : 1636,
      "text" : "I",
      "whiteSpace" : false
    }, {
      "id" : "s15-t5",
      "begin" : 1637,
      "end" : 1640,
      "text" : "saw",
      "whiteSpace" : false
    }, {
      "id" : "s15-t6",
      "begin" : 1641,
      "end" : 1643,
      "text" : "on",
      "whiteSpace" : false
    }, {
      "id" : "s15-t7",
      "begin" : 1644,
      "end" : 1646,
      "text" : "my",
      "whiteSpace" : false
    }, {
      "id" : "s15-t8",
      "begin" : 1647,
      "end" : 1653,
      "text" : "online",
      "whiteSpace" : false
    }, {
      "id" : "s15-t9",
      "begin" : 1654,
      "end" : 1661,
      "text" : "account",
      "whiteSpace" : false
    }, {
      "id" : "s15-t10",
      "begin" : 1662,
      "end" : 1666,
      "text" : "that",
      "whiteSpace" : false
    }, {
      "id" : "s15-t11",
      "begin" : 1667,
      "end" : 1668,
      "text" : "I",
      "whiteSpace" : false
    }, {
      "id" : "s15-t12",
      "begin" : 1669,
      "end" : 1677,
      "text" : "received",
      "whiteSpace" : false
    }, {
      "id" : "s15-t13",
      "begin" : 1678,
      "end" : 1679,
      "text" : "a",
      "whiteSpace" : false
    }, {
      "id" : "s15-t14",
      "begin" : 1680,
      "end" : 1684,
      "text" : "text",
      "whiteSpace" : false
    }, {
      "id" : "s15-t15",
      "begin" : 1685,
      "end" : 1692,
      "text" : "message",
      "whiteSpace" : false
    }, {
      "id" : "s15-t16",
      "begin" : 1693,
      "end" : 1702,
      "text" : "yesterday",
      "whiteSpace" : false
    }, {
      "id" : "s15-t17",
      "begin" : 1702,
      "end" : 1703,
      "text" : ";",
      "whiteSpace" : false
    }, {
      "id" : "s15-t18",
      "begin" : 1704,
      "end" : 1706,
      "text" : "is",
      "whiteSpace" : false
    }, {
      "id" : "s15-t19",
      "begin" : 1707,
      "end" : 1712,
      "text" : "there",
      "whiteSpace" : false
    }, {
      "id" : "s15-t20",
      "begin" : 1713,
      "end" : 1714,
      "text" : "a",
      "whiteSpace" : false
    }, {
      "id" : "s15-t21",
      "begin" : 1715,
      "end" : 1718,
      "text" : "way",
      "whiteSpace" : false
    }, {
      "id" : "s15-t22",
      "begin" : 1719,
      "end" : 1721,
      "text" : "to",
      "whiteSpace" : false
    }, {
      "id" : "s15-t23",
      "begin" : 1722,
      "end" : 1730,
      "text" : "retrieve",
      "whiteSpace" : false
    }, {
      "id" : "s15-t24",
      "begin" : 1731,
      "end" : 1733,
      "text" : "it",
      "whiteSpace" : false
    }, {
      "id" : "s15-t25",
      "begin" : 1734,
      "end" : 1741,
      "text" : "without",
      "whiteSpace" : false
    }, {
      "id" : "s15-t26",
      "begin" : 1742,
      "end" : 1749,
      "text" : "service",
      "whiteSpace" : false
    }, {
      "id" : "s15-t27",
      "begin" : 1749,
      "end" : 1750,
      "text" : "?",
      "whiteSpace" : false
    } ]
  } ],
  "mentions" : [ {
    "id" : "s0-m2",
    "properties" : {
      "SIRE_MENTION_ROLE" : "Voice_Text",
      "SIRE_ENTITY_SUBTYPE" : "NONE",
      "SIRE_MENTION_TYPE" : "NONE",
      "SIRE_MENTION_CLASS" : "SPC"
    },
    "type" : "Voice_Text",
    "begin" : 8,
    "end" : 15,
    "inCoref" : false
  }, {
    "id" : "s0-m1",
    "properties" : {
      "SIRE_MENTION_ROLE" : "Internet_Connectivity",
      "SIRE_ENTITY_SUBTYPE" : "NONE",
      "SIRE_MENTION_TYPE" : "NONE",
      "SIRE_MENTION_CLASS" : "SPC"
    },
    "type" : "Internet_Connectivity",
    "begin" : 23,
    "end" : 25,
    "inCoref" : false
  }, {
    "id" : "cm2",
    "properties" : {
      "SIRE_MENTION_ROLE" : "Product",
      "SIRE_ENTITY_SUBTYPE" : "NONE",
      "SIRE_MENTION_TYPE" : "NONE",
      "SIRE_MENTION_CLASS" : "SPC"
    },
    "type" : "Product",
    "begin" : 71,
    "end" : 78,
    "inCoref" : false
  }, {
    "id" : "cm6",
    "properties" : {
      "SIRE_MENTION_ROLE" : "Product",
      "SIRE_ENTITY_SUBTYPE" : "NONE",
      "SIRE_MENTION_TYPE" : "NONE",
      "SIRE_MENTION_CLASS" : "SPC"
    },
    "type" : "Product",
    "begin" : 79,
    "end" : 87,
    "inCoref" : false
  }, {
    "id" : "s1-m2",
    "properties" : {
      "SIRE_MENTION_ROLE" : "Product",
      "SIRE_ENTITY_SUBTYPE" : "NONE",
      "SIRE_MENTION_TYPE" : "NONE",
      "SIRE_MENTION_CLASS" : "SPC"
    },
    "type" : "Product",
    "begin" : 96,
    "end" : 110,
    "inCoref" : false
  }, {
    "id" : "cm3",
    "properties" : {
      "SIRE_MENTION_ROLE" : "Product",
      "SIRE_ENTITY_SUBTYPE" : "NONE",
      "SIRE_MENTION_TYPE" : "NONE",
      "SIRE_MENTION_CLASS" : "SPC"
    },
    "type" : "Product",
    "begin" : 287,
    "end" : 295,
    "inCoref" : false
  }, {
    "id" : "s3-m2",
    "properties" : {
      "SIRE_MENTION_ROLE" : "Voice_Text",
      "SIRE_ENTITY_SUBTYPE" : "NONE",
      "SIRE_MENTION_TYPE" : "NONE",
      "SIRE_MENTION_CLASS" : "SPC"
    },
    "type" : "Voice_Text",
    "begin" : 396,
    "end" : 403,
    "inCoref" : false
  }, {
    "id" : "s3-m3",
    "properties" : {
      "SIRE_MENTION_ROLE" : "Voice_Text",
      "SIRE_ENTITY_SUBTYPE" : "NONE",
      "SIRE_MENTION_TYPE" : "NONE",
      "SIRE_MENTION_CLASS" : "SPC"
    },
    "type" : "Voice_Text",
    "begin" : 438,
    "end" : 445,
    "inCoref" : false
  }, {
    "id" : "cm11",
    "properties" : {
      "SIRE_MENTION_ROLE" : "Service_Provider",
      "SIRE_ENTITY_SUBTYPE" : "NONE",
      "SIRE_MENTION_TYPE" : "NONE",
      "SIRE_MENTION_CLASS" : "SPC"
    },
    "type" : "Service_Provider",
    "begin" : 497,
    "end" : 505,
    "inCoref" : false
  }, {
    "id" : "s4-m4",
    "properties" : {
      "SIRE_MENTION_ROLE" : "Internet_Connectivity",
      "SIRE_ENTITY_SUBTYPE" : "NONE",
      "SIRE_MENTION_TYPE" : "NONE",
      "SIRE_MENTION_CLASS" : "SPC"
    },
    "type" : "Internet_Connectivity",
    "begin" : 565,
    "end" : 567,
    "inCoref" : false
  }, {
    "id" : "cm7",
    "properties" : {
      "SIRE_MENTION_ROLE" : "Product",
      "SIRE_ENTITY_SUBTYPE" : "NONE",
      "SIRE_MENTION_TYPE" : "NONE",
      "SIRE_MENTION_CLASS" : "SPC"
    },
    "type" : "Product",
    "begin" : 619,
    "end" : 627,
    "inCoref" : false
  }, {
    "id" : "s4-m5",
    "properties" : {
      "SIRE_MENTION_ROLE" : "Internet_Connectivity",
      "SIRE_ENTITY_SUBTYPE" : "NONE",
      "SIRE_MENTION_TYPE" : "NONE",
      "SIRE_MENTION_CLASS" : "SPC"
    },
    "type" : "Internet_Connectivity",
    "begin" : 661,
    "end" : 663,
    "inCoref" : false
  }, {
    "id" : "cm12",
    "properties" : {
      "SIRE_MENTION_ROLE" : "Service_Provider",
      "SIRE_ENTITY_SUBTYPE" : "NONE",
      "SIRE_MENTION_TYPE" : "NONE",
      "SIRE_MENTION_CLASS" : "SPC"
    },
    "type" : "Service_Provider",
    "begin" : 735,
    "end" : 743,
    "inCoref" : false
  }, {
    "id" : "cm4",
    "properties" : {
      "SIRE_MENTION_ROLE" : "Product",
      "SIRE_ENTITY_SUBTYPE" : "NONE",
      "SIRE_MENTION_TYPE" : "NONE",
      "SIRE_MENTION_CLASS" : "SPC"
    },
    "type" : "Product",
    "begin" : 862,
    "end" : 869,
    "inCoref" : false
  }, {
    "id" : "cm8",
    "properties" : {
      "SIRE_MENTION_ROLE" : "Product",
      "SIRE_ENTITY_SUBTYPE" : "NONE",
      "SIRE_MENTION_TYPE" : "NONE",
      "SIRE_MENTION_CLASS" : "SPC"
    },
    "type" : "Product",
    "begin" : 899,
    "end" : 907,
    "inCoref" : false
  }, {
    "id" : "s7-m4",
    "properties" : {
      "SIRE_MENTION_ROLE" : "Internet_Connectivity",
      "SIRE_ENTITY_SUBTYPE" : "NONE",
      "SIRE_MENTION_TYPE" : "NONE",
      "SIRE_MENTION_CLASS" : "SPC"
    },
    "type" : "Internet_Connectivity",
    "begin" : 919,
    "end" : 927,
    "inCoref" : false
  }, {
    "id" : "cm1",
    "properties" : {
      "SIRE_MENTION_ROLE" : "Service_Provider",
      "SIRE_ENTITY_SUBTYPE" : "NONE",
      "SIRE_MENTION_TYPE" : "NONE",
      "SIRE_MENTION_CLASS" : "SPC"
    },
    "type" : "Service_Provider",
    "begin" : 962,
    "end" : 970,
    "inCoref" : false
  }, {
    "id" : "s7-m5",
    "properties" : {
      "SIRE_MENTION_ROLE" : "Voice_Text",
      "SIRE_ENTITY_SUBTYPE" : "NONE",
      "SIRE_MENTION_TYPE" : "NONE",
      "SIRE_MENTION_CLASS" : "SPC"
    },
    "type" : "Voice_Text",
    "begin" : 973,
    "end" : 980,
    "inCoref" : false
  }, {
    "id" : "s8-m2",
    "properties" : {
      "SIRE_MENTION_ROLE" : "Product",
      "SIRE_ENTITY_SUBTYPE" : "NONE",
      "SIRE_MENTION_TYPE" : "NONE",
      "SIRE_MENTION_CLASS" : "SPC"
    },
    "type" : "Product",
    "begin" : 1079,
    "end" : 1082,
    "inCoref" : false
  }, {
    "id" : "cm9",
    "properties" : {
      "SIRE_MENTION_ROLE" : "Product",
      "SIRE_ENTITY_SUBTYPE" : "NONE",
      "SIRE_MENTION_TYPE" : "NONE",
      "SIRE_MENTION_CLASS" : "SPC"
    },
    "type" : "Product",
    "begin" : 1140,
    "end" : 1149,
    "inCoref" : false
  }, {
    "id" : "cm5",
    "properties" : {
      "SIRE_MENTION_ROLE" : "Product",
      "SIRE_ENTITY_SUBTYPE" : "NONE",
      "SIRE_MENTION_TYPE" : "NONE",
      "SIRE_MENTION_CLASS" : "SPC"
    },
    "type" : "Product",
    "begin" : 1408,
    "end" : 1415,
    "inCoref" : false
  }, {
    "id" : "s11-m2",
    "properties" : {
      "SIRE_MENTION_ROLE" : "Internet_Connectivity",
      "SIRE_ENTITY_SUBTYPE" : "NONE",
      "SIRE_MENTION_TYPE" : "NONE",
      "SIRE_MENTION_CLASS" : "SPC"
    },
    "type" : "Internet_Connectivity",
    "begin" : 1448,
    "end" : 1450,
    "inCoref" : false
  }, {
    "id" : "cm10",
    "properties" : {
      "SIRE_MENTION_ROLE" : "Product",
      "SIRE_ENTITY_SUBTYPE" : "NONE",
      "SIRE_MENTION_TYPE" : "NONE",
      "SIRE_MENTION_CLASS" : "SPC"
    },
    "type" : "Product",
    "begin" : 1474,
    "end" : 1482,
    "inCoref" : false
  }, {
    "id" : "s15-m1",
    "properties" : {
      "SIRE_MENTION_ROLE" : "Voice_Text",
      "SIRE_ENTITY_SUBTYPE" : "NONE",
      "SIRE_MENTION_TYPE" : "NONE",
      "SIRE_MENTION_CLASS" : "SPC"
    },
    "type" : "Voice_Text",
    "begin" : 1680,
    "end" : 1692,
    "inCoref" : false
  } ],
  "relations" : [ ],
  "corefs" : [ ],
  "typeResolved" : true,
  "userResolved" : false
}