{
  "id" : "a3227990-feda-11e6-ab2e-b90886057030-9",
  "name" : "1067c69d8113357543b74e3cae154958.txt",
  "version" : 3,
  "text" : "No cell service for months now\n\nI am sick and tired of not being able to use my cell phone at home. I can not\nmake out going calls. I cannot receive calls. I am seriously thinking of going\nto another carrier and breaking my contract with AT&amp;T;\n\n",
  "docLength" : 0,
  "language" : "EN",
  "status" : "READY",
  "modifiedDate" : 1488750205302,
  "documentSet" : [ ],
  "preannotation" : [ "PRE_LW" ],
  "sentences" : [ {
    "id" : "s0",
    "begin" : 0,
    "end" : 30,
    "text" : "No cell service for months now",
    "tokens" : [ {
      "id" : "s0-t0",
      "begin" : 0,
      "end" : 2,
      "text" : "No",
      "whiteSpace" : false
    }, {
      "id" : "s0-t1",
      "begin" : 3,
      "end" : 7,
      "text" : "cell",
      "whiteSpace" : false
    }, {
      "id" : "s0-t2",
      "begin" : 8,
      "end" : 15,
      "text" : "service",
      "whiteSpace" : false
    }, {
      "id" : "s0-t3",
      "begin" : 16,
      "end" : 19,
      "text" : "for",
      "whiteSpace" : false
    }, {
      "id" : "s0-t4",
      "begin" : 20,
      "end" : 26,
      "text" : "months",
      "whiteSpace" : false
    }, {
      "id" : "s0-t5",
      "begin" : 27,
      "end" : 30,
      "text" : "now",
      "whiteSpace" : false
    } ]
  }, {
    "id" : "s1",
    "begin" : 32,
    "end" : 99,
    "text" : "I am sick and tired of not being able to use my cell phone at home.",
    "tokens" : [ {
      "id" : "s1-t0",
      "begin" : 32,
      "end" : 33,
      "text" : "I",
      "whiteSpace" : false
    }, {
      "id" : "s1-t1",
      "begin" : 34,
      "end" : 36,
      "text" : "am",
      "whiteSpace" : false
    }, {
      "id" : "s1-t2",
      "begin" : 37,
      "end" : 41,
      "text" : "sick",
      "whiteSpace" : false
    }, {
      "id" : "s1-t3",
      "begin" : 42,
      "end" : 45,
      "text" : "and",
      "whiteSpace" : false
    }, {
      "id" : "s1-t4",
      "begin" : 46,
      "end" : 51,
      "text" : "tired",
      "whiteSpace" : false
    }, {
      "id" : "s1-t5",
      "begin" : 52,
      "end" : 54,
      "text" : "of",
      "whiteSpace" : false
    }, {
      "id" : "s1-t6",
      "begin" : 55,
      "end" : 58,
      "text" : "not",
      "whiteSpace" : false
    }, {
      "id" : "s1-t7",
      "begin" : 59,
      "end" : 64,
      "text" : "being",
      "whiteSpace" : false
    }, {
      "id" : "s1-t8",
      "begin" : 65,
      "end" : 69,
      "text" : "able",
      "whiteSpace" : false
    }, {
      "id" : "s1-t9",
      "begin" : 70,
      "end" : 72,
      "text" : "to",
      "whiteSpace" : false
    }, {
      "id" : "s1-t10",
      "begin" : 73,
      "end" : 76,
      "text" : "use",
      "whiteSpace" : false
    }, {
      "id" : "s1-t11",
      "begin" : 77,
      "end" : 79,
      "text" : "my",
      "whiteSpace" : false
    }, {
      "id" : "s1-t12",
      "begin" : 80,
      "end" : 84,
      "text" : "cell",
      "whiteSpace" : false
    }, {
      "id" : "s1-t13",
      "begin" : 85,
      "end" : 90,
      "text" : "phone",
      "whiteSpace" : false
    }, {
      "id" : "s1-t14",
      "begin" : 91,
      "end" : 93,
      "text" : "at",
      "whiteSpace" : false
    }, {
      "id" : "s1-t15",
      "begin" : 94,
      "end" : 98,
      "text" : "home",
      "whiteSpace" : false
    }, {
      "id" : "s1-t16",
      "begin" : 98,
      "end" : 99,
      "text" : ".",
      "whiteSpace" : false
    } ]
  }, {
    "id" : "s2",
    "begin" : 100,
    "end" : 131,
    "text" : "I can not\nmake out going calls.",
    "tokens" : [ {
      "id" : "s2-t0",
      "begin" : 100,
      "end" : 101,
      "text" : "I",
      "whiteSpace" : false
    }, {
      "id" : "s2-t1",
      "begin" : 102,
      "end" : 105,
      "text" : "can",
      "whiteSpace" : false
    }, {
      "id" : "s2-t2",
      "begin" : 106,
      "end" : 109,
      "text" : "not",
      "whiteSpace" : false
    }, {
      "id" : "s2-t3",
      "begin" : 110,
      "end" : 114,
      "text" : "make",
      "whiteSpace" : false
    }, {
      "id" : "s2-t4",
      "begin" : 115,
      "end" : 118,
      "text" : "out",
      "whiteSpace" : false
    }, {
      "id" : "s2-t5",
      "begin" : 119,
      "end" : 124,
      "text" : "going",
      "whiteSpace" : false
    }, {
      "id" : "s2-t6",
      "begin" : 125,
      "end" : 130,
      "text" : "calls",
      "whiteSpace" : false
    }, {
      "id" : "s2-t7",
      "begin" : 130,
      "end" : 131,
      "text" : ".",
      "whiteSpace" : false
    } ]
  }, {
    "id" : "s3",
    "begin" : 132,
    "end" : 155,
    "text" : "I cannot receive calls.",
    "tokens" : [ {
      "id" : "s3-t0",
      "begin" : 132,
      "end" : 133,
      "text" : "I",
      "whiteSpace" : false
    }, {
      "id" : "s3-t1",
      "begin" : 134,
      "end" : 140,
      "text" : "cannot",
      "whiteSpace" : false
    }, {
      "id" : "s3-t2",
      "begin" : 141,
      "end" : 148,
      "text" : "receive",
      "whiteSpace" : false
    }, {
      "id" : "s3-t3",
      "begin" : 149,
      "end" : 154,
      "text" : "calls",
      "whiteSpace" : false
    }, {
      "id" : "s3-t4",
      "begin" : 154,
      "end" : 155,
      "text" : ".",
      "whiteSpace" : false
    } ]
  }, {
    "id" : "s4",
    "begin" : 156,
    "end" : 247,
    "text" : "I am seriously thinking of going\nto another carrier and breaking my contract with AT&amp;T;",
    "tokens" : [ {
      "id" : "s4-t0",
      "begin" : 156,
      "end" : 157,
      "text" : "I",
      "whiteSpace" : false
    }, {
      "id" : "s4-t1",
      "begin" : 158,
      "end" : 160,
      "text" : "am",
      "whiteSpace" : false
    }, {
      "id" : "s4-t2",
      "begin" : 161,
      "end" : 170,
      "text" : "seriously",
      "whiteSpace" : false
    }, {
      "id" : "s4-t3",
      "begin" : 171,
      "end" : 179,
      "text" : "thinking",
      "whiteSpace" : false
    }, {
      "id" : "s4-t4",
      "begin" : 180,
      "end" : 182,
      "text" : "of",
      "whiteSpace" : false
    }, {
      "id" : "s4-t5",
      "begin" : 183,
      "end" : 188,
      "text" : "going",
      "whiteSpace" : false
    }, {
      "id" : "s4-t6",
      "begin" : 189,
      "end" : 191,
      "text" : "to",
      "whiteSpace" : false
    }, {
      "id" : "s4-t7",
      "begin" : 192,
      "end" : 199,
      "text" : "another",
      "whiteSpace" : false
    }, {
      "id" : "s4-t8",
      "begin" : 200,
      "end" : 207,
      "text" : "carrier",
      "whiteSpace" : false
    }, {
      "id" : "s4-t9",
      "begin" : 208,
      "end" : 211,
      "text" : "and",
      "whiteSpace" : false
    }, {
      "id" : "s4-t10",
      "begin" : 212,
      "end" : 220,
      "text" : "breaking",
      "whiteSpace" : false
    }, {
      "id" : "s4-t11",
      "begin" : 221,
      "end" : 223,
      "text" : "my",
      "whiteSpace" : false
    }, {
      "id" : "s4-t12",
      "begin" : 224,
      "end" : 232,
      "text" : "contract",
      "whiteSpace" : false
    }, {
      "id" : "s4-t13",
      "begin" : 233,
      "end" : 237,
      "text" : "with",
      "whiteSpace" : false
    }, {
      "id" : "s4-t14",
      "begin" : 238,
      "end" : 240,
      "text" : "AT",
      "whiteSpace" : false
    }, {
      "id" : "s4-t15",
      "begin" : 240,
      "end" : 245,
      "text" : "&amp;",
      "whiteSpace" : false
    }, {
      "id" : "s4-t16",
      "begin" : 245,
      "end" : 247,
      "text" : "T;",
      "whiteSpace" : false
    } ]
  } ],
  "mentions" : [ {
    "id" : "s0-m1",
    "properties" : {
      "SIRE_MENTION_ROLE" : "Voice_Text",
      "SIRE_ENTITY_SUBTYPE" : "NONE",
      "SIRE_MENTION_TYPE" : "NONE",
      "SIRE_MENTION_CLASS" : "SPC"
    },
    "type" : "Voice_Text",
    "begin" : 3,
    "end" : 15,
    "inCoref" : false
  }, {
    "id" : "s2-m1",
    "properties" : {
      "SIRE_MENTION_ROLE" : "Voice_Text",
      "SIRE_ENTITY_SUBTYPE" : "NONE",
      "SIRE_MENTION_TYPE" : "NONE",
      "SIRE_MENTION_CLASS" : "SPC"
    },
    "type" : "Voice_Text",
    "begin" : 125,
    "end" : 130,
    "inCoref" : false
  }, {
    "id" : "s3-m1",
    "properties" : {
      "SIRE_MENTION_ROLE" : "Voice_Text",
      "SIRE_ENTITY_SUBTYPE" : "NONE",
      "SIRE_MENTION_TYPE" : "NONE",
      "SIRE_MENTION_CLASS" : "SPC"
    },
    "type" : "Voice_Text",
    "begin" : 149,
    "end" : 154,
    "inCoref" : false
  }, {
    "id" : "cm1",
    "properties" : {
      "SIRE_MENTION_ROLE" : "Service_Provider",
      "SIRE_ENTITY_SUBTYPE" : "NONE",
      "SIRE_MENTION_TYPE" : "NONE",
      "SIRE_MENTION_CLASS" : "SPC"
    },
    "type" : "Service_Provider",
    "begin" : 238,
    "end" : 246,
    "inCoref" : false
  } ],
  "relations" : [ ],
  "corefs" : [ ],
  "typeResolved" : true,
  "userResolved" : false
}