{
  "id" : "a3227990-feda-11e6-ab2e-b90886057030-2",
  "name" : "085bbb5674bc966ca03ebff165b4bf4f.txt",
  "version" : 3,
  "text" : "Access To AT&amp;T; Wi-Fi Hotspot Network\n\nI don't have a data mobile plan. I use my home Wi-Fi for Internet access. My\ncurrent plan includes free AT&amp;T; access to Wi-Fi Hotspots. So my question\nis when I'm away from my home, and my device scans for a Wi-Fi network. What\nwill be the name of the of the AT&amp;T; Hotspot? And will there be a password\nto access? Thank you.Solved!Go to Solution.\n\n",
  "docLength" : 0,
  "language" : "EN",
  "status" : "READY",
  "modifiedDate" : 1488750233714,
  "documentSet" : [ ],
  "preannotation" : [ "PRE_LW" ],
  "sentences" : [ {
    "id" : "s0",
    "begin" : 0,
    "end" : 41,
    "text" : "Access To AT&amp;T; Wi-Fi Hotspot Network",
    "tokens" : [ {
      "id" : "s0-t0",
      "begin" : 0,
      "end" : 6,
      "text" : "Access",
      "whiteSpace" : false
    }, {
      "id" : "s0-t1",
      "begin" : 7,
      "end" : 9,
      "text" : "To",
      "whiteSpace" : false
    }, {
      "id" : "s0-t2",
      "begin" : 10,
      "end" : 12,
      "text" : "AT",
      "whiteSpace" : false
    }, {
      "id" : "s0-t3",
      "begin" : 12,
      "end" : 17,
      "text" : "&amp;",
      "whiteSpace" : false
    }, {
      "id" : "s0-t4",
      "begin" : 17,
      "end" : 19,
      "text" : "T;",
      "whiteSpace" : false
    }, {
      "id" : "s0-t5",
      "begin" : 20,
      "end" : 25,
      "text" : "Wi-Fi",
      "whiteSpace" : false
    }, {
      "id" : "s0-t6",
      "begin" : 26,
      "end" : 33,
      "text" : "Hotspot",
      "whiteSpace" : false
    }, {
      "id" : "s0-t7",
      "begin" : 34,
      "end" : 41,
      "text" : "Network",
      "whiteSpace" : false
    } ]
  }, {
    "id" : "s1",
    "begin" : 43,
    "end" : 75,
    "text" : "I don't have a data mobile plan.",
    "tokens" : [ {
      "id" : "s1-t0",
      "begin" : 43,
      "end" : 44,
      "text" : "I",
      "whiteSpace" : false
    }, {
      "id" : "s1-t1",
      "begin" : 45,
      "end" : 47,
      "text" : "do",
      "whiteSpace" : false
    }, {
      "id" : "s1-t2",
      "begin" : 47,
      "end" : 50,
      "text" : "n't",
      "whiteSpace" : false
    }, {
      "id" : "s1-t3",
      "begin" : 51,
      "end" : 55,
      "text" : "have",
      "whiteSpace" : false
    }, {
      "id" : "s1-t4",
      "begin" : 56,
      "end" : 57,
      "text" : "a",
      "whiteSpace" : false
    }, {
      "id" : "s1-t5",
      "begin" : 58,
      "end" : 62,
      "text" : "data",
      "whiteSpace" : false
    }, {
      "id" : "s1-t6",
      "begin" : 63,
      "end" : 69,
      "text" : "mobile",
      "whiteSpace" : false
    }, {
      "id" : "s1-t7",
      "begin" : 70,
      "end" : 74,
      "text" : "plan",
      "whiteSpace" : false
    }, {
      "id" : "s1-t8",
      "begin" : 74,
      "end" : 75,
      "text" : ".",
      "whiteSpace" : false
    } ]
  }, {
    "id" : "s2",
    "begin" : 76,
    "end" : 116,
    "text" : "I use my home Wi-Fi for Internet access.",
    "tokens" : [ {
      "id" : "s2-t0",
      "begin" : 76,
      "end" : 77,
      "text" : "I",
      "whiteSpace" : false
    }, {
      "id" : "s2-t1",
      "begin" : 78,
      "end" : 81,
      "text" : "use",
      "whiteSpace" : false
    }, {
      "id" : "s2-t2",
      "begin" : 82,
      "end" : 84,
      "text" : "my",
      "whiteSpace" : false
    }, {
      "id" : "s2-t3",
      "begin" : 85,
      "end" : 89,
      "text" : "home",
      "whiteSpace" : false
    }, {
      "id" : "s2-t4",
      "begin" : 90,
      "end" : 95,
      "text" : "Wi-Fi",
      "whiteSpace" : false
    }, {
      "id" : "s2-t5",
      "begin" : 96,
      "end" : 99,
      "text" : "for",
      "whiteSpace" : false
    }, {
      "id" : "s2-t6",
      "begin" : 100,
      "end" : 108,
      "text" : "Internet",
      "whiteSpace" : false
    }, {
      "id" : "s2-t7",
      "begin" : 109,
      "end" : 115,
      "text" : "access",
      "whiteSpace" : false
    }, {
      "id" : "s2-t8",
      "begin" : 115,
      "end" : 116,
      "text" : ".",
      "whiteSpace" : false
    } ]
  }, {
    "id" : "s3",
    "begin" : 117,
    "end" : 182,
    "text" : "My\ncurrent plan includes free AT&amp;T; access to Wi-Fi Hotspots.",
    "tokens" : [ {
      "id" : "s3-t0",
      "begin" : 117,
      "end" : 119,
      "text" : "My",
      "whiteSpace" : false
    }, {
      "id" : "s3-t1",
      "begin" : 120,
      "end" : 127,
      "text" : "current",
      "whiteSpace" : false
    }, {
      "id" : "s3-t2",
      "begin" : 128,
      "end" : 132,
      "text" : "plan",
      "whiteSpace" : false
    }, {
      "id" : "s3-t3",
      "begin" : 133,
      "end" : 141,
      "text" : "includes",
      "whiteSpace" : false
    }, {
      "id" : "s3-t4",
      "begin" : 142,
      "end" : 146,
      "text" : "free",
      "whiteSpace" : false
    }, {
      "id" : "s3-t5",
      "begin" : 147,
      "end" : 149,
      "text" : "AT",
      "whiteSpace" : false
    }, {
      "id" : "s3-t6",
      "begin" : 149,
      "end" : 154,
      "text" : "&amp;",
      "whiteSpace" : false
    }, {
      "id" : "s3-t7",
      "begin" : 154,
      "end" : 156,
      "text" : "T;",
      "whiteSpace" : false
    }, {
      "id" : "s3-t8",
      "begin" : 157,
      "end" : 163,
      "text" : "access",
      "whiteSpace" : false
    }, {
      "id" : "s3-t9",
      "begin" : 164,
      "end" : 166,
      "text" : "to",
      "whiteSpace" : false
    }, {
      "id" : "s3-t10",
      "begin" : 167,
      "end" : 172,
      "text" : "Wi-Fi",
      "whiteSpace" : false
    }, {
      "id" : "s3-t11",
      "begin" : 173,
      "end" : 181,
      "text" : "Hotspots",
      "whiteSpace" : false
    }, {
      "id" : "s3-t12",
      "begin" : 181,
      "end" : 182,
      "text" : ".",
      "whiteSpace" : false
    } ]
  }, {
    "id" : "s4",
    "begin" : 183,
    "end" : 269,
    "text" : "So my question\nis when I'm away from my home, and my device scans for a Wi-Fi network.",
    "tokens" : [ {
      "id" : "s4-t0",
      "begin" : 183,
      "end" : 185,
      "text" : "So",
      "whiteSpace" : false
    }, {
      "id" : "s4-t1",
      "begin" : 186,
      "end" : 188,
      "text" : "my",
      "whiteSpace" : false
    }, {
      "id" : "s4-t2",
      "begin" : 189,
      "end" : 197,
      "text" : "question",
      "whiteSpace" : false
    }, {
      "id" : "s4-t3",
      "begin" : 198,
      "end" : 200,
      "text" : "is",
      "whiteSpace" : false
    }, {
      "id" : "s4-t4",
      "begin" : 201,
      "end" : 205,
      "text" : "when",
      "whiteSpace" : false
    }, {
      "id" : "s4-t5",
      "begin" : 206,
      "end" : 207,
      "text" : "I",
      "whiteSpace" : false
    }, {
      "id" : "s4-t6",
      "begin" : 207,
      "end" : 209,
      "text" : "'m",
      "whiteSpace" : false
    }, {
      "id" : "s4-t7",
      "begin" : 210,
      "end" : 214,
      "text" : "away",
      "whiteSpace" : false
    }, {
      "id" : "s4-t8",
      "begin" : 215,
      "end" : 219,
      "text" : "from",
      "whiteSpace" : false
    }, {
      "id" : "s4-t9",
      "begin" : 220,
      "end" : 222,
      "text" : "my",
      "whiteSpace" : false
    }, {
      "id" : "s4-t10",
      "begin" : 223,
      "end" : 227,
      "text" : "home",
      "whiteSpace" : false
    }, {
      "id" : "s4-t11",
      "begin" : 227,
      "end" : 228,
      "text" : ",",
      "whiteSpace" : false
    }, {
      "id" : "s4-t12",
      "begin" : 229,
      "end" : 232,
      "text" : "and",
      "whiteSpace" : false
    }, {
      "id" : "s4-t13",
      "begin" : 233,
      "end" : 235,
      "text" : "my",
      "whiteSpace" : false
    }, {
      "id" : "s4-t14",
      "begin" : 236,
      "end" : 242,
      "text" : "device",
      "whiteSpace" : false
    }, {
      "id" : "s4-t15",
      "begin" : 243,
      "end" : 248,
      "text" : "scans",
      "whiteSpace" : false
    }, {
      "id" : "s4-t16",
      "begin" : 249,
      "end" : 252,
      "text" : "for",
      "whiteSpace" : false
    }, {
      "id" : "s4-t17",
      "begin" : 253,
      "end" : 254,
      "text" : "a",
      "whiteSpace" : false
    }, {
      "id" : "s4-t18",
      "begin" : 255,
      "end" : 260,
      "text" : "Wi-Fi",
      "whiteSpace" : false
    }, {
      "id" : "s4-t19",
      "begin" : 261,
      "end" : 268,
      "text" : "network",
      "whiteSpace" : false
    }, {
      "id" : "s4-t20",
      "begin" : 268,
      "end" : 269,
      "text" : ".",
      "whiteSpace" : false
    } ]
  }, {
    "id" : "s5",
    "begin" : 270,
    "end" : 324,
    "text" : "What\nwill be the name of the of the AT&amp;T; Hotspot?",
    "tokens" : [ {
      "id" : "s5-t0",
      "begin" : 270,
      "end" : 274,
      "text" : "What",
      "whiteSpace" : false
    }, {
      "id" : "s5-t1",
      "begin" : 275,
      "end" : 279,
      "text" : "will",
      "whiteSpace" : false
    }, {
      "id" : "s5-t2",
      "begin" : 280,
      "end" : 282,
      "text" : "be",
      "whiteSpace" : false
    }, {
      "id" : "s5-t3",
      "begin" : 283,
      "end" : 286,
      "text" : "the",
      "whiteSpace" : false
    }, {
      "id" : "s5-t4",
      "begin" : 287,
      "end" : 291,
      "text" : "name",
      "whiteSpace" : false
    }, {
      "id" : "s5-t5",
      "begin" : 292,
      "end" : 294,
      "text" : "of",
      "whiteSpace" : false
    }, {
      "id" : "s5-t6",
      "begin" : 295,
      "end" : 298,
      "text" : "the",
      "whiteSpace" : false
    }, {
      "id" : "s5-t7",
      "begin" : 299,
      "end" : 301,
      "text" : "of",
      "whiteSpace" : false
    }, {
      "id" : "s5-t8",
      "begin" : 302,
      "end" : 305,
      "text" : "the",
      "whiteSpace" : false
    }, {
      "id" : "s5-t9",
      "begin" : 306,
      "end" : 308,
      "text" : "AT",
      "whiteSpace" : false
    }, {
      "id" : "s5-t10",
      "begin" : 308,
      "end" : 313,
      "text" : "&amp;",
      "whiteSpace" : false
    }, {
      "id" : "s5-t11",
      "begin" : 313,
      "end" : 315,
      "text" : "T;",
      "whiteSpace" : false
    }, {
      "id" : "s5-t12",
      "begin" : 316,
      "end" : 323,
      "text" : "Hotspot",
      "whiteSpace" : false
    }, {
      "id" : "s5-t13",
      "begin" : 323,
      "end" : 324,
      "text" : "?",
      "whiteSpace" : false
    } ]
  }, {
    "id" : "s6",
    "begin" : 325,
    "end" : 364,
    "text" : "And will there be a password\nto access?",
    "tokens" : [ {
      "id" : "s6-t0",
      "begin" : 325,
      "end" : 328,
      "text" : "And",
      "whiteSpace" : false
    }, {
      "id" : "s6-t1",
      "begin" : 329,
      "end" : 333,
      "text" : "will",
      "whiteSpace" : false
    }, {
      "id" : "s6-t2",
      "begin" : 334,
      "end" : 339,
      "text" : "there",
      "whiteSpace" : false
    }, {
      "id" : "s6-t3",
      "begin" : 340,
      "end" : 342,
      "text" : "be",
      "whiteSpace" : false
    }, {
      "id" : "s6-t4",
      "begin" : 343,
      "end" : 344,
      "text" : "a",
      "whiteSpace" : false
    }, {
      "id" : "s6-t5",
      "begin" : 345,
      "end" : 353,
      "text" : "password",
      "whiteSpace" : false
    }, {
      "id" : "s6-t6",
      "begin" : 354,
      "end" : 356,
      "text" : "to",
      "whiteSpace" : false
    }, {
      "id" : "s6-t7",
      "begin" : 357,
      "end" : 363,
      "text" : "access",
      "whiteSpace" : false
    }, {
      "id" : "s6-t8",
      "begin" : 363,
      "end" : 364,
      "text" : "?",
      "whiteSpace" : false
    } ]
  }, {
    "id" : "s7",
    "begin" : 365,
    "end" : 397,
    "text" : "Thank you.Solved!Go to Solution.",
    "tokens" : [ {
      "id" : "s7-t0",
      "begin" : 365,
      "end" : 370,
      "text" : "Thank",
      "whiteSpace" : false
    }, {
      "id" : "s7-t1",
      "begin" : 371,
      "end" : 382,
      "text" : "you.Solved!",
      "whiteSpace" : false
    }, {
      "id" : "s7-t2",
      "begin" : 382,
      "end" : 384,
      "text" : "Go",
      "whiteSpace" : false
    }, {
      "id" : "s7-t3",
      "begin" : 385,
      "end" : 387,
      "text" : "to",
      "whiteSpace" : false
    }, {
      "id" : "s7-t4",
      "begin" : 388,
      "end" : 396,
      "text" : "Solution",
      "whiteSpace" : false
    }, {
      "id" : "s7-t5",
      "begin" : 396,
      "end" : 397,
      "text" : ".",
      "whiteSpace" : false
    } ]
  } ],
  "mentions" : [ {
    "id" : "cm1",
    "properties" : {
      "SIRE_MENTION_ROLE" : "Service_Provider",
      "SIRE_ENTITY_SUBTYPE" : "NONE",
      "SIRE_MENTION_TYPE" : "NONE",
      "SIRE_MENTION_CLASS" : "SPC"
    },
    "type" : "Service_Provider",
    "begin" : 10,
    "end" : 18,
    "inCoref" : false
  }, {
    "id" : "s0-m0",
    "properties" : {
      "SIRE_MENTION_ROLE" : "Internet_Connectivity",
      "SIRE_ENTITY_SUBTYPE" : "NONE",
      "SIRE_MENTION_TYPE" : "NONE",
      "SIRE_MENTION_CLASS" : "SPC"
    },
    "type" : "Internet_Connectivity",
    "begin" : 20,
    "end" : 25,
    "inCoref" : false
  }, {
    "id" : "s0-m3",
    "properties" : {
      "SIRE_MENTION_ROLE" : "Internet_Connectivity",
      "SIRE_ENTITY_SUBTYPE" : "NONE",
      "SIRE_MENTION_TYPE" : "NONE",
      "SIRE_MENTION_CLASS" : "SPC"
    },
    "type" : "Internet_Connectivity",
    "begin" : 26,
    "end" : 33,
    "inCoref" : false
  }, {
    "id" : "s1-m1",
    "properties" : {
      "SIRE_MENTION_ROLE" : "Service_Plan",
      "SIRE_ENTITY_SUBTYPE" : "NONE",
      "SIRE_MENTION_TYPE" : "NONE",
      "SIRE_MENTION_CLASS" : "SPC"
    },
    "type" : "Service_Plan",
    "begin" : 58,
    "end" : 74,
    "inCoref" : false
  }, {
    "id" : "cm2",
    "properties" : {
      "SIRE_MENTION_ROLE" : "Internet_Connectivity",
      "SIRE_ENTITY_SUBTYPE" : "NONE",
      "SIRE_MENTION_TYPE" : "NONE",
      "SIRE_MENTION_CLASS" : "SPC"
    },
    "type" : "Internet_Connectivity",
    "begin" : 90,
    "end" : 95,
    "inCoref" : false
  }, {
    "id" : "s2-m0",
    "properties" : {
      "SIRE_MENTION_ROLE" : "Internet_Connectivity",
      "SIRE_ENTITY_SUBTYPE" : "NONE",
      "SIRE_MENTION_TYPE" : "NONE",
      "SIRE_MENTION_CLASS" : "SPC"
    },
    "type" : "Internet_Connectivity",
    "begin" : 100,
    "end" : 108,
    "inCoref" : false
  }, {
    "id" : "s3-m4",
    "properties" : {
      "SIRE_MENTION_ROLE" : "Service_Plan",
      "SIRE_ENTITY_SUBTYPE" : "NONE",
      "SIRE_MENTION_TYPE" : "NONE",
      "SIRE_MENTION_CLASS" : "SPC"
    },
    "type" : "Service_Plan",
    "begin" : 120,
    "end" : 132,
    "inCoref" : false
  }, {
    "id" : "cm3",
    "properties" : {
      "SIRE_MENTION_ROLE" : "Service_Provider",
      "SIRE_ENTITY_SUBTYPE" : "NONE",
      "SIRE_MENTION_TYPE" : "NONE",
      "SIRE_MENTION_CLASS" : "SPC"
    },
    "type" : "Service_Provider",
    "begin" : 147,
    "end" : 155,
    "inCoref" : false
  }, {
    "id" : "s4-m0",
    "properties" : {
      "SIRE_MENTION_ROLE" : "Internet_Connectivity",
      "SIRE_ENTITY_SUBTYPE" : "NONE",
      "SIRE_MENTION_TYPE" : "NONE",
      "SIRE_MENTION_CLASS" : "SPC"
    },
    "type" : "Internet_Connectivity",
    "begin" : 167,
    "end" : 172,
    "inCoref" : false
  }, {
    "id" : "s3-m3",
    "properties" : {
      "SIRE_MENTION_ROLE" : "Internet_Connectivity",
      "SIRE_ENTITY_SUBTYPE" : "NONE",
      "SIRE_MENTION_TYPE" : "NONE",
      "SIRE_MENTION_CLASS" : "SPC"
    },
    "type" : "Internet_Connectivity",
    "begin" : 173,
    "end" : 181,
    "inCoref" : false
  }, {
    "id" : "cm4",
    "properties" : {
      "SIRE_MENTION_ROLE" : "Internet_Connectivity",
      "SIRE_ENTITY_SUBTYPE" : "NONE",
      "SIRE_MENTION_TYPE" : "NONE",
      "SIRE_MENTION_CLASS" : "SPC"
    },
    "type" : "Internet_Connectivity",
    "begin" : 255,
    "end" : 260,
    "inCoref" : false
  }, {
    "id" : "cm5",
    "properties" : {
      "SIRE_MENTION_ROLE" : "Service_Provider",
      "SIRE_ENTITY_SUBTYPE" : "NONE",
      "SIRE_MENTION_TYPE" : "NONE",
      "SIRE_MENTION_CLASS" : "SPC"
    },
    "type" : "Service_Provider",
    "begin" : 306,
    "end" : 314,
    "inCoref" : false
  }, {
    "id" : "s8-m0",
    "properties" : {
      "SIRE_MENTION_ROLE" : "Internet_Connectivity",
      "SIRE_ENTITY_SUBTYPE" : "NONE",
      "SIRE_MENTION_TYPE" : "NONE",
      "SIRE_MENTION_CLASS" : "SPC"
    },
    "type" : "Internet_Connectivity",
    "begin" : 316,
    "end" : 323,
    "inCoref" : false
  } ],
  "relations" : [ ],
  "corefs" : [ ],
  "typeResolved" : true,
  "userResolved" : false
}