{
  "id" : "a6e86d20-fed8-11e6-a6f8-37d4ef31c6bc-8",
  "name" : "12363afb9c15cd36099d66e9c637636a.txt",
  "version" : 3,
  "text" : "Going to my own plan\n\nI need to break off of my moms cell phone plan and go onto my own. The problem\nis, I still have a phone on att next. Would I be able to change plans and then\ncontinue to pay for my phone monthly like I had been?\n\n",
  "docLength" : 0,
  "language" : "EN",
  "status" : "READY",
  "modifiedDate" : 1488747825427,
  "documentSet" : [ ],
  "preannotation" : [ "PRE_LW" ],
  "sentences" : [ {
    "id" : "s0",
    "begin" : 0,
    "end" : 20,
    "text" : "Going to my own plan",
    "tokens" : [ {
      "id" : "s0-t0",
      "begin" : 0,
      "end" : 5,
      "text" : "Going",
      "whiteSpace" : false
    }, {
      "id" : "s0-t1",
      "begin" : 6,
      "end" : 8,
      "text" : "to",
      "whiteSpace" : false
    }, {
      "id" : "s0-t2",
      "begin" : 9,
      "end" : 11,
      "text" : "my",
      "whiteSpace" : false
    }, {
      "id" : "s0-t3",
      "begin" : 12,
      "end" : 15,
      "text" : "own",
      "whiteSpace" : false
    }, {
      "id" : "s0-t4",
      "begin" : 16,
      "end" : 20,
      "text" : "plan",
      "whiteSpace" : false
    } ]
  }, {
    "id" : "s1",
    "begin" : 22,
    "end" : 88,
    "text" : "I need to break off of my moms cell phone plan and go onto my own.",
    "tokens" : [ {
      "id" : "s1-t0",
      "begin" : 22,
      "end" : 23,
      "text" : "I",
      "whiteSpace" : false
    }, {
      "id" : "s1-t1",
      "begin" : 24,
      "end" : 28,
      "text" : "need",
      "whiteSpace" : false
    }, {
      "id" : "s1-t2",
      "begin" : 29,
      "end" : 31,
      "text" : "to",
      "whiteSpace" : false
    }, {
      "id" : "s1-t3",
      "begin" : 32,
      "end" : 37,
      "text" : "break",
      "whiteSpace" : false
    }, {
      "id" : "s1-t4",
      "begin" : 38,
      "end" : 41,
      "text" : "off",
      "whiteSpace" : false
    }, {
      "id" : "s1-t5",
      "begin" : 42,
      "end" : 44,
      "text" : "of",
      "whiteSpace" : false
    }, {
      "id" : "s1-t6",
      "begin" : 45,
      "end" : 47,
      "text" : "my",
      "whiteSpace" : false
    }, {
      "id" : "s1-t7",
      "begin" : 48,
      "end" : 52,
      "text" : "moms",
      "whiteSpace" : false
    }, {
      "id" : "s1-t8",
      "begin" : 53,
      "end" : 57,
      "text" : "cell",
      "whiteSpace" : false
    }, {
      "id" : "s1-t9",
      "begin" : 58,
      "end" : 63,
      "text" : "phone",
      "whiteSpace" : false
    }, {
      "id" : "s1-t10",
      "begin" : 64,
      "end" : 68,
      "text" : "plan",
      "whiteSpace" : false
    }, {
      "id" : "s1-t11",
      "begin" : 69,
      "end" : 72,
      "text" : "and",
      "whiteSpace" : false
    }, {
      "id" : "s1-t12",
      "begin" : 73,
      "end" : 75,
      "text" : "go",
      "whiteSpace" : false
    }, {
      "id" : "s1-t13",
      "begin" : 76,
      "end" : 80,
      "text" : "onto",
      "whiteSpace" : false
    }, {
      "id" : "s1-t14",
      "begin" : 81,
      "end" : 83,
      "text" : "my",
      "whiteSpace" : false
    }, {
      "id" : "s1-t15",
      "begin" : 84,
      "end" : 87,
      "text" : "own",
      "whiteSpace" : false
    }, {
      "id" : "s1-t16",
      "begin" : 87,
      "end" : 88,
      "text" : ".",
      "whiteSpace" : false
    } ]
  }, {
    "id" : "s2",
    "begin" : 89,
    "end" : 138,
    "text" : "The problem\nis, I still have a phone on att next.",
    "tokens" : [ {
      "id" : "s2-t0",
      "begin" : 89,
      "end" : 92,
      "text" : "The",
      "whiteSpace" : false
    }, {
      "id" : "s2-t1",
      "begin" : 93,
      "end" : 100,
      "text" : "problem",
      "whiteSpace" : false
    }, {
      "id" : "s2-t2",
      "begin" : 101,
      "end" : 103,
      "text" : "is",
      "whiteSpace" : false
    }, {
      "id" : "s2-t3",
      "begin" : 103,
      "end" : 104,
      "text" : ",",
      "whiteSpace" : false
    }, {
      "id" : "s2-t4",
      "begin" : 105,
      "end" : 106,
      "text" : "I",
      "whiteSpace" : false
    }, {
      "id" : "s2-t5",
      "begin" : 107,
      "end" : 112,
      "text" : "still",
      "whiteSpace" : false
    }, {
      "id" : "s2-t6",
      "begin" : 113,
      "end" : 117,
      "text" : "have",
      "whiteSpace" : false
    }, {
      "id" : "s2-t7",
      "begin" : 118,
      "end" : 119,
      "text" : "a",
      "whiteSpace" : false
    }, {
      "id" : "s2-t8",
      "begin" : 120,
      "end" : 125,
      "text" : "phone",
      "whiteSpace" : false
    }, {
      "id" : "s2-t9",
      "begin" : 126,
      "end" : 128,
      "text" : "on",
      "whiteSpace" : false
    }, {
      "id" : "s2-t10",
      "begin" : 129,
      "end" : 132,
      "text" : "att",
      "whiteSpace" : false
    }, {
      "id" : "s2-t11",
      "begin" : 133,
      "end" : 137,
      "text" : "next",
      "whiteSpace" : false
    }, {
      "id" : "s2-t12",
      "begin" : 137,
      "end" : 138,
      "text" : ".",
      "whiteSpace" : false
    } ]
  }, {
    "id" : "s3",
    "begin" : 139,
    "end" : 233,
    "text" : "Would I be able to change plans and then\ncontinue to pay for my phone monthly like I had been?",
    "tokens" : [ {
      "id" : "s3-t0",
      "begin" : 139,
      "end" : 144,
      "text" : "Would",
      "whiteSpace" : false
    }, {
      "id" : "s3-t1",
      "begin" : 145,
      "end" : 146,
      "text" : "I",
      "whiteSpace" : false
    }, {
      "id" : "s3-t2",
      "begin" : 147,
      "end" : 149,
      "text" : "be",
      "whiteSpace" : false
    }, {
      "id" : "s3-t3",
      "begin" : 150,
      "end" : 154,
      "text" : "able",
      "whiteSpace" : false
    }, {
      "id" : "s3-t4",
      "begin" : 155,
      "end" : 157,
      "text" : "to",
      "whiteSpace" : false
    }, {
      "id" : "s3-t5",
      "begin" : 158,
      "end" : 164,
      "text" : "change",
      "whiteSpace" : false
    }, {
      "id" : "s3-t6",
      "begin" : 165,
      "end" : 170,
      "text" : "plans",
      "whiteSpace" : false
    }, {
      "id" : "s3-t7",
      "begin" : 171,
      "end" : 174,
      "text" : "and",
      "whiteSpace" : false
    }, {
      "id" : "s3-t8",
      "begin" : 175,
      "end" : 179,
      "text" : "then",
      "whiteSpace" : false
    }, {
      "id" : "s3-t9",
      "begin" : 180,
      "end" : 188,
      "text" : "continue",
      "whiteSpace" : false
    }, {
      "id" : "s3-t10",
      "begin" : 189,
      "end" : 191,
      "text" : "to",
      "whiteSpace" : false
    }, {
      "id" : "s3-t11",
      "begin" : 192,
      "end" : 195,
      "text" : "pay",
      "whiteSpace" : false
    }, {
      "id" : "s3-t12",
      "begin" : 196,
      "end" : 199,
      "text" : "for",
      "whiteSpace" : false
    }, {
      "id" : "s3-t13",
      "begin" : 200,
      "end" : 202,
      "text" : "my",
      "whiteSpace" : false
    }, {
      "id" : "s3-t14",
      "begin" : 203,
      "end" : 208,
      "text" : "phone",
      "whiteSpace" : false
    }, {
      "id" : "s3-t15",
      "begin" : 209,
      "end" : 216,
      "text" : "monthly",
      "whiteSpace" : false
    }, {
      "id" : "s3-t16",
      "begin" : 217,
      "end" : 221,
      "text" : "like",
      "whiteSpace" : false
    }, {
      "id" : "s3-t17",
      "begin" : 222,
      "end" : 223,
      "text" : "I",
      "whiteSpace" : false
    }, {
      "id" : "s3-t18",
      "begin" : 224,
      "end" : 227,
      "text" : "had",
      "whiteSpace" : false
    }, {
      "id" : "s3-t19",
      "begin" : 228,
      "end" : 232,
      "text" : "been",
      "whiteSpace" : false
    }, {
      "id" : "s3-t20",
      "begin" : 232,
      "end" : 233,
      "text" : "?",
      "whiteSpace" : false
    } ]
  } ],
  "mentions" : [ {
    "id" : "cm1",
    "properties" : {
      "SIRE_MENTION_ROLE" : "Service_Plan",
      "SIRE_ENTITY_SUBTYPE" : "NONE",
      "SIRE_MENTION_TYPE" : "NONE",
      "SIRE_MENTION_CLASS" : "SPC"
    },
    "type" : "Service_Plan",
    "begin" : 16,
    "end" : 20,
    "inCoref" : false
  }, {
    "id" : "cm2",
    "properties" : {
      "SIRE_MENTION_ROLE" : "Service_Plan",
      "SIRE_ENTITY_SUBTYPE" : "NONE",
      "SIRE_MENTION_TYPE" : "NONE",
      "SIRE_MENTION_CLASS" : "SPC"
    },
    "type" : "Service_Plan",
    "begin" : 64,
    "end" : 68,
    "inCoref" : false
  }, {
    "id" : "s3-m0",
    "properties" : {
      "SIRE_MENTION_ROLE" : "Service_Provider",
      "SIRE_MENTION_TYPE" : "NONE",
      "SIRE_ENTITY_SUBTYPE" : "NONE",
      "SIRE_MENTION_CLASS" : "SPC"
    },
    "type" : "Service_Provider",
    "begin" : 129,
    "end" : 132,
    "inCoref" : false
  }, {
    "id" : "cm3",
    "properties" : {
      "SIRE_MENTION_ROLE" : "Service_Plan",
      "SIRE_ENTITY_SUBTYPE" : "NONE",
      "SIRE_MENTION_TYPE" : "NONE",
      "SIRE_MENTION_CLASS" : "SPC"
    },
    "type" : "Service_Plan",
    "begin" : 165,
    "end" : 170,
    "inCoref" : false
  } ],
  "relations" : [ ],
  "corefs" : [ ],
  "typeResolved" : true,
  "userResolved" : false
}