{
  "id" : "a6e86d20-fed8-11e6-a6f8-37d4ef31c6bc-6",
  "name" : "12363afb9c15cd36099d66e9c651b081.txt",
  "version" : 3,
  "text" : "Does not honor promotions.\n\nI switched from verizon to ATT in September of 2016 which was a total mistake.\nBuy one S7 get one free with a monthly bill of $160.00 a month through my\ncompanies employee discount plan has not been honored. I waited 3 months for\nthe credit and have not seen it yet. I have called every month since September\nand get told every time that the problem has been rectified and I will be\nreceiving a text in a day or 2 letting me know of the credit and I get squat.\nCurrently ATT owes me over $300 plus tax, when will I see it? If the problem\nis not resolved I will be cancelling my Phone, Directv and lifeshield. I will\nalso be notifying the team at my companies employee discount program of the\nfailure to meet commitments..\n\n",
  "docLength" : 0,
  "language" : "EN",
  "status" : "READY",
  "modifiedDate" : 1488747803505,
  "documentSet" : [ ],
  "preannotation" : [ "PRE_LW" ],
  "sentences" : [ {
    "id" : "s0",
    "begin" : 0,
    "end" : 26,
    "text" : "Does not honor promotions.",
    "tokens" : [ {
      "id" : "s0-t0",
      "begin" : 0,
      "end" : 4,
      "text" : "Does",
      "whiteSpace" : false
    }, {
      "id" : "s0-t1",
      "begin" : 5,
      "end" : 8,
      "text" : "not",
      "whiteSpace" : false
    }, {
      "id" : "s0-t2",
      "begin" : 9,
      "end" : 14,
      "text" : "honor",
      "whiteSpace" : false
    }, {
      "id" : "s0-t3",
      "begin" : 15,
      "end" : 25,
      "text" : "promotions",
      "whiteSpace" : false
    }, {
      "id" : "s0-t4",
      "begin" : 25,
      "end" : 26,
      "text" : ".",
      "whiteSpace" : false
    } ]
  }, {
    "id" : "s1",
    "begin" : 28,
    "end" : 106,
    "text" : "I switched from verizon to ATT in September of 2016 which was a total mistake.",
    "tokens" : [ {
      "id" : "s1-t0",
      "begin" : 28,
      "end" : 29,
      "text" : "I",
      "whiteSpace" : false
    }, {
      "id" : "s1-t1",
      "begin" : 30,
      "end" : 38,
      "text" : "switched",
      "whiteSpace" : false
    }, {
      "id" : "s1-t2",
      "begin" : 39,
      "end" : 43,
      "text" : "from",
      "whiteSpace" : false
    }, {
      "id" : "s1-t3",
      "begin" : 44,
      "end" : 51,
      "text" : "verizon",
      "whiteSpace" : false
    }, {
      "id" : "s1-t4",
      "begin" : 52,
      "end" : 54,
      "text" : "to",
      "whiteSpace" : false
    }, {
      "id" : "s1-t5",
      "begin" : 55,
      "end" : 58,
      "text" : "ATT",
      "whiteSpace" : false
    }, {
      "id" : "s1-t6",
      "begin" : 59,
      "end" : 61,
      "text" : "in",
      "whiteSpace" : false
    }, {
      "id" : "s1-t7",
      "begin" : 62,
      "end" : 71,
      "text" : "September",
      "whiteSpace" : false
    }, {
      "id" : "s1-t8",
      "begin" : 72,
      "end" : 74,
      "text" : "of",
      "whiteSpace" : false
    }, {
      "id" : "s1-t9",
      "begin" : 75,
      "end" : 79,
      "text" : "2016",
      "whiteSpace" : false
    }, {
      "id" : "s1-t10",
      "begin" : 80,
      "end" : 85,
      "text" : "which",
      "whiteSpace" : false
    }, {
      "id" : "s1-t11",
      "begin" : 86,
      "end" : 89,
      "text" : "was",
      "whiteSpace" : false
    }, {
      "id" : "s1-t12",
      "begin" : 90,
      "end" : 91,
      "text" : "a",
      "whiteSpace" : false
    }, {
      "id" : "s1-t13",
      "begin" : 92,
      "end" : 97,
      "text" : "total",
      "whiteSpace" : false
    }, {
      "id" : "s1-t14",
      "begin" : 98,
      "end" : 105,
      "text" : "mistake",
      "whiteSpace" : false
    }, {
      "id" : "s1-t15",
      "begin" : 105,
      "end" : 106,
      "text" : ".",
      "whiteSpace" : false
    } ]
  }, {
    "id" : "s2",
    "begin" : 107,
    "end" : 235,
    "text" : "Buy one S7 get one free with a monthly bill of $160.00 a month through my\ncompanies employee discount plan has not been honored.",
    "tokens" : [ {
      "id" : "s2-t0",
      "begin" : 107,
      "end" : 110,
      "text" : "Buy",
      "whiteSpace" : false
    }, {
      "id" : "s2-t1",
      "begin" : 111,
      "end" : 114,
      "text" : "one",
      "whiteSpace" : false
    }, {
      "id" : "s2-t2",
      "begin" : 115,
      "end" : 117,
      "text" : "S7",
      "whiteSpace" : false
    }, {
      "id" : "s2-t3",
      "begin" : 118,
      "end" : 121,
      "text" : "get",
      "whiteSpace" : false
    }, {
      "id" : "s2-t4",
      "begin" : 122,
      "end" : 125,
      "text" : "one",
      "whiteSpace" : false
    }, {
      "id" : "s2-t5",
      "begin" : 126,
      "end" : 130,
      "text" : "free",
      "whiteSpace" : false
    }, {
      "id" : "s2-t6",
      "begin" : 131,
      "end" : 135,
      "text" : "with",
      "whiteSpace" : false
    }, {
      "id" : "s2-t7",
      "begin" : 136,
      "end" : 137,
      "text" : "a",
      "whiteSpace" : false
    }, {
      "id" : "s2-t8",
      "begin" : 138,
      "end" : 145,
      "text" : "monthly",
      "whiteSpace" : false
    }, {
      "id" : "s2-t9",
      "begin" : 146,
      "end" : 150,
      "text" : "bill",
      "whiteSpace" : false
    }, {
      "id" : "s2-t10",
      "begin" : 151,
      "end" : 153,
      "text" : "of",
      "whiteSpace" : false
    }, {
      "id" : "s2-t11",
      "begin" : 154,
      "end" : 155,
      "text" : "$",
      "whiteSpace" : false
    }, {
      "id" : "s2-t12",
      "begin" : 155,
      "end" : 161,
      "text" : "160.00",
      "whiteSpace" : false
    }, {
      "id" : "s2-t13",
      "begin" : 162,
      "end" : 163,
      "text" : "a",
      "whiteSpace" : false
    }, {
      "id" : "s2-t14",
      "begin" : 164,
      "end" : 169,
      "text" : "month",
      "whiteSpace" : false
    }, {
      "id" : "s2-t15",
      "begin" : 170,
      "end" : 177,
      "text" : "through",
      "whiteSpace" : false
    }, {
      "id" : "s2-t16",
      "begin" : 178,
      "end" : 180,
      "text" : "my",
      "whiteSpace" : false
    }, {
      "id" : "s2-t17",
      "begin" : 181,
      "end" : 190,
      "text" : "companies",
      "whiteSpace" : false
    }, {
      "id" : "s2-t18",
      "begin" : 191,
      "end" : 199,
      "text" : "employee",
      "whiteSpace" : false
    }, {
      "id" : "s2-t19",
      "begin" : 200,
      "end" : 208,
      "text" : "discount",
      "whiteSpace" : false
    }, {
      "id" : "s2-t20",
      "begin" : 209,
      "end" : 213,
      "text" : "plan",
      "whiteSpace" : false
    }, {
      "id" : "s2-t21",
      "begin" : 214,
      "end" : 217,
      "text" : "has",
      "whiteSpace" : false
    }, {
      "id" : "s2-t22",
      "begin" : 218,
      "end" : 221,
      "text" : "not",
      "whiteSpace" : false
    }, {
      "id" : "s2-t23",
      "begin" : 222,
      "end" : 226,
      "text" : "been",
      "whiteSpace" : false
    }, {
      "id" : "s2-t24",
      "begin" : 227,
      "end" : 234,
      "text" : "honored",
      "whiteSpace" : false
    }, {
      "id" : "s2-t25",
      "begin" : 234,
      "end" : 235,
      "text" : ".",
      "whiteSpace" : false
    } ]
  }, {
    "id" : "s3",
    "begin" : 236,
    "end" : 294,
    "text" : "I waited 3 months for\nthe credit and have not seen it yet.",
    "tokens" : [ {
      "id" : "s3-t0",
      "begin" : 236,
      "end" : 237,
      "text" : "I",
      "whiteSpace" : false
    }, {
      "id" : "s3-t1",
      "begin" : 238,
      "end" : 244,
      "text" : "waited",
      "whiteSpace" : false
    }, {
      "id" : "s3-t2",
      "begin" : 245,
      "end" : 246,
      "text" : "3",
      "whiteSpace" : false
    }, {
      "id" : "s3-t3",
      "begin" : 247,
      "end" : 253,
      "text" : "months",
      "whiteSpace" : false
    }, {
      "id" : "s3-t4",
      "begin" : 254,
      "end" : 257,
      "text" : "for",
      "whiteSpace" : false
    }, {
      "id" : "s3-t5",
      "begin" : 258,
      "end" : 261,
      "text" : "the",
      "whiteSpace" : false
    }, {
      "id" : "s3-t6",
      "begin" : 262,
      "end" : 268,
      "text" : "credit",
      "whiteSpace" : false
    }, {
      "id" : "s3-t7",
      "begin" : 269,
      "end" : 272,
      "text" : "and",
      "whiteSpace" : false
    }, {
      "id" : "s3-t8",
      "begin" : 273,
      "end" : 277,
      "text" : "have",
      "whiteSpace" : false
    }, {
      "id" : "s3-t9",
      "begin" : 278,
      "end" : 281,
      "text" : "not",
      "whiteSpace" : false
    }, {
      "id" : "s3-t10",
      "begin" : 282,
      "end" : 286,
      "text" : "seen",
      "whiteSpace" : false
    }, {
      "id" : "s3-t11",
      "begin" : 287,
      "end" : 289,
      "text" : "it",
      "whiteSpace" : false
    }, {
      "id" : "s3-t12",
      "begin" : 290,
      "end" : 293,
      "text" : "yet",
      "whiteSpace" : false
    }, {
      "id" : "s3-t13",
      "begin" : 293,
      "end" : 294,
      "text" : ".",
      "whiteSpace" : false
    } ]
  }, {
    "id" : "s4",
    "begin" : 295,
    "end" : 488,
    "text" : "I have called every month since September\nand get told every time that the problem has been rectified and I will be\nreceiving a text in a day or 2 letting me know of the credit and I get squat.",
    "tokens" : [ {
      "id" : "s4-t0",
      "begin" : 295,
      "end" : 296,
      "text" : "I",
      "whiteSpace" : false
    }, {
      "id" : "s4-t1",
      "begin" : 297,
      "end" : 301,
      "text" : "have",
      "whiteSpace" : false
    }, {
      "id" : "s4-t2",
      "begin" : 302,
      "end" : 308,
      "text" : "called",
      "whiteSpace" : false
    }, {
      "id" : "s4-t3",
      "begin" : 309,
      "end" : 314,
      "text" : "every",
      "whiteSpace" : false
    }, {
      "id" : "s4-t4",
      "begin" : 315,
      "end" : 320,
      "text" : "month",
      "whiteSpace" : false
    }, {
      "id" : "s4-t5",
      "begin" : 321,
      "end" : 326,
      "text" : "since",
      "whiteSpace" : false
    }, {
      "id" : "s4-t6",
      "begin" : 327,
      "end" : 336,
      "text" : "September",
      "whiteSpace" : false
    }, {
      "id" : "s4-t7",
      "begin" : 337,
      "end" : 340,
      "text" : "and",
      "whiteSpace" : false
    }, {
      "id" : "s4-t8",
      "begin" : 341,
      "end" : 344,
      "text" : "get",
      "whiteSpace" : false
    }, {
      "id" : "s4-t9",
      "begin" : 345,
      "end" : 349,
      "text" : "told",
      "whiteSpace" : false
    }, {
      "id" : "s4-t10",
      "begin" : 350,
      "end" : 355,
      "text" : "every",
      "whiteSpace" : false
    }, {
      "id" : "s4-t11",
      "begin" : 356,
      "end" : 360,
      "text" : "time",
      "whiteSpace" : false
    }, {
      "id" : "s4-t12",
      "begin" : 361,
      "end" : 365,
      "text" : "that",
      "whiteSpace" : false
    }, {
      "id" : "s4-t13",
      "begin" : 366,
      "end" : 369,
      "text" : "the",
      "whiteSpace" : false
    }, {
      "id" : "s4-t14",
      "begin" : 370,
      "end" : 377,
      "text" : "problem",
      "whiteSpace" : false
    }, {
      "id" : "s4-t15",
      "begin" : 378,
      "end" : 381,
      "text" : "has",
      "whiteSpace" : false
    }, {
      "id" : "s4-t16",
      "begin" : 382,
      "end" : 386,
      "text" : "been",
      "whiteSpace" : false
    }, {
      "id" : "s4-t17",
      "begin" : 387,
      "end" : 396,
      "text" : "rectified",
      "whiteSpace" : false
    }, {
      "id" : "s4-t18",
      "begin" : 397,
      "end" : 400,
      "text" : "and",
      "whiteSpace" : false
    }, {
      "id" : "s4-t19",
      "begin" : 401,
      "end" : 402,
      "text" : "I",
      "whiteSpace" : false
    }, {
      "id" : "s4-t20",
      "begin" : 403,
      "end" : 407,
      "text" : "will",
      "whiteSpace" : false
    }, {
      "id" : "s4-t21",
      "begin" : 408,
      "end" : 410,
      "text" : "be",
      "whiteSpace" : false
    }, {
      "id" : "s4-t22",
      "begin" : 411,
      "end" : 420,
      "text" : "receiving",
      "whiteSpace" : false
    }, {
      "id" : "s4-t23",
      "begin" : 421,
      "end" : 422,
      "text" : "a",
      "whiteSpace" : false
    }, {
      "id" : "s4-t24",
      "begin" : 423,
      "end" : 427,
      "text" : "text",
      "whiteSpace" : false
    }, {
      "id" : "s4-t25",
      "begin" : 428,
      "end" : 430,
      "text" : "in",
      "whiteSpace" : false
    }, {
      "id" : "s4-t26",
      "begin" : 431,
      "end" : 432,
      "text" : "a",
      "whiteSpace" : false
    }, {
      "id" : "s4-t27",
      "begin" : 433,
      "end" : 436,
      "text" : "day",
      "whiteSpace" : false
    }, {
      "id" : "s4-t28",
      "begin" : 437,
      "end" : 439,
      "text" : "or",
      "whiteSpace" : false
    }, {
      "id" : "s4-t29",
      "begin" : 440,
      "end" : 441,
      "text" : "2",
      "whiteSpace" : false
    }, {
      "id" : "s4-t30",
      "begin" : 442,
      "end" : 449,
      "text" : "letting",
      "whiteSpace" : false
    }, {
      "id" : "s4-t31",
      "begin" : 450,
      "end" : 452,
      "text" : "me",
      "whiteSpace" : false
    }, {
      "id" : "s4-t32",
      "begin" : 453,
      "end" : 457,
      "text" : "know",
      "whiteSpace" : false
    }, {
      "id" : "s4-t33",
      "begin" : 458,
      "end" : 460,
      "text" : "of",
      "whiteSpace" : false
    }, {
      "id" : "s4-t34",
      "begin" : 461,
      "end" : 464,
      "text" : "the",
      "whiteSpace" : false
    }, {
      "id" : "s4-t35",
      "begin" : 465,
      "end" : 471,
      "text" : "credit",
      "whiteSpace" : false
    }, {
      "id" : "s4-t36",
      "begin" : 472,
      "end" : 475,
      "text" : "and",
      "whiteSpace" : false
    }, {
      "id" : "s4-t37",
      "begin" : 476,
      "end" : 477,
      "text" : "I",
      "whiteSpace" : false
    }, {
      "id" : "s4-t38",
      "begin" : 478,
      "end" : 481,
      "text" : "get",
      "whiteSpace" : false
    }, {
      "id" : "s4-t39",
      "begin" : 482,
      "end" : 487,
      "text" : "squat",
      "whiteSpace" : false
    }, {
      "id" : "s4-t40",
      "begin" : 487,
      "end" : 488,
      "text" : ".",
      "whiteSpace" : false
    } ]
  }, {
    "id" : "s5",
    "begin" : 489,
    "end" : 550,
    "text" : "Currently ATT owes me over $300 plus tax, when will I see it?",
    "tokens" : [ {
      "id" : "s5-t0",
      "begin" : 489,
      "end" : 498,
      "text" : "Currently",
      "whiteSpace" : false
    }, {
      "id" : "s5-t1",
      "begin" : 499,
      "end" : 502,
      "text" : "ATT",
      "whiteSpace" : false
    }, {
      "id" : "s5-t2",
      "begin" : 503,
      "end" : 507,
      "text" : "owes",
      "whiteSpace" : false
    }, {
      "id" : "s5-t3",
      "begin" : 508,
      "end" : 510,
      "text" : "me",
      "whiteSpace" : false
    }, {
      "id" : "s5-t4",
      "begin" : 511,
      "end" : 515,
      "text" : "over",
      "whiteSpace" : false
    }, {
      "id" : "s5-t5",
      "begin" : 516,
      "end" : 517,
      "text" : "$",
      "whiteSpace" : false
    }, {
      "id" : "s5-t6",
      "begin" : 517,
      "end" : 520,
      "text" : "300",
      "whiteSpace" : false
    }, {
      "id" : "s5-t7",
      "begin" : 521,
      "end" : 525,
      "text" : "plus",
      "whiteSpace" : false
    }, {
      "id" : "s5-t8",
      "begin" : 526,
      "end" : 529,
      "text" : "tax",
      "whiteSpace" : false
    }, {
      "id" : "s5-t9",
      "begin" : 529,
      "end" : 530,
      "text" : ",",
      "whiteSpace" : false
    }, {
      "id" : "s5-t10",
      "begin" : 531,
      "end" : 535,
      "text" : "when",
      "whiteSpace" : false
    }, {
      "id" : "s5-t11",
      "begin" : 536,
      "end" : 540,
      "text" : "will",
      "whiteSpace" : false
    }, {
      "id" : "s5-t12",
      "begin" : 541,
      "end" : 542,
      "text" : "I",
      "whiteSpace" : false
    }, {
      "id" : "s5-t13",
      "begin" : 543,
      "end" : 546,
      "text" : "see",
      "whiteSpace" : false
    }, {
      "id" : "s5-t14",
      "begin" : 547,
      "end" : 549,
      "text" : "it",
      "whiteSpace" : false
    }, {
      "id" : "s5-t15",
      "begin" : 549,
      "end" : 550,
      "text" : "?",
      "whiteSpace" : false
    } ]
  }, {
    "id" : "s6",
    "begin" : 551,
    "end" : 636,
    "text" : "If the problem\nis not resolved I will be cancelling my Phone, Directv and lifeshield.",
    "tokens" : [ {
      "id" : "s6-t0",
      "begin" : 551,
      "end" : 553,
      "text" : "If",
      "whiteSpace" : false
    }, {
      "id" : "s6-t1",
      "begin" : 554,
      "end" : 557,
      "text" : "the",
      "whiteSpace" : false
    }, {
      "id" : "s6-t2",
      "begin" : 558,
      "end" : 565,
      "text" : "problem",
      "whiteSpace" : false
    }, {
      "id" : "s6-t3",
      "begin" : 566,
      "end" : 568,
      "text" : "is",
      "whiteSpace" : false
    }, {
      "id" : "s6-t4",
      "begin" : 569,
      "end" : 572,
      "text" : "not",
      "whiteSpace" : false
    }, {
      "id" : "s6-t5",
      "begin" : 573,
      "end" : 581,
      "text" : "resolved",
      "whiteSpace" : false
    }, {
      "id" : "s6-t6",
      "begin" : 582,
      "end" : 583,
      "text" : "I",
      "whiteSpace" : false
    }, {
      "id" : "s6-t7",
      "begin" : 584,
      "end" : 588,
      "text" : "will",
      "whiteSpace" : false
    }, {
      "id" : "s6-t8",
      "begin" : 589,
      "end" : 591,
      "text" : "be",
      "whiteSpace" : false
    }, {
      "id" : "s6-t9",
      "begin" : 592,
      "end" : 602,
      "text" : "cancelling",
      "whiteSpace" : false
    }, {
      "id" : "s6-t10",
      "begin" : 603,
      "end" : 605,
      "text" : "my",
      "whiteSpace" : false
    }, {
      "id" : "s6-t11",
      "begin" : 606,
      "end" : 611,
      "text" : "Phone",
      "whiteSpace" : false
    }, {
      "id" : "s6-t12",
      "begin" : 611,
      "end" : 612,
      "text" : ",",
      "whiteSpace" : false
    }, {
      "id" : "s6-t13",
      "begin" : 613,
      "end" : 620,
      "text" : "Directv",
      "whiteSpace" : false
    }, {
      "id" : "s6-t14",
      "begin" : 621,
      "end" : 624,
      "text" : "and",
      "whiteSpace" : false
    }, {
      "id" : "s6-t15",
      "begin" : 625,
      "end" : 635,
      "text" : "lifeshield",
      "whiteSpace" : false
    }, {
      "id" : "s6-t16",
      "begin" : 635,
      "end" : 636,
      "text" : ".",
      "whiteSpace" : false
    } ]
  }, {
    "id" : "s7",
    "begin" : 637,
    "end" : 749,
    "text" : "I will\nalso be notifying the team at my companies employee discount program of the\nfailure to meet commitments..",
    "tokens" : [ {
      "id" : "s7-t0",
      "begin" : 637,
      "end" : 638,
      "text" : "I",
      "whiteSpace" : false
    }, {
      "id" : "s7-t1",
      "begin" : 639,
      "end" : 643,
      "text" : "will",
      "whiteSpace" : false
    }, {
      "id" : "s7-t2",
      "begin" : 644,
      "end" : 648,
      "text" : "also",
      "whiteSpace" : false
    }, {
      "id" : "s7-t3",
      "begin" : 649,
      "end" : 651,
      "text" : "be",
      "whiteSpace" : false
    }, {
      "id" : "s7-t4",
      "begin" : 652,
      "end" : 661,
      "text" : "notifying",
      "whiteSpace" : false
    }, {
      "id" : "s7-t5",
      "begin" : 662,
      "end" : 665,
      "text" : "the",
      "whiteSpace" : false
    }, {
      "id" : "s7-t6",
      "begin" : 666,
      "end" : 670,
      "text" : "team",
      "whiteSpace" : false
    }, {
      "id" : "s7-t7",
      "begin" : 671,
      "end" : 673,
      "text" : "at",
      "whiteSpace" : false
    }, {
      "id" : "s7-t8",
      "begin" : 674,
      "end" : 676,
      "text" : "my",
      "whiteSpace" : false
    }, {
      "id" : "s7-t9",
      "begin" : 677,
      "end" : 686,
      "text" : "companies",
      "whiteSpace" : false
    }, {
      "id" : "s7-t10",
      "begin" : 687,
      "end" : 695,
      "text" : "employee",
      "whiteSpace" : false
    }, {
      "id" : "s7-t11",
      "begin" : 696,
      "end" : 704,
      "text" : "discount",
      "whiteSpace" : false
    }, {
      "id" : "s7-t12",
      "begin" : 705,
      "end" : 712,
      "text" : "program",
      "whiteSpace" : false
    }, {
      "id" : "s7-t13",
      "begin" : 713,
      "end" : 715,
      "text" : "of",
      "whiteSpace" : false
    }, {
      "id" : "s7-t14",
      "begin" : 716,
      "end" : 719,
      "text" : "the",
      "whiteSpace" : false
    }, {
      "id" : "s7-t15",
      "begin" : 720,
      "end" : 727,
      "text" : "failure",
      "whiteSpace" : false
    }, {
      "id" : "s7-t16",
      "begin" : 728,
      "end" : 730,
      "text" : "to",
      "whiteSpace" : false
    }, {
      "id" : "s7-t17",
      "begin" : 731,
      "end" : 735,
      "text" : "meet",
      "whiteSpace" : false
    }, {
      "id" : "s7-t18",
      "begin" : 736,
      "end" : 747,
      "text" : "commitments",
      "whiteSpace" : false
    }, {
      "id" : "s7-t19",
      "begin" : 747,
      "end" : 749,
      "text" : "..",
      "whiteSpace" : false
    } ]
  } ],
  "mentions" : [ {
    "id" : "s1-m0",
    "properties" : {
      "SIRE_MENTION_ROLE" : "Service_Provider",
      "SIRE_MENTION_TYPE" : "NONE",
      "SIRE_ENTITY_SUBTYPE" : "NONE",
      "SIRE_MENTION_CLASS" : "SPC"
    },
    "type" : "Service_Provider",
    "begin" : 55,
    "end" : 58,
    "inCoref" : false
  }, {
    "id" : "s2-m0",
    "properties" : {
      "SIRE_MENTION_ROLE" : "Product",
      "SIRE_MENTION_TYPE" : "NONE",
      "SIRE_ENTITY_SUBTYPE" : "NONE",
      "SIRE_MENTION_CLASS" : "SPC"
    },
    "type" : "Product",
    "begin" : 115,
    "end" : 117,
    "inCoref" : false
  }, {
    "id" : "cm1",
    "properties" : {
      "SIRE_MENTION_ROLE" : "Service_Plan",
      "SIRE_ENTITY_SUBTYPE" : "NONE",
      "SIRE_MENTION_TYPE" : "NONE",
      "SIRE_MENTION_CLASS" : "SPC"
    },
    "type" : "Service_Plan",
    "begin" : 191,
    "end" : 213,
    "inCoref" : false
  }, {
    "id" : "s9-m0",
    "properties" : {
      "SIRE_MENTION_ROLE" : "Service_Provider",
      "SIRE_MENTION_TYPE" : "NONE",
      "SIRE_ENTITY_SUBTYPE" : "NONE",
      "SIRE_MENTION_CLASS" : "SPC"
    },
    "type" : "Service_Provider",
    "begin" : 499,
    "end" : 502,
    "inCoref" : false
  }, {
    "id" : "s6-m1",
    "properties" : {
      "SIRE_MENTION_ROLE" : "Product",
      "SIRE_ENTITY_SUBTYPE" : "NONE",
      "SIRE_MENTION_TYPE" : "NONE",
      "SIRE_MENTION_CLASS" : "SPC"
    },
    "type" : "Product",
    "begin" : 613,
    "end" : 620,
    "inCoref" : false
  }, {
    "id" : "s6-m2",
    "properties" : {
      "SIRE_MENTION_ROLE" : "Product",
      "SIRE_ENTITY_SUBTYPE" : "NONE",
      "SIRE_MENTION_TYPE" : "NONE",
      "SIRE_MENTION_CLASS" : "SPC"
    },
    "type" : "Product",
    "begin" : 625,
    "end" : 635,
    "inCoref" : false
  } ],
  "relations" : [ ],
  "corefs" : [ ],
  "typeResolved" : true,
  "userResolved" : false
}