{
  "id" : "a6e86d20-fed8-11e6-a6f8-37d4ef31c6bc-0",
  "name" : "12363afb9c15cd36099d66e9c62e5706.txt",
  "version" : 3,
  "text" : "New Account\n\nHow do I remove myself, from an existingplan and transfer my phone to a new\naccount?\n\n",
  "docLength" : 0,
  "language" : "EN",
  "status" : "READY",
  "modifiedDate" : 1488747639130,
  "documentSet" : [ ],
  "preannotation" : [ "PRE_LW" ],
  "sentences" : [ {
    "id" : "s0",
    "begin" : 0,
    "end" : 11,
    "text" : "New Account",
    "tokens" : [ {
      "id" : "s0-t0",
      "begin" : 0,
      "end" : 3,
      "text" : "New",
      "whiteSpace" : false
    }, {
      "id" : "s0-t1",
      "begin" : 4,
      "end" : 11,
      "text" : "Account",
      "whiteSpace" : false
    } ]
  }, {
    "id" : "s1",
    "begin" : 13,
    "end" : 97,
    "text" : "How do I remove myself, from an existingplan and transfer my phone to a new\naccount?",
    "tokens" : [ {
      "id" : "s1-t0",
      "begin" : 13,
      "end" : 16,
      "text" : "How",
      "whiteSpace" : false
    }, {
      "id" : "s1-t1",
      "begin" : 17,
      "end" : 19,
      "text" : "do",
      "whiteSpace" : false
    }, {
      "id" : "s1-t2",
      "begin" : 20,
      "end" : 21,
      "text" : "I",
      "whiteSpace" : false
    }, {
      "id" : "s1-t3",
      "begin" : 22,
      "end" : 28,
      "text" : "remove",
      "whiteSpace" : false
    }, {
      "id" : "s1-t4",
      "begin" : 29,
      "end" : 35,
      "text" : "myself",
      "whiteSpace" : false
    }, {
      "id" : "s1-t5",
      "begin" : 35,
      "end" : 36,
      "text" : ",",
      "whiteSpace" : false
    }, {
      "id" : "s1-t6",
      "begin" : 37,
      "end" : 41,
      "text" : "from",
      "whiteSpace" : false
    }, {
      "id" : "s1-t7",
      "begin" : 42,
      "end" : 44,
      "text" : "an",
      "whiteSpace" : false
    }, {
      "id" : "s1-t8",
      "begin" : 45,
      "end" : 57,
      "text" : "existingplan",
      "whiteSpace" : false
    }, {
      "id" : "s1-t9",
      "begin" : 58,
      "end" : 61,
      "text" : "and",
      "whiteSpace" : false
    }, {
      "id" : "s1-t10",
      "begin" : 62,
      "end" : 70,
      "text" : "transfer",
      "whiteSpace" : false
    }, {
      "id" : "s1-t11",
      "begin" : 71,
      "end" : 73,
      "text" : "my",
      "whiteSpace" : false
    }, {
      "id" : "s1-t12",
      "begin" : 74,
      "end" : 79,
      "text" : "phone",
      "whiteSpace" : false
    }, {
      "id" : "s1-t13",
      "begin" : 80,
      "end" : 82,
      "text" : "to",
      "whiteSpace" : false
    }, {
      "id" : "s1-t14",
      "begin" : 83,
      "end" : 84,
      "text" : "a",
      "whiteSpace" : false
    }, {
      "id" : "s1-t15",
      "begin" : 85,
      "end" : 88,
      "text" : "new",
      "whiteSpace" : false
    }, {
      "id" : "s1-t16",
      "begin" : 89,
      "end" : 96,
      "text" : "account",
      "whiteSpace" : false
    }, {
      "id" : "s1-t17",
      "begin" : 96,
      "end" : 97,
      "text" : "?",
      "whiteSpace" : false
    } ]
  } ],
  "mentions" : [ {
    "id" : "cm1",
    "properties" : {
      "SIRE_MENTION_ROLE" : "Service_Plan",
      "SIRE_ENTITY_SUBTYPE" : "NONE",
      "SIRE_MENTION_TYPE" : "NONE",
      "SIRE_MENTION_CLASS" : "SPC"
    },
    "type" : "Service_Plan",
    "begin" : 53,
    "end" : 57,
    "inCoref" : false
  } ],
  "relations" : [ ],
  "corefs" : [ ],
  "typeResolved" : true,
  "userResolved" : false
}