{
  "id" : "b3daa2a0-fed8-11e6-8000-d92e1a7e5bd1-3",
  "name" : "12363afb9c15cd36099d66e9c68a996c.txt",
  "version" : 3,
  "text" : "employee discount\n\nI have been an employee of WMC for over a year, just found out about the\nemployee discount. I want it!!!Solved!Go to Solution.\n\n",
  "docLength" : 0,
  "language" : "EN",
  "status" : "READY",
  "modifiedDate" : 1488747514476,
  "documentSet" : [ ],
  "preannotation" : [ "PRE_LW" ],
  "sentences" : [ {
    "id" : "s0",
    "begin" : 0,
    "end" : 17,
    "text" : "employee discount",
    "tokens" : [ {
      "id" : "s0-t0",
      "begin" : 0,
      "end" : 8,
      "text" : "employee",
      "whiteSpace" : false
    }, {
      "id" : "s0-t1",
      "begin" : 9,
      "end" : 17,
      "text" : "discount",
      "whiteSpace" : false
    } ]
  }, {
    "id" : "s1",
    "begin" : 19,
    "end" : 110,
    "text" : "I have been an employee of WMC for over a year, just found out about the\nemployee discount.",
    "tokens" : [ {
      "id" : "s1-t0",
      "begin" : 19,
      "end" : 20,
      "text" : "I",
      "whiteSpace" : false
    }, {
      "id" : "s1-t1",
      "begin" : 21,
      "end" : 25,
      "text" : "have",
      "whiteSpace" : false
    }, {
      "id" : "s1-t2",
      "begin" : 26,
      "end" : 30,
      "text" : "been",
      "whiteSpace" : false
    }, {
      "id" : "s1-t3",
      "begin" : 31,
      "end" : 33,
      "text" : "an",
      "whiteSpace" : false
    }, {
      "id" : "s1-t4",
      "begin" : 34,
      "end" : 42,
      "text" : "employee",
      "whiteSpace" : false
    }, {
      "id" : "s1-t5",
      "begin" : 43,
      "end" : 45,
      "text" : "of",
      "whiteSpace" : false
    }, {
      "id" : "s1-t6",
      "begin" : 46,
      "end" : 49,
      "text" : "WMC",
      "whiteSpace" : false
    }, {
      "id" : "s1-t7",
      "begin" : 50,
      "end" : 53,
      "text" : "for",
      "whiteSpace" : false
    }, {
      "id" : "s1-t8",
      "begin" : 54,
      "end" : 58,
      "text" : "over",
      "whiteSpace" : false
    }, {
      "id" : "s1-t9",
      "begin" : 59,
      "end" : 60,
      "text" : "a",
      "whiteSpace" : false
    }, {
      "id" : "s1-t10",
      "begin" : 61,
      "end" : 65,
      "text" : "year",
      "whiteSpace" : false
    }, {
      "id" : "s1-t11",
      "begin" : 65,
      "end" : 66,
      "text" : ",",
      "whiteSpace" : false
    }, {
      "id" : "s1-t12",
      "begin" : 67,
      "end" : 71,
      "text" : "just",
      "whiteSpace" : false
    }, {
      "id" : "s1-t13",
      "begin" : 72,
      "end" : 77,
      "text" : "found",
      "whiteSpace" : false
    }, {
      "id" : "s1-t14",
      "begin" : 78,
      "end" : 81,
      "text" : "out",
      "whiteSpace" : false
    }, {
      "id" : "s1-t15",
      "begin" : 82,
      "end" : 87,
      "text" : "about",
      "whiteSpace" : false
    }, {
      "id" : "s1-t16",
      "begin" : 88,
      "end" : 91,
      "text" : "the",
      "whiteSpace" : false
    }, {
      "id" : "s1-t17",
      "begin" : 92,
      "end" : 100,
      "text" : "employee",
      "whiteSpace" : false
    }, {
      "id" : "s1-t18",
      "begin" : 101,
      "end" : 109,
      "text" : "discount",
      "whiteSpace" : false
    }, {
      "id" : "s1-t19",
      "begin" : 109,
      "end" : 110,
      "text" : ".",
      "whiteSpace" : false
    } ]
  }, {
    "id" : "s2",
    "begin" : 111,
    "end" : 123,
    "text" : "I want it!!!",
    "tokens" : [ {
      "id" : "s2-t0",
      "begin" : 111,
      "end" : 112,
      "text" : "I",
      "whiteSpace" : false
    }, {
      "id" : "s2-t1",
      "begin" : 113,
      "end" : 117,
      "text" : "want",
      "whiteSpace" : false
    }, {
      "id" : "s2-t2",
      "begin" : 118,
      "end" : 120,
      "text" : "it",
      "whiteSpace" : false
    }, {
      "id" : "s2-t3",
      "begin" : 120,
      "end" : 121,
      "text" : "!",
      "whiteSpace" : false
    }, {
      "id" : "s2-t4",
      "begin" : 121,
      "end" : 122,
      "text" : "!",
      "whiteSpace" : false
    }, {
      "id" : "s2-t5",
      "begin" : 122,
      "end" : 123,
      "text" : "!",
      "whiteSpace" : false
    } ]
  }, {
    "id" : "s3",
    "begin" : 123,
    "end" : 145,
    "text" : "Solved!Go to Solution.",
    "tokens" : [ {
      "id" : "s3-t0",
      "begin" : 123,
      "end" : 130,
      "text" : "Solved!",
      "whiteSpace" : false
    }, {
      "id" : "s3-t1",
      "begin" : 130,
      "end" : 132,
      "text" : "Go",
      "whiteSpace" : false
    }, {
      "id" : "s3-t2",
      "begin" : 133,
      "end" : 135,
      "text" : "to",
      "whiteSpace" : false
    }, {
      "id" : "s3-t3",
      "begin" : 136,
      "end" : 144,
      "text" : "Solution",
      "whiteSpace" : false
    }, {
      "id" : "s3-t4",
      "begin" : 144,
      "end" : 145,
      "text" : ".",
      "whiteSpace" : false
    } ]
  } ],
  "mentions" : [ ],
  "relations" : [ ],
  "corefs" : [ ],
  "typeResolved" : true,
  "userResolved" : false
}