{
  "id" : "b3daa2a0-fed8-11e6-8000-d92e1a7e5bd1-9",
  "name" : "12363afb9c15cd36099d66e9c6612634.txt",
  "version" : 3,
  "text" : "Can I sign up to AT&amp;t; with an existing iphone\n\nBasically what the title says, I have an Iphone but no plan and I want to know\nif I can sign up to AT&amp;T; like normal or do I still need to purches a\nphone?Solved!Go to Solution.\n\n",
  "docLength" : 0,
  "language" : "EN",
  "status" : "READY",
  "modifiedDate" : 1488747599385,
  "documentSet" : [ ],
  "preannotation" : [ "PRE_LW" ],
  "sentences" : [ {
    "id" : "s0",
    "begin" : 0,
    "end" : 50,
    "text" : "Can I sign up to AT&amp;t; with an existing iphone",
    "tokens" : [ {
      "id" : "s0-t0",
      "begin" : 0,
      "end" : 3,
      "text" : "Can",
      "whiteSpace" : false
    }, {
      "id" : "s0-t1",
      "begin" : 4,
      "end" : 5,
      "text" : "I",
      "whiteSpace" : false
    }, {
      "id" : "s0-t2",
      "begin" : 6,
      "end" : 10,
      "text" : "sign",
      "whiteSpace" : false
    }, {
      "id" : "s0-t3",
      "begin" : 11,
      "end" : 13,
      "text" : "up",
      "whiteSpace" : false
    }, {
      "id" : "s0-t4",
      "begin" : 14,
      "end" : 16,
      "text" : "to",
      "whiteSpace" : false
    }, {
      "id" : "s0-t5",
      "begin" : 17,
      "end" : 19,
      "text" : "AT",
      "whiteSpace" : false
    }, {
      "id" : "s0-t6",
      "begin" : 19,
      "end" : 24,
      "text" : "&amp;",
      "whiteSpace" : false
    }, {
      "id" : "s0-t7",
      "begin" : 24,
      "end" : 26,
      "text" : "t;",
      "whiteSpace" : false
    }, {
      "id" : "s0-t8",
      "begin" : 27,
      "end" : 31,
      "text" : "with",
      "whiteSpace" : false
    }, {
      "id" : "s0-t9",
      "begin" : 32,
      "end" : 34,
      "text" : "an",
      "whiteSpace" : false
    }, {
      "id" : "s0-t10",
      "begin" : 35,
      "end" : 43,
      "text" : "existing",
      "whiteSpace" : false
    }, {
      "id" : "s0-t11",
      "begin" : 44,
      "end" : 50,
      "text" : "iphone",
      "whiteSpace" : false
    } ]
  }, {
    "id" : "s1",
    "begin" : 52,
    "end" : 211,
    "text" : "Basically what the title says, I have an Iphone but no plan and I want to know\nif I can sign up to AT&amp;T; like normal or do I still need to purches a\nphone?",
    "tokens" : [ {
      "id" : "s1-t0",
      "begin" : 52,
      "end" : 61,
      "text" : "Basically",
      "whiteSpace" : false
    }, {
      "id" : "s1-t1",
      "begin" : 62,
      "end" : 66,
      "text" : "what",
      "whiteSpace" : false
    }, {
      "id" : "s1-t2",
      "begin" : 67,
      "end" : 70,
      "text" : "the",
      "whiteSpace" : false
    }, {
      "id" : "s1-t3",
      "begin" : 71,
      "end" : 76,
      "text" : "title",
      "whiteSpace" : false
    }, {
      "id" : "s1-t4",
      "begin" : 77,
      "end" : 81,
      "text" : "says",
      "whiteSpace" : false
    }, {
      "id" : "s1-t5",
      "begin" : 81,
      "end" : 82,
      "text" : ",",
      "whiteSpace" : false
    }, {
      "id" : "s1-t6",
      "begin" : 83,
      "end" : 84,
      "text" : "I",
      "whiteSpace" : false
    }, {
      "id" : "s1-t7",
      "begin" : 85,
      "end" : 89,
      "text" : "have",
      "whiteSpace" : false
    }, {
      "id" : "s1-t8",
      "begin" : 90,
      "end" : 92,
      "text" : "an",
      "whiteSpace" : false
    }, {
      "id" : "s1-t9",
      "begin" : 93,
      "end" : 99,
      "text" : "Iphone",
      "whiteSpace" : false
    }, {
      "id" : "s1-t10",
      "begin" : 100,
      "end" : 103,
      "text" : "but",
      "whiteSpace" : false
    }, {
      "id" : "s1-t11",
      "begin" : 104,
      "end" : 106,
      "text" : "no",
      "whiteSpace" : false
    }, {
      "id" : "s1-t12",
      "begin" : 107,
      "end" : 111,
      "text" : "plan",
      "whiteSpace" : false
    }, {
      "id" : "s1-t13",
      "begin" : 112,
      "end" : 115,
      "text" : "and",
      "whiteSpace" : false
    }, {
      "id" : "s1-t14",
      "begin" : 116,
      "end" : 117,
      "text" : "I",
      "whiteSpace" : false
    }, {
      "id" : "s1-t15",
      "begin" : 118,
      "end" : 122,
      "text" : "want",
      "whiteSpace" : false
    }, {
      "id" : "s1-t16",
      "begin" : 123,
      "end" : 125,
      "text" : "to",
      "whiteSpace" : false
    }, {
      "id" : "s1-t17",
      "begin" : 126,
      "end" : 130,
      "text" : "know",
      "whiteSpace" : false
    }, {
      "id" : "s1-t18",
      "begin" : 131,
      "end" : 133,
      "text" : "if",
      "whiteSpace" : false
    }, {
      "id" : "s1-t19",
      "begin" : 134,
      "end" : 135,
      "text" : "I",
      "whiteSpace" : false
    }, {
      "id" : "s1-t20",
      "begin" : 136,
      "end" : 139,
      "text" : "can",
      "whiteSpace" : false
    }, {
      "id" : "s1-t21",
      "begin" : 140,
      "end" : 144,
      "text" : "sign",
      "whiteSpace" : false
    }, {
      "id" : "s1-t22",
      "begin" : 145,
      "end" : 147,
      "text" : "up",
      "whiteSpace" : false
    }, {
      "id" : "s1-t23",
      "begin" : 148,
      "end" : 150,
      "text" : "to",
      "whiteSpace" : false
    }, {
      "id" : "s1-t24",
      "begin" : 151,
      "end" : 153,
      "text" : "AT",
      "whiteSpace" : false
    }, {
      "id" : "s1-t25",
      "begin" : 153,
      "end" : 158,
      "text" : "&amp;",
      "whiteSpace" : false
    }, {
      "id" : "s1-t26",
      "begin" : 158,
      "end" : 160,
      "text" : "T;",
      "whiteSpace" : false
    }, {
      "id" : "s1-t27",
      "begin" : 161,
      "end" : 165,
      "text" : "like",
      "whiteSpace" : false
    }, {
      "id" : "s1-t28",
      "begin" : 166,
      "end" : 172,
      "text" : "normal",
      "whiteSpace" : false
    }, {
      "id" : "s1-t29",
      "begin" : 173,
      "end" : 175,
      "text" : "or",
      "whiteSpace" : false
    }, {
      "id" : "s1-t30",
      "begin" : 176,
      "end" : 178,
      "text" : "do",
      "whiteSpace" : false
    }, {
      "id" : "s1-t31",
      "begin" : 179,
      "end" : 180,
      "text" : "I",
      "whiteSpace" : false
    }, {
      "id" : "s1-t32",
      "begin" : 181,
      "end" : 186,
      "text" : "still",
      "whiteSpace" : false
    }, {
      "id" : "s1-t33",
      "begin" : 187,
      "end" : 191,
      "text" : "need",
      "whiteSpace" : false
    }, {
      "id" : "s1-t34",
      "begin" : 192,
      "end" : 194,
      "text" : "to",
      "whiteSpace" : false
    }, {
      "id" : "s1-t35",
      "begin" : 195,
      "end" : 202,
      "text" : "purches",
      "whiteSpace" : false
    }, {
      "id" : "s1-t36",
      "begin" : 203,
      "end" : 204,
      "text" : "a",
      "whiteSpace" : false
    }, {
      "id" : "s1-t37",
      "begin" : 205,
      "end" : 210,
      "text" : "phone",
      "whiteSpace" : false
    }, {
      "id" : "s1-t38",
      "begin" : 210,
      "end" : 211,
      "text" : "?",
      "whiteSpace" : false
    } ]
  }, {
    "id" : "s2",
    "begin" : 211,
    "end" : 233,
    "text" : "Solved!Go to Solution.",
    "tokens" : [ {
      "id" : "s2-t0",
      "begin" : 211,
      "end" : 218,
      "text" : "Solved!",
      "whiteSpace" : false
    }, {
      "id" : "s2-t1",
      "begin" : 218,
      "end" : 220,
      "text" : "Go",
      "whiteSpace" : false
    }, {
      "id" : "s2-t2",
      "begin" : 221,
      "end" : 223,
      "text" : "to",
      "whiteSpace" : false
    }, {
      "id" : "s2-t3",
      "begin" : 224,
      "end" : 232,
      "text" : "Solution",
      "whiteSpace" : false
    }, {
      "id" : "s2-t4",
      "begin" : 232,
      "end" : 233,
      "text" : ".",
      "whiteSpace" : false
    } ]
  } ],
  "mentions" : [ {
    "id" : "s0-m2",
    "properties" : {
      "SIRE_MENTION_ROLE" : "Service_Provider",
      "SIRE_ENTITY_SUBTYPE" : "NONE",
      "SIRE_MENTION_TYPE" : "NONE",
      "SIRE_MENTION_CLASS" : "SPC"
    },
    "type" : "Service_Provider",
    "begin" : 17,
    "end" : 25,
    "inCoref" : false
  }, {
    "id" : "s0-m0",
    "properties" : {
      "SIRE_MENTION_ROLE" : "Product",
      "SIRE_MENTION_TYPE" : "NONE",
      "SIRE_ENTITY_SUBTYPE" : "NONE",
      "SIRE_MENTION_CLASS" : "SPC"
    },
    "type" : "Product",
    "begin" : 44,
    "end" : 50,
    "inCoref" : false
  }, {
    "id" : "s1-m0",
    "properties" : {
      "SIRE_MENTION_ROLE" : "Product",
      "SIRE_MENTION_TYPE" : "NONE",
      "SIRE_ENTITY_SUBTYPE" : "NONE",
      "SIRE_MENTION_CLASS" : "SPC"
    },
    "type" : "Product",
    "begin" : 93,
    "end" : 99,
    "inCoref" : false
  }, {
    "id" : "cm2",
    "properties" : {
      "SIRE_MENTION_ROLE" : "Service_Plan",
      "SIRE_ENTITY_SUBTYPE" : "NONE",
      "SIRE_MENTION_TYPE" : "NONE",
      "SIRE_MENTION_CLASS" : "SPC"
    },
    "type" : "Service_Plan",
    "begin" : 107,
    "end" : 111,
    "inCoref" : false
  }, {
    "id" : "cm1",
    "properties" : {
      "SIRE_MENTION_ROLE" : "Service_Provider",
      "SIRE_ENTITY_SUBTYPE" : "NONE",
      "SIRE_MENTION_TYPE" : "NONE",
      "SIRE_MENTION_CLASS" : "SPC"
    },
    "type" : "Service_Provider",
    "begin" : 151,
    "end" : 159,
    "inCoref" : false
  } ],
  "relations" : [ ],
  "corefs" : [ ],
  "typeResolved" : true,
  "userResolved" : false
}