{
  "id" : "b3daa2a0-fed8-11e6-8000-d92e1a7e5bd1-5",
  "name" : "12363afb9c15cd36099d66e9c654ab48.txt",
  "version" : 3,
  "text" : "Can I get AT&amp;T; retention phone number..\n\nCan I get AT&amp;T; retention phone number..Solved!Go to Solution.\n\n",
  "docLength" : 0,
  "language" : "EN",
  "status" : "READY",
  "modifiedDate" : 1488747522106,
  "documentSet" : [ ],
  "preannotation" : [ "PRE_LW" ],
  "sentences" : [ {
    "id" : "s0",
    "begin" : 0,
    "end" : 44,
    "text" : "Can I get AT&amp;T; retention phone number..",
    "tokens" : [ {
      "id" : "s0-t0",
      "begin" : 0,
      "end" : 3,
      "text" : "Can",
      "whiteSpace" : false
    }, {
      "id" : "s0-t1",
      "begin" : 4,
      "end" : 5,
      "text" : "I",
      "whiteSpace" : false
    }, {
      "id" : "s0-t2",
      "begin" : 6,
      "end" : 9,
      "text" : "get",
      "whiteSpace" : false
    }, {
      "id" : "s0-t3",
      "begin" : 10,
      "end" : 12,
      "text" : "AT",
      "whiteSpace" : false
    }, {
      "id" : "s0-t4",
      "begin" : 12,
      "end" : 17,
      "text" : "&amp;",
      "whiteSpace" : false
    }, {
      "id" : "s0-t5",
      "begin" : 17,
      "end" : 19,
      "text" : "T;",
      "whiteSpace" : false
    }, {
      "id" : "s0-t6",
      "begin" : 20,
      "end" : 29,
      "text" : "retention",
      "whiteSpace" : false
    }, {
      "id" : "s0-t7",
      "begin" : 30,
      "end" : 35,
      "text" : "phone",
      "whiteSpace" : false
    }, {
      "id" : "s0-t8",
      "begin" : 36,
      "end" : 42,
      "text" : "number",
      "whiteSpace" : false
    }, {
      "id" : "s0-t9",
      "begin" : 42,
      "end" : 44,
      "text" : "..",
      "whiteSpace" : false
    } ]
  }, {
    "id" : "s1",
    "begin" : 46,
    "end" : 112,
    "text" : "Can I get AT&amp;T; retention phone number..Solved!Go to Solution.",
    "tokens" : [ {
      "id" : "s1-t0",
      "begin" : 46,
      "end" : 49,
      "text" : "Can",
      "whiteSpace" : false
    }, {
      "id" : "s1-t1",
      "begin" : 50,
      "end" : 51,
      "text" : "I",
      "whiteSpace" : false
    }, {
      "id" : "s1-t2",
      "begin" : 52,
      "end" : 55,
      "text" : "get",
      "whiteSpace" : false
    }, {
      "id" : "s1-t3",
      "begin" : 56,
      "end" : 58,
      "text" : "AT",
      "whiteSpace" : false
    }, {
      "id" : "s1-t4",
      "begin" : 58,
      "end" : 63,
      "text" : "&amp;",
      "whiteSpace" : false
    }, {
      "id" : "s1-t5",
      "begin" : 63,
      "end" : 65,
      "text" : "T;",
      "whiteSpace" : false
    }, {
      "id" : "s1-t6",
      "begin" : 66,
      "end" : 75,
      "text" : "retention",
      "whiteSpace" : false
    }, {
      "id" : "s1-t7",
      "begin" : 76,
      "end" : 81,
      "text" : "phone",
      "whiteSpace" : false
    }, {
      "id" : "s1-t8",
      "begin" : 82,
      "end" : 88,
      "text" : "number",
      "whiteSpace" : false
    }, {
      "id" : "s1-t9",
      "begin" : 88,
      "end" : 90,
      "text" : "..",
      "whiteSpace" : false
    }, {
      "id" : "s1-t10",
      "begin" : 90,
      "end" : 97,
      "text" : "Solved!",
      "whiteSpace" : false
    }, {
      "id" : "s1-t11",
      "begin" : 97,
      "end" : 99,
      "text" : "Go",
      "whiteSpace" : false
    }, {
      "id" : "s1-t12",
      "begin" : 100,
      "end" : 102,
      "text" : "to",
      "whiteSpace" : false
    }, {
      "id" : "s1-t13",
      "begin" : 103,
      "end" : 111,
      "text" : "Solution",
      "whiteSpace" : false
    }, {
      "id" : "s1-t14",
      "begin" : 111,
      "end" : 112,
      "text" : ".",
      "whiteSpace" : false
    } ]
  } ],
  "mentions" : [ {
    "id" : "cm1",
    "properties" : {
      "SIRE_MENTION_ROLE" : "Service_Provider",
      "SIRE_ENTITY_SUBTYPE" : "NONE",
      "SIRE_MENTION_TYPE" : "NONE",
      "SIRE_MENTION_CLASS" : "SPC"
    },
    "type" : "Service_Provider",
    "begin" : 10,
    "end" : 18,
    "inCoref" : false
  }, {
    "id" : "cm3",
    "properties" : {
      "SIRE_MENTION_ROLE" : "Voice_Text",
      "SIRE_ENTITY_SUBTYPE" : "NONE",
      "SIRE_MENTION_TYPE" : "NONE",
      "SIRE_MENTION_CLASS" : "SPC"
    },
    "type" : "Voice_Text",
    "begin" : 30,
    "end" : 42,
    "inCoref" : false
  }, {
    "id" : "cm2",
    "properties" : {
      "SIRE_MENTION_ROLE" : "Service_Provider",
      "SIRE_ENTITY_SUBTYPE" : "NONE",
      "SIRE_MENTION_TYPE" : "NONE",
      "SIRE_MENTION_CLASS" : "SPC"
    },
    "type" : "Service_Provider",
    "begin" : 56,
    "end" : 64,
    "inCoref" : false
  }, {
    "id" : "cm4",
    "properties" : {
      "SIRE_MENTION_ROLE" : "Voice_Text",
      "SIRE_ENTITY_SUBTYPE" : "NONE",
      "SIRE_MENTION_TYPE" : "NONE",
      "SIRE_MENTION_CLASS" : "SPC"
    },
    "type" : "Voice_Text",
    "begin" : 76,
    "end" : 88,
    "inCoref" : false
  } ],
  "relations" : [ ],
  "corefs" : [ ],
  "typeResolved" : true,
  "userResolved" : false
}