{
  "id" : "b3daa2a0-fed8-11e6-8000-d92e1a7e5bd1-6",
  "name" : "12363afb9c15cd36099d66e9c660ceaf.txt",
  "version" : 3,
  "text" : "Will Mobile to Any Mobile Change My Current Features/Plans/Upgrade Period?\n\nAfter reading posts from others who have had issues with their accounts\nchanging to things they've not authorized I wanted to post the question : \"\nwill mobile to any mobile being automatically added to each of my lines as a\nfree plan upgrade from att change any of my current features, plan and/or\nupgrade period\"?There's so many behind the scene modifications that can occur\nwhen you the customer make a change in your plan that we dont think about\nuntil \"after\" a change has occured and then we end up losing a feature we\ncan't \"roll back\" to.I didnt ask for the mobile to any mobile (really dont\nneed it since i have unlimited calling/texting anyway). i do appreciate the\nnice gesture from AT&amp;T; but do not want to find later that \"because of a\nplan change, this or that is no longer available\".I think i will give CSR a\ncall anyway just to have the question documented on my account\nlog....Solved!Go to Solution.\n\n",
  "docLength" : 0,
  "language" : "EN",
  "status" : "READY",
  "modifiedDate" : 1488747549108,
  "documentSet" : [ ],
  "preannotation" : [ "PRE_LW" ],
  "sentences" : [ {
    "id" : "s0",
    "begin" : 0,
    "end" : 74,
    "text" : "Will Mobile to Any Mobile Change My Current Features/Plans/Upgrade Period?",
    "tokens" : [ {
      "id" : "s0-t0",
      "begin" : 0,
      "end" : 4,
      "text" : "Will",
      "whiteSpace" : false
    }, {
      "id" : "s0-t1",
      "begin" : 5,
      "end" : 11,
      "text" : "Mobile",
      "whiteSpace" : false
    }, {
      "id" : "s0-t2",
      "begin" : 12,
      "end" : 14,
      "text" : "to",
      "whiteSpace" : false
    }, {
      "id" : "s0-t3",
      "begin" : 15,
      "end" : 18,
      "text" : "Any",
      "whiteSpace" : false
    }, {
      "id" : "s0-t4",
      "begin" : 19,
      "end" : 25,
      "text" : "Mobile",
      "whiteSpace" : false
    }, {
      "id" : "s0-t5",
      "begin" : 26,
      "end" : 32,
      "text" : "Change",
      "whiteSpace" : false
    }, {
      "id" : "s0-t6",
      "begin" : 33,
      "end" : 35,
      "text" : "My",
      "whiteSpace" : false
    }, {
      "id" : "s0-t7",
      "begin" : 36,
      "end" : 43,
      "text" : "Current",
      "whiteSpace" : false
    }, {
      "id" : "s0-t8",
      "begin" : 44,
      "end" : 52,
      "text" : "Features",
      "whiteSpace" : false
    }, {
      "id" : "s0-t9",
      "begin" : 52,
      "end" : 53,
      "text" : "/",
      "whiteSpace" : false
    }, {
      "id" : "s0-t10",
      "begin" : 53,
      "end" : 58,
      "text" : "Plans",
      "whiteSpace" : false
    }, {
      "id" : "s0-t11",
      "begin" : 58,
      "end" : 59,
      "text" : "/",
      "whiteSpace" : false
    }, {
      "id" : "s0-t12",
      "begin" : 59,
      "end" : 66,
      "text" : "Upgrade",
      "whiteSpace" : false
    }, {
      "id" : "s0-t13",
      "begin" : 67,
      "end" : 73,
      "text" : "Period",
      "whiteSpace" : false
    }, {
      "id" : "s0-t14",
      "begin" : 73,
      "end" : 74,
      "text" : "?",
      "whiteSpace" : false
    } ]
  }, {
    "id" : "s1",
    "begin" : 76,
    "end" : 731,
    "text" : "After reading posts from others who have had issues with their accounts\nchanging to things they've not authorized I wanted to post the question : \"\nwill mobile to any mobile being automatically added to each of my lines as a\nfree plan upgrade from att change any of my current features, plan and/or\nupgrade period\"?There's so many behind the scene modifications that can occur\nwhen you the customer make a change in your plan that we dont think about\nuntil \"after\" a change has occured and then we end up losing a feature we\ncan't \"roll back\" to.I didnt ask for the mobile to any mobile (really dont\nneed it since i have unlimited calling/texting anyway).",
    "tokens" : [ {
      "id" : "s1-t0",
      "begin" : 76,
      "end" : 81,
      "text" : "After",
      "whiteSpace" : false
    }, {
      "id" : "s1-t1",
      "begin" : 82,
      "end" : 89,
      "text" : "reading",
      "whiteSpace" : false
    }, {
      "id" : "s1-t2",
      "begin" : 90,
      "end" : 95,
      "text" : "posts",
      "whiteSpace" : false
    }, {
      "id" : "s1-t3",
      "begin" : 96,
      "end" : 100,
      "text" : "from",
      "whiteSpace" : false
    }, {
      "id" : "s1-t4",
      "begin" : 101,
      "end" : 107,
      "text" : "others",
      "whiteSpace" : false
    }, {
      "id" : "s1-t5",
      "begin" : 108,
      "end" : 111,
      "text" : "who",
      "whiteSpace" : false
    }, {
      "id" : "s1-t6",
      "begin" : 112,
      "end" : 116,
      "text" : "have",
      "whiteSpace" : false
    }, {
      "id" : "s1-t7",
      "begin" : 117,
      "end" : 120,
      "text" : "had",
      "whiteSpace" : false
    }, {
      "id" : "s1-t8",
      "begin" : 121,
      "end" : 127,
      "text" : "issues",
      "whiteSpace" : false
    }, {
      "id" : "s1-t9",
      "begin" : 128,
      "end" : 132,
      "text" : "with",
      "whiteSpace" : false
    }, {
      "id" : "s1-t10",
      "begin" : 133,
      "end" : 138,
      "text" : "their",
      "whiteSpace" : false
    }, {
      "id" : "s1-t11",
      "begin" : 139,
      "end" : 147,
      "text" : "accounts",
      "whiteSpace" : false
    }, {
      "id" : "s1-t12",
      "begin" : 148,
      "end" : 156,
      "text" : "changing",
      "whiteSpace" : false
    }, {
      "id" : "s1-t13",
      "begin" : 157,
      "end" : 159,
      "text" : "to",
      "whiteSpace" : false
    }, {
      "id" : "s1-t14",
      "begin" : 160,
      "end" : 166,
      "text" : "things",
      "whiteSpace" : false
    }, {
      "id" : "s1-t15",
      "begin" : 167,
      "end" : 171,
      "text" : "they",
      "whiteSpace" : false
    }, {
      "id" : "s1-t16",
      "begin" : 171,
      "end" : 174,
      "text" : "'ve",
      "whiteSpace" : false
    }, {
      "id" : "s1-t17",
      "begin" : 175,
      "end" : 178,
      "text" : "not",
      "whiteSpace" : false
    }, {
      "id" : "s1-t18",
      "begin" : 179,
      "end" : 189,
      "text" : "authorized",
      "whiteSpace" : false
    }, {
      "id" : "s1-t19",
      "begin" : 190,
      "end" : 191,
      "text" : "I",
      "whiteSpace" : false
    }, {
      "id" : "s1-t20",
      "begin" : 192,
      "end" : 198,
      "text" : "wanted",
      "whiteSpace" : false
    }, {
      "id" : "s1-t21",
      "begin" : 199,
      "end" : 201,
      "text" : "to",
      "whiteSpace" : false
    }, {
      "id" : "s1-t22",
      "begin" : 202,
      "end" : 206,
      "text" : "post",
      "whiteSpace" : false
    }, {
      "id" : "s1-t23",
      "begin" : 207,
      "end" : 210,
      "text" : "the",
      "whiteSpace" : false
    }, {
      "id" : "s1-t24",
      "begin" : 211,
      "end" : 219,
      "text" : "question",
      "whiteSpace" : false
    }, {
      "id" : "s1-t25",
      "begin" : 220,
      "end" : 221,
      "text" : ":",
      "whiteSpace" : false
    }, {
      "id" : "s1-t26",
      "begin" : 222,
      "end" : 223,
      "text" : "\"",
      "whiteSpace" : false
    }, {
      "id" : "s1-t27",
      "begin" : 224,
      "end" : 228,
      "text" : "will",
      "whiteSpace" : false
    }, {
      "id" : "s1-t28",
      "begin" : 229,
      "end" : 235,
      "text" : "mobile",
      "whiteSpace" : false
    }, {
      "id" : "s1-t29",
      "begin" : 236,
      "end" : 238,
      "text" : "to",
      "whiteSpace" : false
    }, {
      "id" : "s1-t30",
      "begin" : 239,
      "end" : 242,
      "text" : "any",
      "whiteSpace" : false
    }, {
      "id" : "s1-t31",
      "begin" : 243,
      "end" : 249,
      "text" : "mobile",
      "whiteSpace" : false
    }, {
      "id" : "s1-t32",
      "begin" : 250,
      "end" : 255,
      "text" : "being",
      "whiteSpace" : false
    }, {
      "id" : "s1-t33",
      "begin" : 256,
      "end" : 269,
      "text" : "automatically",
      "whiteSpace" : false
    }, {
      "id" : "s1-t34",
      "begin" : 270,
      "end" : 275,
      "text" : "added",
      "whiteSpace" : false
    }, {
      "id" : "s1-t35",
      "begin" : 276,
      "end" : 278,
      "text" : "to",
      "whiteSpace" : false
    }, {
      "id" : "s1-t36",
      "begin" : 279,
      "end" : 283,
      "text" : "each",
      "whiteSpace" : false
    }, {
      "id" : "s1-t37",
      "begin" : 284,
      "end" : 286,
      "text" : "of",
      "whiteSpace" : false
    }, {
      "id" : "s1-t38",
      "begin" : 287,
      "end" : 289,
      "text" : "my",
      "whiteSpace" : false
    }, {
      "id" : "s1-t39",
      "begin" : 290,
      "end" : 295,
      "text" : "lines",
      "whiteSpace" : false
    }, {
      "id" : "s1-t40",
      "begin" : 296,
      "end" : 298,
      "text" : "as",
      "whiteSpace" : false
    }, {
      "id" : "s1-t41",
      "begin" : 299,
      "end" : 300,
      "text" : "a",
      "whiteSpace" : false
    }, {
      "id" : "s1-t42",
      "begin" : 301,
      "end" : 305,
      "text" : "free",
      "whiteSpace" : false
    }, {
      "id" : "s1-t43",
      "begin" : 306,
      "end" : 310,
      "text" : "plan",
      "whiteSpace" : false
    }, {
      "id" : "s1-t44",
      "begin" : 311,
      "end" : 318,
      "text" : "upgrade",
      "whiteSpace" : false
    }, {
      "id" : "s1-t45",
      "begin" : 319,
      "end" : 323,
      "text" : "from",
      "whiteSpace" : false
    }, {
      "id" : "s1-t46",
      "begin" : 324,
      "end" : 327,
      "text" : "att",
      "whiteSpace" : false
    }, {
      "id" : "s1-t47",
      "begin" : 328,
      "end" : 334,
      "text" : "change",
      "whiteSpace" : false
    }, {
      "id" : "s1-t48",
      "begin" : 335,
      "end" : 338,
      "text" : "any",
      "whiteSpace" : false
    }, {
      "id" : "s1-t49",
      "begin" : 339,
      "end" : 341,
      "text" : "of",
      "whiteSpace" : false
    }, {
      "id" : "s1-t50",
      "begin" : 342,
      "end" : 344,
      "text" : "my",
      "whiteSpace" : false
    }, {
      "id" : "s1-t51",
      "begin" : 345,
      "end" : 352,
      "text" : "current",
      "whiteSpace" : false
    }, {
      "id" : "s1-t52",
      "begin" : 353,
      "end" : 361,
      "text" : "features",
      "whiteSpace" : false
    }, {
      "id" : "s1-t53",
      "begin" : 361,
      "end" : 362,
      "text" : ",",
      "whiteSpace" : false
    }, {
      "id" : "s1-t54",
      "begin" : 363,
      "end" : 367,
      "text" : "plan",
      "whiteSpace" : false
    }, {
      "id" : "s1-t55",
      "begin" : 368,
      "end" : 371,
      "text" : "and",
      "whiteSpace" : false
    }, {
      "id" : "s1-t56",
      "begin" : 371,
      "end" : 372,
      "text" : "/",
      "whiteSpace" : false
    }, {
      "id" : "s1-t57",
      "begin" : 372,
      "end" : 374,
      "text" : "or",
      "whiteSpace" : false
    }, {
      "id" : "s1-t58",
      "begin" : 375,
      "end" : 382,
      "text" : "upgrade",
      "whiteSpace" : false
    }, {
      "id" : "s1-t59",
      "begin" : 383,
      "end" : 389,
      "text" : "period",
      "whiteSpace" : false
    }, {
      "id" : "s1-t60",
      "begin" : 389,
      "end" : 390,
      "text" : "\"",
      "whiteSpace" : false
    }, {
      "id" : "s1-t61",
      "begin" : 390,
      "end" : 396,
      "text" : "?There",
      "whiteSpace" : false
    }, {
      "id" : "s1-t62",
      "begin" : 396,
      "end" : 398,
      "text" : "'s",
      "whiteSpace" : false
    }, {
      "id" : "s1-t63",
      "begin" : 399,
      "end" : 401,
      "text" : "so",
      "whiteSpace" : false
    }, {
      "id" : "s1-t64",
      "begin" : 402,
      "end" : 406,
      "text" : "many",
      "whiteSpace" : false
    }, {
      "id" : "s1-t65",
      "begin" : 407,
      "end" : 413,
      "text" : "behind",
      "whiteSpace" : false
    }, {
      "id" : "s1-t66",
      "begin" : 414,
      "end" : 417,
      "text" : "the",
      "whiteSpace" : false
    }, {
      "id" : "s1-t67",
      "begin" : 418,
      "end" : 423,
      "text" : "scene",
      "whiteSpace" : false
    }, {
      "id" : "s1-t68",
      "begin" : 424,
      "end" : 437,
      "text" : "modifications",
      "whiteSpace" : false
    }, {
      "id" : "s1-t69",
      "begin" : 438,
      "end" : 442,
      "text" : "that",
      "whiteSpace" : false
    }, {
      "id" : "s1-t70",
      "begin" : 443,
      "end" : 446,
      "text" : "can",
      "whiteSpace" : false
    }, {
      "id" : "s1-t71",
      "begin" : 447,
      "end" : 452,
      "text" : "occur",
      "whiteSpace" : false
    }, {
      "id" : "s1-t72",
      "begin" : 453,
      "end" : 457,
      "text" : "when",
      "whiteSpace" : false
    }, {
      "id" : "s1-t73",
      "begin" : 458,
      "end" : 461,
      "text" : "you",
      "whiteSpace" : false
    }, {
      "id" : "s1-t74",
      "begin" : 462,
      "end" : 465,
      "text" : "the",
      "whiteSpace" : false
    }, {
      "id" : "s1-t75",
      "begin" : 466,
      "end" : 474,
      "text" : "customer",
      "whiteSpace" : false
    }, {
      "id" : "s1-t76",
      "begin" : 475,
      "end" : 479,
      "text" : "make",
      "whiteSpace" : false
    }, {
      "id" : "s1-t77",
      "begin" : 480,
      "end" : 481,
      "text" : "a",
      "whiteSpace" : false
    }, {
      "id" : "s1-t78",
      "begin" : 482,
      "end" : 488,
      "text" : "change",
      "whiteSpace" : false
    }, {
      "id" : "s1-t79",
      "begin" : 489,
      "end" : 491,
      "text" : "in",
      "whiteSpace" : false
    }, {
      "id" : "s1-t80",
      "begin" : 492,
      "end" : 496,
      "text" : "your",
      "whiteSpace" : false
    }, {
      "id" : "s1-t81",
      "begin" : 497,
      "end" : 501,
      "text" : "plan",
      "whiteSpace" : false
    }, {
      "id" : "s1-t82",
      "begin" : 502,
      "end" : 506,
      "text" : "that",
      "whiteSpace" : false
    }, {
      "id" : "s1-t83",
      "begin" : 507,
      "end" : 509,
      "text" : "we",
      "whiteSpace" : false
    }, {
      "id" : "s1-t84",
      "begin" : 510,
      "end" : 514,
      "text" : "dont",
      "whiteSpace" : false
    }, {
      "id" : "s1-t85",
      "begin" : 515,
      "end" : 520,
      "text" : "think",
      "whiteSpace" : false
    }, {
      "id" : "s1-t86",
      "begin" : 521,
      "end" : 526,
      "text" : "about",
      "whiteSpace" : false
    }, {
      "id" : "s1-t87",
      "begin" : 527,
      "end" : 532,
      "text" : "until",
      "whiteSpace" : false
    }, {
      "id" : "s1-t88",
      "begin" : 533,
      "end" : 534,
      "text" : "\"",
      "whiteSpace" : false
    }, {
      "id" : "s1-t89",
      "begin" : 534,
      "end" : 539,
      "text" : "after",
      "whiteSpace" : false
    }, {
      "id" : "s1-t90",
      "begin" : 539,
      "end" : 540,
      "text" : "\"",
      "whiteSpace" : false
    }, {
      "id" : "s1-t91",
      "begin" : 541,
      "end" : 542,
      "text" : "a",
      "whiteSpace" : false
    }, {
      "id" : "s1-t92",
      "begin" : 543,
      "end" : 549,
      "text" : "change",
      "whiteSpace" : false
    }, {
      "id" : "s1-t93",
      "begin" : 550,
      "end" : 553,
      "text" : "has",
      "whiteSpace" : false
    }, {
      "id" : "s1-t94",
      "begin" : 554,
      "end" : 561,
      "text" : "occured",
      "whiteSpace" : false
    }, {
      "id" : "s1-t95",
      "begin" : 562,
      "end" : 565,
      "text" : "and",
      "whiteSpace" : false
    }, {
      "id" : "s1-t96",
      "begin" : 566,
      "end" : 570,
      "text" : "then",
      "whiteSpace" : false
    }, {
      "id" : "s1-t97",
      "begin" : 571,
      "end" : 573,
      "text" : "we",
      "whiteSpace" : false
    }, {
      "id" : "s1-t98",
      "begin" : 574,
      "end" : 577,
      "text" : "end",
      "whiteSpace" : false
    }, {
      "id" : "s1-t99",
      "begin" : 578,
      "end" : 580,
      "text" : "up",
      "whiteSpace" : false
    }, {
      "id" : "s1-t100",
      "begin" : 581,
      "end" : 587,
      "text" : "losing",
      "whiteSpace" : false
    }, {
      "id" : "s1-t101",
      "begin" : 588,
      "end" : 589,
      "text" : "a",
      "whiteSpace" : false
    }, {
      "id" : "s1-t102",
      "begin" : 590,
      "end" : 597,
      "text" : "feature",
      "whiteSpace" : false
    }, {
      "id" : "s1-t103",
      "begin" : 598,
      "end" : 600,
      "text" : "we",
      "whiteSpace" : false
    }, {
      "id" : "s1-t104",
      "begin" : 601,
      "end" : 603,
      "text" : "ca",
      "whiteSpace" : false
    }, {
      "id" : "s1-t105",
      "begin" : 603,
      "end" : 606,
      "text" : "n't",
      "whiteSpace" : false
    }, {
      "id" : "s1-t106",
      "begin" : 607,
      "end" : 608,
      "text" : "\"",
      "whiteSpace" : false
    }, {
      "id" : "s1-t107",
      "begin" : 608,
      "end" : 612,
      "text" : "roll",
      "whiteSpace" : false
    }, {
      "id" : "s1-t108",
      "begin" : 613,
      "end" : 617,
      "text" : "back",
      "whiteSpace" : false
    }, {
      "id" : "s1-t109",
      "begin" : 617,
      "end" : 618,
      "text" : "\"",
      "whiteSpace" : false
    }, {
      "id" : "s1-t110",
      "begin" : 619,
      "end" : 623,
      "text" : "to.I",
      "whiteSpace" : false
    }, {
      "id" : "s1-t111",
      "begin" : 624,
      "end" : 629,
      "text" : "didnt",
      "whiteSpace" : false
    }, {
      "id" : "s1-t112",
      "begin" : 630,
      "end" : 633,
      "text" : "ask",
      "whiteSpace" : false
    }, {
      "id" : "s1-t113",
      "begin" : 634,
      "end" : 637,
      "text" : "for",
      "whiteSpace" : false
    }, {
      "id" : "s1-t114",
      "begin" : 638,
      "end" : 641,
      "text" : "the",
      "whiteSpace" : false
    }, {
      "id" : "s1-t115",
      "begin" : 642,
      "end" : 648,
      "text" : "mobile",
      "whiteSpace" : false
    }, {
      "id" : "s1-t116",
      "begin" : 649,
      "end" : 651,
      "text" : "to",
      "whiteSpace" : false
    }, {
      "id" : "s1-t117",
      "begin" : 652,
      "end" : 655,
      "text" : "any",
      "whiteSpace" : false
    }, {
      "id" : "s1-t118",
      "begin" : 656,
      "end" : 662,
      "text" : "mobile",
      "whiteSpace" : false
    }, {
      "id" : "s1-t119",
      "begin" : 663,
      "end" : 664,
      "text" : "(",
      "whiteSpace" : false
    }, {
      "id" : "s1-t120",
      "begin" : 664,
      "end" : 670,
      "text" : "really",
      "whiteSpace" : false
    }, {
      "id" : "s1-t121",
      "begin" : 671,
      "end" : 675,
      "text" : "dont",
      "whiteSpace" : false
    }, {
      "id" : "s1-t122",
      "begin" : 676,
      "end" : 680,
      "text" : "need",
      "whiteSpace" : false
    }, {
      "id" : "s1-t123",
      "begin" : 681,
      "end" : 683,
      "text" : "it",
      "whiteSpace" : false
    }, {
      "id" : "s1-t124",
      "begin" : 684,
      "end" : 689,
      "text" : "since",
      "whiteSpace" : false
    }, {
      "id" : "s1-t125",
      "begin" : 690,
      "end" : 691,
      "text" : "i",
      "whiteSpace" : false
    }, {
      "id" : "s1-t126",
      "begin" : 692,
      "end" : 696,
      "text" : "have",
      "whiteSpace" : false
    }, {
      "id" : "s1-t127",
      "begin" : 697,
      "end" : 706,
      "text" : "unlimited",
      "whiteSpace" : false
    }, {
      "id" : "s1-t128",
      "begin" : 707,
      "end" : 714,
      "text" : "calling",
      "whiteSpace" : false
    }, {
      "id" : "s1-t129",
      "begin" : 714,
      "end" : 715,
      "text" : "/",
      "whiteSpace" : false
    }, {
      "id" : "s1-t130",
      "begin" : 715,
      "end" : 722,
      "text" : "texting",
      "whiteSpace" : false
    }, {
      "id" : "s1-t131",
      "begin" : 723,
      "end" : 729,
      "text" : "anyway",
      "whiteSpace" : false
    }, {
      "id" : "s1-t132",
      "begin" : 729,
      "end" : 730,
      "text" : ")",
      "whiteSpace" : false
    }, {
      "id" : "s1-t133",
      "begin" : 730,
      "end" : 731,
      "text" : ".",
      "whiteSpace" : false
    } ]
  }, {
    "id" : "s2",
    "begin" : 732,
    "end" : 879,
    "text" : "i do appreciate the\nnice gesture from AT&amp;T; but do not want to find later that \"because of a\nplan change, this or that is no longer available\".",
    "tokens" : [ {
      "id" : "s2-t0",
      "begin" : 732,
      "end" : 733,
      "text" : "i",
      "whiteSpace" : false
    }, {
      "id" : "s2-t1",
      "begin" : 734,
      "end" : 736,
      "text" : "do",
      "whiteSpace" : false
    }, {
      "id" : "s2-t2",
      "begin" : 737,
      "end" : 747,
      "text" : "appreciate",
      "whiteSpace" : false
    }, {
      "id" : "s2-t3",
      "begin" : 748,
      "end" : 751,
      "text" : "the",
      "whiteSpace" : false
    }, {
      "id" : "s2-t4",
      "begin" : 752,
      "end" : 756,
      "text" : "nice",
      "whiteSpace" : false
    }, {
      "id" : "s2-t5",
      "begin" : 757,
      "end" : 764,
      "text" : "gesture",
      "whiteSpace" : false
    }, {
      "id" : "s2-t6",
      "begin" : 765,
      "end" : 769,
      "text" : "from",
      "whiteSpace" : false
    }, {
      "id" : "s2-t7",
      "begin" : 770,
      "end" : 772,
      "text" : "AT",
      "whiteSpace" : false
    }, {
      "id" : "s2-t8",
      "begin" : 772,
      "end" : 777,
      "text" : "&amp;",
      "whiteSpace" : false
    }, {
      "id" : "s2-t9",
      "begin" : 777,
      "end" : 779,
      "text" : "T;",
      "whiteSpace" : false
    }, {
      "id" : "s2-t10",
      "begin" : 780,
      "end" : 783,
      "text" : "but",
      "whiteSpace" : false
    }, {
      "id" : "s2-t11",
      "begin" : 784,
      "end" : 786,
      "text" : "do",
      "whiteSpace" : false
    }, {
      "id" : "s2-t12",
      "begin" : 787,
      "end" : 790,
      "text" : "not",
      "whiteSpace" : false
    }, {
      "id" : "s2-t13",
      "begin" : 791,
      "end" : 795,
      "text" : "want",
      "whiteSpace" : false
    }, {
      "id" : "s2-t14",
      "begin" : 796,
      "end" : 798,
      "text" : "to",
      "whiteSpace" : false
    }, {
      "id" : "s2-t15",
      "begin" : 799,
      "end" : 803,
      "text" : "find",
      "whiteSpace" : false
    }, {
      "id" : "s2-t16",
      "begin" : 804,
      "end" : 809,
      "text" : "later",
      "whiteSpace" : false
    }, {
      "id" : "s2-t17",
      "begin" : 810,
      "end" : 814,
      "text" : "that",
      "whiteSpace" : false
    }, {
      "id" : "s2-t18",
      "begin" : 815,
      "end" : 816,
      "text" : "\"",
      "whiteSpace" : false
    }, {
      "id" : "s2-t19",
      "begin" : 816,
      "end" : 823,
      "text" : "because",
      "whiteSpace" : false
    }, {
      "id" : "s2-t20",
      "begin" : 824,
      "end" : 826,
      "text" : "of",
      "whiteSpace" : false
    }, {
      "id" : "s2-t21",
      "begin" : 827,
      "end" : 828,
      "text" : "a",
      "whiteSpace" : false
    }, {
      "id" : "s2-t22",
      "begin" : 829,
      "end" : 833,
      "text" : "plan",
      "whiteSpace" : false
    }, {
      "id" : "s2-t23",
      "begin" : 834,
      "end" : 840,
      "text" : "change",
      "whiteSpace" : false
    }, {
      "id" : "s2-t24",
      "begin" : 840,
      "end" : 841,
      "text" : ",",
      "whiteSpace" : false
    }, {
      "id" : "s2-t25",
      "begin" : 842,
      "end" : 846,
      "text" : "this",
      "whiteSpace" : false
    }, {
      "id" : "s2-t26",
      "begin" : 847,
      "end" : 849,
      "text" : "or",
      "whiteSpace" : false
    }, {
      "id" : "s2-t27",
      "begin" : 850,
      "end" : 854,
      "text" : "that",
      "whiteSpace" : false
    }, {
      "id" : "s2-t28",
      "begin" : 855,
      "end" : 857,
      "text" : "is",
      "whiteSpace" : false
    }, {
      "id" : "s2-t29",
      "begin" : 858,
      "end" : 860,
      "text" : "no",
      "whiteSpace" : false
    }, {
      "id" : "s2-t30",
      "begin" : 861,
      "end" : 867,
      "text" : "longer",
      "whiteSpace" : false
    }, {
      "id" : "s2-t31",
      "begin" : 868,
      "end" : 877,
      "text" : "available",
      "whiteSpace" : false
    }, {
      "id" : "s2-t32",
      "begin" : 877,
      "end" : 878,
      "text" : "\"",
      "whiteSpace" : false
    }, {
      "id" : "s2-t33",
      "begin" : 878,
      "end" : 879,
      "text" : ".",
      "whiteSpace" : false
    } ]
  }, {
    "id" : "s3",
    "begin" : 879,
    "end" : 997,
    "text" : "I think i will give CSR a\ncall anyway just to have the question documented on my account\nlog....Solved!Go to Solution.",
    "tokens" : [ {
      "id" : "s3-t0",
      "begin" : 879,
      "end" : 880,
      "text" : "I",
      "whiteSpace" : false
    }, {
      "id" : "s3-t1",
      "begin" : 881,
      "end" : 886,
      "text" : "think",
      "whiteSpace" : false
    }, {
      "id" : "s3-t2",
      "begin" : 887,
      "end" : 888,
      "text" : "i",
      "whiteSpace" : false
    }, {
      "id" : "s3-t3",
      "begin" : 889,
      "end" : 893,
      "text" : "will",
      "whiteSpace" : false
    }, {
      "id" : "s3-t4",
      "begin" : 894,
      "end" : 898,
      "text" : "give",
      "whiteSpace" : false
    }, {
      "id" : "s3-t5",
      "begin" : 899,
      "end" : 902,
      "text" : "CSR",
      "whiteSpace" : false
    }, {
      "id" : "s3-t6",
      "begin" : 903,
      "end" : 904,
      "text" : "a",
      "whiteSpace" : false
    }, {
      "id" : "s3-t7",
      "begin" : 905,
      "end" : 909,
      "text" : "call",
      "whiteSpace" : false
    }, {
      "id" : "s3-t8",
      "begin" : 910,
      "end" : 916,
      "text" : "anyway",
      "whiteSpace" : false
    }, {
      "id" : "s3-t9",
      "begin" : 917,
      "end" : 921,
      "text" : "just",
      "whiteSpace" : false
    }, {
      "id" : "s3-t10",
      "begin" : 922,
      "end" : 924,
      "text" : "to",
      "whiteSpace" : false
    }, {
      "id" : "s3-t11",
      "begin" : 925,
      "end" : 929,
      "text" : "have",
      "whiteSpace" : false
    }, {
      "id" : "s3-t12",
      "begin" : 930,
      "end" : 933,
      "text" : "the",
      "whiteSpace" : false
    }, {
      "id" : "s3-t13",
      "begin" : 934,
      "end" : 942,
      "text" : "question",
      "whiteSpace" : false
    }, {
      "id" : "s3-t14",
      "begin" : 943,
      "end" : 953,
      "text" : "documented",
      "whiteSpace" : false
    }, {
      "id" : "s3-t15",
      "begin" : 954,
      "end" : 956,
      "text" : "on",
      "whiteSpace" : false
    }, {
      "id" : "s3-t16",
      "begin" : 957,
      "end" : 959,
      "text" : "my",
      "whiteSpace" : false
    }, {
      "id" : "s3-t17",
      "begin" : 960,
      "end" : 967,
      "text" : "account",
      "whiteSpace" : false
    }, {
      "id" : "s3-t18",
      "begin" : 968,
      "end" : 971,
      "text" : "log",
      "whiteSpace" : false
    }, {
      "id" : "s3-t19",
      "begin" : 971,
      "end" : 975,
      "text" : "....",
      "whiteSpace" : false
    }, {
      "id" : "s3-t20",
      "begin" : 975,
      "end" : 982,
      "text" : "Solved!",
      "whiteSpace" : false
    }, {
      "id" : "s3-t21",
      "begin" : 982,
      "end" : 984,
      "text" : "Go",
      "whiteSpace" : false
    }, {
      "id" : "s3-t22",
      "begin" : 985,
      "end" : 987,
      "text" : "to",
      "whiteSpace" : false
    }, {
      "id" : "s3-t23",
      "begin" : 988,
      "end" : 996,
      "text" : "Solution",
      "whiteSpace" : false
    }, {
      "id" : "s3-t24",
      "begin" : 996,
      "end" : 997,
      "text" : ".",
      "whiteSpace" : false
    } ]
  } ],
  "mentions" : [ {
    "id" : "cm6",
    "properties" : {
      "SIRE_MENTION_ROLE" : "Service_Plan",
      "SIRE_ENTITY_SUBTYPE" : "NONE",
      "SIRE_MENTION_TYPE" : "NONE",
      "SIRE_MENTION_CLASS" : "SPC"
    },
    "type" : "Service_Plan",
    "begin" : 53,
    "end" : 58,
    "inCoref" : false
  }, {
    "id" : "cm2",
    "properties" : {
      "SIRE_MENTION_ROLE" : "Service_Plan",
      "SIRE_ENTITY_SUBTYPE" : "NONE",
      "SIRE_MENTION_TYPE" : "NONE",
      "SIRE_MENTION_CLASS" : "SPC"
    },
    "type" : "Service_Plan",
    "begin" : 306,
    "end" : 310,
    "inCoref" : false
  }, {
    "id" : "s4-m0",
    "properties" : {
      "SIRE_MENTION_ROLE" : "Service_Provider",
      "SIRE_MENTION_TYPE" : "NONE",
      "SIRE_ENTITY_SUBTYPE" : "NONE",
      "SIRE_MENTION_CLASS" : "SPC"
    },
    "type" : "Service_Provider",
    "begin" : 324,
    "end" : 327,
    "inCoref" : false
  }, {
    "id" : "cm3",
    "properties" : {
      "SIRE_MENTION_ROLE" : "Service_Plan",
      "SIRE_ENTITY_SUBTYPE" : "NONE",
      "SIRE_MENTION_TYPE" : "NONE",
      "SIRE_MENTION_CLASS" : "SPC"
    },
    "type" : "Service_Plan",
    "begin" : 363,
    "end" : 367,
    "inCoref" : false
  }, {
    "id" : "cm4",
    "properties" : {
      "SIRE_MENTION_ROLE" : "Service_Plan",
      "SIRE_ENTITY_SUBTYPE" : "NONE",
      "SIRE_MENTION_TYPE" : "NONE",
      "SIRE_MENTION_CLASS" : "SPC"
    },
    "type" : "Service_Plan",
    "begin" : 497,
    "end" : 501,
    "inCoref" : false
  }, {
    "id" : "cm1",
    "properties" : {
      "SIRE_MENTION_ROLE" : "Service_Provider",
      "SIRE_ENTITY_SUBTYPE" : "NONE",
      "SIRE_MENTION_TYPE" : "NONE",
      "SIRE_MENTION_CLASS" : "SPC"
    },
    "type" : "Service_Provider",
    "begin" : 770,
    "end" : 778,
    "inCoref" : false
  }, {
    "id" : "cm5",
    "properties" : {
      "SIRE_MENTION_ROLE" : "Service_Plan",
      "SIRE_ENTITY_SUBTYPE" : "NONE",
      "SIRE_MENTION_TYPE" : "NONE",
      "SIRE_MENTION_CLASS" : "SPC"
    },
    "type" : "Service_Plan",
    "begin" : 829,
    "end" : 833,
    "inCoref" : false
  } ],
  "relations" : [ ],
  "corefs" : [ ],
  "typeResolved" : true,
  "userResolved" : false
}