{
  "id" : "b3daa2a0-fed8-11e6-8000-d92e1a7e5bd1-2",
  "name" : "12363afb9c15cd36099d66e9c68a08c1.txt",
  "version" : 3,
  "text" : "Smart phone data??\n\nI understand you have to have data on a smart phone. But that was september of\n2009 I read somewhere when they started requiring it. I added data block on my\nregular non smart phone yesterday. But then I just realized in my control\npannel it says valued customer since 11/15/2008. So does this mean I can have\nno data if i get new smart phone. Or did I have to a smart phone and data\nblock back then to be gradfathered and its too late now. Or is simply being\nsinged up before data was required good enough.Solved!Go to Solution.\n\n",
  "docLength" : 0,
  "language" : "EN",
  "status" : "READY",
  "modifiedDate" : 1488747508750,
  "documentSet" : [ ],
  "preannotation" : [ "PRE_LW" ],
  "sentences" : [ {
    "id" : "s0",
    "begin" : 0,
    "end" : 18,
    "text" : "Smart phone data??",
    "tokens" : [ {
      "id" : "s0-t0",
      "begin" : 0,
      "end" : 5,
      "text" : "Smart",
      "whiteSpace" : false
    }, {
      "id" : "s0-t1",
      "begin" : 6,
      "end" : 11,
      "text" : "phone",
      "whiteSpace" : false
    }, {
      "id" : "s0-t2",
      "begin" : 12,
      "end" : 16,
      "text" : "data",
      "whiteSpace" : false
    }, {
      "id" : "s0-t3",
      "begin" : 16,
      "end" : 17,
      "text" : "?",
      "whiteSpace" : false
    }, {
      "id" : "s0-t4",
      "begin" : 17,
      "end" : 18,
      "text" : "?",
      "whiteSpace" : false
    } ]
  }, {
    "id" : "s1",
    "begin" : 20,
    "end" : 72,
    "text" : "I understand you have to have data on a smart phone.",
    "tokens" : [ {
      "id" : "s1-t0",
      "begin" : 20,
      "end" : 21,
      "text" : "I",
      "whiteSpace" : false
    }, {
      "id" : "s1-t1",
      "begin" : 22,
      "end" : 32,
      "text" : "understand",
      "whiteSpace" : false
    }, {
      "id" : "s1-t2",
      "begin" : 33,
      "end" : 36,
      "text" : "you",
      "whiteSpace" : false
    }, {
      "id" : "s1-t3",
      "begin" : 37,
      "end" : 41,
      "text" : "have",
      "whiteSpace" : false
    }, {
      "id" : "s1-t4",
      "begin" : 42,
      "end" : 44,
      "text" : "to",
      "whiteSpace" : false
    }, {
      "id" : "s1-t5",
      "begin" : 45,
      "end" : 49,
      "text" : "have",
      "whiteSpace" : false
    }, {
      "id" : "s1-t6",
      "begin" : 50,
      "end" : 54,
      "text" : "data",
      "whiteSpace" : false
    }, {
      "id" : "s1-t7",
      "begin" : 55,
      "end" : 57,
      "text" : "on",
      "whiteSpace" : false
    }, {
      "id" : "s1-t8",
      "begin" : 58,
      "end" : 59,
      "text" : "a",
      "whiteSpace" : false
    }, {
      "id" : "s1-t9",
      "begin" : 60,
      "end" : 65,
      "text" : "smart",
      "whiteSpace" : false
    }, {
      "id" : "s1-t10",
      "begin" : 66,
      "end" : 71,
      "text" : "phone",
      "whiteSpace" : false
    }, {
      "id" : "s1-t11",
      "begin" : 71,
      "end" : 72,
      "text" : ".",
      "whiteSpace" : false
    } ]
  }, {
    "id" : "s2",
    "begin" : 73,
    "end" : 152,
    "text" : "But that was september of\n2009 I read somewhere when they started requiring it.",
    "tokens" : [ {
      "id" : "s2-t0",
      "begin" : 73,
      "end" : 76,
      "text" : "But",
      "whiteSpace" : false
    }, {
      "id" : "s2-t1",
      "begin" : 77,
      "end" : 81,
      "text" : "that",
      "whiteSpace" : false
    }, {
      "id" : "s2-t2",
      "begin" : 82,
      "end" : 85,
      "text" : "was",
      "whiteSpace" : false
    }, {
      "id" : "s2-t3",
      "begin" : 86,
      "end" : 95,
      "text" : "september",
      "whiteSpace" : false
    }, {
      "id" : "s2-t4",
      "begin" : 96,
      "end" : 98,
      "text" : "of",
      "whiteSpace" : false
    }, {
      "id" : "s2-t5",
      "begin" : 99,
      "end" : 103,
      "text" : "2009",
      "whiteSpace" : false
    }, {
      "id" : "s2-t6",
      "begin" : 104,
      "end" : 105,
      "text" : "I",
      "whiteSpace" : false
    }, {
      "id" : "s2-t7",
      "begin" : 106,
      "end" : 110,
      "text" : "read",
      "whiteSpace" : false
    }, {
      "id" : "s2-t8",
      "begin" : 111,
      "end" : 120,
      "text" : "somewhere",
      "whiteSpace" : false
    }, {
      "id" : "s2-t9",
      "begin" : 121,
      "end" : 125,
      "text" : "when",
      "whiteSpace" : false
    }, {
      "id" : "s2-t10",
      "begin" : 126,
      "end" : 130,
      "text" : "they",
      "whiteSpace" : false
    }, {
      "id" : "s2-t11",
      "begin" : 131,
      "end" : 138,
      "text" : "started",
      "whiteSpace" : false
    }, {
      "id" : "s2-t12",
      "begin" : 139,
      "end" : 148,
      "text" : "requiring",
      "whiteSpace" : false
    }, {
      "id" : "s2-t13",
      "begin" : 149,
      "end" : 151,
      "text" : "it",
      "whiteSpace" : false
    }, {
      "id" : "s2-t14",
      "begin" : 151,
      "end" : 152,
      "text" : ".",
      "whiteSpace" : false
    } ]
  }, {
    "id" : "s3",
    "begin" : 153,
    "end" : 212,
    "text" : "I added data block on my\nregular non smart phone yesterday.",
    "tokens" : [ {
      "id" : "s3-t0",
      "begin" : 153,
      "end" : 154,
      "text" : "I",
      "whiteSpace" : false
    }, {
      "id" : "s3-t1",
      "begin" : 155,
      "end" : 160,
      "text" : "added",
      "whiteSpace" : false
    }, {
      "id" : "s3-t2",
      "begin" : 161,
      "end" : 165,
      "text" : "data",
      "whiteSpace" : false
    }, {
      "id" : "s3-t3",
      "begin" : 166,
      "end" : 171,
      "text" : "block",
      "whiteSpace" : false
    }, {
      "id" : "s3-t4",
      "begin" : 172,
      "end" : 174,
      "text" : "on",
      "whiteSpace" : false
    }, {
      "id" : "s3-t5",
      "begin" : 175,
      "end" : 177,
      "text" : "my",
      "whiteSpace" : false
    }, {
      "id" : "s3-t6",
      "begin" : 178,
      "end" : 185,
      "text" : "regular",
      "whiteSpace" : false
    }, {
      "id" : "s3-t7",
      "begin" : 186,
      "end" : 189,
      "text" : "non",
      "whiteSpace" : false
    }, {
      "id" : "s3-t8",
      "begin" : 190,
      "end" : 195,
      "text" : "smart",
      "whiteSpace" : false
    }, {
      "id" : "s3-t9",
      "begin" : 196,
      "end" : 201,
      "text" : "phone",
      "whiteSpace" : false
    }, {
      "id" : "s3-t10",
      "begin" : 202,
      "end" : 211,
      "text" : "yesterday",
      "whiteSpace" : false
    }, {
      "id" : "s3-t11",
      "begin" : 211,
      "end" : 212,
      "text" : ".",
      "whiteSpace" : false
    } ]
  }, {
    "id" : "s4",
    "begin" : 213,
    "end" : 300,
    "text" : "But then I just realized in my control\npannel it says valued customer since 11/15/2008.",
    "tokens" : [ {
      "id" : "s4-t0",
      "begin" : 213,
      "end" : 216,
      "text" : "But",
      "whiteSpace" : false
    }, {
      "id" : "s4-t1",
      "begin" : 217,
      "end" : 221,
      "text" : "then",
      "whiteSpace" : false
    }, {
      "id" : "s4-t2",
      "begin" : 222,
      "end" : 223,
      "text" : "I",
      "whiteSpace" : false
    }, {
      "id" : "s4-t3",
      "begin" : 224,
      "end" : 228,
      "text" : "just",
      "whiteSpace" : false
    }, {
      "id" : "s4-t4",
      "begin" : 229,
      "end" : 237,
      "text" : "realized",
      "whiteSpace" : false
    }, {
      "id" : "s4-t5",
      "begin" : 238,
      "end" : 240,
      "text" : "in",
      "whiteSpace" : false
    }, {
      "id" : "s4-t6",
      "begin" : 241,
      "end" : 243,
      "text" : "my",
      "whiteSpace" : false
    }, {
      "id" : "s4-t7",
      "begin" : 244,
      "end" : 251,
      "text" : "control",
      "whiteSpace" : false
    }, {
      "id" : "s4-t8",
      "begin" : 252,
      "end" : 258,
      "text" : "pannel",
      "whiteSpace" : false
    }, {
      "id" : "s4-t9",
      "begin" : 259,
      "end" : 261,
      "text" : "it",
      "whiteSpace" : false
    }, {
      "id" : "s4-t10",
      "begin" : 262,
      "end" : 266,
      "text" : "says",
      "whiteSpace" : false
    }, {
      "id" : "s4-t11",
      "begin" : 267,
      "end" : 273,
      "text" : "valued",
      "whiteSpace" : false
    }, {
      "id" : "s4-t12",
      "begin" : 274,
      "end" : 282,
      "text" : "customer",
      "whiteSpace" : false
    }, {
      "id" : "s4-t13",
      "begin" : 283,
      "end" : 288,
      "text" : "since",
      "whiteSpace" : false
    }, {
      "id" : "s4-t14",
      "begin" : 289,
      "end" : 299,
      "text" : "11/15/2008",
      "whiteSpace" : false
    }, {
      "id" : "s4-t15",
      "begin" : 299,
      "end" : 300,
      "text" : ".",
      "whiteSpace" : false
    } ]
  }, {
    "id" : "s5",
    "begin" : 301,
    "end" : 363,
    "text" : "So does this mean I can have\nno data if i get new smart phone.",
    "tokens" : [ {
      "id" : "s5-t0",
      "begin" : 301,
      "end" : 303,
      "text" : "So",
      "whiteSpace" : false
    }, {
      "id" : "s5-t1",
      "begin" : 304,
      "end" : 308,
      "text" : "does",
      "whiteSpace" : false
    }, {
      "id" : "s5-t2",
      "begin" : 309,
      "end" : 313,
      "text" : "this",
      "whiteSpace" : false
    }, {
      "id" : "s5-t3",
      "begin" : 314,
      "end" : 318,
      "text" : "mean",
      "whiteSpace" : false
    }, {
      "id" : "s5-t4",
      "begin" : 319,
      "end" : 320,
      "text" : "I",
      "whiteSpace" : false
    }, {
      "id" : "s5-t5",
      "begin" : 321,
      "end" : 324,
      "text" : "can",
      "whiteSpace" : false
    }, {
      "id" : "s5-t6",
      "begin" : 325,
      "end" : 329,
      "text" : "have",
      "whiteSpace" : false
    }, {
      "id" : "s5-t7",
      "begin" : 330,
      "end" : 332,
      "text" : "no",
      "whiteSpace" : false
    }, {
      "id" : "s5-t8",
      "begin" : 333,
      "end" : 337,
      "text" : "data",
      "whiteSpace" : false
    }, {
      "id" : "s5-t9",
      "begin" : 338,
      "end" : 340,
      "text" : "if",
      "whiteSpace" : false
    }, {
      "id" : "s5-t10",
      "begin" : 341,
      "end" : 342,
      "text" : "i",
      "whiteSpace" : false
    }, {
      "id" : "s5-t11",
      "begin" : 343,
      "end" : 346,
      "text" : "get",
      "whiteSpace" : false
    }, {
      "id" : "s5-t12",
      "begin" : 347,
      "end" : 350,
      "text" : "new",
      "whiteSpace" : false
    }, {
      "id" : "s5-t13",
      "begin" : 351,
      "end" : 356,
      "text" : "smart",
      "whiteSpace" : false
    }, {
      "id" : "s5-t14",
      "begin" : 357,
      "end" : 362,
      "text" : "phone",
      "whiteSpace" : false
    }, {
      "id" : "s5-t15",
      "begin" : 362,
      "end" : 363,
      "text" : ".",
      "whiteSpace" : false
    } ]
  }, {
    "id" : "s6",
    "begin" : 364,
    "end" : 460,
    "text" : "Or did I have to a smart phone and data\nblock back then to be gradfathered and its too late now.",
    "tokens" : [ {
      "id" : "s6-t0",
      "begin" : 364,
      "end" : 366,
      "text" : "Or",
      "whiteSpace" : false
    }, {
      "id" : "s6-t1",
      "begin" : 367,
      "end" : 370,
      "text" : "did",
      "whiteSpace" : false
    }, {
      "id" : "s6-t2",
      "begin" : 371,
      "end" : 372,
      "text" : "I",
      "whiteSpace" : false
    }, {
      "id" : "s6-t3",
      "begin" : 373,
      "end" : 377,
      "text" : "have",
      "whiteSpace" : false
    }, {
      "id" : "s6-t4",
      "begin" : 378,
      "end" : 380,
      "text" : "to",
      "whiteSpace" : false
    }, {
      "id" : "s6-t5",
      "begin" : 381,
      "end" : 382,
      "text" : "a",
      "whiteSpace" : false
    }, {
      "id" : "s6-t6",
      "begin" : 383,
      "end" : 388,
      "text" : "smart",
      "whiteSpace" : false
    }, {
      "id" : "s6-t7",
      "begin" : 389,
      "end" : 394,
      "text" : "phone",
      "whiteSpace" : false
    }, {
      "id" : "s6-t8",
      "begin" : 395,
      "end" : 398,
      "text" : "and",
      "whiteSpace" : false
    }, {
      "id" : "s6-t9",
      "begin" : 399,
      "end" : 403,
      "text" : "data",
      "whiteSpace" : false
    }, {
      "id" : "s6-t10",
      "begin" : 404,
      "end" : 409,
      "text" : "block",
      "whiteSpace" : false
    }, {
      "id" : "s6-t11",
      "begin" : 410,
      "end" : 414,
      "text" : "back",
      "whiteSpace" : false
    }, {
      "id" : "s6-t12",
      "begin" : 415,
      "end" : 419,
      "text" : "then",
      "whiteSpace" : false
    }, {
      "id" : "s6-t13",
      "begin" : 420,
      "end" : 422,
      "text" : "to",
      "whiteSpace" : false
    }, {
      "id" : "s6-t14",
      "begin" : 423,
      "end" : 425,
      "text" : "be",
      "whiteSpace" : false
    }, {
      "id" : "s6-t15",
      "begin" : 426,
      "end" : 438,
      "text" : "gradfathered",
      "whiteSpace" : false
    }, {
      "id" : "s6-t16",
      "begin" : 439,
      "end" : 442,
      "text" : "and",
      "whiteSpace" : false
    }, {
      "id" : "s6-t17",
      "begin" : 443,
      "end" : 446,
      "text" : "its",
      "whiteSpace" : false
    }, {
      "id" : "s6-t18",
      "begin" : 447,
      "end" : 450,
      "text" : "too",
      "whiteSpace" : false
    }, {
      "id" : "s6-t19",
      "begin" : 451,
      "end" : 455,
      "text" : "late",
      "whiteSpace" : false
    }, {
      "id" : "s6-t20",
      "begin" : 456,
      "end" : 459,
      "text" : "now",
      "whiteSpace" : false
    }, {
      "id" : "s6-t21",
      "begin" : 459,
      "end" : 460,
      "text" : ".",
      "whiteSpace" : false
    } ]
  }, {
    "id" : "s7",
    "begin" : 461,
    "end" : 549,
    "text" : "Or is simply being\nsinged up before data was required good enough.Solved!Go to Solution.",
    "tokens" : [ {
      "id" : "s7-t0",
      "begin" : 461,
      "end" : 463,
      "text" : "Or",
      "whiteSpace" : false
    }, {
      "id" : "s7-t1",
      "begin" : 464,
      "end" : 466,
      "text" : "is",
      "whiteSpace" : false
    }, {
      "id" : "s7-t2",
      "begin" : 467,
      "end" : 473,
      "text" : "simply",
      "whiteSpace" : false
    }, {
      "id" : "s7-t3",
      "begin" : 474,
      "end" : 479,
      "text" : "being",
      "whiteSpace" : false
    }, {
      "id" : "s7-t4",
      "begin" : 480,
      "end" : 486,
      "text" : "singed",
      "whiteSpace" : false
    }, {
      "id" : "s7-t5",
      "begin" : 487,
      "end" : 489,
      "text" : "up",
      "whiteSpace" : false
    }, {
      "id" : "s7-t6",
      "begin" : 490,
      "end" : 496,
      "text" : "before",
      "whiteSpace" : false
    }, {
      "id" : "s7-t7",
      "begin" : 497,
      "end" : 501,
      "text" : "data",
      "whiteSpace" : false
    }, {
      "id" : "s7-t8",
      "begin" : 502,
      "end" : 505,
      "text" : "was",
      "whiteSpace" : false
    }, {
      "id" : "s7-t9",
      "begin" : 506,
      "end" : 514,
      "text" : "required",
      "whiteSpace" : false
    }, {
      "id" : "s7-t10",
      "begin" : 515,
      "end" : 519,
      "text" : "good",
      "whiteSpace" : false
    }, {
      "id" : "s7-t11",
      "begin" : 520,
      "end" : 534,
      "text" : "enough.Solved!",
      "whiteSpace" : false
    }, {
      "id" : "s7-t12",
      "begin" : 534,
      "end" : 536,
      "text" : "Go",
      "whiteSpace" : false
    }, {
      "id" : "s7-t13",
      "begin" : 537,
      "end" : 539,
      "text" : "to",
      "whiteSpace" : false
    }, {
      "id" : "s7-t14",
      "begin" : 540,
      "end" : 548,
      "text" : "Solution",
      "whiteSpace" : false
    }, {
      "id" : "s7-t15",
      "begin" : 548,
      "end" : 549,
      "text" : ".",
      "whiteSpace" : false
    } ]
  } ],
  "mentions" : [ {
    "id" : "cm1",
    "properties" : {
      "SIRE_MENTION_ROLE" : "Internet_Connectivity",
      "SIRE_ENTITY_SUBTYPE" : "NONE",
      "SIRE_MENTION_TYPE" : "NONE",
      "SIRE_MENTION_CLASS" : "SPC"
    },
    "type" : "Internet_Connectivity",
    "begin" : 6,
    "end" : 16,
    "inCoref" : false
  }, {
    "id" : "cm3",
    "properties" : {
      "SIRE_MENTION_ROLE" : "Internet_Connectivity",
      "SIRE_ENTITY_SUBTYPE" : "NONE",
      "SIRE_MENTION_TYPE" : "NONE",
      "SIRE_MENTION_CLASS" : "SPC"
    },
    "type" : "Internet_Connectivity",
    "begin" : 50,
    "end" : 54,
    "inCoref" : false
  }, {
    "id" : "cm4",
    "properties" : {
      "SIRE_MENTION_ROLE" : "Internet_Connectivity",
      "SIRE_ENTITY_SUBTYPE" : "NONE",
      "SIRE_MENTION_TYPE" : "NONE",
      "SIRE_MENTION_CLASS" : "SPC"
    },
    "type" : "Internet_Connectivity",
    "begin" : 161,
    "end" : 165,
    "inCoref" : false
  }, {
    "id" : "cm5",
    "properties" : {
      "SIRE_MENTION_ROLE" : "Internet_Connectivity",
      "SIRE_ENTITY_SUBTYPE" : "NONE",
      "SIRE_MENTION_TYPE" : "NONE",
      "SIRE_MENTION_CLASS" : "SPC"
    },
    "type" : "Internet_Connectivity",
    "begin" : 333,
    "end" : 337,
    "inCoref" : false
  }, {
    "id" : "cm6",
    "properties" : {
      "SIRE_MENTION_ROLE" : "Internet_Connectivity",
      "SIRE_ENTITY_SUBTYPE" : "NONE",
      "SIRE_MENTION_TYPE" : "NONE",
      "SIRE_MENTION_CLASS" : "SPC"
    },
    "type" : "Internet_Connectivity",
    "begin" : 399,
    "end" : 403,
    "inCoref" : false
  }, {
    "id" : "cm7",
    "properties" : {
      "SIRE_MENTION_ROLE" : "Internet_Connectivity",
      "SIRE_ENTITY_SUBTYPE" : "NONE",
      "SIRE_MENTION_TYPE" : "NONE",
      "SIRE_MENTION_CLASS" : "SPC"
    },
    "type" : "Internet_Connectivity",
    "begin" : 497,
    "end" : 501,
    "inCoref" : false
  } ],
  "relations" : [ ],
  "corefs" : [ ],
  "typeResolved" : true,
  "userResolved" : false
}