{
  "id" : "b3daa2a0-fed8-11e6-8000-d92e1a7e5bd1-4",
  "name" : "12363afb9c15cd36099d66e9c68b4422.txt",
  "version" : 3,
  "text" : "Transferring Grandfathered Data Plan to New Device\n\nI have an iPhone 3G with a grandfathered unlimited data plan. I was thinking\nabout getting a new phone and keeping the same plan as is. I checked my\nwireless account and it shows \"Data Unlimited for iPhone.\" I know a phone\nugrade through AT&amp;T; would require a new data plan along with a 2-year\ncontract, so I'm avoiding that since my contract is over. My question is, if I\nwere to purchase an unlocked gsm smartphone elsewhere, can I just remove the\nsim card from my iPhone and pop it into the new phone? Would this work? Would\nthis allow me to keep my same plan and everything else? I just wanted to\nverify before purchasing a new phone. Thanks in advance.MaxSolved!Go to\nSolution.\n\n",
  "docLength" : 0,
  "language" : "EN",
  "status" : "READY",
  "modifiedDate" : 1488747590872,
  "documentSet" : [ ],
  "preannotation" : [ "PRE_LW" ],
  "sentences" : [ {
    "id" : "s0",
    "begin" : 0,
    "end" : 50,
    "text" : "Transferring Grandfathered Data Plan to New Device",
    "tokens" : [ {
      "id" : "s0-t0",
      "begin" : 0,
      "end" : 12,
      "text" : "Transferring",
      "whiteSpace" : false
    }, {
      "id" : "s0-t1",
      "begin" : 13,
      "end" : 26,
      "text" : "Grandfathered",
      "whiteSpace" : false
    }, {
      "id" : "s0-t2",
      "begin" : 27,
      "end" : 31,
      "text" : "Data",
      "whiteSpace" : false
    }, {
      "id" : "s0-t3",
      "begin" : 32,
      "end" : 36,
      "text" : "Plan",
      "whiteSpace" : false
    }, {
      "id" : "s0-t4",
      "begin" : 37,
      "end" : 39,
      "text" : "to",
      "whiteSpace" : false
    }, {
      "id" : "s0-t5",
      "begin" : 40,
      "end" : 43,
      "text" : "New",
      "whiteSpace" : false
    }, {
      "id" : "s0-t6",
      "begin" : 44,
      "end" : 50,
      "text" : "Device",
      "whiteSpace" : false
    } ]
  }, {
    "id" : "s1",
    "begin" : 52,
    "end" : 113,
    "text" : "I have an iPhone 3G with a grandfathered unlimited data plan.",
    "tokens" : [ {
      "id" : "s1-t0",
      "begin" : 52,
      "end" : 53,
      "text" : "I",
      "whiteSpace" : false
    }, {
      "id" : "s1-t1",
      "begin" : 54,
      "end" : 58,
      "text" : "have",
      "whiteSpace" : false
    }, {
      "id" : "s1-t2",
      "begin" : 59,
      "end" : 61,
      "text" : "an",
      "whiteSpace" : false
    }, {
      "id" : "s1-t3",
      "begin" : 62,
      "end" : 68,
      "text" : "iPhone",
      "whiteSpace" : false
    }, {
      "id" : "s1-t4",
      "begin" : 69,
      "end" : 71,
      "text" : "3G",
      "whiteSpace" : false
    }, {
      "id" : "s1-t5",
      "begin" : 72,
      "end" : 76,
      "text" : "with",
      "whiteSpace" : false
    }, {
      "id" : "s1-t6",
      "begin" : 77,
      "end" : 78,
      "text" : "a",
      "whiteSpace" : false
    }, {
      "id" : "s1-t7",
      "begin" : 79,
      "end" : 92,
      "text" : "grandfathered",
      "whiteSpace" : false
    }, {
      "id" : "s1-t8",
      "begin" : 93,
      "end" : 102,
      "text" : "unlimited",
      "whiteSpace" : false
    }, {
      "id" : "s1-t9",
      "begin" : 103,
      "end" : 107,
      "text" : "data",
      "whiteSpace" : false
    }, {
      "id" : "s1-t10",
      "begin" : 108,
      "end" : 112,
      "text" : "plan",
      "whiteSpace" : false
    }, {
      "id" : "s1-t11",
      "begin" : 112,
      "end" : 113,
      "text" : ".",
      "whiteSpace" : false
    } ]
  }, {
    "id" : "s2",
    "begin" : 114,
    "end" : 187,
    "text" : "I was thinking\nabout getting a new phone and keeping the same plan as is.",
    "tokens" : [ {
      "id" : "s2-t0",
      "begin" : 114,
      "end" : 115,
      "text" : "I",
      "whiteSpace" : false
    }, {
      "id" : "s2-t1",
      "begin" : 116,
      "end" : 119,
      "text" : "was",
      "whiteSpace" : false
    }, {
      "id" : "s2-t2",
      "begin" : 120,
      "end" : 128,
      "text" : "thinking",
      "whiteSpace" : false
    }, {
      "id" : "s2-t3",
      "begin" : 129,
      "end" : 134,
      "text" : "about",
      "whiteSpace" : false
    }, {
      "id" : "s2-t4",
      "begin" : 135,
      "end" : 142,
      "text" : "getting",
      "whiteSpace" : false
    }, {
      "id" : "s2-t5",
      "begin" : 143,
      "end" : 144,
      "text" : "a",
      "whiteSpace" : false
    }, {
      "id" : "s2-t6",
      "begin" : 145,
      "end" : 148,
      "text" : "new",
      "whiteSpace" : false
    }, {
      "id" : "s2-t7",
      "begin" : 149,
      "end" : 154,
      "text" : "phone",
      "whiteSpace" : false
    }, {
      "id" : "s2-t8",
      "begin" : 155,
      "end" : 158,
      "text" : "and",
      "whiteSpace" : false
    }, {
      "id" : "s2-t9",
      "begin" : 159,
      "end" : 166,
      "text" : "keeping",
      "whiteSpace" : false
    }, {
      "id" : "s2-t10",
      "begin" : 167,
      "end" : 170,
      "text" : "the",
      "whiteSpace" : false
    }, {
      "id" : "s2-t11",
      "begin" : 171,
      "end" : 175,
      "text" : "same",
      "whiteSpace" : false
    }, {
      "id" : "s2-t12",
      "begin" : 176,
      "end" : 180,
      "text" : "plan",
      "whiteSpace" : false
    }, {
      "id" : "s2-t13",
      "begin" : 181,
      "end" : 183,
      "text" : "as",
      "whiteSpace" : false
    }, {
      "id" : "s2-t14",
      "begin" : 184,
      "end" : 186,
      "text" : "is",
      "whiteSpace" : false
    }, {
      "id" : "s2-t15",
      "begin" : 186,
      "end" : 187,
      "text" : ".",
      "whiteSpace" : false
    } ]
  }, {
    "id" : "s3",
    "begin" : 188,
    "end" : 258,
    "text" : "I checked my\nwireless account and it shows \"Data Unlimited for iPhone.",
    "tokens" : [ {
      "id" : "s3-t0",
      "begin" : 188,
      "end" : 189,
      "text" : "I",
      "whiteSpace" : false
    }, {
      "id" : "s3-t1",
      "begin" : 190,
      "end" : 197,
      "text" : "checked",
      "whiteSpace" : false
    }, {
      "id" : "s3-t2",
      "begin" : 198,
      "end" : 200,
      "text" : "my",
      "whiteSpace" : false
    }, {
      "id" : "s3-t3",
      "begin" : 201,
      "end" : 209,
      "text" : "wireless",
      "whiteSpace" : false
    }, {
      "id" : "s3-t4",
      "begin" : 210,
      "end" : 217,
      "text" : "account",
      "whiteSpace" : false
    }, {
      "id" : "s3-t5",
      "begin" : 218,
      "end" : 221,
      "text" : "and",
      "whiteSpace" : false
    }, {
      "id" : "s3-t6",
      "begin" : 222,
      "end" : 224,
      "text" : "it",
      "whiteSpace" : false
    }, {
      "id" : "s3-t7",
      "begin" : 225,
      "end" : 230,
      "text" : "shows",
      "whiteSpace" : false
    }, {
      "id" : "s3-t8",
      "begin" : 231,
      "end" : 232,
      "text" : "\"",
      "whiteSpace" : false
    }, {
      "id" : "s3-t9",
      "begin" : 232,
      "end" : 236,
      "text" : "Data",
      "whiteSpace" : false
    }, {
      "id" : "s3-t10",
      "begin" : 237,
      "end" : 246,
      "text" : "Unlimited",
      "whiteSpace" : false
    }, {
      "id" : "s3-t11",
      "begin" : 247,
      "end" : 250,
      "text" : "for",
      "whiteSpace" : false
    }, {
      "id" : "s3-t12",
      "begin" : 251,
      "end" : 257,
      "text" : "iPhone",
      "whiteSpace" : false
    }, {
      "id" : "s3-t13",
      "begin" : 257,
      "end" : 258,
      "text" : ".",
      "whiteSpace" : false
    } ]
  }, {
    "id" : "s4",
    "begin" : 258,
    "end" : 407,
    "text" : "\" I know a phone\nugrade through AT&amp;T; would require a new data plan along with a 2-year\ncontract, so I'm avoiding that since my contract is over.",
    "tokens" : [ {
      "id" : "s4-t0",
      "begin" : 258,
      "end" : 259,
      "text" : "\"",
      "whiteSpace" : false
    }, {
      "id" : "s4-t1",
      "begin" : 260,
      "end" : 261,
      "text" : "I",
      "whiteSpace" : false
    }, {
      "id" : "s4-t2",
      "begin" : 262,
      "end" : 266,
      "text" : "know",
      "whiteSpace" : false
    }, {
      "id" : "s4-t3",
      "begin" : 267,
      "end" : 268,
      "text" : "a",
      "whiteSpace" : false
    }, {
      "id" : "s4-t4",
      "begin" : 269,
      "end" : 274,
      "text" : "phone",
      "whiteSpace" : false
    }, {
      "id" : "s4-t5",
      "begin" : 275,
      "end" : 281,
      "text" : "ugrade",
      "whiteSpace" : false
    }, {
      "id" : "s4-t6",
      "begin" : 282,
      "end" : 289,
      "text" : "through",
      "whiteSpace" : false
    }, {
      "id" : "s4-t7",
      "begin" : 290,
      "end" : 292,
      "text" : "AT",
      "whiteSpace" : false
    }, {
      "id" : "s4-t8",
      "begin" : 292,
      "end" : 297,
      "text" : "&amp;",
      "whiteSpace" : false
    }, {
      "id" : "s4-t9",
      "begin" : 297,
      "end" : 299,
      "text" : "T;",
      "whiteSpace" : false
    }, {
      "id" : "s4-t10",
      "begin" : 300,
      "end" : 305,
      "text" : "would",
      "whiteSpace" : false
    }, {
      "id" : "s4-t11",
      "begin" : 306,
      "end" : 313,
      "text" : "require",
      "whiteSpace" : false
    }, {
      "id" : "s4-t12",
      "begin" : 314,
      "end" : 315,
      "text" : "a",
      "whiteSpace" : false
    }, {
      "id" : "s4-t13",
      "begin" : 316,
      "end" : 319,
      "text" : "new",
      "whiteSpace" : false
    }, {
      "id" : "s4-t14",
      "begin" : 320,
      "end" : 324,
      "text" : "data",
      "whiteSpace" : false
    }, {
      "id" : "s4-t15",
      "begin" : 325,
      "end" : 329,
      "text" : "plan",
      "whiteSpace" : false
    }, {
      "id" : "s4-t16",
      "begin" : 330,
      "end" : 335,
      "text" : "along",
      "whiteSpace" : false
    }, {
      "id" : "s4-t17",
      "begin" : 336,
      "end" : 340,
      "text" : "with",
      "whiteSpace" : false
    }, {
      "id" : "s4-t18",
      "begin" : 341,
      "end" : 342,
      "text" : "a",
      "whiteSpace" : false
    }, {
      "id" : "s4-t19",
      "begin" : 343,
      "end" : 344,
      "text" : "2",
      "whiteSpace" : false
    }, {
      "id" : "s4-t20",
      "begin" : 344,
      "end" : 345,
      "text" : "-",
      "whiteSpace" : false
    }, {
      "id" : "s4-t21",
      "begin" : 345,
      "end" : 349,
      "text" : "year",
      "whiteSpace" : false
    }, {
      "id" : "s4-t22",
      "begin" : 350,
      "end" : 358,
      "text" : "contract",
      "whiteSpace" : false
    }, {
      "id" : "s4-t23",
      "begin" : 358,
      "end" : 359,
      "text" : ",",
      "whiteSpace" : false
    }, {
      "id" : "s4-t24",
      "begin" : 360,
      "end" : 362,
      "text" : "so",
      "whiteSpace" : false
    }, {
      "id" : "s4-t25",
      "begin" : 363,
      "end" : 364,
      "text" : "I",
      "whiteSpace" : false
    }, {
      "id" : "s4-t26",
      "begin" : 364,
      "end" : 366,
      "text" : "'m",
      "whiteSpace" : false
    }, {
      "id" : "s4-t27",
      "begin" : 367,
      "end" : 375,
      "text" : "avoiding",
      "whiteSpace" : false
    }, {
      "id" : "s4-t28",
      "begin" : 376,
      "end" : 380,
      "text" : "that",
      "whiteSpace" : false
    }, {
      "id" : "s4-t29",
      "begin" : 381,
      "end" : 386,
      "text" : "since",
      "whiteSpace" : false
    }, {
      "id" : "s4-t30",
      "begin" : 387,
      "end" : 389,
      "text" : "my",
      "whiteSpace" : false
    }, {
      "id" : "s4-t31",
      "begin" : 390,
      "end" : 398,
      "text" : "contract",
      "whiteSpace" : false
    }, {
      "id" : "s4-t32",
      "begin" : 399,
      "end" : 401,
      "text" : "is",
      "whiteSpace" : false
    }, {
      "id" : "s4-t33",
      "begin" : 402,
      "end" : 406,
      "text" : "over",
      "whiteSpace" : false
    }, {
      "id" : "s4-t34",
      "begin" : 406,
      "end" : 407,
      "text" : ".",
      "whiteSpace" : false
    } ]
  }, {
    "id" : "s5",
    "begin" : 408,
    "end" : 560,
    "text" : "My question is, if I\nwere to purchase an unlocked gsm smartphone elsewhere, can I just remove the\nsim card from my iPhone and pop it into the new phone?",
    "tokens" : [ {
      "id" : "s5-t0",
      "begin" : 408,
      "end" : 410,
      "text" : "My",
      "whiteSpace" : false
    }, {
      "id" : "s5-t1",
      "begin" : 411,
      "end" : 419,
      "text" : "question",
      "whiteSpace" : false
    }, {
      "id" : "s5-t2",
      "begin" : 420,
      "end" : 422,
      "text" : "is",
      "whiteSpace" : false
    }, {
      "id" : "s5-t3",
      "begin" : 422,
      "end" : 423,
      "text" : ",",
      "whiteSpace" : false
    }, {
      "id" : "s5-t4",
      "begin" : 424,
      "end" : 426,
      "text" : "if",
      "whiteSpace" : false
    }, {
      "id" : "s5-t5",
      "begin" : 427,
      "end" : 428,
      "text" : "I",
      "whiteSpace" : false
    }, {
      "id" : "s5-t6",
      "begin" : 429,
      "end" : 433,
      "text" : "were",
      "whiteSpace" : false
    }, {
      "id" : "s5-t7",
      "begin" : 434,
      "end" : 436,
      "text" : "to",
      "whiteSpace" : false
    }, {
      "id" : "s5-t8",
      "begin" : 437,
      "end" : 445,
      "text" : "purchase",
      "whiteSpace" : false
    }, {
      "id" : "s5-t9",
      "begin" : 446,
      "end" : 448,
      "text" : "an",
      "whiteSpace" : false
    }, {
      "id" : "s5-t10",
      "begin" : 449,
      "end" : 457,
      "text" : "unlocked",
      "whiteSpace" : false
    }, {
      "id" : "s5-t11",
      "begin" : 458,
      "end" : 461,
      "text" : "gsm",
      "whiteSpace" : false
    }, {
      "id" : "s5-t12",
      "begin" : 462,
      "end" : 472,
      "text" : "smartphone",
      "whiteSpace" : false
    }, {
      "id" : "s5-t13",
      "begin" : 473,
      "end" : 482,
      "text" : "elsewhere",
      "whiteSpace" : false
    }, {
      "id" : "s5-t14",
      "begin" : 482,
      "end" : 483,
      "text" : ",",
      "whiteSpace" : false
    }, {
      "id" : "s5-t15",
      "begin" : 484,
      "end" : 487,
      "text" : "can",
      "whiteSpace" : false
    }, {
      "id" : "s5-t16",
      "begin" : 488,
      "end" : 489,
      "text" : "I",
      "whiteSpace" : false
    }, {
      "id" : "s5-t17",
      "begin" : 490,
      "end" : 494,
      "text" : "just",
      "whiteSpace" : false
    }, {
      "id" : "s5-t18",
      "begin" : 495,
      "end" : 501,
      "text" : "remove",
      "whiteSpace" : false
    }, {
      "id" : "s5-t19",
      "begin" : 502,
      "end" : 505,
      "text" : "the",
      "whiteSpace" : false
    }, {
      "id" : "s5-t20",
      "begin" : 506,
      "end" : 509,
      "text" : "sim",
      "whiteSpace" : false
    }, {
      "id" : "s5-t21",
      "begin" : 510,
      "end" : 514,
      "text" : "card",
      "whiteSpace" : false
    }, {
      "id" : "s5-t22",
      "begin" : 515,
      "end" : 519,
      "text" : "from",
      "whiteSpace" : false
    }, {
      "id" : "s5-t23",
      "begin" : 520,
      "end" : 522,
      "text" : "my",
      "whiteSpace" : false
    }, {
      "id" : "s5-t24",
      "begin" : 523,
      "end" : 529,
      "text" : "iPhone",
      "whiteSpace" : false
    }, {
      "id" : "s5-t25",
      "begin" : 530,
      "end" : 533,
      "text" : "and",
      "whiteSpace" : false
    }, {
      "id" : "s5-t26",
      "begin" : 534,
      "end" : 537,
      "text" : "pop",
      "whiteSpace" : false
    }, {
      "id" : "s5-t27",
      "begin" : 538,
      "end" : 540,
      "text" : "it",
      "whiteSpace" : false
    }, {
      "id" : "s5-t28",
      "begin" : 541,
      "end" : 545,
      "text" : "into",
      "whiteSpace" : false
    }, {
      "id" : "s5-t29",
      "begin" : 546,
      "end" : 549,
      "text" : "the",
      "whiteSpace" : false
    }, {
      "id" : "s5-t30",
      "begin" : 550,
      "end" : 553,
      "text" : "new",
      "whiteSpace" : false
    }, {
      "id" : "s5-t31",
      "begin" : 554,
      "end" : 559,
      "text" : "phone",
      "whiteSpace" : false
    }, {
      "id" : "s5-t32",
      "begin" : 559,
      "end" : 560,
      "text" : "?",
      "whiteSpace" : false
    } ]
  }, {
    "id" : "s6",
    "begin" : 561,
    "end" : 577,
    "text" : "Would this work?",
    "tokens" : [ {
      "id" : "s6-t0",
      "begin" : 561,
      "end" : 566,
      "text" : "Would",
      "whiteSpace" : false
    }, {
      "id" : "s6-t1",
      "begin" : 567,
      "end" : 571,
      "text" : "this",
      "whiteSpace" : false
    }, {
      "id" : "s6-t2",
      "begin" : 572,
      "end" : 576,
      "text" : "work",
      "whiteSpace" : false
    }, {
      "id" : "s6-t3",
      "begin" : 576,
      "end" : 577,
      "text" : "?",
      "whiteSpace" : false
    } ]
  }, {
    "id" : "s7",
    "begin" : 578,
    "end" : 639,
    "text" : "Would\nthis allow me to keep my same plan and everything else?",
    "tokens" : [ {
      "id" : "s7-t0",
      "begin" : 578,
      "end" : 583,
      "text" : "Would",
      "whiteSpace" : false
    }, {
      "id" : "s7-t1",
      "begin" : 584,
      "end" : 588,
      "text" : "this",
      "whiteSpace" : false
    }, {
      "id" : "s7-t2",
      "begin" : 589,
      "end" : 594,
      "text" : "allow",
      "whiteSpace" : false
    }, {
      "id" : "s7-t3",
      "begin" : 595,
      "end" : 597,
      "text" : "me",
      "whiteSpace" : false
    }, {
      "id" : "s7-t4",
      "begin" : 598,
      "end" : 600,
      "text" : "to",
      "whiteSpace" : false
    }, {
      "id" : "s7-t5",
      "begin" : 601,
      "end" : 605,
      "text" : "keep",
      "whiteSpace" : false
    }, {
      "id" : "s7-t6",
      "begin" : 606,
      "end" : 608,
      "text" : "my",
      "whiteSpace" : false
    }, {
      "id" : "s7-t7",
      "begin" : 609,
      "end" : 613,
      "text" : "same",
      "whiteSpace" : false
    }, {
      "id" : "s7-t8",
      "begin" : 614,
      "end" : 618,
      "text" : "plan",
      "whiteSpace" : false
    }, {
      "id" : "s7-t9",
      "begin" : 619,
      "end" : 622,
      "text" : "and",
      "whiteSpace" : false
    }, {
      "id" : "s7-t10",
      "begin" : 623,
      "end" : 633,
      "text" : "everything",
      "whiteSpace" : false
    }, {
      "id" : "s7-t11",
      "begin" : 634,
      "end" : 638,
      "text" : "else",
      "whiteSpace" : false
    }, {
      "id" : "s7-t12",
      "begin" : 638,
      "end" : 639,
      "text" : "?",
      "whiteSpace" : false
    } ]
  }, {
    "id" : "s8",
    "begin" : 640,
    "end" : 694,
    "text" : "I just wanted to\nverify before purchasing a new phone.",
    "tokens" : [ {
      "id" : "s8-t0",
      "begin" : 640,
      "end" : 641,
      "text" : "I",
      "whiteSpace" : false
    }, {
      "id" : "s8-t1",
      "begin" : 642,
      "end" : 646,
      "text" : "just",
      "whiteSpace" : false
    }, {
      "id" : "s8-t2",
      "begin" : 647,
      "end" : 653,
      "text" : "wanted",
      "whiteSpace" : false
    }, {
      "id" : "s8-t3",
      "begin" : 654,
      "end" : 656,
      "text" : "to",
      "whiteSpace" : false
    }, {
      "id" : "s8-t4",
      "begin" : 657,
      "end" : 663,
      "text" : "verify",
      "whiteSpace" : false
    }, {
      "id" : "s8-t5",
      "begin" : 664,
      "end" : 670,
      "text" : "before",
      "whiteSpace" : false
    }, {
      "id" : "s8-t6",
      "begin" : 671,
      "end" : 681,
      "text" : "purchasing",
      "whiteSpace" : false
    }, {
      "id" : "s8-t7",
      "begin" : 682,
      "end" : 683,
      "text" : "a",
      "whiteSpace" : false
    }, {
      "id" : "s8-t8",
      "begin" : 684,
      "end" : 687,
      "text" : "new",
      "whiteSpace" : false
    }, {
      "id" : "s8-t9",
      "begin" : 688,
      "end" : 693,
      "text" : "phone",
      "whiteSpace" : false
    }, {
      "id" : "s8-t10",
      "begin" : 693,
      "end" : 694,
      "text" : ".",
      "whiteSpace" : false
    } ]
  }, {
    "id" : "s9",
    "begin" : 695,
    "end" : 738,
    "text" : "Thanks in advance.MaxSolved!Go to\nSolution.",
    "tokens" : [ {
      "id" : "s9-t0",
      "begin" : 695,
      "end" : 701,
      "text" : "Thanks",
      "whiteSpace" : false
    }, {
      "id" : "s9-t1",
      "begin" : 702,
      "end" : 704,
      "text" : "in",
      "whiteSpace" : false
    }, {
      "id" : "s9-t2",
      "begin" : 705,
      "end" : 723,
      "text" : "advance.MaxSolved!",
      "whiteSpace" : false
    }, {
      "id" : "s9-t3",
      "begin" : 723,
      "end" : 725,
      "text" : "Go",
      "whiteSpace" : false
    }, {
      "id" : "s9-t4",
      "begin" : 726,
      "end" : 728,
      "text" : "to",
      "whiteSpace" : false
    }, {
      "id" : "s9-t5",
      "begin" : 729,
      "end" : 737,
      "text" : "Solution",
      "whiteSpace" : false
    }, {
      "id" : "s9-t6",
      "begin" : 737,
      "end" : 738,
      "text" : ".",
      "whiteSpace" : false
    } ]
  } ],
  "mentions" : [ {
    "id" : "s0-m1",
    "properties" : {
      "SIRE_MENTION_ROLE" : "Service_Plan",
      "SIRE_ENTITY_SUBTYPE" : "NONE",
      "SIRE_MENTION_TYPE" : "NONE",
      "SIRE_MENTION_CLASS" : "SPC"
    },
    "type" : "Service_Plan",
    "begin" : 27,
    "end" : 36,
    "inCoref" : false
  }, {
    "id" : "s1-m3",
    "properties" : {
      "SIRE_MENTION_ROLE" : "Product",
      "SIRE_ENTITY_SUBTYPE" : "NONE",
      "SIRE_MENTION_TYPE" : "NONE",
      "SIRE_MENTION_CLASS" : "SPC"
    },
    "type" : "Product",
    "begin" : 62,
    "end" : 71,
    "inCoref" : false
  }, {
    "id" : "cm4",
    "properties" : {
      "SIRE_MENTION_ROLE" : "Service_Plan",
      "SIRE_ENTITY_SUBTYPE" : "NONE",
      "SIRE_MENTION_TYPE" : "NONE",
      "SIRE_MENTION_CLASS" : "SPC"
    },
    "type" : "Service_Plan",
    "begin" : 93,
    "end" : 112,
    "inCoref" : false
  }, {
    "id" : "cm5",
    "properties" : {
      "SIRE_MENTION_ROLE" : "Service_Plan",
      "SIRE_ENTITY_SUBTYPE" : "NONE",
      "SIRE_MENTION_TYPE" : "NONE",
      "SIRE_MENTION_CLASS" : "SPC"
    },
    "type" : "Service_Plan",
    "begin" : 176,
    "end" : 180,
    "inCoref" : false
  }, {
    "id" : "s3-m1",
    "properties" : {
      "SIRE_MENTION_ROLE" : "Service_Plan",
      "SIRE_ENTITY_SUBTYPE" : "NONE",
      "SIRE_MENTION_TYPE" : "NONE",
      "SIRE_MENTION_CLASS" : "SPC"
    },
    "type" : "Service_Plan",
    "begin" : 232,
    "end" : 246,
    "inCoref" : false
  }, {
    "id" : "s3-m2",
    "properties" : {
      "SIRE_MENTION_ROLE" : "Product",
      "SIRE_ENTITY_SUBTYPE" : "NONE",
      "SIRE_MENTION_TYPE" : "NONE",
      "SIRE_MENTION_CLASS" : "SPC"
    },
    "type" : "Product",
    "begin" : 251,
    "end" : 257,
    "inCoref" : false
  }, {
    "id" : "cm3",
    "properties" : {
      "SIRE_MENTION_ROLE" : "Service_Provider",
      "SIRE_ENTITY_SUBTYPE" : "NONE",
      "SIRE_MENTION_TYPE" : "NONE",
      "SIRE_MENTION_CLASS" : "SPC"
    },
    "type" : "Service_Provider",
    "begin" : 290,
    "end" : 298,
    "inCoref" : false
  }, {
    "id" : "cm6",
    "properties" : {
      "SIRE_MENTION_ROLE" : "Service_Plan",
      "SIRE_ENTITY_SUBTYPE" : "NONE",
      "SIRE_MENTION_TYPE" : "NONE",
      "SIRE_MENTION_CLASS" : "SPC"
    },
    "type" : "Service_Plan",
    "begin" : 320,
    "end" : 329,
    "inCoref" : false
  }, {
    "id" : "s5-m3",
    "properties" : {
      "SIRE_MENTION_ROLE" : "Product",
      "SIRE_ENTITY_SUBTYPE" : "NONE",
      "SIRE_MENTION_TYPE" : "NONE",
      "SIRE_MENTION_CLASS" : "SPC"
    },
    "type" : "Product",
    "begin" : 458,
    "end" : 472,
    "inCoref" : false
  }, {
    "id" : "s5-m2",
    "properties" : {
      "SIRE_MENTION_ROLE" : "Physical_Feature",
      "SIRE_ENTITY_SUBTYPE" : "NONE",
      "SIRE_MENTION_TYPE" : "NONE",
      "SIRE_MENTION_CLASS" : "SPC"
    },
    "type" : "Physical_Feature",
    "begin" : 506,
    "end" : 514,
    "inCoref" : false
  }, {
    "id" : "s5-m1",
    "properties" : {
      "SIRE_MENTION_ROLE" : "Product",
      "SIRE_ENTITY_SUBTYPE" : "NONE",
      "SIRE_MENTION_TYPE" : "NONE",
      "SIRE_MENTION_CLASS" : "SPC"
    },
    "type" : "Product",
    "begin" : 523,
    "end" : 529,
    "inCoref" : false
  }, {
    "id" : "cm7",
    "properties" : {
      "SIRE_MENTION_ROLE" : "Service_Plan",
      "SIRE_ENTITY_SUBTYPE" : "NONE",
      "SIRE_MENTION_TYPE" : "NONE",
      "SIRE_MENTION_CLASS" : "SPC"
    },
    "type" : "Service_Plan",
    "begin" : 614,
    "end" : 618,
    "inCoref" : false
  } ],
  "relations" : [ ],
  "corefs" : [ ],
  "typeResolved" : true,
  "userResolved" : false
}