{
  "id" : "b49f6420-fed6-11e6-8c7d-7f6aa37994f5-3",
  "name" : "017c410e384e8a74cad3cfb7a1c27662.txt",
  "version" : 3,
  "text" : "Block Data to Smart Phone, without required data plan.\n\nI've recently been going back and forth with AT&amp;T; asking them to block\ndata to my iPhone. It is possible, they have done it. But the 'system'\nautomatically detects my phone and reverts it to a data plan I do not want.\nTheir argument that I will accrue a large bill is moot, because I want the\ndata blocked from their side, the towers. Again, this is technically possible\nit has been done on my line, and I'm sick of people telling me it's not.\nAT&amp;T; removing the block andarbitrarily adding a data plan to my account\nis theft.I want data blocked to my phone, and I don't want to call AT&amp;T;\nevery week to maintain. I'm not using celular data, I don't want celular data\nsent to/from my phone, block it from the tower. Stop lying about this\ncapability.Solved!Go to Solution.\n\n",
  "docLength" : 0,
  "language" : "EN",
  "status" : "READY",
  "modifiedDate" : 1488746851006,
  "documentSet" : [ ],
  "preannotation" : [ "PRE_LW" ],
  "sentences" : [ {
    "id" : "s0",
    "begin" : 0,
    "end" : 54,
    "text" : "Block Data to Smart Phone, without required data plan.",
    "tokens" : [ {
      "id" : "s0-t0",
      "begin" : 0,
      "end" : 5,
      "text" : "Block",
      "whiteSpace" : false
    }, {
      "id" : "s0-t1",
      "begin" : 6,
      "end" : 10,
      "text" : "Data",
      "whiteSpace" : false
    }, {
      "id" : "s0-t2",
      "begin" : 11,
      "end" : 13,
      "text" : "to",
      "whiteSpace" : false
    }, {
      "id" : "s0-t3",
      "begin" : 14,
      "end" : 19,
      "text" : "Smart",
      "whiteSpace" : false
    }, {
      "id" : "s0-t4",
      "begin" : 20,
      "end" : 25,
      "text" : "Phone",
      "whiteSpace" : false
    }, {
      "id" : "s0-t5",
      "begin" : 25,
      "end" : 26,
      "text" : ",",
      "whiteSpace" : false
    }, {
      "id" : "s0-t6",
      "begin" : 27,
      "end" : 34,
      "text" : "without",
      "whiteSpace" : false
    }, {
      "id" : "s0-t7",
      "begin" : 35,
      "end" : 43,
      "text" : "required",
      "whiteSpace" : false
    }, {
      "id" : "s0-t8",
      "begin" : 44,
      "end" : 48,
      "text" : "data",
      "whiteSpace" : false
    }, {
      "id" : "s0-t9",
      "begin" : 49,
      "end" : 53,
      "text" : "plan",
      "whiteSpace" : false
    }, {
      "id" : "s0-t10",
      "begin" : 53,
      "end" : 54,
      "text" : ".",
      "whiteSpace" : false
    } ]
  }, {
    "id" : "s1",
    "begin" : 56,
    "end" : 150,
    "text" : "I've recently been going back and forth with AT&amp;T; asking them to block\ndata to my iPhone.",
    "tokens" : [ {
      "id" : "s1-t0",
      "begin" : 56,
      "end" : 57,
      "text" : "I",
      "whiteSpace" : false
    }, {
      "id" : "s1-t1",
      "begin" : 57,
      "end" : 60,
      "text" : "'ve",
      "whiteSpace" : false
    }, {
      "id" : "s1-t2",
      "begin" : 61,
      "end" : 69,
      "text" : "recently",
      "whiteSpace" : false
    }, {
      "id" : "s1-t3",
      "begin" : 70,
      "end" : 74,
      "text" : "been",
      "whiteSpace" : false
    }, {
      "id" : "s1-t4",
      "begin" : 75,
      "end" : 80,
      "text" : "going",
      "whiteSpace" : false
    }, {
      "id" : "s1-t5",
      "begin" : 81,
      "end" : 85,
      "text" : "back",
      "whiteSpace" : false
    }, {
      "id" : "s1-t6",
      "begin" : 86,
      "end" : 89,
      "text" : "and",
      "whiteSpace" : false
    }, {
      "id" : "s1-t7",
      "begin" : 90,
      "end" : 95,
      "text" : "forth",
      "whiteSpace" : false
    }, {
      "id" : "s1-t8",
      "begin" : 96,
      "end" : 100,
      "text" : "with",
      "whiteSpace" : false
    }, {
      "id" : "s1-t9",
      "begin" : 101,
      "end" : 103,
      "text" : "AT",
      "whiteSpace" : false
    }, {
      "id" : "s1-t10",
      "begin" : 103,
      "end" : 108,
      "text" : "&amp;",
      "whiteSpace" : false
    }, {
      "id" : "s1-t11",
      "begin" : 108,
      "end" : 110,
      "text" : "T;",
      "whiteSpace" : false
    }, {
      "id" : "s1-t12",
      "begin" : 111,
      "end" : 117,
      "text" : "asking",
      "whiteSpace" : false
    }, {
      "id" : "s1-t13",
      "begin" : 118,
      "end" : 122,
      "text" : "them",
      "whiteSpace" : false
    }, {
      "id" : "s1-t14",
      "begin" : 123,
      "end" : 125,
      "text" : "to",
      "whiteSpace" : false
    }, {
      "id" : "s1-t15",
      "begin" : 126,
      "end" : 131,
      "text" : "block",
      "whiteSpace" : false
    }, {
      "id" : "s1-t16",
      "begin" : 132,
      "end" : 136,
      "text" : "data",
      "whiteSpace" : false
    }, {
      "id" : "s1-t17",
      "begin" : 137,
      "end" : 139,
      "text" : "to",
      "whiteSpace" : false
    }, {
      "id" : "s1-t18",
      "begin" : 140,
      "end" : 142,
      "text" : "my",
      "whiteSpace" : false
    }, {
      "id" : "s1-t19",
      "begin" : 143,
      "end" : 149,
      "text" : "iPhone",
      "whiteSpace" : false
    }, {
      "id" : "s1-t20",
      "begin" : 149,
      "end" : 150,
      "text" : ".",
      "whiteSpace" : false
    } ]
  }, {
    "id" : "s2",
    "begin" : 151,
    "end" : 185,
    "text" : "It is possible, they have done it.",
    "tokens" : [ {
      "id" : "s2-t0",
      "begin" : 151,
      "end" : 153,
      "text" : "It",
      "whiteSpace" : false
    }, {
      "id" : "s2-t1",
      "begin" : 154,
      "end" : 156,
      "text" : "is",
      "whiteSpace" : false
    }, {
      "id" : "s2-t2",
      "begin" : 157,
      "end" : 165,
      "text" : "possible",
      "whiteSpace" : false
    }, {
      "id" : "s2-t3",
      "begin" : 165,
      "end" : 166,
      "text" : ",",
      "whiteSpace" : false
    }, {
      "id" : "s2-t4",
      "begin" : 167,
      "end" : 171,
      "text" : "they",
      "whiteSpace" : false
    }, {
      "id" : "s2-t5",
      "begin" : 172,
      "end" : 176,
      "text" : "have",
      "whiteSpace" : false
    }, {
      "id" : "s2-t6",
      "begin" : 177,
      "end" : 181,
      "text" : "done",
      "whiteSpace" : false
    }, {
      "id" : "s2-t7",
      "begin" : 182,
      "end" : 184,
      "text" : "it",
      "whiteSpace" : false
    }, {
      "id" : "s2-t8",
      "begin" : 184,
      "end" : 185,
      "text" : ".",
      "whiteSpace" : false
    } ]
  }, {
    "id" : "s3",
    "begin" : 186,
    "end" : 278,
    "text" : "But the 'system'\nautomatically detects my phone and reverts it to a data plan I do not want.",
    "tokens" : [ {
      "id" : "s3-t0",
      "begin" : 186,
      "end" : 189,
      "text" : "But",
      "whiteSpace" : false
    }, {
      "id" : "s3-t1",
      "begin" : 190,
      "end" : 193,
      "text" : "the",
      "whiteSpace" : false
    }, {
      "id" : "s3-t2",
      "begin" : 194,
      "end" : 195,
      "text" : "'",
      "whiteSpace" : false
    }, {
      "id" : "s3-t3",
      "begin" : 195,
      "end" : 201,
      "text" : "system",
      "whiteSpace" : false
    }, {
      "id" : "s3-t4",
      "begin" : 201,
      "end" : 202,
      "text" : "'",
      "whiteSpace" : false
    }, {
      "id" : "s3-t5",
      "begin" : 203,
      "end" : 216,
      "text" : "automatically",
      "whiteSpace" : false
    }, {
      "id" : "s3-t6",
      "begin" : 217,
      "end" : 224,
      "text" : "detects",
      "whiteSpace" : false
    }, {
      "id" : "s3-t7",
      "begin" : 225,
      "end" : 227,
      "text" : "my",
      "whiteSpace" : false
    }, {
      "id" : "s3-t8",
      "begin" : 228,
      "end" : 233,
      "text" : "phone",
      "whiteSpace" : false
    }, {
      "id" : "s3-t9",
      "begin" : 234,
      "end" : 237,
      "text" : "and",
      "whiteSpace" : false
    }, {
      "id" : "s3-t10",
      "begin" : 238,
      "end" : 245,
      "text" : "reverts",
      "whiteSpace" : false
    }, {
      "id" : "s3-t11",
      "begin" : 246,
      "end" : 248,
      "text" : "it",
      "whiteSpace" : false
    }, {
      "id" : "s3-t12",
      "begin" : 249,
      "end" : 251,
      "text" : "to",
      "whiteSpace" : false
    }, {
      "id" : "s3-t13",
      "begin" : 252,
      "end" : 253,
      "text" : "a",
      "whiteSpace" : false
    }, {
      "id" : "s3-t14",
      "begin" : 254,
      "end" : 258,
      "text" : "data",
      "whiteSpace" : false
    }, {
      "id" : "s3-t15",
      "begin" : 259,
      "end" : 263,
      "text" : "plan",
      "whiteSpace" : false
    }, {
      "id" : "s3-t16",
      "begin" : 264,
      "end" : 265,
      "text" : "I",
      "whiteSpace" : false
    }, {
      "id" : "s3-t17",
      "begin" : 266,
      "end" : 268,
      "text" : "do",
      "whiteSpace" : false
    }, {
      "id" : "s3-t18",
      "begin" : 269,
      "end" : 272,
      "text" : "not",
      "whiteSpace" : false
    }, {
      "id" : "s3-t19",
      "begin" : 273,
      "end" : 277,
      "text" : "want",
      "whiteSpace" : false
    }, {
      "id" : "s3-t20",
      "begin" : 277,
      "end" : 278,
      "text" : ".",
      "whiteSpace" : false
    } ]
  }, {
    "id" : "s4",
    "begin" : 279,
    "end" : 395,
    "text" : "Their argument that I will accrue a large bill is moot, because I want the\ndata blocked from their side, the towers.",
    "tokens" : [ {
      "id" : "s4-t0",
      "begin" : 279,
      "end" : 284,
      "text" : "Their",
      "whiteSpace" : false
    }, {
      "id" : "s4-t1",
      "begin" : 285,
      "end" : 293,
      "text" : "argument",
      "whiteSpace" : false
    }, {
      "id" : "s4-t2",
      "begin" : 294,
      "end" : 298,
      "text" : "that",
      "whiteSpace" : false
    }, {
      "id" : "s4-t3",
      "begin" : 299,
      "end" : 300,
      "text" : "I",
      "whiteSpace" : false
    }, {
      "id" : "s4-t4",
      "begin" : 301,
      "end" : 305,
      "text" : "will",
      "whiteSpace" : false
    }, {
      "id" : "s4-t5",
      "begin" : 306,
      "end" : 312,
      "text" : "accrue",
      "whiteSpace" : false
    }, {
      "id" : "s4-t6",
      "begin" : 313,
      "end" : 314,
      "text" : "a",
      "whiteSpace" : false
    }, {
      "id" : "s4-t7",
      "begin" : 315,
      "end" : 320,
      "text" : "large",
      "whiteSpace" : false
    }, {
      "id" : "s4-t8",
      "begin" : 321,
      "end" : 325,
      "text" : "bill",
      "whiteSpace" : false
    }, {
      "id" : "s4-t9",
      "begin" : 326,
      "end" : 328,
      "text" : "is",
      "whiteSpace" : false
    }, {
      "id" : "s4-t10",
      "begin" : 329,
      "end" : 333,
      "text" : "moot",
      "whiteSpace" : false
    }, {
      "id" : "s4-t11",
      "begin" : 333,
      "end" : 334,
      "text" : ",",
      "whiteSpace" : false
    }, {
      "id" : "s4-t12",
      "begin" : 335,
      "end" : 342,
      "text" : "because",
      "whiteSpace" : false
    }, {
      "id" : "s4-t13",
      "begin" : 343,
      "end" : 344,
      "text" : "I",
      "whiteSpace" : false
    }, {
      "id" : "s4-t14",
      "begin" : 345,
      "end" : 349,
      "text" : "want",
      "whiteSpace" : false
    }, {
      "id" : "s4-t15",
      "begin" : 350,
      "end" : 353,
      "text" : "the",
      "whiteSpace" : false
    }, {
      "id" : "s4-t16",
      "begin" : 354,
      "end" : 358,
      "text" : "data",
      "whiteSpace" : false
    }, {
      "id" : "s4-t17",
      "begin" : 359,
      "end" : 366,
      "text" : "blocked",
      "whiteSpace" : false
    }, {
      "id" : "s4-t18",
      "begin" : 367,
      "end" : 371,
      "text" : "from",
      "whiteSpace" : false
    }, {
      "id" : "s4-t19",
      "begin" : 372,
      "end" : 377,
      "text" : "their",
      "whiteSpace" : false
    }, {
      "id" : "s4-t20",
      "begin" : 378,
      "end" : 382,
      "text" : "side",
      "whiteSpace" : false
    }, {
      "id" : "s4-t21",
      "begin" : 382,
      "end" : 383,
      "text" : ",",
      "whiteSpace" : false
    }, {
      "id" : "s4-t22",
      "begin" : 384,
      "end" : 387,
      "text" : "the",
      "whiteSpace" : false
    }, {
      "id" : "s4-t23",
      "begin" : 388,
      "end" : 394,
      "text" : "towers",
      "whiteSpace" : false
    }, {
      "id" : "s4-t24",
      "begin" : 394,
      "end" : 395,
      "text" : ".",
      "whiteSpace" : false
    } ]
  }, {
    "id" : "s5",
    "begin" : 396,
    "end" : 504,
    "text" : "Again, this is technically possible\nit has been done on my line, and I'm sick of people telling me it's not.",
    "tokens" : [ {
      "id" : "s5-t0",
      "begin" : 396,
      "end" : 401,
      "text" : "Again",
      "whiteSpace" : false
    }, {
      "id" : "s5-t1",
      "begin" : 401,
      "end" : 402,
      "text" : ",",
      "whiteSpace" : false
    }, {
      "id" : "s5-t2",
      "begin" : 403,
      "end" : 407,
      "text" : "this",
      "whiteSpace" : false
    }, {
      "id" : "s5-t3",
      "begin" : 408,
      "end" : 410,
      "text" : "is",
      "whiteSpace" : false
    }, {
      "id" : "s5-t4",
      "begin" : 411,
      "end" : 422,
      "text" : "technically",
      "whiteSpace" : false
    }, {
      "id" : "s5-t5",
      "begin" : 423,
      "end" : 431,
      "text" : "possible",
      "whiteSpace" : false
    }, {
      "id" : "s5-t6",
      "begin" : 432,
      "end" : 434,
      "text" : "it",
      "whiteSpace" : false
    }, {
      "id" : "s5-t7",
      "begin" : 435,
      "end" : 438,
      "text" : "has",
      "whiteSpace" : false
    }, {
      "id" : "s5-t8",
      "begin" : 439,
      "end" : 443,
      "text" : "been",
      "whiteSpace" : false
    }, {
      "id" : "s5-t9",
      "begin" : 444,
      "end" : 448,
      "text" : "done",
      "whiteSpace" : false
    }, {
      "id" : "s5-t10",
      "begin" : 449,
      "end" : 451,
      "text" : "on",
      "whiteSpace" : false
    }, {
      "id" : "s5-t11",
      "begin" : 452,
      "end" : 454,
      "text" : "my",
      "whiteSpace" : false
    }, {
      "id" : "s5-t12",
      "begin" : 455,
      "end" : 459,
      "text" : "line",
      "whiteSpace" : false
    }, {
      "id" : "s5-t13",
      "begin" : 459,
      "end" : 460,
      "text" : ",",
      "whiteSpace" : false
    }, {
      "id" : "s5-t14",
      "begin" : 461,
      "end" : 464,
      "text" : "and",
      "whiteSpace" : false
    }, {
      "id" : "s5-t15",
      "begin" : 465,
      "end" : 466,
      "text" : "I",
      "whiteSpace" : false
    }, {
      "id" : "s5-t16",
      "begin" : 466,
      "end" : 468,
      "text" : "'m",
      "whiteSpace" : false
    }, {
      "id" : "s5-t17",
      "begin" : 469,
      "end" : 473,
      "text" : "sick",
      "whiteSpace" : false
    }, {
      "id" : "s5-t18",
      "begin" : 474,
      "end" : 476,
      "text" : "of",
      "whiteSpace" : false
    }, {
      "id" : "s5-t19",
      "begin" : 477,
      "end" : 483,
      "text" : "people",
      "whiteSpace" : false
    }, {
      "id" : "s5-t20",
      "begin" : 484,
      "end" : 491,
      "text" : "telling",
      "whiteSpace" : false
    }, {
      "id" : "s5-t21",
      "begin" : 492,
      "end" : 494,
      "text" : "me",
      "whiteSpace" : false
    }, {
      "id" : "s5-t22",
      "begin" : 495,
      "end" : 497,
      "text" : "it",
      "whiteSpace" : false
    }, {
      "id" : "s5-t23",
      "begin" : 497,
      "end" : 499,
      "text" : "'s",
      "whiteSpace" : false
    }, {
      "id" : "s5-t24",
      "begin" : 500,
      "end" : 503,
      "text" : "not",
      "whiteSpace" : false
    }, {
      "id" : "s5-t25",
      "begin" : 503,
      "end" : 504,
      "text" : ".",
      "whiteSpace" : false
    } ]
  }, {
    "id" : "s6",
    "begin" : 505,
    "end" : 682,
    "text" : "AT&amp;T; removing the block andarbitrarily adding a data plan to my account\nis theft.I want data blocked to my phone, and I don't want to call AT&amp;T;\nevery week to maintain.",
    "tokens" : [ {
      "id" : "s6-t0",
      "begin" : 505,
      "end" : 507,
      "text" : "AT",
      "whiteSpace" : false
    }, {
      "id" : "s6-t1",
      "begin" : 507,
      "end" : 512,
      "text" : "&amp;",
      "whiteSpace" : false
    }, {
      "id" : "s6-t2",
      "begin" : 512,
      "end" : 514,
      "text" : "T;",
      "whiteSpace" : false
    }, {
      "id" : "s6-t3",
      "begin" : 515,
      "end" : 523,
      "text" : "removing",
      "whiteSpace" : false
    }, {
      "id" : "s6-t4",
      "begin" : 524,
      "end" : 527,
      "text" : "the",
      "whiteSpace" : false
    }, {
      "id" : "s6-t5",
      "begin" : 528,
      "end" : 533,
      "text" : "block",
      "whiteSpace" : false
    }, {
      "id" : "s6-t6",
      "begin" : 534,
      "end" : 548,
      "text" : "andarbitrarily",
      "whiteSpace" : false
    }, {
      "id" : "s6-t7",
      "begin" : 549,
      "end" : 555,
      "text" : "adding",
      "whiteSpace" : false
    }, {
      "id" : "s6-t8",
      "begin" : 556,
      "end" : 557,
      "text" : "a",
      "whiteSpace" : false
    }, {
      "id" : "s6-t9",
      "begin" : 558,
      "end" : 562,
      "text" : "data",
      "whiteSpace" : false
    }, {
      "id" : "s6-t10",
      "begin" : 563,
      "end" : 567,
      "text" : "plan",
      "whiteSpace" : false
    }, {
      "id" : "s6-t11",
      "begin" : 568,
      "end" : 570,
      "text" : "to",
      "whiteSpace" : false
    }, {
      "id" : "s6-t12",
      "begin" : 571,
      "end" : 573,
      "text" : "my",
      "whiteSpace" : false
    }, {
      "id" : "s6-t13",
      "begin" : 574,
      "end" : 581,
      "text" : "account",
      "whiteSpace" : false
    }, {
      "id" : "s6-t14",
      "begin" : 582,
      "end" : 584,
      "text" : "is",
      "whiteSpace" : false
    }, {
      "id" : "s6-t15",
      "begin" : 585,
      "end" : 592,
      "text" : "theft.I",
      "whiteSpace" : false
    }, {
      "id" : "s6-t16",
      "begin" : 593,
      "end" : 597,
      "text" : "want",
      "whiteSpace" : false
    }, {
      "id" : "s6-t17",
      "begin" : 598,
      "end" : 602,
      "text" : "data",
      "whiteSpace" : false
    }, {
      "id" : "s6-t18",
      "begin" : 603,
      "end" : 610,
      "text" : "blocked",
      "whiteSpace" : false
    }, {
      "id" : "s6-t19",
      "begin" : 611,
      "end" : 613,
      "text" : "to",
      "whiteSpace" : false
    }, {
      "id" : "s6-t20",
      "begin" : 614,
      "end" : 616,
      "text" : "my",
      "whiteSpace" : false
    }, {
      "id" : "s6-t21",
      "begin" : 617,
      "end" : 622,
      "text" : "phone",
      "whiteSpace" : false
    }, {
      "id" : "s6-t22",
      "begin" : 622,
      "end" : 623,
      "text" : ",",
      "whiteSpace" : false
    }, {
      "id" : "s6-t23",
      "begin" : 624,
      "end" : 627,
      "text" : "and",
      "whiteSpace" : false
    }, {
      "id" : "s6-t24",
      "begin" : 628,
      "end" : 629,
      "text" : "I",
      "whiteSpace" : false
    }, {
      "id" : "s6-t25",
      "begin" : 630,
      "end" : 632,
      "text" : "do",
      "whiteSpace" : false
    }, {
      "id" : "s6-t26",
      "begin" : 632,
      "end" : 635,
      "text" : "n't",
      "whiteSpace" : false
    }, {
      "id" : "s6-t27",
      "begin" : 636,
      "end" : 640,
      "text" : "want",
      "whiteSpace" : false
    }, {
      "id" : "s6-t28",
      "begin" : 641,
      "end" : 643,
      "text" : "to",
      "whiteSpace" : false
    }, {
      "id" : "s6-t29",
      "begin" : 644,
      "end" : 648,
      "text" : "call",
      "whiteSpace" : false
    }, {
      "id" : "s6-t30",
      "begin" : 649,
      "end" : 651,
      "text" : "AT",
      "whiteSpace" : false
    }, {
      "id" : "s6-t31",
      "begin" : 651,
      "end" : 656,
      "text" : "&amp;",
      "whiteSpace" : false
    }, {
      "id" : "s6-t32",
      "begin" : 656,
      "end" : 658,
      "text" : "T;",
      "whiteSpace" : false
    }, {
      "id" : "s6-t33",
      "begin" : 659,
      "end" : 664,
      "text" : "every",
      "whiteSpace" : false
    }, {
      "id" : "s6-t34",
      "begin" : 665,
      "end" : 669,
      "text" : "week",
      "whiteSpace" : false
    }, {
      "id" : "s6-t35",
      "begin" : 670,
      "end" : 672,
      "text" : "to",
      "whiteSpace" : false
    }, {
      "id" : "s6-t36",
      "begin" : 673,
      "end" : 681,
      "text" : "maintain",
      "whiteSpace" : false
    }, {
      "id" : "s6-t37",
      "begin" : 681,
      "end" : 682,
      "text" : ".",
      "whiteSpace" : false
    } ]
  }, {
    "id" : "s7",
    "begin" : 683,
    "end" : 784,
    "text" : "I'm not using celular data, I don't want celular data\nsent to/from my phone, block it from the tower.",
    "tokens" : [ {
      "id" : "s7-t0",
      "begin" : 683,
      "end" : 684,
      "text" : "I",
      "whiteSpace" : false
    }, {
      "id" : "s7-t1",
      "begin" : 684,
      "end" : 686,
      "text" : "'m",
      "whiteSpace" : false
    }, {
      "id" : "s7-t2",
      "begin" : 687,
      "end" : 690,
      "text" : "not",
      "whiteSpace" : false
    }, {
      "id" : "s7-t3",
      "begin" : 691,
      "end" : 696,
      "text" : "using",
      "whiteSpace" : false
    }, {
      "id" : "s7-t4",
      "begin" : 697,
      "end" : 704,
      "text" : "celular",
      "whiteSpace" : false
    }, {
      "id" : "s7-t5",
      "begin" : 705,
      "end" : 709,
      "text" : "data",
      "whiteSpace" : false
    }, {
      "id" : "s7-t6",
      "begin" : 709,
      "end" : 710,
      "text" : ",",
      "whiteSpace" : false
    }, {
      "id" : "s7-t7",
      "begin" : 711,
      "end" : 712,
      "text" : "I",
      "whiteSpace" : false
    }, {
      "id" : "s7-t8",
      "begin" : 713,
      "end" : 715,
      "text" : "do",
      "whiteSpace" : false
    }, {
      "id" : "s7-t9",
      "begin" : 715,
      "end" : 718,
      "text" : "n't",
      "whiteSpace" : false
    }, {
      "id" : "s7-t10",
      "begin" : 719,
      "end" : 723,
      "text" : "want",
      "whiteSpace" : false
    }, {
      "id" : "s7-t11",
      "begin" : 724,
      "end" : 731,
      "text" : "celular",
      "whiteSpace" : false
    }, {
      "id" : "s7-t12",
      "begin" : 732,
      "end" : 736,
      "text" : "data",
      "whiteSpace" : false
    }, {
      "id" : "s7-t13",
      "begin" : 737,
      "end" : 741,
      "text" : "sent",
      "whiteSpace" : false
    }, {
      "id" : "s7-t14",
      "begin" : 742,
      "end" : 744,
      "text" : "to",
      "whiteSpace" : false
    }, {
      "id" : "s7-t15",
      "begin" : 744,
      "end" : 745,
      "text" : "/",
      "whiteSpace" : false
    }, {
      "id" : "s7-t16",
      "begin" : 745,
      "end" : 749,
      "text" : "from",
      "whiteSpace" : false
    }, {
      "id" : "s7-t17",
      "begin" : 750,
      "end" : 752,
      "text" : "my",
      "whiteSpace" : false
    }, {
      "id" : "s7-t18",
      "begin" : 753,
      "end" : 758,
      "text" : "phone",
      "whiteSpace" : false
    }, {
      "id" : "s7-t19",
      "begin" : 758,
      "end" : 759,
      "text" : ",",
      "whiteSpace" : false
    }, {
      "id" : "s7-t20",
      "begin" : 760,
      "end" : 765,
      "text" : "block",
      "whiteSpace" : false
    }, {
      "id" : "s7-t21",
      "begin" : 766,
      "end" : 768,
      "text" : "it",
      "whiteSpace" : false
    }, {
      "id" : "s7-t22",
      "begin" : 769,
      "end" : 773,
      "text" : "from",
      "whiteSpace" : false
    }, {
      "id" : "s7-t23",
      "begin" : 774,
      "end" : 777,
      "text" : "the",
      "whiteSpace" : false
    }, {
      "id" : "s7-t24",
      "begin" : 778,
      "end" : 783,
      "text" : "tower",
      "whiteSpace" : false
    }, {
      "id" : "s7-t25",
      "begin" : 783,
      "end" : 784,
      "text" : ".",
      "whiteSpace" : false
    } ]
  }, {
    "id" : "s8",
    "begin" : 785,
    "end" : 840,
    "text" : "Stop lying about this\ncapability.Solved!Go to Solution.",
    "tokens" : [ {
      "id" : "s8-t0",
      "begin" : 785,
      "end" : 789,
      "text" : "Stop",
      "whiteSpace" : false
    }, {
      "id" : "s8-t1",
      "begin" : 790,
      "end" : 795,
      "text" : "lying",
      "whiteSpace" : false
    }, {
      "id" : "s8-t2",
      "begin" : 796,
      "end" : 801,
      "text" : "about",
      "whiteSpace" : false
    }, {
      "id" : "s8-t3",
      "begin" : 802,
      "end" : 806,
      "text" : "this",
      "whiteSpace" : false
    }, {
      "id" : "s8-t4",
      "begin" : 807,
      "end" : 825,
      "text" : "capability.Solved!",
      "whiteSpace" : false
    }, {
      "id" : "s8-t5",
      "begin" : 825,
      "end" : 827,
      "text" : "Go",
      "whiteSpace" : false
    }, {
      "id" : "s8-t6",
      "begin" : 828,
      "end" : 830,
      "text" : "to",
      "whiteSpace" : false
    }, {
      "id" : "s8-t7",
      "begin" : 831,
      "end" : 839,
      "text" : "Solution",
      "whiteSpace" : false
    }, {
      "id" : "s8-t8",
      "begin" : 839,
      "end" : 840,
      "text" : ".",
      "whiteSpace" : false
    } ]
  } ],
  "mentions" : [ {
    "id" : "s0-m3",
    "properties" : {
      "SIRE_MENTION_ROLE" : "Internet_Connectivity",
      "SIRE_ENTITY_SUBTYPE" : "NONE",
      "SIRE_MENTION_TYPE" : "NONE",
      "SIRE_MENTION_CLASS" : "SPC"
    },
    "type" : "Internet_Connectivity",
    "begin" : 6,
    "end" : 10,
    "inCoref" : false
  }, {
    "id" : "cm1",
    "properties" : {
      "SIRE_MENTION_ROLE" : "Service_Plan",
      "SIRE_ENTITY_SUBTYPE" : "NONE",
      "SIRE_MENTION_TYPE" : "NONE",
      "SIRE_MENTION_CLASS" : "SPC"
    },
    "type" : "Service_Plan",
    "begin" : 44,
    "end" : 53,
    "inCoref" : false
  }, {
    "id" : "cm4",
    "properties" : {
      "SIRE_MENTION_ROLE" : "Service_Provider",
      "SIRE_ENTITY_SUBTYPE" : "NONE",
      "SIRE_MENTION_TYPE" : "NONE",
      "SIRE_MENTION_CLASS" : "SPC"
    },
    "type" : "Service_Provider",
    "begin" : 101,
    "end" : 110,
    "inCoref" : false
  }, {
    "id" : "cm8",
    "properties" : {
      "SIRE_MENTION_ROLE" : "Internet_Connectivity",
      "SIRE_ENTITY_SUBTYPE" : "NONE",
      "SIRE_MENTION_TYPE" : "NONE",
      "SIRE_MENTION_CLASS" : "SPC"
    },
    "type" : "Internet_Connectivity",
    "begin" : 132,
    "end" : 136,
    "inCoref" : false
  }, {
    "id" : "s1-m1",
    "properties" : {
      "SIRE_MENTION_ROLE" : "Product",
      "SIRE_ENTITY_SUBTYPE" : "NONE",
      "SIRE_MENTION_TYPE" : "NONE",
      "SIRE_MENTION_CLASS" : "SPC"
    },
    "type" : "Product",
    "begin" : 143,
    "end" : 149,
    "inCoref" : false
  }, {
    "id" : "cm2",
    "properties" : {
      "SIRE_MENTION_ROLE" : "Service_Plan",
      "SIRE_ENTITY_SUBTYPE" : "NONE",
      "SIRE_MENTION_TYPE" : "NONE",
      "SIRE_MENTION_CLASS" : "SPC"
    },
    "type" : "Service_Plan",
    "begin" : 254,
    "end" : 263,
    "inCoref" : false
  }, {
    "id" : "cm10",
    "properties" : {
      "SIRE_MENTION_ROLE" : "Internet_Connectivity",
      "SIRE_ENTITY_SUBTYPE" : "NONE",
      "SIRE_MENTION_TYPE" : "NONE",
      "SIRE_MENTION_CLASS" : "SPC"
    },
    "type" : "Internet_Connectivity",
    "begin" : 354,
    "end" : 358,
    "inCoref" : false
  }, {
    "id" : "cm5",
    "properties" : {
      "SIRE_MENTION_ROLE" : "Service_Provider",
      "SIRE_ENTITY_SUBTYPE" : "NONE",
      "SIRE_MENTION_TYPE" : "NONE",
      "SIRE_MENTION_CLASS" : "SPC"
    },
    "type" : "Service_Provider",
    "begin" : 505,
    "end" : 514,
    "inCoref" : false
  }, {
    "id" : "cm3",
    "properties" : {
      "SIRE_MENTION_ROLE" : "Service_Plan",
      "SIRE_ENTITY_SUBTYPE" : "NONE",
      "SIRE_MENTION_TYPE" : "NONE",
      "SIRE_MENTION_CLASS" : "SPC"
    },
    "type" : "Service_Plan",
    "begin" : 558,
    "end" : 567,
    "inCoref" : false
  }, {
    "id" : "cm12",
    "properties" : {
      "SIRE_MENTION_ROLE" : "Internet_Connectivity",
      "SIRE_ENTITY_SUBTYPE" : "NONE",
      "SIRE_MENTION_TYPE" : "NONE",
      "SIRE_MENTION_CLASS" : "SPC"
    },
    "type" : "Internet_Connectivity",
    "begin" : 598,
    "end" : 602,
    "inCoref" : false
  }, {
    "id" : "cm6",
    "properties" : {
      "SIRE_MENTION_ROLE" : "Service_Provider",
      "SIRE_ENTITY_SUBTYPE" : "NONE",
      "SIRE_MENTION_TYPE" : "NONE",
      "SIRE_MENTION_CLASS" : "SPC"
    },
    "type" : "Service_Provider",
    "begin" : 649,
    "end" : 658,
    "inCoref" : false
  }, {
    "id" : "s7-m3",
    "properties" : {
      "SIRE_MENTION_ROLE" : "Internet_Connectivity",
      "SIRE_ENTITY_SUBTYPE" : "NONE",
      "SIRE_MENTION_TYPE" : "NONE",
      "SIRE_MENTION_CLASS" : "SPC"
    },
    "type" : "Internet_Connectivity",
    "begin" : 697,
    "end" : 709,
    "inCoref" : false
  }, {
    "id" : "cm13",
    "properties" : {
      "SIRE_MENTION_ROLE" : "Internet_Connectivity",
      "SIRE_ENTITY_SUBTYPE" : "NONE",
      "SIRE_MENTION_TYPE" : "NONE",
      "SIRE_MENTION_CLASS" : "SPC"
    },
    "type" : "Internet_Connectivity",
    "begin" : 705,
    "end" : 709,
    "inCoref" : false
  }, {
    "id" : "s7-m4",
    "properties" : {
      "SIRE_MENTION_ROLE" : "Internet_Connectivity",
      "SIRE_ENTITY_SUBTYPE" : "NONE",
      "SIRE_MENTION_TYPE" : "NONE",
      "SIRE_MENTION_CLASS" : "SPC"
    },
    "type" : "Internet_Connectivity",
    "begin" : 724,
    "end" : 736,
    "inCoref" : false
  }, {
    "id" : "cm14",
    "properties" : {
      "SIRE_MENTION_ROLE" : "Internet_Connectivity",
      "SIRE_ENTITY_SUBTYPE" : "NONE",
      "SIRE_MENTION_TYPE" : "NONE",
      "SIRE_MENTION_CLASS" : "SPC"
    },
    "type" : "Internet_Connectivity",
    "begin" : 732,
    "end" : 736,
    "inCoref" : false
  } ],
  "relations" : [ ],
  "corefs" : [ ],
  "typeResolved" : true,
  "userResolved" : false
}