{
  "id" : "b49f6420-fed6-11e6-8c7d-7f6aa37994f5-5",
  "name" : "017c410e384e8a74cad3cfb7a1cff3a3.txt",
  "version" : 3,
  "text" : "Understanding Sales Taxes Charged\n\nCan anyone explain the difference between \"City District Sales Tax: and \"City\nSales Tax\", both of which appear on my AT&amp;T; U-Verse wireless, internet,\nTV and U-verse Voice billings? How do they differ from \"Local Sales Tax\" which\nis listed as a separate charge?Solved!Go to Solution.\n\n",
  "docLength" : 0,
  "language" : "EN",
  "status" : "READY",
  "modifiedDate" : 1488747298813,
  "documentSet" : [ ],
  "preannotation" : [ "PRE_LW" ],
  "sentences" : [ {
    "id" : "s0",
    "begin" : 0,
    "end" : 33,
    "text" : "Understanding Sales Taxes Charged",
    "tokens" : [ {
      "id" : "s0-t0",
      "begin" : 0,
      "end" : 13,
      "text" : "Understanding",
      "whiteSpace" : false
    }, {
      "id" : "s0-t1",
      "begin" : 14,
      "end" : 19,
      "text" : "Sales",
      "whiteSpace" : false
    }, {
      "id" : "s0-t2",
      "begin" : 20,
      "end" : 25,
      "text" : "Taxes",
      "whiteSpace" : false
    }, {
      "id" : "s0-t3",
      "begin" : 26,
      "end" : 33,
      "text" : "Charged",
      "whiteSpace" : false
    } ]
  }, {
    "id" : "s1",
    "begin" : 35,
    "end" : 220,
    "text" : "Can anyone explain the difference between \"City District Sales Tax: and \"City\nSales Tax\", both of which appear on my AT&amp;T; U-Verse wireless, internet,\nTV and U-verse Voice billings?",
    "tokens" : [ {
      "id" : "s1-t0",
      "begin" : 35,
      "end" : 38,
      "text" : "Can",
      "whiteSpace" : false
    }, {
      "id" : "s1-t1",
      "begin" : 39,
      "end" : 45,
      "text" : "anyone",
      "whiteSpace" : false
    }, {
      "id" : "s1-t2",
      "begin" : 46,
      "end" : 53,
      "text" : "explain",
      "whiteSpace" : false
    }, {
      "id" : "s1-t3",
      "begin" : 54,
      "end" : 57,
      "text" : "the",
      "whiteSpace" : false
    }, {
      "id" : "s1-t4",
      "begin" : 58,
      "end" : 68,
      "text" : "difference",
      "whiteSpace" : false
    }, {
      "id" : "s1-t5",
      "begin" : 69,
      "end" : 76,
      "text" : "between",
      "whiteSpace" : false
    }, {
      "id" : "s1-t6",
      "begin" : 77,
      "end" : 78,
      "text" : "\"",
      "whiteSpace" : false
    }, {
      "id" : "s1-t7",
      "begin" : 78,
      "end" : 82,
      "text" : "City",
      "whiteSpace" : false
    }, {
      "id" : "s1-t8",
      "begin" : 83,
      "end" : 91,
      "text" : "District",
      "whiteSpace" : false
    }, {
      "id" : "s1-t9",
      "begin" : 92,
      "end" : 97,
      "text" : "Sales",
      "whiteSpace" : false
    }, {
      "id" : "s1-t10",
      "begin" : 98,
      "end" : 101,
      "text" : "Tax",
      "whiteSpace" : false
    }, {
      "id" : "s1-t11",
      "begin" : 101,
      "end" : 102,
      "text" : ":",
      "whiteSpace" : false
    }, {
      "id" : "s1-t12",
      "begin" : 103,
      "end" : 106,
      "text" : "and",
      "whiteSpace" : false
    }, {
      "id" : "s1-t13",
      "begin" : 107,
      "end" : 108,
      "text" : "\"",
      "whiteSpace" : false
    }, {
      "id" : "s1-t14",
      "begin" : 108,
      "end" : 112,
      "text" : "City",
      "whiteSpace" : false
    }, {
      "id" : "s1-t15",
      "begin" : 113,
      "end" : 118,
      "text" : "Sales",
      "whiteSpace" : false
    }, {
      "id" : "s1-t16",
      "begin" : 119,
      "end" : 122,
      "text" : "Tax",
      "whiteSpace" : false
    }, {
      "id" : "s1-t17",
      "begin" : 122,
      "end" : 123,
      "text" : "\"",
      "whiteSpace" : false
    }, {
      "id" : "s1-t18",
      "begin" : 123,
      "end" : 124,
      "text" : ",",
      "whiteSpace" : false
    }, {
      "id" : "s1-t19",
      "begin" : 125,
      "end" : 129,
      "text" : "both",
      "whiteSpace" : false
    }, {
      "id" : "s1-t20",
      "begin" : 130,
      "end" : 132,
      "text" : "of",
      "whiteSpace" : false
    }, {
      "id" : "s1-t21",
      "begin" : 133,
      "end" : 138,
      "text" : "which",
      "whiteSpace" : false
    }, {
      "id" : "s1-t22",
      "begin" : 139,
      "end" : 145,
      "text" : "appear",
      "whiteSpace" : false
    }, {
      "id" : "s1-t23",
      "begin" : 146,
      "end" : 148,
      "text" : "on",
      "whiteSpace" : false
    }, {
      "id" : "s1-t24",
      "begin" : 149,
      "end" : 151,
      "text" : "my",
      "whiteSpace" : false
    }, {
      "id" : "s1-t25",
      "begin" : 152,
      "end" : 154,
      "text" : "AT",
      "whiteSpace" : false
    }, {
      "id" : "s1-t26",
      "begin" : 154,
      "end" : 159,
      "text" : "&amp;",
      "whiteSpace" : false
    }, {
      "id" : "s1-t27",
      "begin" : 159,
      "end" : 161,
      "text" : "T;",
      "whiteSpace" : false
    }, {
      "id" : "s1-t28",
      "begin" : 162,
      "end" : 169,
      "text" : "U-Verse",
      "whiteSpace" : false
    }, {
      "id" : "s1-t29",
      "begin" : 170,
      "end" : 178,
      "text" : "wireless",
      "whiteSpace" : false
    }, {
      "id" : "s1-t30",
      "begin" : 178,
      "end" : 179,
      "text" : ",",
      "whiteSpace" : false
    }, {
      "id" : "s1-t31",
      "begin" : 180,
      "end" : 188,
      "text" : "internet",
      "whiteSpace" : false
    }, {
      "id" : "s1-t32",
      "begin" : 188,
      "end" : 189,
      "text" : ",",
      "whiteSpace" : false
    }, {
      "id" : "s1-t33",
      "begin" : 190,
      "end" : 192,
      "text" : "TV",
      "whiteSpace" : false
    }, {
      "id" : "s1-t34",
      "begin" : 193,
      "end" : 196,
      "text" : "and",
      "whiteSpace" : false
    }, {
      "id" : "s1-t35",
      "begin" : 197,
      "end" : 204,
      "text" : "U-verse",
      "whiteSpace" : false
    }, {
      "id" : "s1-t36",
      "begin" : 205,
      "end" : 210,
      "text" : "Voice",
      "whiteSpace" : false
    }, {
      "id" : "s1-t37",
      "begin" : 211,
      "end" : 219,
      "text" : "billings",
      "whiteSpace" : false
    }, {
      "id" : "s1-t38",
      "begin" : 219,
      "end" : 220,
      "text" : "?",
      "whiteSpace" : false
    } ]
  }, {
    "id" : "s2",
    "begin" : 221,
    "end" : 300,
    "text" : "How do they differ from \"Local Sales Tax\" which\nis listed as a separate charge?",
    "tokens" : [ {
      "id" : "s2-t0",
      "begin" : 221,
      "end" : 224,
      "text" : "How",
      "whiteSpace" : false
    }, {
      "id" : "s2-t1",
      "begin" : 225,
      "end" : 227,
      "text" : "do",
      "whiteSpace" : false
    }, {
      "id" : "s2-t2",
      "begin" : 228,
      "end" : 232,
      "text" : "they",
      "whiteSpace" : false
    }, {
      "id" : "s2-t3",
      "begin" : 233,
      "end" : 239,
      "text" : "differ",
      "whiteSpace" : false
    }, {
      "id" : "s2-t4",
      "begin" : 240,
      "end" : 244,
      "text" : "from",
      "whiteSpace" : false
    }, {
      "id" : "s2-t5",
      "begin" : 245,
      "end" : 246,
      "text" : "\"",
      "whiteSpace" : false
    }, {
      "id" : "s2-t6",
      "begin" : 246,
      "end" : 251,
      "text" : "Local",
      "whiteSpace" : false
    }, {
      "id" : "s2-t7",
      "begin" : 252,
      "end" : 257,
      "text" : "Sales",
      "whiteSpace" : false
    }, {
      "id" : "s2-t8",
      "begin" : 258,
      "end" : 261,
      "text" : "Tax",
      "whiteSpace" : false
    }, {
      "id" : "s2-t9",
      "begin" : 261,
      "end" : 262,
      "text" : "\"",
      "whiteSpace" : false
    }, {
      "id" : "s2-t10",
      "begin" : 263,
      "end" : 268,
      "text" : "which",
      "whiteSpace" : false
    }, {
      "id" : "s2-t11",
      "begin" : 269,
      "end" : 271,
      "text" : "is",
      "whiteSpace" : false
    }, {
      "id" : "s2-t12",
      "begin" : 272,
      "end" : 278,
      "text" : "listed",
      "whiteSpace" : false
    }, {
      "id" : "s2-t13",
      "begin" : 279,
      "end" : 281,
      "text" : "as",
      "whiteSpace" : false
    }, {
      "id" : "s2-t14",
      "begin" : 282,
      "end" : 283,
      "text" : "a",
      "whiteSpace" : false
    }, {
      "id" : "s2-t15",
      "begin" : 284,
      "end" : 292,
      "text" : "separate",
      "whiteSpace" : false
    }, {
      "id" : "s2-t16",
      "begin" : 293,
      "end" : 299,
      "text" : "charge",
      "whiteSpace" : false
    }, {
      "id" : "s2-t17",
      "begin" : 299,
      "end" : 300,
      "text" : "?",
      "whiteSpace" : false
    } ]
  }, {
    "id" : "s3",
    "begin" : 300,
    "end" : 322,
    "text" : "Solved!Go to Solution.",
    "tokens" : [ {
      "id" : "s3-t0",
      "begin" : 300,
      "end" : 307,
      "text" : "Solved!",
      "whiteSpace" : false
    }, {
      "id" : "s3-t1",
      "begin" : 307,
      "end" : 309,
      "text" : "Go",
      "whiteSpace" : false
    }, {
      "id" : "s3-t2",
      "begin" : 310,
      "end" : 312,
      "text" : "to",
      "whiteSpace" : false
    }, {
      "id" : "s3-t3",
      "begin" : 313,
      "end" : 321,
      "text" : "Solution",
      "whiteSpace" : false
    }, {
      "id" : "s3-t4",
      "begin" : 321,
      "end" : 322,
      "text" : ".",
      "whiteSpace" : false
    } ]
  } ],
  "mentions" : [ {
    "id" : "cm2",
    "properties" : {
      "SIRE_MENTION_ROLE" : "Service_Provider",
      "SIRE_ENTITY_SUBTYPE" : "NONE",
      "SIRE_MENTION_TYPE" : "NONE",
      "SIRE_MENTION_CLASS" : "SPC"
    },
    "type" : "Service_Provider",
    "begin" : 152,
    "end" : 161,
    "inCoref" : false
  }, {
    "id" : "s1-m3",
    "properties" : {
      "SIRE_MENTION_ROLE" : "Product",
      "SIRE_ENTITY_SUBTYPE" : "NONE",
      "SIRE_MENTION_TYPE" : "NONE",
      "SIRE_MENTION_CLASS" : "SPC"
    },
    "type" : "Product",
    "begin" : 162,
    "end" : 178,
    "inCoref" : false
  }, {
    "id" : "s2-m0",
    "properties" : {
      "SIRE_MENTION_ROLE" : "Internet_Connectivity",
      "SIRE_ENTITY_SUBTYPE" : "NONE",
      "SIRE_MENTION_TYPE" : "NONE",
      "SIRE_MENTION_CLASS" : "SPC"
    },
    "type" : "Internet_Connectivity",
    "begin" : 180,
    "end" : 188,
    "inCoref" : false
  }, {
    "id" : "cm1",
    "properties" : {
      "SIRE_MENTION_ROLE" : "Product",
      "SIRE_ENTITY_SUBTYPE" : "NONE",
      "SIRE_MENTION_TYPE" : "NONE",
      "SIRE_MENTION_CLASS" : "SPC"
    },
    "type" : "Product",
    "begin" : 197,
    "end" : 210,
    "inCoref" : false
  } ],
  "relations" : [ ],
  "corefs" : [ ],
  "typeResolved" : true,
  "userResolved" : false
}