{
  "id" : "b49f6420-fed6-11e6-8c7d-7f6aa37994f5-0",
  "name" : "017c410e384e8a74cad3cfb7a1acc305.txt",
  "version" : 3,
  "text" : "BOGO on iPhone 6 issues\n\nI went in store and upgraded 2 phones in December 2015 using the BOGO offer\nfor iPhone 6 and upgraded to the mobile share plan and have been paying the\npayment plan on both new phones for over 4 months.($75more a month than my old\nplan)After 3 months/payment cycles I was to receive a credit for the cost of\none phone ($659.00)NOW AT&amp;T; is telling me \" sorry this was only if you\nopened a NEW line\". I have all the paperwork and have made every payment. I\nhave been with AT&amp;T; for over 20 yrs and cannot believe they are doing\nthis. How can you legitimately sell a person a promo and give them all the\npaperwork stating you are eligible, charge them for it and then not pay the\ncredit when I did everything correctly.Someone please help me get this\ncorrectedSolved!Go to Solution.\n\n",
  "docLength" : 0,
  "language" : "EN",
  "status" : "READY",
  "modifiedDate" : 1488747282072,
  "documentSet" : [ ],
  "preannotation" : [ "PRE_LW" ],
  "sentences" : [ {
    "id" : "s0",
    "begin" : 0,
    "end" : 23,
    "text" : "BOGO on iPhone 6 issues",
    "tokens" : [ {
      "id" : "s0-t0",
      "begin" : 0,
      "end" : 4,
      "text" : "BOGO",
      "whiteSpace" : false
    }, {
      "id" : "s0-t1",
      "begin" : 5,
      "end" : 7,
      "text" : "on",
      "whiteSpace" : false
    }, {
      "id" : "s0-t2",
      "begin" : 8,
      "end" : 14,
      "text" : "iPhone",
      "whiteSpace" : false
    }, {
      "id" : "s0-t3",
      "begin" : 15,
      "end" : 16,
      "text" : "6",
      "whiteSpace" : false
    }, {
      "id" : "s0-t4",
      "begin" : 17,
      "end" : 23,
      "text" : "issues",
      "whiteSpace" : false
    } ]
  }, {
    "id" : "s1",
    "begin" : 25,
    "end" : 227,
    "text" : "I went in store and upgraded 2 phones in December 2015 using the BOGO offer\nfor iPhone 6 and upgraded to the mobile share plan and have been paying the\npayment plan on both new phones for over 4 months.",
    "tokens" : [ {
      "id" : "s1-t0",
      "begin" : 25,
      "end" : 26,
      "text" : "I",
      "whiteSpace" : false
    }, {
      "id" : "s1-t1",
      "begin" : 27,
      "end" : 31,
      "text" : "went",
      "whiteSpace" : false
    }, {
      "id" : "s1-t2",
      "begin" : 32,
      "end" : 34,
      "text" : "in",
      "whiteSpace" : false
    }, {
      "id" : "s1-t3",
      "begin" : 35,
      "end" : 40,
      "text" : "store",
      "whiteSpace" : false
    }, {
      "id" : "s1-t4",
      "begin" : 41,
      "end" : 44,
      "text" : "and",
      "whiteSpace" : false
    }, {
      "id" : "s1-t5",
      "begin" : 45,
      "end" : 53,
      "text" : "upgraded",
      "whiteSpace" : false
    }, {
      "id" : "s1-t6",
      "begin" : 54,
      "end" : 55,
      "text" : "2",
      "whiteSpace" : false
    }, {
      "id" : "s1-t7",
      "begin" : 56,
      "end" : 62,
      "text" : "phones",
      "whiteSpace" : false
    }, {
      "id" : "s1-t8",
      "begin" : 63,
      "end" : 65,
      "text" : "in",
      "whiteSpace" : false
    }, {
      "id" : "s1-t9",
      "begin" : 66,
      "end" : 74,
      "text" : "December",
      "whiteSpace" : false
    }, {
      "id" : "s1-t10",
      "begin" : 75,
      "end" : 79,
      "text" : "2015",
      "whiteSpace" : false
    }, {
      "id" : "s1-t11",
      "begin" : 80,
      "end" : 85,
      "text" : "using",
      "whiteSpace" : false
    }, {
      "id" : "s1-t12",
      "begin" : 86,
      "end" : 89,
      "text" : "the",
      "whiteSpace" : false
    }, {
      "id" : "s1-t13",
      "begin" : 90,
      "end" : 94,
      "text" : "BOGO",
      "whiteSpace" : false
    }, {
      "id" : "s1-t14",
      "begin" : 95,
      "end" : 100,
      "text" : "offer",
      "whiteSpace" : false
    }, {
      "id" : "s1-t15",
      "begin" : 101,
      "end" : 104,
      "text" : "for",
      "whiteSpace" : false
    }, {
      "id" : "s1-t16",
      "begin" : 105,
      "end" : 111,
      "text" : "iPhone",
      "whiteSpace" : false
    }, {
      "id" : "s1-t17",
      "begin" : 112,
      "end" : 113,
      "text" : "6",
      "whiteSpace" : false
    }, {
      "id" : "s1-t18",
      "begin" : 114,
      "end" : 117,
      "text" : "and",
      "whiteSpace" : false
    }, {
      "id" : "s1-t19",
      "begin" : 118,
      "end" : 126,
      "text" : "upgraded",
      "whiteSpace" : false
    }, {
      "id" : "s1-t20",
      "begin" : 127,
      "end" : 129,
      "text" : "to",
      "whiteSpace" : false
    }, {
      "id" : "s1-t21",
      "begin" : 130,
      "end" : 133,
      "text" : "the",
      "whiteSpace" : false
    }, {
      "id" : "s1-t22",
      "begin" : 134,
      "end" : 140,
      "text" : "mobile",
      "whiteSpace" : false
    }, {
      "id" : "s1-t23",
      "begin" : 141,
      "end" : 146,
      "text" : "share",
      "whiteSpace" : false
    }, {
      "id" : "s1-t24",
      "begin" : 147,
      "end" : 151,
      "text" : "plan",
      "whiteSpace" : false
    }, {
      "id" : "s1-t25",
      "begin" : 152,
      "end" : 155,
      "text" : "and",
      "whiteSpace" : false
    }, {
      "id" : "s1-t26",
      "begin" : 156,
      "end" : 160,
      "text" : "have",
      "whiteSpace" : false
    }, {
      "id" : "s1-t27",
      "begin" : 161,
      "end" : 165,
      "text" : "been",
      "whiteSpace" : false
    }, {
      "id" : "s1-t28",
      "begin" : 166,
      "end" : 172,
      "text" : "paying",
      "whiteSpace" : false
    }, {
      "id" : "s1-t29",
      "begin" : 173,
      "end" : 176,
      "text" : "the",
      "whiteSpace" : false
    }, {
      "id" : "s1-t30",
      "begin" : 177,
      "end" : 184,
      "text" : "payment",
      "whiteSpace" : false
    }, {
      "id" : "s1-t31",
      "begin" : 185,
      "end" : 189,
      "text" : "plan",
      "whiteSpace" : false
    }, {
      "id" : "s1-t32",
      "begin" : 190,
      "end" : 192,
      "text" : "on",
      "whiteSpace" : false
    }, {
      "id" : "s1-t33",
      "begin" : 193,
      "end" : 197,
      "text" : "both",
      "whiteSpace" : false
    }, {
      "id" : "s1-t34",
      "begin" : 198,
      "end" : 201,
      "text" : "new",
      "whiteSpace" : false
    }, {
      "id" : "s1-t35",
      "begin" : 202,
      "end" : 208,
      "text" : "phones",
      "whiteSpace" : false
    }, {
      "id" : "s1-t36",
      "begin" : 209,
      "end" : 212,
      "text" : "for",
      "whiteSpace" : false
    }, {
      "id" : "s1-t37",
      "begin" : 213,
      "end" : 217,
      "text" : "over",
      "whiteSpace" : false
    }, {
      "id" : "s1-t38",
      "begin" : 218,
      "end" : 219,
      "text" : "4",
      "whiteSpace" : false
    }, {
      "id" : "s1-t39",
      "begin" : 220,
      "end" : 226,
      "text" : "months",
      "whiteSpace" : false
    }, {
      "id" : "s1-t40",
      "begin" : 226,
      "end" : 227,
      "text" : ".",
      "whiteSpace" : false
    } ]
  }, {
    "id" : "s2",
    "begin" : 227,
    "end" : 428,
    "text" : "($75more a month than my old\nplan)After 3 months/payment cycles I was to receive a credit for the cost of\none phone ($659.00)NOW AT&amp;T; is telling me \" sorry this was only if you\nopened a NEW line\".",
    "tokens" : [ {
      "id" : "s2-t0",
      "begin" : 227,
      "end" : 228,
      "text" : "(",
      "whiteSpace" : false
    }, {
      "id" : "s2-t1",
      "begin" : 228,
      "end" : 229,
      "text" : "$",
      "whiteSpace" : false
    }, {
      "id" : "s2-t2",
      "begin" : 229,
      "end" : 235,
      "text" : "75more",
      "whiteSpace" : false
    }, {
      "id" : "s2-t3",
      "begin" : 236,
      "end" : 237,
      "text" : "a",
      "whiteSpace" : false
    }, {
      "id" : "s2-t4",
      "begin" : 238,
      "end" : 243,
      "text" : "month",
      "whiteSpace" : false
    }, {
      "id" : "s2-t5",
      "begin" : 244,
      "end" : 248,
      "text" : "than",
      "whiteSpace" : false
    }, {
      "id" : "s2-t6",
      "begin" : 249,
      "end" : 251,
      "text" : "my",
      "whiteSpace" : false
    }, {
      "id" : "s2-t7",
      "begin" : 252,
      "end" : 255,
      "text" : "old",
      "whiteSpace" : false
    }, {
      "id" : "s2-t8",
      "begin" : 256,
      "end" : 260,
      "text" : "plan",
      "whiteSpace" : false
    }, {
      "id" : "s2-t9",
      "begin" : 260,
      "end" : 261,
      "text" : ")",
      "whiteSpace" : false
    }, {
      "id" : "s2-t10",
      "begin" : 261,
      "end" : 266,
      "text" : "After",
      "whiteSpace" : false
    }, {
      "id" : "s2-t11",
      "begin" : 267,
      "end" : 268,
      "text" : "3",
      "whiteSpace" : false
    }, {
      "id" : "s2-t12",
      "begin" : 269,
      "end" : 275,
      "text" : "months",
      "whiteSpace" : false
    }, {
      "id" : "s2-t13",
      "begin" : 275,
      "end" : 276,
      "text" : "/",
      "whiteSpace" : false
    }, {
      "id" : "s2-t14",
      "begin" : 276,
      "end" : 283,
      "text" : "payment",
      "whiteSpace" : false
    }, {
      "id" : "s2-t15",
      "begin" : 284,
      "end" : 290,
      "text" : "cycles",
      "whiteSpace" : false
    }, {
      "id" : "s2-t16",
      "begin" : 291,
      "end" : 292,
      "text" : "I",
      "whiteSpace" : false
    }, {
      "id" : "s2-t17",
      "begin" : 293,
      "end" : 296,
      "text" : "was",
      "whiteSpace" : false
    }, {
      "id" : "s2-t18",
      "begin" : 297,
      "end" : 299,
      "text" : "to",
      "whiteSpace" : false
    }, {
      "id" : "s2-t19",
      "begin" : 300,
      "end" : 307,
      "text" : "receive",
      "whiteSpace" : false
    }, {
      "id" : "s2-t20",
      "begin" : 308,
      "end" : 309,
      "text" : "a",
      "whiteSpace" : false
    }, {
      "id" : "s2-t21",
      "begin" : 310,
      "end" : 316,
      "text" : "credit",
      "whiteSpace" : false
    }, {
      "id" : "s2-t22",
      "begin" : 317,
      "end" : 320,
      "text" : "for",
      "whiteSpace" : false
    }, {
      "id" : "s2-t23",
      "begin" : 321,
      "end" : 324,
      "text" : "the",
      "whiteSpace" : false
    }, {
      "id" : "s2-t24",
      "begin" : 325,
      "end" : 329,
      "text" : "cost",
      "whiteSpace" : false
    }, {
      "id" : "s2-t25",
      "begin" : 330,
      "end" : 332,
      "text" : "of",
      "whiteSpace" : false
    }, {
      "id" : "s2-t26",
      "begin" : 333,
      "end" : 336,
      "text" : "one",
      "whiteSpace" : false
    }, {
      "id" : "s2-t27",
      "begin" : 337,
      "end" : 342,
      "text" : "phone",
      "whiteSpace" : false
    }, {
      "id" : "s2-t28",
      "begin" : 343,
      "end" : 344,
      "text" : "(",
      "whiteSpace" : false
    }, {
      "id" : "s2-t29",
      "begin" : 344,
      "end" : 345,
      "text" : "$",
      "whiteSpace" : false
    }, {
      "id" : "s2-t30",
      "begin" : 345,
      "end" : 351,
      "text" : "659.00",
      "whiteSpace" : false
    }, {
      "id" : "s2-t31",
      "begin" : 351,
      "end" : 352,
      "text" : ")",
      "whiteSpace" : false
    }, {
      "id" : "s2-t32",
      "begin" : 352,
      "end" : 355,
      "text" : "NOW",
      "whiteSpace" : false
    }, {
      "id" : "s2-t33",
      "begin" : 356,
      "end" : 358,
      "text" : "AT",
      "whiteSpace" : false
    }, {
      "id" : "s2-t34",
      "begin" : 358,
      "end" : 363,
      "text" : "&amp;",
      "whiteSpace" : false
    }, {
      "id" : "s2-t35",
      "begin" : 363,
      "end" : 365,
      "text" : "T;",
      "whiteSpace" : false
    }, {
      "id" : "s2-t36",
      "begin" : 366,
      "end" : 368,
      "text" : "is",
      "whiteSpace" : false
    }, {
      "id" : "s2-t37",
      "begin" : 369,
      "end" : 376,
      "text" : "telling",
      "whiteSpace" : false
    }, {
      "id" : "s2-t38",
      "begin" : 377,
      "end" : 379,
      "text" : "me",
      "whiteSpace" : false
    }, {
      "id" : "s2-t39",
      "begin" : 380,
      "end" : 381,
      "text" : "\"",
      "whiteSpace" : false
    }, {
      "id" : "s2-t40",
      "begin" : 382,
      "end" : 387,
      "text" : "sorry",
      "whiteSpace" : false
    }, {
      "id" : "s2-t41",
      "begin" : 388,
      "end" : 392,
      "text" : "this",
      "whiteSpace" : false
    }, {
      "id" : "s2-t42",
      "begin" : 393,
      "end" : 396,
      "text" : "was",
      "whiteSpace" : false
    }, {
      "id" : "s2-t43",
      "begin" : 397,
      "end" : 401,
      "text" : "only",
      "whiteSpace" : false
    }, {
      "id" : "s2-t44",
      "begin" : 402,
      "end" : 404,
      "text" : "if",
      "whiteSpace" : false
    }, {
      "id" : "s2-t45",
      "begin" : 405,
      "end" : 408,
      "text" : "you",
      "whiteSpace" : false
    }, {
      "id" : "s2-t46",
      "begin" : 409,
      "end" : 415,
      "text" : "opened",
      "whiteSpace" : false
    }, {
      "id" : "s2-t47",
      "begin" : 416,
      "end" : 417,
      "text" : "a",
      "whiteSpace" : false
    }, {
      "id" : "s2-t48",
      "begin" : 418,
      "end" : 421,
      "text" : "NEW",
      "whiteSpace" : false
    }, {
      "id" : "s2-t49",
      "begin" : 422,
      "end" : 426,
      "text" : "line",
      "whiteSpace" : false
    }, {
      "id" : "s2-t50",
      "begin" : 426,
      "end" : 427,
      "text" : "\"",
      "whiteSpace" : false
    }, {
      "id" : "s2-t51",
      "begin" : 427,
      "end" : 428,
      "text" : ".",
      "whiteSpace" : false
    } ]
  }, {
    "id" : "s3",
    "begin" : 429,
    "end" : 482,
    "text" : "I have all the paperwork and have made every payment.",
    "tokens" : [ {
      "id" : "s3-t0",
      "begin" : 429,
      "end" : 430,
      "text" : "I",
      "whiteSpace" : false
    }, {
      "id" : "s3-t1",
      "begin" : 431,
      "end" : 435,
      "text" : "have",
      "whiteSpace" : false
    }, {
      "id" : "s3-t2",
      "begin" : 436,
      "end" : 439,
      "text" : "all",
      "whiteSpace" : false
    }, {
      "id" : "s3-t3",
      "begin" : 440,
      "end" : 443,
      "text" : "the",
      "whiteSpace" : false
    }, {
      "id" : "s3-t4",
      "begin" : 444,
      "end" : 453,
      "text" : "paperwork",
      "whiteSpace" : false
    }, {
      "id" : "s3-t5",
      "begin" : 454,
      "end" : 457,
      "text" : "and",
      "whiteSpace" : false
    }, {
      "id" : "s3-t6",
      "begin" : 458,
      "end" : 462,
      "text" : "have",
      "whiteSpace" : false
    }, {
      "id" : "s3-t7",
      "begin" : 463,
      "end" : 467,
      "text" : "made",
      "whiteSpace" : false
    }, {
      "id" : "s3-t8",
      "begin" : 468,
      "end" : 473,
      "text" : "every",
      "whiteSpace" : false
    }, {
      "id" : "s3-t9",
      "begin" : 474,
      "end" : 481,
      "text" : "payment",
      "whiteSpace" : false
    }, {
      "id" : "s3-t10",
      "begin" : 481,
      "end" : 482,
      "text" : ".",
      "whiteSpace" : false
    } ]
  }, {
    "id" : "s4",
    "begin" : 483,
    "end" : 565,
    "text" : "I\nhave been with AT&amp;T; for over 20 yrs and cannot believe they are doing\nthis.",
    "tokens" : [ {
      "id" : "s4-t0",
      "begin" : 483,
      "end" : 484,
      "text" : "I",
      "whiteSpace" : false
    }, {
      "id" : "s4-t1",
      "begin" : 485,
      "end" : 489,
      "text" : "have",
      "whiteSpace" : false
    }, {
      "id" : "s4-t2",
      "begin" : 490,
      "end" : 494,
      "text" : "been",
      "whiteSpace" : false
    }, {
      "id" : "s4-t3",
      "begin" : 495,
      "end" : 499,
      "text" : "with",
      "whiteSpace" : false
    }, {
      "id" : "s4-t4",
      "begin" : 500,
      "end" : 502,
      "text" : "AT",
      "whiteSpace" : false
    }, {
      "id" : "s4-t5",
      "begin" : 502,
      "end" : 507,
      "text" : "&amp;",
      "whiteSpace" : false
    }, {
      "id" : "s4-t6",
      "begin" : 507,
      "end" : 509,
      "text" : "T;",
      "whiteSpace" : false
    }, {
      "id" : "s4-t7",
      "begin" : 510,
      "end" : 513,
      "text" : "for",
      "whiteSpace" : false
    }, {
      "id" : "s4-t8",
      "begin" : 514,
      "end" : 518,
      "text" : "over",
      "whiteSpace" : false
    }, {
      "id" : "s4-t9",
      "begin" : 519,
      "end" : 521,
      "text" : "20",
      "whiteSpace" : false
    }, {
      "id" : "s4-t10",
      "begin" : 522,
      "end" : 525,
      "text" : "yrs",
      "whiteSpace" : false
    }, {
      "id" : "s4-t11",
      "begin" : 526,
      "end" : 529,
      "text" : "and",
      "whiteSpace" : false
    }, {
      "id" : "s4-t12",
      "begin" : 530,
      "end" : 536,
      "text" : "cannot",
      "whiteSpace" : false
    }, {
      "id" : "s4-t13",
      "begin" : 537,
      "end" : 544,
      "text" : "believe",
      "whiteSpace" : false
    }, {
      "id" : "s4-t14",
      "begin" : 545,
      "end" : 549,
      "text" : "they",
      "whiteSpace" : false
    }, {
      "id" : "s4-t15",
      "begin" : 550,
      "end" : 553,
      "text" : "are",
      "whiteSpace" : false
    }, {
      "id" : "s4-t16",
      "begin" : 554,
      "end" : 559,
      "text" : "doing",
      "whiteSpace" : false
    }, {
      "id" : "s4-t17",
      "begin" : 560,
      "end" : 564,
      "text" : "this",
      "whiteSpace" : false
    }, {
      "id" : "s4-t18",
      "begin" : 564,
      "end" : 565,
      "text" : ".",
      "whiteSpace" : false
    } ]
  }, {
    "id" : "s5",
    "begin" : 566,
    "end" : 750,
    "text" : "How can you legitimately sell a person a promo and give them all the\npaperwork stating you are eligible, charge them for it and then not pay the\ncredit when I did everything correctly.",
    "tokens" : [ {
      "id" : "s5-t0",
      "begin" : 566,
      "end" : 569,
      "text" : "How",
      "whiteSpace" : false
    }, {
      "id" : "s5-t1",
      "begin" : 570,
      "end" : 573,
      "text" : "can",
      "whiteSpace" : false
    }, {
      "id" : "s5-t2",
      "begin" : 574,
      "end" : 577,
      "text" : "you",
      "whiteSpace" : false
    }, {
      "id" : "s5-t3",
      "begin" : 578,
      "end" : 590,
      "text" : "legitimately",
      "whiteSpace" : false
    }, {
      "id" : "s5-t4",
      "begin" : 591,
      "end" : 595,
      "text" : "sell",
      "whiteSpace" : false
    }, {
      "id" : "s5-t5",
      "begin" : 596,
      "end" : 597,
      "text" : "a",
      "whiteSpace" : false
    }, {
      "id" : "s5-t6",
      "begin" : 598,
      "end" : 604,
      "text" : "person",
      "whiteSpace" : false
    }, {
      "id" : "s5-t7",
      "begin" : 605,
      "end" : 606,
      "text" : "a",
      "whiteSpace" : false
    }, {
      "id" : "s5-t8",
      "begin" : 607,
      "end" : 612,
      "text" : "promo",
      "whiteSpace" : false
    }, {
      "id" : "s5-t9",
      "begin" : 613,
      "end" : 616,
      "text" : "and",
      "whiteSpace" : false
    }, {
      "id" : "s5-t10",
      "begin" : 617,
      "end" : 621,
      "text" : "give",
      "whiteSpace" : false
    }, {
      "id" : "s5-t11",
      "begin" : 622,
      "end" : 626,
      "text" : "them",
      "whiteSpace" : false
    }, {
      "id" : "s5-t12",
      "begin" : 627,
      "end" : 630,
      "text" : "all",
      "whiteSpace" : false
    }, {
      "id" : "s5-t13",
      "begin" : 631,
      "end" : 634,
      "text" : "the",
      "whiteSpace" : false
    }, {
      "id" : "s5-t14",
      "begin" : 635,
      "end" : 644,
      "text" : "paperwork",
      "whiteSpace" : false
    }, {
      "id" : "s5-t15",
      "begin" : 645,
      "end" : 652,
      "text" : "stating",
      "whiteSpace" : false
    }, {
      "id" : "s5-t16",
      "begin" : 653,
      "end" : 656,
      "text" : "you",
      "whiteSpace" : false
    }, {
      "id" : "s5-t17",
      "begin" : 657,
      "end" : 660,
      "text" : "are",
      "whiteSpace" : false
    }, {
      "id" : "s5-t18",
      "begin" : 661,
      "end" : 669,
      "text" : "eligible",
      "whiteSpace" : false
    }, {
      "id" : "s5-t19",
      "begin" : 669,
      "end" : 670,
      "text" : ",",
      "whiteSpace" : false
    }, {
      "id" : "s5-t20",
      "begin" : 671,
      "end" : 677,
      "text" : "charge",
      "whiteSpace" : false
    }, {
      "id" : "s5-t21",
      "begin" : 678,
      "end" : 682,
      "text" : "them",
      "whiteSpace" : false
    }, {
      "id" : "s5-t22",
      "begin" : 683,
      "end" : 686,
      "text" : "for",
      "whiteSpace" : false
    }, {
      "id" : "s5-t23",
      "begin" : 687,
      "end" : 689,
      "text" : "it",
      "whiteSpace" : false
    }, {
      "id" : "s5-t24",
      "begin" : 690,
      "end" : 693,
      "text" : "and",
      "whiteSpace" : false
    }, {
      "id" : "s5-t25",
      "begin" : 694,
      "end" : 698,
      "text" : "then",
      "whiteSpace" : false
    }, {
      "id" : "s5-t26",
      "begin" : 699,
      "end" : 702,
      "text" : "not",
      "whiteSpace" : false
    }, {
      "id" : "s5-t27",
      "begin" : 703,
      "end" : 706,
      "text" : "pay",
      "whiteSpace" : false
    }, {
      "id" : "s5-t28",
      "begin" : 707,
      "end" : 710,
      "text" : "the",
      "whiteSpace" : false
    }, {
      "id" : "s5-t29",
      "begin" : 711,
      "end" : 717,
      "text" : "credit",
      "whiteSpace" : false
    }, {
      "id" : "s5-t30",
      "begin" : 718,
      "end" : 722,
      "text" : "when",
      "whiteSpace" : false
    }, {
      "id" : "s5-t31",
      "begin" : 723,
      "end" : 724,
      "text" : "I",
      "whiteSpace" : false
    }, {
      "id" : "s5-t32",
      "begin" : 725,
      "end" : 728,
      "text" : "did",
      "whiteSpace" : false
    }, {
      "id" : "s5-t33",
      "begin" : 729,
      "end" : 739,
      "text" : "everything",
      "whiteSpace" : false
    }, {
      "id" : "s5-t34",
      "begin" : 740,
      "end" : 749,
      "text" : "correctly",
      "whiteSpace" : false
    }, {
      "id" : "s5-t35",
      "begin" : 749,
      "end" : 750,
      "text" : ".",
      "whiteSpace" : false
    } ]
  }, {
    "id" : "s6",
    "begin" : 750,
    "end" : 798,
    "text" : "Someone please help me get this\ncorrectedSolved!",
    "tokens" : [ {
      "id" : "s6-t0",
      "begin" : 750,
      "end" : 757,
      "text" : "Someone",
      "whiteSpace" : false
    }, {
      "id" : "s6-t1",
      "begin" : 758,
      "end" : 764,
      "text" : "please",
      "whiteSpace" : false
    }, {
      "id" : "s6-t2",
      "begin" : 765,
      "end" : 769,
      "text" : "help",
      "whiteSpace" : false
    }, {
      "id" : "s6-t3",
      "begin" : 770,
      "end" : 772,
      "text" : "me",
      "whiteSpace" : false
    }, {
      "id" : "s6-t4",
      "begin" : 773,
      "end" : 776,
      "text" : "get",
      "whiteSpace" : false
    }, {
      "id" : "s6-t5",
      "begin" : 777,
      "end" : 781,
      "text" : "this",
      "whiteSpace" : false
    }, {
      "id" : "s6-t6",
      "begin" : 782,
      "end" : 797,
      "text" : "correctedSolved",
      "whiteSpace" : false
    }, {
      "id" : "s6-t7",
      "begin" : 797,
      "end" : 798,
      "text" : "!",
      "whiteSpace" : false
    } ]
  }, {
    "id" : "s7",
    "begin" : 798,
    "end" : 813,
    "text" : "Go to Solution.",
    "tokens" : [ {
      "id" : "s7-t0",
      "begin" : 798,
      "end" : 800,
      "text" : "Go",
      "whiteSpace" : false
    }, {
      "id" : "s7-t1",
      "begin" : 801,
      "end" : 803,
      "text" : "to",
      "whiteSpace" : false
    }, {
      "id" : "s7-t2",
      "begin" : 804,
      "end" : 812,
      "text" : "Solution",
      "whiteSpace" : false
    }, {
      "id" : "s7-t3",
      "begin" : 812,
      "end" : 813,
      "text" : ".",
      "whiteSpace" : false
    } ]
  } ],
  "mentions" : [ {
    "id" : "cm1",
    "properties" : {
      "SIRE_MENTION_ROLE" : "Product",
      "SIRE_ENTITY_SUBTYPE" : "NONE",
      "SIRE_MENTION_TYPE" : "NONE",
      "SIRE_MENTION_CLASS" : "SPC"
    },
    "type" : "Product",
    "begin" : 8,
    "end" : 16,
    "inCoref" : false
  }, {
    "id" : "cm2",
    "properties" : {
      "SIRE_MENTION_ROLE" : "Product",
      "SIRE_ENTITY_SUBTYPE" : "NONE",
      "SIRE_MENTION_TYPE" : "NONE",
      "SIRE_MENTION_CLASS" : "SPC"
    },
    "type" : "Product",
    "begin" : 105,
    "end" : 113,
    "inCoref" : false
  }, {
    "id" : "cm3",
    "properties" : {
      "SIRE_MENTION_ROLE" : "Service_Plan",
      "SIRE_ENTITY_SUBTYPE" : "NONE",
      "SIRE_MENTION_TYPE" : "NONE",
      "SIRE_MENTION_CLASS" : "SPC"
    },
    "type" : "Service_Plan",
    "begin" : 134,
    "end" : 151,
    "inCoref" : false
  }, {
    "id" : "cm4",
    "properties" : {
      "SIRE_MENTION_ROLE" : "Service_Plan",
      "SIRE_ENTITY_SUBTYPE" : "NONE",
      "SIRE_MENTION_TYPE" : "NONE",
      "SIRE_MENTION_CLASS" : "SPC"
    },
    "type" : "Service_Plan",
    "begin" : 185,
    "end" : 189,
    "inCoref" : false
  }, {
    "id" : "cm5",
    "properties" : {
      "SIRE_MENTION_ROLE" : "Service_Plan",
      "SIRE_ENTITY_SUBTYPE" : "NONE",
      "SIRE_MENTION_TYPE" : "NONE",
      "SIRE_MENTION_CLASS" : "SPC"
    },
    "type" : "Service_Plan",
    "begin" : 256,
    "end" : 260,
    "inCoref" : false
  }, {
    "id" : "cm6",
    "properties" : {
      "SIRE_MENTION_ROLE" : "Service_Provider",
      "SIRE_ENTITY_SUBTYPE" : "NONE",
      "SIRE_MENTION_TYPE" : "NONE",
      "SIRE_MENTION_CLASS" : "SPC"
    },
    "type" : "Service_Provider",
    "begin" : 356,
    "end" : 365,
    "inCoref" : false
  }, {
    "id" : "cm7",
    "properties" : {
      "SIRE_MENTION_ROLE" : "Service_Provider",
      "SIRE_ENTITY_SUBTYPE" : "NONE",
      "SIRE_MENTION_TYPE" : "NONE",
      "SIRE_MENTION_CLASS" : "SPC"
    },
    "type" : "Service_Provider",
    "begin" : 500,
    "end" : 509,
    "inCoref" : false
  } ],
  "relations" : [ ],
  "corefs" : [ ],
  "typeResolved" : true,
  "userResolved" : false
}