{
  "id" : "b49f6420-fed6-11e6-8c7d-7f6aa37994f5-6",
  "name" : "017c410e384e8a74cad3cfb7a18e4856.txt",
  "version" : 3,
  "text" : "Consumer fraud/ Identity theft?\n\nI tried to get a iPhone 6 Plus almost a year ago now, after I paid 171.91\ncents to pick it up in the store. I get all the way to the store and the guy\ntells me I have to give him 500$!!! I didn't even have 300$! Ha! I asked that\nhe cancel the order and service because it hasn't even been 24 hours and i\ndidn't even get to see the phone! A week later I start getting bills in the\nmail. Funny thing is, the bills weren't even in my name, just under my social\nand address I've called multiple times and always either get transfered or\nhung up on. When I finally got through I'm told I have to pay 819$ for a phone\nI never touched and a service I never used. I've had this collection on my\ncredit for a year, ALMOST 1000$! I can't even get direct tv now! I LOVE DIRECT\nTV! Going to print out arbitration forms now.\n\n",
  "docLength" : 0,
  "language" : "EN",
  "status" : "READY",
  "modifiedDate" : 1488747377324,
  "documentSet" : [ ],
  "preannotation" : [ "PRE_LW" ],
  "sentences" : [ {
    "id" : "s0",
    "begin" : 0,
    "end" : 31,
    "text" : "Consumer fraud/ Identity theft?",
    "tokens" : [ {
      "id" : "s0-t0",
      "begin" : 0,
      "end" : 8,
      "text" : "Consumer",
      "whiteSpace" : false
    }, {
      "id" : "s0-t1",
      "begin" : 9,
      "end" : 14,
      "text" : "fraud",
      "whiteSpace" : false
    }, {
      "id" : "s0-t2",
      "begin" : 14,
      "end" : 15,
      "text" : "/",
      "whiteSpace" : false
    }, {
      "id" : "s0-t3",
      "begin" : 16,
      "end" : 24,
      "text" : "Identity",
      "whiteSpace" : false
    }, {
      "id" : "s0-t4",
      "begin" : 25,
      "end" : 30,
      "text" : "theft",
      "whiteSpace" : false
    }, {
      "id" : "s0-t5",
      "begin" : 30,
      "end" : 31,
      "text" : "?",
      "whiteSpace" : false
    } ]
  }, {
    "id" : "s1",
    "begin" : 33,
    "end" : 140,
    "text" : "I tried to get a iPhone 6 Plus almost a year ago now, after I paid 171.91\ncents to pick it up in the store.",
    "tokens" : [ {
      "id" : "s1-t0",
      "begin" : 33,
      "end" : 34,
      "text" : "I",
      "whiteSpace" : false
    }, {
      "id" : "s1-t1",
      "begin" : 35,
      "end" : 40,
      "text" : "tried",
      "whiteSpace" : false
    }, {
      "id" : "s1-t2",
      "begin" : 41,
      "end" : 43,
      "text" : "to",
      "whiteSpace" : false
    }, {
      "id" : "s1-t3",
      "begin" : 44,
      "end" : 47,
      "text" : "get",
      "whiteSpace" : false
    }, {
      "id" : "s1-t4",
      "begin" : 48,
      "end" : 49,
      "text" : "a",
      "whiteSpace" : false
    }, {
      "id" : "s1-t5",
      "begin" : 50,
      "end" : 56,
      "text" : "iPhone",
      "whiteSpace" : false
    }, {
      "id" : "s1-t6",
      "begin" : 57,
      "end" : 58,
      "text" : "6",
      "whiteSpace" : false
    }, {
      "id" : "s1-t7",
      "begin" : 59,
      "end" : 63,
      "text" : "Plus",
      "whiteSpace" : false
    }, {
      "id" : "s1-t8",
      "begin" : 64,
      "end" : 70,
      "text" : "almost",
      "whiteSpace" : false
    }, {
      "id" : "s1-t9",
      "begin" : 71,
      "end" : 72,
      "text" : "a",
      "whiteSpace" : false
    }, {
      "id" : "s1-t10",
      "begin" : 73,
      "end" : 77,
      "text" : "year",
      "whiteSpace" : false
    }, {
      "id" : "s1-t11",
      "begin" : 78,
      "end" : 81,
      "text" : "ago",
      "whiteSpace" : false
    }, {
      "id" : "s1-t12",
      "begin" : 82,
      "end" : 85,
      "text" : "now",
      "whiteSpace" : false
    }, {
      "id" : "s1-t13",
      "begin" : 85,
      "end" : 86,
      "text" : ",",
      "whiteSpace" : false
    }, {
      "id" : "s1-t14",
      "begin" : 87,
      "end" : 92,
      "text" : "after",
      "whiteSpace" : false
    }, {
      "id" : "s1-t15",
      "begin" : 93,
      "end" : 94,
      "text" : "I",
      "whiteSpace" : false
    }, {
      "id" : "s1-t16",
      "begin" : 95,
      "end" : 99,
      "text" : "paid",
      "whiteSpace" : false
    }, {
      "id" : "s1-t17",
      "begin" : 100,
      "end" : 106,
      "text" : "171.91",
      "whiteSpace" : false
    }, {
      "id" : "s1-t18",
      "begin" : 107,
      "end" : 112,
      "text" : "cents",
      "whiteSpace" : false
    }, {
      "id" : "s1-t19",
      "begin" : 113,
      "end" : 115,
      "text" : "to",
      "whiteSpace" : false
    }, {
      "id" : "s1-t20",
      "begin" : 116,
      "end" : 120,
      "text" : "pick",
      "whiteSpace" : false
    }, {
      "id" : "s1-t21",
      "begin" : 121,
      "end" : 123,
      "text" : "it",
      "whiteSpace" : false
    }, {
      "id" : "s1-t22",
      "begin" : 124,
      "end" : 126,
      "text" : "up",
      "whiteSpace" : false
    }, {
      "id" : "s1-t23",
      "begin" : 127,
      "end" : 129,
      "text" : "in",
      "whiteSpace" : false
    }, {
      "id" : "s1-t24",
      "begin" : 130,
      "end" : 133,
      "text" : "the",
      "whiteSpace" : false
    }, {
      "id" : "s1-t25",
      "begin" : 134,
      "end" : 139,
      "text" : "store",
      "whiteSpace" : false
    }, {
      "id" : "s1-t26",
      "begin" : 139,
      "end" : 140,
      "text" : ".",
      "whiteSpace" : false
    } ]
  }, {
    "id" : "s2",
    "begin" : 141,
    "end" : 244,
    "text" : "I get all the way to the store and the guy\ntells me I have to give him 500$!!! I didn't even have 300$!",
    "tokens" : [ {
      "id" : "s2-t0",
      "begin" : 141,
      "end" : 142,
      "text" : "I",
      "whiteSpace" : false
    }, {
      "id" : "s2-t1",
      "begin" : 143,
      "end" : 146,
      "text" : "get",
      "whiteSpace" : false
    }, {
      "id" : "s2-t2",
      "begin" : 147,
      "end" : 150,
      "text" : "all",
      "whiteSpace" : false
    }, {
      "id" : "s2-t3",
      "begin" : 151,
      "end" : 154,
      "text" : "the",
      "whiteSpace" : false
    }, {
      "id" : "s2-t4",
      "begin" : 155,
      "end" : 158,
      "text" : "way",
      "whiteSpace" : false
    }, {
      "id" : "s2-t5",
      "begin" : 159,
      "end" : 161,
      "text" : "to",
      "whiteSpace" : false
    }, {
      "id" : "s2-t6",
      "begin" : 162,
      "end" : 165,
      "text" : "the",
      "whiteSpace" : false
    }, {
      "id" : "s2-t7",
      "begin" : 166,
      "end" : 171,
      "text" : "store",
      "whiteSpace" : false
    }, {
      "id" : "s2-t8",
      "begin" : 172,
      "end" : 175,
      "text" : "and",
      "whiteSpace" : false
    }, {
      "id" : "s2-t9",
      "begin" : 176,
      "end" : 179,
      "text" : "the",
      "whiteSpace" : false
    }, {
      "id" : "s2-t10",
      "begin" : 180,
      "end" : 183,
      "text" : "guy",
      "whiteSpace" : false
    }, {
      "id" : "s2-t11",
      "begin" : 184,
      "end" : 189,
      "text" : "tells",
      "whiteSpace" : false
    }, {
      "id" : "s2-t12",
      "begin" : 190,
      "end" : 192,
      "text" : "me",
      "whiteSpace" : false
    }, {
      "id" : "s2-t13",
      "begin" : 193,
      "end" : 194,
      "text" : "I",
      "whiteSpace" : false
    }, {
      "id" : "s2-t14",
      "begin" : 195,
      "end" : 199,
      "text" : "have",
      "whiteSpace" : false
    }, {
      "id" : "s2-t15",
      "begin" : 200,
      "end" : 202,
      "text" : "to",
      "whiteSpace" : false
    }, {
      "id" : "s2-t16",
      "begin" : 203,
      "end" : 207,
      "text" : "give",
      "whiteSpace" : false
    }, {
      "id" : "s2-t17",
      "begin" : 208,
      "end" : 211,
      "text" : "him",
      "whiteSpace" : false
    }, {
      "id" : "s2-t18",
      "begin" : 212,
      "end" : 215,
      "text" : "500",
      "whiteSpace" : false
    }, {
      "id" : "s2-t19",
      "begin" : 215,
      "end" : 216,
      "text" : "$",
      "whiteSpace" : false
    }, {
      "id" : "s2-t20",
      "begin" : 216,
      "end" : 219,
      "text" : "!!!",
      "whiteSpace" : false
    }, {
      "id" : "s2-t21",
      "begin" : 220,
      "end" : 221,
      "text" : "I",
      "whiteSpace" : false
    }, {
      "id" : "s2-t22",
      "begin" : 222,
      "end" : 225,
      "text" : "did",
      "whiteSpace" : false
    }, {
      "id" : "s2-t23",
      "begin" : 225,
      "end" : 228,
      "text" : "n't",
      "whiteSpace" : false
    }, {
      "id" : "s2-t24",
      "begin" : 229,
      "end" : 233,
      "text" : "even",
      "whiteSpace" : false
    }, {
      "id" : "s2-t25",
      "begin" : 234,
      "end" : 238,
      "text" : "have",
      "whiteSpace" : false
    }, {
      "id" : "s2-t26",
      "begin" : 239,
      "end" : 242,
      "text" : "300",
      "whiteSpace" : false
    }, {
      "id" : "s2-t27",
      "begin" : 242,
      "end" : 243,
      "text" : "$",
      "whiteSpace" : false
    }, {
      "id" : "s2-t28",
      "begin" : 243,
      "end" : 244,
      "text" : "!",
      "whiteSpace" : false
    } ]
  }, {
    "id" : "s3",
    "begin" : 245,
    "end" : 248,
    "text" : "Ha!",
    "tokens" : [ {
      "id" : "s3-t0",
      "begin" : 245,
      "end" : 247,
      "text" : "Ha",
      "whiteSpace" : false
    }, {
      "id" : "s3-t1",
      "begin" : 247,
      "end" : 248,
      "text" : "!",
      "whiteSpace" : false
    } ]
  }, {
    "id" : "s4",
    "begin" : 249,
    "end" : 370,
    "text" : "I asked that\nhe cancel the order and service because it hasn't even been 24 hours and i\ndidn't even get to see the phone!",
    "tokens" : [ {
      "id" : "s4-t0",
      "begin" : 249,
      "end" : 250,
      "text" : "I",
      "whiteSpace" : false
    }, {
      "id" : "s4-t1",
      "begin" : 251,
      "end" : 256,
      "text" : "asked",
      "whiteSpace" : false
    }, {
      "id" : "s4-t2",
      "begin" : 257,
      "end" : 261,
      "text" : "that",
      "whiteSpace" : false
    }, {
      "id" : "s4-t3",
      "begin" : 262,
      "end" : 264,
      "text" : "he",
      "whiteSpace" : false
    }, {
      "id" : "s4-t4",
      "begin" : 265,
      "end" : 271,
      "text" : "cancel",
      "whiteSpace" : false
    }, {
      "id" : "s4-t5",
      "begin" : 272,
      "end" : 275,
      "text" : "the",
      "whiteSpace" : false
    }, {
      "id" : "s4-t6",
      "begin" : 276,
      "end" : 281,
      "text" : "order",
      "whiteSpace" : false
    }, {
      "id" : "s4-t7",
      "begin" : 282,
      "end" : 285,
      "text" : "and",
      "whiteSpace" : false
    }, {
      "id" : "s4-t8",
      "begin" : 286,
      "end" : 293,
      "text" : "service",
      "whiteSpace" : false
    }, {
      "id" : "s4-t9",
      "begin" : 294,
      "end" : 301,
      "text" : "because",
      "whiteSpace" : false
    }, {
      "id" : "s4-t10",
      "begin" : 302,
      "end" : 304,
      "text" : "it",
      "whiteSpace" : false
    }, {
      "id" : "s4-t11",
      "begin" : 305,
      "end" : 308,
      "text" : "has",
      "whiteSpace" : false
    }, {
      "id" : "s4-t12",
      "begin" : 308,
      "end" : 311,
      "text" : "n't",
      "whiteSpace" : false
    }, {
      "id" : "s4-t13",
      "begin" : 312,
      "end" : 316,
      "text" : "even",
      "whiteSpace" : false
    }, {
      "id" : "s4-t14",
      "begin" : 317,
      "end" : 321,
      "text" : "been",
      "whiteSpace" : false
    }, {
      "id" : "s4-t15",
      "begin" : 322,
      "end" : 324,
      "text" : "24",
      "whiteSpace" : false
    }, {
      "id" : "s4-t16",
      "begin" : 325,
      "end" : 330,
      "text" : "hours",
      "whiteSpace" : false
    }, {
      "id" : "s4-t17",
      "begin" : 331,
      "end" : 334,
      "text" : "and",
      "whiteSpace" : false
    }, {
      "id" : "s4-t18",
      "begin" : 335,
      "end" : 336,
      "text" : "i",
      "whiteSpace" : false
    }, {
      "id" : "s4-t19",
      "begin" : 337,
      "end" : 340,
      "text" : "did",
      "whiteSpace" : false
    }, {
      "id" : "s4-t20",
      "begin" : 340,
      "end" : 343,
      "text" : "n't",
      "whiteSpace" : false
    }, {
      "id" : "s4-t21",
      "begin" : 344,
      "end" : 348,
      "text" : "even",
      "whiteSpace" : false
    }, {
      "id" : "s4-t22",
      "begin" : 349,
      "end" : 352,
      "text" : "get",
      "whiteSpace" : false
    }, {
      "id" : "s4-t23",
      "begin" : 353,
      "end" : 355,
      "text" : "to",
      "whiteSpace" : false
    }, {
      "id" : "s4-t24",
      "begin" : 356,
      "end" : 359,
      "text" : "see",
      "whiteSpace" : false
    }, {
      "id" : "s4-t25",
      "begin" : 360,
      "end" : 363,
      "text" : "the",
      "whiteSpace" : false
    }, {
      "id" : "s4-t26",
      "begin" : 364,
      "end" : 369,
      "text" : "phone",
      "whiteSpace" : false
    }, {
      "id" : "s4-t27",
      "begin" : 369,
      "end" : 370,
      "text" : "!",
      "whiteSpace" : false
    } ]
  }, {
    "id" : "s5",
    "begin" : 371,
    "end" : 418,
    "text" : "A week later I start getting bills in the\nmail.",
    "tokens" : [ {
      "id" : "s5-t0",
      "begin" : 371,
      "end" : 372,
      "text" : "A",
      "whiteSpace" : false
    }, {
      "id" : "s5-t1",
      "begin" : 373,
      "end" : 377,
      "text" : "week",
      "whiteSpace" : false
    }, {
      "id" : "s5-t2",
      "begin" : 378,
      "end" : 383,
      "text" : "later",
      "whiteSpace" : false
    }, {
      "id" : "s5-t3",
      "begin" : 384,
      "end" : 385,
      "text" : "I",
      "whiteSpace" : false
    }, {
      "id" : "s5-t4",
      "begin" : 386,
      "end" : 391,
      "text" : "start",
      "whiteSpace" : false
    }, {
      "id" : "s5-t5",
      "begin" : 392,
      "end" : 399,
      "text" : "getting",
      "whiteSpace" : false
    }, {
      "id" : "s5-t6",
      "begin" : 400,
      "end" : 405,
      "text" : "bills",
      "whiteSpace" : false
    }, {
      "id" : "s5-t7",
      "begin" : 406,
      "end" : 408,
      "text" : "in",
      "whiteSpace" : false
    }, {
      "id" : "s5-t8",
      "begin" : 409,
      "end" : 412,
      "text" : "the",
      "whiteSpace" : false
    }, {
      "id" : "s5-t9",
      "begin" : 413,
      "end" : 417,
      "text" : "mail",
      "whiteSpace" : false
    }, {
      "id" : "s5-t10",
      "begin" : 417,
      "end" : 418,
      "text" : ".",
      "whiteSpace" : false
    } ]
  }, {
    "id" : "s6",
    "begin" : 419,
    "end" : 577,
    "text" : "Funny thing is, the bills weren't even in my name, just under my social\nand address I've called multiple times and always either get transfered or\nhung up on.",
    "tokens" : [ {
      "id" : "s6-t0",
      "begin" : 419,
      "end" : 424,
      "text" : "Funny",
      "whiteSpace" : false
    }, {
      "id" : "s6-t1",
      "begin" : 425,
      "end" : 430,
      "text" : "thing",
      "whiteSpace" : false
    }, {
      "id" : "s6-t2",
      "begin" : 431,
      "end" : 433,
      "text" : "is",
      "whiteSpace" : false
    }, {
      "id" : "s6-t3",
      "begin" : 433,
      "end" : 434,
      "text" : ",",
      "whiteSpace" : false
    }, {
      "id" : "s6-t4",
      "begin" : 435,
      "end" : 438,
      "text" : "the",
      "whiteSpace" : false
    }, {
      "id" : "s6-t5",
      "begin" : 439,
      "end" : 444,
      "text" : "bills",
      "whiteSpace" : false
    }, {
      "id" : "s6-t6",
      "begin" : 445,
      "end" : 449,
      "text" : "were",
      "whiteSpace" : false
    }, {
      "id" : "s6-t7",
      "begin" : 449,
      "end" : 452,
      "text" : "n't",
      "whiteSpace" : false
    }, {
      "id" : "s6-t8",
      "begin" : 453,
      "end" : 457,
      "text" : "even",
      "whiteSpace" : false
    }, {
      "id" : "s6-t9",
      "begin" : 458,
      "end" : 460,
      "text" : "in",
      "whiteSpace" : false
    }, {
      "id" : "s6-t10",
      "begin" : 461,
      "end" : 463,
      "text" : "my",
      "whiteSpace" : false
    }, {
      "id" : "s6-t11",
      "begin" : 464,
      "end" : 468,
      "text" : "name",
      "whiteSpace" : false
    }, {
      "id" : "s6-t12",
      "begin" : 468,
      "end" : 469,
      "text" : ",",
      "whiteSpace" : false
    }, {
      "id" : "s6-t13",
      "begin" : 470,
      "end" : 474,
      "text" : "just",
      "whiteSpace" : false
    }, {
      "id" : "s6-t14",
      "begin" : 475,
      "end" : 480,
      "text" : "under",
      "whiteSpace" : false
    }, {
      "id" : "s6-t15",
      "begin" : 481,
      "end" : 483,
      "text" : "my",
      "whiteSpace" : false
    }, {
      "id" : "s6-t16",
      "begin" : 484,
      "end" : 490,
      "text" : "social",
      "whiteSpace" : false
    }, {
      "id" : "s6-t17",
      "begin" : 491,
      "end" : 494,
      "text" : "and",
      "whiteSpace" : false
    }, {
      "id" : "s6-t18",
      "begin" : 495,
      "end" : 502,
      "text" : "address",
      "whiteSpace" : false
    }, {
      "id" : "s6-t19",
      "begin" : 503,
      "end" : 504,
      "text" : "I",
      "whiteSpace" : false
    }, {
      "id" : "s6-t20",
      "begin" : 504,
      "end" : 507,
      "text" : "'ve",
      "whiteSpace" : false
    }, {
      "id" : "s6-t21",
      "begin" : 508,
      "end" : 514,
      "text" : "called",
      "whiteSpace" : false
    }, {
      "id" : "s6-t22",
      "begin" : 515,
      "end" : 523,
      "text" : "multiple",
      "whiteSpace" : false
    }, {
      "id" : "s6-t23",
      "begin" : 524,
      "end" : 529,
      "text" : "times",
      "whiteSpace" : false
    }, {
      "id" : "s6-t24",
      "begin" : 530,
      "end" : 533,
      "text" : "and",
      "whiteSpace" : false
    }, {
      "id" : "s6-t25",
      "begin" : 534,
      "end" : 540,
      "text" : "always",
      "whiteSpace" : false
    }, {
      "id" : "s6-t26",
      "begin" : 541,
      "end" : 547,
      "text" : "either",
      "whiteSpace" : false
    }, {
      "id" : "s6-t27",
      "begin" : 548,
      "end" : 551,
      "text" : "get",
      "whiteSpace" : false
    }, {
      "id" : "s6-t28",
      "begin" : 552,
      "end" : 562,
      "text" : "transfered",
      "whiteSpace" : false
    }, {
      "id" : "s6-t29",
      "begin" : 563,
      "end" : 565,
      "text" : "or",
      "whiteSpace" : false
    }, {
      "id" : "s6-t30",
      "begin" : 566,
      "end" : 570,
      "text" : "hung",
      "whiteSpace" : false
    }, {
      "id" : "s6-t31",
      "begin" : 571,
      "end" : 573,
      "text" : "up",
      "whiteSpace" : false
    }, {
      "id" : "s6-t32",
      "begin" : 574,
      "end" : 576,
      "text" : "on",
      "whiteSpace" : false
    }, {
      "id" : "s6-t33",
      "begin" : 576,
      "end" : 577,
      "text" : ".",
      "whiteSpace" : false
    } ]
  }, {
    "id" : "s7",
    "begin" : 578,
    "end" : 688,
    "text" : "When I finally got through I'm told I have to pay 819$ for a phone\nI never touched and a service I never used.",
    "tokens" : [ {
      "id" : "s7-t0",
      "begin" : 578,
      "end" : 582,
      "text" : "When",
      "whiteSpace" : false
    }, {
      "id" : "s7-t1",
      "begin" : 583,
      "end" : 584,
      "text" : "I",
      "whiteSpace" : false
    }, {
      "id" : "s7-t2",
      "begin" : 585,
      "end" : 592,
      "text" : "finally",
      "whiteSpace" : false
    }, {
      "id" : "s7-t3",
      "begin" : 593,
      "end" : 596,
      "text" : "got",
      "whiteSpace" : false
    }, {
      "id" : "s7-t4",
      "begin" : 597,
      "end" : 604,
      "text" : "through",
      "whiteSpace" : false
    }, {
      "id" : "s7-t5",
      "begin" : 605,
      "end" : 606,
      "text" : "I",
      "whiteSpace" : false
    }, {
      "id" : "s7-t6",
      "begin" : 606,
      "end" : 608,
      "text" : "'m",
      "whiteSpace" : false
    }, {
      "id" : "s7-t7",
      "begin" : 609,
      "end" : 613,
      "text" : "told",
      "whiteSpace" : false
    }, {
      "id" : "s7-t8",
      "begin" : 614,
      "end" : 615,
      "text" : "I",
      "whiteSpace" : false
    }, {
      "id" : "s7-t9",
      "begin" : 616,
      "end" : 620,
      "text" : "have",
      "whiteSpace" : false
    }, {
      "id" : "s7-t10",
      "begin" : 621,
      "end" : 623,
      "text" : "to",
      "whiteSpace" : false
    }, {
      "id" : "s7-t11",
      "begin" : 624,
      "end" : 627,
      "text" : "pay",
      "whiteSpace" : false
    }, {
      "id" : "s7-t12",
      "begin" : 628,
      "end" : 631,
      "text" : "819",
      "whiteSpace" : false
    }, {
      "id" : "s7-t13",
      "begin" : 631,
      "end" : 632,
      "text" : "$",
      "whiteSpace" : false
    }, {
      "id" : "s7-t14",
      "begin" : 633,
      "end" : 636,
      "text" : "for",
      "whiteSpace" : false
    }, {
      "id" : "s7-t15",
      "begin" : 637,
      "end" : 638,
      "text" : "a",
      "whiteSpace" : false
    }, {
      "id" : "s7-t16",
      "begin" : 639,
      "end" : 644,
      "text" : "phone",
      "whiteSpace" : false
    }, {
      "id" : "s7-t17",
      "begin" : 645,
      "end" : 646,
      "text" : "I",
      "whiteSpace" : false
    }, {
      "id" : "s7-t18",
      "begin" : 647,
      "end" : 652,
      "text" : "never",
      "whiteSpace" : false
    }, {
      "id" : "s7-t19",
      "begin" : 653,
      "end" : 660,
      "text" : "touched",
      "whiteSpace" : false
    }, {
      "id" : "s7-t20",
      "begin" : 661,
      "end" : 664,
      "text" : "and",
      "whiteSpace" : false
    }, {
      "id" : "s7-t21",
      "begin" : 665,
      "end" : 666,
      "text" : "a",
      "whiteSpace" : false
    }, {
      "id" : "s7-t22",
      "begin" : 667,
      "end" : 674,
      "text" : "service",
      "whiteSpace" : false
    }, {
      "id" : "s7-t23",
      "begin" : 675,
      "end" : 676,
      "text" : "I",
      "whiteSpace" : false
    }, {
      "id" : "s7-t24",
      "begin" : 677,
      "end" : 682,
      "text" : "never",
      "whiteSpace" : false
    }, {
      "id" : "s7-t25",
      "begin" : 683,
      "end" : 687,
      "text" : "used",
      "whiteSpace" : false
    }, {
      "id" : "s7-t26",
      "begin" : 687,
      "end" : 688,
      "text" : ".",
      "whiteSpace" : false
    } ]
  }, {
    "id" : "s8",
    "begin" : 689,
    "end" : 752,
    "text" : "I've had this collection on my\ncredit for a year, ALMOST 1000$!",
    "tokens" : [ {
      "id" : "s8-t0",
      "begin" : 689,
      "end" : 690,
      "text" : "I",
      "whiteSpace" : false
    }, {
      "id" : "s8-t1",
      "begin" : 690,
      "end" : 693,
      "text" : "'ve",
      "whiteSpace" : false
    }, {
      "id" : "s8-t2",
      "begin" : 694,
      "end" : 697,
      "text" : "had",
      "whiteSpace" : false
    }, {
      "id" : "s8-t3",
      "begin" : 698,
      "end" : 702,
      "text" : "this",
      "whiteSpace" : false
    }, {
      "id" : "s8-t4",
      "begin" : 703,
      "end" : 713,
      "text" : "collection",
      "whiteSpace" : false
    }, {
      "id" : "s8-t5",
      "begin" : 714,
      "end" : 716,
      "text" : "on",
      "whiteSpace" : false
    }, {
      "id" : "s8-t6",
      "begin" : 717,
      "end" : 719,
      "text" : "my",
      "whiteSpace" : false
    }, {
      "id" : "s8-t7",
      "begin" : 720,
      "end" : 726,
      "text" : "credit",
      "whiteSpace" : false
    }, {
      "id" : "s8-t8",
      "begin" : 727,
      "end" : 730,
      "text" : "for",
      "whiteSpace" : false
    }, {
      "id" : "s8-t9",
      "begin" : 731,
      "end" : 732,
      "text" : "a",
      "whiteSpace" : false
    }, {
      "id" : "s8-t10",
      "begin" : 733,
      "end" : 737,
      "text" : "year",
      "whiteSpace" : false
    }, {
      "id" : "s8-t11",
      "begin" : 737,
      "end" : 738,
      "text" : ",",
      "whiteSpace" : false
    }, {
      "id" : "s8-t12",
      "begin" : 739,
      "end" : 745,
      "text" : "ALMOST",
      "whiteSpace" : false
    }, {
      "id" : "s8-t13",
      "begin" : 746,
      "end" : 750,
      "text" : "1000",
      "whiteSpace" : false
    }, {
      "id" : "s8-t14",
      "begin" : 750,
      "end" : 751,
      "text" : "$",
      "whiteSpace" : false
    }, {
      "id" : "s8-t15",
      "begin" : 751,
      "end" : 752,
      "text" : "!",
      "whiteSpace" : false
    } ]
  }, {
    "id" : "s9",
    "begin" : 753,
    "end" : 784,
    "text" : "I can't even get direct tv now!",
    "tokens" : [ {
      "id" : "s9-t0",
      "begin" : 753,
      "end" : 754,
      "text" : "I",
      "whiteSpace" : false
    }, {
      "id" : "s9-t1",
      "begin" : 755,
      "end" : 757,
      "text" : "ca",
      "whiteSpace" : false
    }, {
      "id" : "s9-t2",
      "begin" : 757,
      "end" : 760,
      "text" : "n't",
      "whiteSpace" : false
    }, {
      "id" : "s9-t3",
      "begin" : 761,
      "end" : 765,
      "text" : "even",
      "whiteSpace" : false
    }, {
      "id" : "s9-t4",
      "begin" : 766,
      "end" : 769,
      "text" : "get",
      "whiteSpace" : false
    }, {
      "id" : "s9-t5",
      "begin" : 770,
      "end" : 776,
      "text" : "direct",
      "whiteSpace" : false
    }, {
      "id" : "s9-t6",
      "begin" : 777,
      "end" : 779,
      "text" : "tv",
      "whiteSpace" : false
    }, {
      "id" : "s9-t7",
      "begin" : 780,
      "end" : 783,
      "text" : "now",
      "whiteSpace" : false
    }, {
      "id" : "s9-t8",
      "begin" : 783,
      "end" : 784,
      "text" : "!",
      "whiteSpace" : false
    } ]
  }, {
    "id" : "s10",
    "begin" : 785,
    "end" : 802,
    "text" : "I LOVE DIRECT\nTV!",
    "tokens" : [ {
      "id" : "s10-t0",
      "begin" : 785,
      "end" : 786,
      "text" : "I",
      "whiteSpace" : false
    }, {
      "id" : "s10-t1",
      "begin" : 787,
      "end" : 791,
      "text" : "LOVE",
      "whiteSpace" : false
    }, {
      "id" : "s10-t2",
      "begin" : 792,
      "end" : 798,
      "text" : "DIRECT",
      "whiteSpace" : false
    }, {
      "id" : "s10-t3",
      "begin" : 799,
      "end" : 801,
      "text" : "TV",
      "whiteSpace" : false
    }, {
      "id" : "s10-t4",
      "begin" : 801,
      "end" : 802,
      "text" : "!",
      "whiteSpace" : false
    } ]
  }, {
    "id" : "s11",
    "begin" : 803,
    "end" : 844,
    "text" : "Going to print out arbitration forms now.",
    "tokens" : [ {
      "id" : "s11-t0",
      "begin" : 803,
      "end" : 808,
      "text" : "Going",
      "whiteSpace" : false
    }, {
      "id" : "s11-t1",
      "begin" : 809,
      "end" : 811,
      "text" : "to",
      "whiteSpace" : false
    }, {
      "id" : "s11-t2",
      "begin" : 812,
      "end" : 817,
      "text" : "print",
      "whiteSpace" : false
    }, {
      "id" : "s11-t3",
      "begin" : 818,
      "end" : 821,
      "text" : "out",
      "whiteSpace" : false
    }, {
      "id" : "s11-t4",
      "begin" : 822,
      "end" : 833,
      "text" : "arbitration",
      "whiteSpace" : false
    }, {
      "id" : "s11-t5",
      "begin" : 834,
      "end" : 839,
      "text" : "forms",
      "whiteSpace" : false
    }, {
      "id" : "s11-t6",
      "begin" : 840,
      "end" : 843,
      "text" : "now",
      "whiteSpace" : false
    }, {
      "id" : "s11-t7",
      "begin" : 843,
      "end" : 844,
      "text" : ".",
      "whiteSpace" : false
    } ]
  } ],
  "mentions" : [ {
    "id" : "cm1",
    "properties" : {
      "SIRE_MENTION_ROLE" : "Product",
      "SIRE_ENTITY_SUBTYPE" : "NONE",
      "SIRE_MENTION_TYPE" : "NONE",
      "SIRE_MENTION_CLASS" : "SPC"
    },
    "type" : "Product",
    "begin" : 50,
    "end" : 63,
    "inCoref" : false
  }, {
    "id" : "s9-m1",
    "properties" : {
      "SIRE_MENTION_ROLE" : "Product",
      "SIRE_ENTITY_SUBTYPE" : "NONE",
      "SIRE_MENTION_TYPE" : "NONE",
      "SIRE_MENTION_CLASS" : "SPC"
    },
    "type" : "Product",
    "begin" : 770,
    "end" : 779,
    "inCoref" : false
  }, {
    "id" : "s10-m1",
    "properties" : {
      "SIRE_MENTION_ROLE" : "Product",
      "SIRE_ENTITY_SUBTYPE" : "NONE",
      "SIRE_MENTION_TYPE" : "NONE",
      "SIRE_MENTION_CLASS" : "SPC"
    },
    "type" : "Product",
    "begin" : 792,
    "end" : 801,
    "inCoref" : false
  } ],
  "relations" : [ ],
  "corefs" : [ ],
  "typeResolved" : true,
  "userResolved" : false
}