{
  "id" : "b4d34130-fedd-11e6-adfe-7b21e22b049b-9",
  "name" : "2af0b7ca18aadffbc695e59667d36752.txt",
  "version" : 3,
  "text" : "Texts\n\nI bought this phone 2 days ago it's a Samsung galaxy j3 and old texts from as\nfar back as 2015 keep reappearing, I delete and they reappear. How can I stop\nit?\n\n",
  "docLength" : 0,
  "language" : "EN",
  "status" : "READY",
  "modifiedDate" : 1488748237770,
  "documentSet" : [ ],
  "preannotation" : [ "PRE_LW" ],
  "sentences" : [ {
    "id" : "s0",
    "begin" : 0,
    "end" : 5,
    "text" : "Texts",
    "tokens" : [ {
      "id" : "s0-t0",
      "begin" : 0,
      "end" : 5,
      "text" : "Texts",
      "whiteSpace" : false
    } ]
  }, {
    "id" : "s1",
    "begin" : 7,
    "end" : 147,
    "text" : "I bought this phone 2 days ago it's a Samsung galaxy j3 and old texts from as\nfar back as 2015 keep reappearing, I delete and they reappear.",
    "tokens" : [ {
      "id" : "s1-t0",
      "begin" : 7,
      "end" : 8,
      "text" : "I",
      "whiteSpace" : false
    }, {
      "id" : "s1-t1",
      "begin" : 9,
      "end" : 15,
      "text" : "bought",
      "whiteSpace" : false
    }, {
      "id" : "s1-t2",
      "begin" : 16,
      "end" : 20,
      "text" : "this",
      "whiteSpace" : false
    }, {
      "id" : "s1-t3",
      "begin" : 21,
      "end" : 26,
      "text" : "phone",
      "whiteSpace" : false
    }, {
      "id" : "s1-t4",
      "begin" : 27,
      "end" : 28,
      "text" : "2",
      "whiteSpace" : false
    }, {
      "id" : "s1-t5",
      "begin" : 29,
      "end" : 33,
      "text" : "days",
      "whiteSpace" : false
    }, {
      "id" : "s1-t6",
      "begin" : 34,
      "end" : 37,
      "text" : "ago",
      "whiteSpace" : false
    }, {
      "id" : "s1-t7",
      "begin" : 38,
      "end" : 40,
      "text" : "it",
      "whiteSpace" : false
    }, {
      "id" : "s1-t8",
      "begin" : 40,
      "end" : 42,
      "text" : "'s",
      "whiteSpace" : false
    }, {
      "id" : "s1-t9",
      "begin" : 43,
      "end" : 44,
      "text" : "a",
      "whiteSpace" : false
    }, {
      "id" : "s1-t10",
      "begin" : 45,
      "end" : 52,
      "text" : "Samsung",
      "whiteSpace" : false
    }, {
      "id" : "s1-t11",
      "begin" : 53,
      "end" : 59,
      "text" : "galaxy",
      "whiteSpace" : false
    }, {
      "id" : "s1-t12",
      "begin" : 60,
      "end" : 62,
      "text" : "j3",
      "whiteSpace" : false
    }, {
      "id" : "s1-t13",
      "begin" : 63,
      "end" : 66,
      "text" : "and",
      "whiteSpace" : false
    }, {
      "id" : "s1-t14",
      "begin" : 67,
      "end" : 70,
      "text" : "old",
      "whiteSpace" : false
    }, {
      "id" : "s1-t15",
      "begin" : 71,
      "end" : 76,
      "text" : "texts",
      "whiteSpace" : false
    }, {
      "id" : "s1-t16",
      "begin" : 77,
      "end" : 81,
      "text" : "from",
      "whiteSpace" : false
    }, {
      "id" : "s1-t17",
      "begin" : 82,
      "end" : 84,
      "text" : "as",
      "whiteSpace" : false
    }, {
      "id" : "s1-t18",
      "begin" : 85,
      "end" : 88,
      "text" : "far",
      "whiteSpace" : false
    }, {
      "id" : "s1-t19",
      "begin" : 89,
      "end" : 93,
      "text" : "back",
      "whiteSpace" : false
    }, {
      "id" : "s1-t20",
      "begin" : 94,
      "end" : 96,
      "text" : "as",
      "whiteSpace" : false
    }, {
      "id" : "s1-t21",
      "begin" : 97,
      "end" : 101,
      "text" : "2015",
      "whiteSpace" : false
    }, {
      "id" : "s1-t22",
      "begin" : 102,
      "end" : 106,
      "text" : "keep",
      "whiteSpace" : false
    }, {
      "id" : "s1-t23",
      "begin" : 107,
      "end" : 118,
      "text" : "reappearing",
      "whiteSpace" : false
    }, {
      "id" : "s1-t24",
      "begin" : 118,
      "end" : 119,
      "text" : ",",
      "whiteSpace" : false
    }, {
      "id" : "s1-t25",
      "begin" : 120,
      "end" : 121,
      "text" : "I",
      "whiteSpace" : false
    }, {
      "id" : "s1-t26",
      "begin" : 122,
      "end" : 128,
      "text" : "delete",
      "whiteSpace" : false
    }, {
      "id" : "s1-t27",
      "begin" : 129,
      "end" : 132,
      "text" : "and",
      "whiteSpace" : false
    }, {
      "id" : "s1-t28",
      "begin" : 133,
      "end" : 137,
      "text" : "they",
      "whiteSpace" : false
    }, {
      "id" : "s1-t29",
      "begin" : 138,
      "end" : 146,
      "text" : "reappear",
      "whiteSpace" : false
    }, {
      "id" : "s1-t30",
      "begin" : 146,
      "end" : 147,
      "text" : ".",
      "whiteSpace" : false
    } ]
  }, {
    "id" : "s2",
    "begin" : 148,
    "end" : 166,
    "text" : "How can I stop\nit?",
    "tokens" : [ {
      "id" : "s2-t0",
      "begin" : 148,
      "end" : 151,
      "text" : "How",
      "whiteSpace" : false
    }, {
      "id" : "s2-t1",
      "begin" : 152,
      "end" : 155,
      "text" : "can",
      "whiteSpace" : false
    }, {
      "id" : "s2-t2",
      "begin" : 156,
      "end" : 157,
      "text" : "I",
      "whiteSpace" : false
    }, {
      "id" : "s2-t3",
      "begin" : 158,
      "end" : 162,
      "text" : "stop",
      "whiteSpace" : false
    }, {
      "id" : "s2-t4",
      "begin" : 163,
      "end" : 165,
      "text" : "it",
      "whiteSpace" : false
    }, {
      "id" : "s2-t5",
      "begin" : 165,
      "end" : 166,
      "text" : "?",
      "whiteSpace" : false
    } ]
  } ],
  "mentions" : [ {
    "id" : "s0-m0",
    "properties" : {
      "SIRE_ENTITY_SUBTYPE" : "NONE",
      "SIRE_MENTION_ROLE" : "Voice_Text",
      "SIRE_MENTION_CLASS" : "SPC",
      "SIRE_MENTION_TYPE" : "NONE"
    },
    "type" : "Voice_Text",
    "begin" : 0,
    "end" : 5,
    "inCoref" : false
  }, {
    "id" : "s1-m0",
    "properties" : {
      "SIRE_ENTITY_SUBTYPE" : "NONE",
      "SIRE_MENTION_ROLE" : "Product",
      "SIRE_MENTION_CLASS" : "SPC",
      "SIRE_MENTION_TYPE" : "NONE"
    },
    "type" : "Product",
    "begin" : 45,
    "end" : 62,
    "inCoref" : false
  }, {
    "id" : "s1-m1",
    "properties" : {
      "SIRE_ENTITY_SUBTYPE" : "NONE",
      "SIRE_MENTION_ROLE" : "Voice_Text",
      "SIRE_MENTION_CLASS" : "SPC",
      "SIRE_MENTION_TYPE" : "NONE"
    },
    "type" : "Voice_Text",
    "begin" : 71,
    "end" : 76,
    "inCoref" : false
  } ],
  "relations" : [ ],
  "corefs" : [ ],
  "typeResolved" : true,
  "userResolved" : false
}