{
  "id" : "b4d34130-fedd-11e6-adfe-7b21e22b049b-7",
  "name" : "2af0b7ca18aadffbc695e59667d187d4.txt",
  "version" : 3,
  "text" : "Block Unwanted calls\n\nI have an AT&amp;T; Phone and I have heard there is a way or number to block\nunwanted nuisance calls. Can someone help me with instructions?\n\n",
  "docLength" : 0,
  "language" : "EN",
  "status" : "READY",
  "modifiedDate" : 1488748210077,
  "documentSet" : [ ],
  "preannotation" : [ "PRE_LW" ],
  "sentences" : [ {
    "id" : "s0",
    "begin" : 0,
    "end" : 20,
    "text" : "Block Unwanted calls",
    "tokens" : [ {
      "id" : "s0-t0",
      "begin" : 0,
      "end" : 5,
      "text" : "Block",
      "whiteSpace" : false
    }, {
      "id" : "s0-t1",
      "begin" : 6,
      "end" : 14,
      "text" : "Unwanted",
      "whiteSpace" : false
    }, {
      "id" : "s0-t2",
      "begin" : 15,
      "end" : 20,
      "text" : "calls",
      "whiteSpace" : false
    } ]
  }, {
    "id" : "s1",
    "begin" : 22,
    "end" : 123,
    "text" : "I have an AT&amp;T; Phone and I have heard there is a way or number to block\nunwanted nuisance calls.",
    "tokens" : [ {
      "id" : "s1-t0",
      "begin" : 22,
      "end" : 23,
      "text" : "I",
      "whiteSpace" : false
    }, {
      "id" : "s1-t1",
      "begin" : 24,
      "end" : 28,
      "text" : "have",
      "whiteSpace" : false
    }, {
      "id" : "s1-t2",
      "begin" : 29,
      "end" : 31,
      "text" : "an",
      "whiteSpace" : false
    }, {
      "id" : "s1-t3",
      "begin" : 32,
      "end" : 34,
      "text" : "AT",
      "whiteSpace" : false
    }, {
      "id" : "s1-t4",
      "begin" : 34,
      "end" : 39,
      "text" : "&amp;",
      "whiteSpace" : false
    }, {
      "id" : "s1-t5",
      "begin" : 39,
      "end" : 41,
      "text" : "T;",
      "whiteSpace" : false
    }, {
      "id" : "s1-t6",
      "begin" : 42,
      "end" : 47,
      "text" : "Phone",
      "whiteSpace" : false
    }, {
      "id" : "s1-t7",
      "begin" : 48,
      "end" : 51,
      "text" : "and",
      "whiteSpace" : false
    }, {
      "id" : "s1-t8",
      "begin" : 52,
      "end" : 53,
      "text" : "I",
      "whiteSpace" : false
    }, {
      "id" : "s1-t9",
      "begin" : 54,
      "end" : 58,
      "text" : "have",
      "whiteSpace" : false
    }, {
      "id" : "s1-t10",
      "begin" : 59,
      "end" : 64,
      "text" : "heard",
      "whiteSpace" : false
    }, {
      "id" : "s1-t11",
      "begin" : 65,
      "end" : 70,
      "text" : "there",
      "whiteSpace" : false
    }, {
      "id" : "s1-t12",
      "begin" : 71,
      "end" : 73,
      "text" : "is",
      "whiteSpace" : false
    }, {
      "id" : "s1-t13",
      "begin" : 74,
      "end" : 75,
      "text" : "a",
      "whiteSpace" : false
    }, {
      "id" : "s1-t14",
      "begin" : 76,
      "end" : 79,
      "text" : "way",
      "whiteSpace" : false
    }, {
      "id" : "s1-t15",
      "begin" : 80,
      "end" : 82,
      "text" : "or",
      "whiteSpace" : false
    }, {
      "id" : "s1-t16",
      "begin" : 83,
      "end" : 89,
      "text" : "number",
      "whiteSpace" : false
    }, {
      "id" : "s1-t17",
      "begin" : 90,
      "end" : 92,
      "text" : "to",
      "whiteSpace" : false
    }, {
      "id" : "s1-t18",
      "begin" : 93,
      "end" : 98,
      "text" : "block",
      "whiteSpace" : false
    }, {
      "id" : "s1-t19",
      "begin" : 99,
      "end" : 107,
      "text" : "unwanted",
      "whiteSpace" : false
    }, {
      "id" : "s1-t20",
      "begin" : 108,
      "end" : 116,
      "text" : "nuisance",
      "whiteSpace" : false
    }, {
      "id" : "s1-t21",
      "begin" : 117,
      "end" : 122,
      "text" : "calls",
      "whiteSpace" : false
    }, {
      "id" : "s1-t22",
      "begin" : 122,
      "end" : 123,
      "text" : ".",
      "whiteSpace" : false
    } ]
  }, {
    "id" : "s2",
    "begin" : 124,
    "end" : 162,
    "text" : "Can someone help me with instructions?",
    "tokens" : [ {
      "id" : "s2-t0",
      "begin" : 124,
      "end" : 127,
      "text" : "Can",
      "whiteSpace" : false
    }, {
      "id" : "s2-t1",
      "begin" : 128,
      "end" : 135,
      "text" : "someone",
      "whiteSpace" : false
    }, {
      "id" : "s2-t2",
      "begin" : 136,
      "end" : 140,
      "text" : "help",
      "whiteSpace" : false
    }, {
      "id" : "s2-t3",
      "begin" : 141,
      "end" : 143,
      "text" : "me",
      "whiteSpace" : false
    }, {
      "id" : "s2-t4",
      "begin" : 144,
      "end" : 148,
      "text" : "with",
      "whiteSpace" : false
    }, {
      "id" : "s2-t5",
      "begin" : 149,
      "end" : 161,
      "text" : "instructions",
      "whiteSpace" : false
    }, {
      "id" : "s2-t6",
      "begin" : 161,
      "end" : 162,
      "text" : "?",
      "whiteSpace" : false
    } ]
  } ],
  "mentions" : [ {
    "id" : "s0-m0",
    "properties" : {
      "SIRE_ENTITY_SUBTYPE" : "NONE",
      "SIRE_MENTION_ROLE" : "Voice_Text",
      "SIRE_MENTION_CLASS" : "SPC",
      "SIRE_MENTION_TYPE" : "NONE"
    },
    "type" : "Voice_Text",
    "begin" : 15,
    "end" : 20,
    "inCoref" : false
  }, {
    "id" : "s1-m2",
    "properties" : {
      "SIRE_MENTION_ROLE" : "Service_Provider",
      "SIRE_ENTITY_SUBTYPE" : "NONE",
      "SIRE_MENTION_TYPE" : "NONE",
      "SIRE_MENTION_CLASS" : "SPC"
    },
    "type" : "Service_Provider",
    "begin" : 32,
    "end" : 40,
    "inCoref" : false
  }, {
    "id" : "s2-m0",
    "properties" : {
      "SIRE_ENTITY_SUBTYPE" : "NONE",
      "SIRE_MENTION_ROLE" : "Voice_Text",
      "SIRE_MENTION_CLASS" : "SPC",
      "SIRE_MENTION_TYPE" : "NONE"
    },
    "type" : "Voice_Text",
    "begin" : 117,
    "end" : 122,
    "inCoref" : false
  } ],
  "relations" : [ ],
  "corefs" : [ ],
  "typeResolved" : true,
  "userResolved" : false
}