{
  "id" : "b4d34130-fedd-11e6-adfe-7b21e22b049b-6",
  "name" : "2af0b7ca18aadffbc695e59667ce4c77.txt",
  "version" : 3,
  "text" : "Lg G5 and MMS\n\nAfter this latest update, I am not getting pictures in messaging and I can't\nfind where I can switch to the MMS in settings anywhere or in the messaging\nmenu. Anyone?\n\n",
  "docLength" : 0,
  "language" : "EN",
  "status" : "READY",
  "modifiedDate" : 1488748202390,
  "documentSet" : [ ],
  "preannotation" : [ "PRE_LW" ],
  "sentences" : [ {
    "id" : "s0",
    "begin" : 0,
    "end" : 13,
    "text" : "Lg G5 and MMS",
    "tokens" : [ {
      "id" : "s0-t0",
      "begin" : 0,
      "end" : 2,
      "text" : "Lg",
      "whiteSpace" : false
    }, {
      "id" : "s0-t1",
      "begin" : 3,
      "end" : 5,
      "text" : "G5",
      "whiteSpace" : false
    }, {
      "id" : "s0-t2",
      "begin" : 6,
      "end" : 9,
      "text" : "and",
      "whiteSpace" : false
    }, {
      "id" : "s0-t3",
      "begin" : 10,
      "end" : 13,
      "text" : "MMS",
      "whiteSpace" : false
    } ]
  }, {
    "id" : "s1",
    "begin" : 15,
    "end" : 173,
    "text" : "After this latest update, I am not getting pictures in messaging and I can't\nfind where I can switch to the MMS in settings anywhere or in the messaging\nmenu.",
    "tokens" : [ {
      "id" : "s1-t0",
      "begin" : 15,
      "end" : 20,
      "text" : "After",
      "whiteSpace" : false
    }, {
      "id" : "s1-t1",
      "begin" : 21,
      "end" : 25,
      "text" : "this",
      "whiteSpace" : false
    }, {
      "id" : "s1-t2",
      "begin" : 26,
      "end" : 32,
      "text" : "latest",
      "whiteSpace" : false
    }, {
      "id" : "s1-t3",
      "begin" : 33,
      "end" : 39,
      "text" : "update",
      "whiteSpace" : false
    }, {
      "id" : "s1-t4",
      "begin" : 39,
      "end" : 40,
      "text" : ",",
      "whiteSpace" : false
    }, {
      "id" : "s1-t5",
      "begin" : 41,
      "end" : 42,
      "text" : "I",
      "whiteSpace" : false
    }, {
      "id" : "s1-t6",
      "begin" : 43,
      "end" : 45,
      "text" : "am",
      "whiteSpace" : false
    }, {
      "id" : "s1-t7",
      "begin" : 46,
      "end" : 49,
      "text" : "not",
      "whiteSpace" : false
    }, {
      "id" : "s1-t8",
      "begin" : 50,
      "end" : 57,
      "text" : "getting",
      "whiteSpace" : false
    }, {
      "id" : "s1-t9",
      "begin" : 58,
      "end" : 66,
      "text" : "pictures",
      "whiteSpace" : false
    }, {
      "id" : "s1-t10",
      "begin" : 67,
      "end" : 69,
      "text" : "in",
      "whiteSpace" : false
    }, {
      "id" : "s1-t11",
      "begin" : 70,
      "end" : 79,
      "text" : "messaging",
      "whiteSpace" : false
    }, {
      "id" : "s1-t12",
      "begin" : 80,
      "end" : 83,
      "text" : "and",
      "whiteSpace" : false
    }, {
      "id" : "s1-t13",
      "begin" : 84,
      "end" : 85,
      "text" : "I",
      "whiteSpace" : false
    }, {
      "id" : "s1-t14",
      "begin" : 86,
      "end" : 88,
      "text" : "ca",
      "whiteSpace" : false
    }, {
      "id" : "s1-t15",
      "begin" : 88,
      "end" : 91,
      "text" : "n't",
      "whiteSpace" : false
    }, {
      "id" : "s1-t16",
      "begin" : 92,
      "end" : 96,
      "text" : "find",
      "whiteSpace" : false
    }, {
      "id" : "s1-t17",
      "begin" : 97,
      "end" : 102,
      "text" : "where",
      "whiteSpace" : false
    }, {
      "id" : "s1-t18",
      "begin" : 103,
      "end" : 104,
      "text" : "I",
      "whiteSpace" : false
    }, {
      "id" : "s1-t19",
      "begin" : 105,
      "end" : 108,
      "text" : "can",
      "whiteSpace" : false
    }, {
      "id" : "s1-t20",
      "begin" : 109,
      "end" : 115,
      "text" : "switch",
      "whiteSpace" : false
    }, {
      "id" : "s1-t21",
      "begin" : 116,
      "end" : 118,
      "text" : "to",
      "whiteSpace" : false
    }, {
      "id" : "s1-t22",
      "begin" : 119,
      "end" : 122,
      "text" : "the",
      "whiteSpace" : false
    }, {
      "id" : "s1-t23",
      "begin" : 123,
      "end" : 126,
      "text" : "MMS",
      "whiteSpace" : false
    }, {
      "id" : "s1-t24",
      "begin" : 127,
      "end" : 129,
      "text" : "in",
      "whiteSpace" : false
    }, {
      "id" : "s1-t25",
      "begin" : 130,
      "end" : 138,
      "text" : "settings",
      "whiteSpace" : false
    }, {
      "id" : "s1-t26",
      "begin" : 139,
      "end" : 147,
      "text" : "anywhere",
      "whiteSpace" : false
    }, {
      "id" : "s1-t27",
      "begin" : 148,
      "end" : 150,
      "text" : "or",
      "whiteSpace" : false
    }, {
      "id" : "s1-t28",
      "begin" : 151,
      "end" : 153,
      "text" : "in",
      "whiteSpace" : false
    }, {
      "id" : "s1-t29",
      "begin" : 154,
      "end" : 157,
      "text" : "the",
      "whiteSpace" : false
    }, {
      "id" : "s1-t30",
      "begin" : 158,
      "end" : 167,
      "text" : "messaging",
      "whiteSpace" : false
    }, {
      "id" : "s1-t31",
      "begin" : 168,
      "end" : 172,
      "text" : "menu",
      "whiteSpace" : false
    }, {
      "id" : "s1-t32",
      "begin" : 172,
      "end" : 173,
      "text" : ".",
      "whiteSpace" : false
    } ]
  }, {
    "id" : "s2",
    "begin" : 174,
    "end" : 181,
    "text" : "Anyone?",
    "tokens" : [ {
      "id" : "s2-t0",
      "begin" : 174,
      "end" : 180,
      "text" : "Anyone",
      "whiteSpace" : false
    }, {
      "id" : "s2-t1",
      "begin" : 180,
      "end" : 181,
      "text" : "?",
      "whiteSpace" : false
    } ]
  } ],
  "mentions" : [ {
    "id" : "s0-m0",
    "properties" : {
      "SIRE_ENTITY_SUBTYPE" : "NONE",
      "SIRE_MENTION_ROLE" : "Product",
      "SIRE_MENTION_CLASS" : "SPC",
      "SIRE_MENTION_TYPE" : "NONE"
    },
    "type" : "Product",
    "begin" : 0,
    "end" : 5,
    "inCoref" : false
  }, {
    "id" : "s0-m1",
    "properties" : {
      "SIRE_ENTITY_SUBTYPE" : "NONE",
      "SIRE_MENTION_ROLE" : "Voice_Text",
      "SIRE_MENTION_CLASS" : "SPC",
      "SIRE_MENTION_TYPE" : "NONE"
    },
    "type" : "Voice_Text",
    "begin" : 10,
    "end" : 13,
    "inCoref" : false
  }, {
    "id" : "s1-m0",
    "properties" : {
      "SIRE_ENTITY_SUBTYPE" : "NONE",
      "SIRE_MENTION_ROLE" : "Voice_Text",
      "SIRE_MENTION_CLASS" : "SPC",
      "SIRE_MENTION_TYPE" : "NONE"
    },
    "type" : "Voice_Text",
    "begin" : 70,
    "end" : 79,
    "inCoref" : false
  }, {
    "id" : "s2-m0",
    "properties" : {
      "SIRE_ENTITY_SUBTYPE" : "NONE",
      "SIRE_MENTION_ROLE" : "Voice_Text",
      "SIRE_MENTION_CLASS" : "SPC",
      "SIRE_MENTION_TYPE" : "NONE"
    },
    "type" : "Voice_Text",
    "begin" : 123,
    "end" : 126,
    "inCoref" : false
  }, {
    "id" : "s2-m1",
    "properties" : {
      "SIRE_ENTITY_SUBTYPE" : "NONE",
      "SIRE_MENTION_ROLE" : "Voice_Text",
      "SIRE_MENTION_CLASS" : "SPC",
      "SIRE_MENTION_TYPE" : "NONE"
    },
    "type" : "Voice_Text",
    "begin" : 158,
    "end" : 167,
    "inCoref" : false
  } ],
  "relations" : [ ],
  "corefs" : [ ],
  "typeResolved" : true,
  "userResolved" : false
}