{
  "id" : "b4d34130-fedd-11e6-adfe-7b21e22b049b-3",
  "name" : "1c21e31386057f5f202654d0e8556539.txt",
  "version" : 3,
  "text" : "at&amp;t; S3 should recieve Premium suite Update\n\nAs we all know we the At&amp;t; users are always the last ones to recieve any\nupdates..which is the most saddest partBt if samsung can bring Galaxy S3\nSghi747 with jelly bean 4.1.2 premium suit which includes multi window and\nother features then the wait will be fruit full..hoping to expect a positive\noutcome..do let me know ur thoughts..take care guys!!\n\n",
  "docLength" : 0,
  "language" : "EN",
  "status" : "READY",
  "modifiedDate" : 1488748154898,
  "documentSet" : [ ],
  "preannotation" : [ "PRE_LW" ],
  "sentences" : [ {
    "id" : "s0",
    "begin" : 0,
    "end" : 48,
    "text" : "at&amp;t; S3 should recieve Premium suite Update",
    "tokens" : [ {
      "id" : "s0-t0",
      "begin" : 0,
      "end" : 2,
      "text" : "at",
      "whiteSpace" : false
    }, {
      "id" : "s0-t1",
      "begin" : 2,
      "end" : 7,
      "text" : "&amp;",
      "whiteSpace" : false
    }, {
      "id" : "s0-t2",
      "begin" : 7,
      "end" : 9,
      "text" : "t;",
      "whiteSpace" : false
    }, {
      "id" : "s0-t3",
      "begin" : 10,
      "end" : 12,
      "text" : "S3",
      "whiteSpace" : false
    }, {
      "id" : "s0-t4",
      "begin" : 13,
      "end" : 19,
      "text" : "should",
      "whiteSpace" : false
    }, {
      "id" : "s0-t5",
      "begin" : 20,
      "end" : 27,
      "text" : "recieve",
      "whiteSpace" : false
    }, {
      "id" : "s0-t6",
      "begin" : 28,
      "end" : 35,
      "text" : "Premium",
      "whiteSpace" : false
    }, {
      "id" : "s0-t7",
      "begin" : 36,
      "end" : 41,
      "text" : "suite",
      "whiteSpace" : false
    }, {
      "id" : "s0-t8",
      "begin" : 42,
      "end" : 48,
      "text" : "Update",
      "whiteSpace" : false
    } ]
  }, {
    "id" : "s1",
    "begin" : 50,
    "end" : 406,
    "text" : "As we all know we the At&amp;t; users are always the last ones to recieve any\nupdates..which is the most saddest partBt if samsung can bring Galaxy S3\nSghi747 with jelly bean 4.1.2 premium suit which includes multi window and\nother features then the wait will be fruit full..hoping to expect a positive\noutcome..do let me know ur thoughts..take care guys!!",
    "tokens" : [ {
      "id" : "s1-t0",
      "begin" : 50,
      "end" : 52,
      "text" : "As",
      "whiteSpace" : false
    }, {
      "id" : "s1-t1",
      "begin" : 53,
      "end" : 55,
      "text" : "we",
      "whiteSpace" : false
    }, {
      "id" : "s1-t2",
      "begin" : 56,
      "end" : 59,
      "text" : "all",
      "whiteSpace" : false
    }, {
      "id" : "s1-t3",
      "begin" : 60,
      "end" : 64,
      "text" : "know",
      "whiteSpace" : false
    }, {
      "id" : "s1-t4",
      "begin" : 65,
      "end" : 67,
      "text" : "we",
      "whiteSpace" : false
    }, {
      "id" : "s1-t5",
      "begin" : 68,
      "end" : 71,
      "text" : "the",
      "whiteSpace" : false
    }, {
      "id" : "s1-t6",
      "begin" : 72,
      "end" : 74,
      "text" : "At",
      "whiteSpace" : false
    }, {
      "id" : "s1-t7",
      "begin" : 74,
      "end" : 79,
      "text" : "&amp;",
      "whiteSpace" : false
    }, {
      "id" : "s1-t8",
      "begin" : 79,
      "end" : 81,
      "text" : "t;",
      "whiteSpace" : false
    }, {
      "id" : "s1-t9",
      "begin" : 82,
      "end" : 87,
      "text" : "users",
      "whiteSpace" : false
    }, {
      "id" : "s1-t10",
      "begin" : 88,
      "end" : 91,
      "text" : "are",
      "whiteSpace" : false
    }, {
      "id" : "s1-t11",
      "begin" : 92,
      "end" : 98,
      "text" : "always",
      "whiteSpace" : false
    }, {
      "id" : "s1-t12",
      "begin" : 99,
      "end" : 102,
      "text" : "the",
      "whiteSpace" : false
    }, {
      "id" : "s1-t13",
      "begin" : 103,
      "end" : 107,
      "text" : "last",
      "whiteSpace" : false
    }, {
      "id" : "s1-t14",
      "begin" : 108,
      "end" : 112,
      "text" : "ones",
      "whiteSpace" : false
    }, {
      "id" : "s1-t15",
      "begin" : 113,
      "end" : 115,
      "text" : "to",
      "whiteSpace" : false
    }, {
      "id" : "s1-t16",
      "begin" : 116,
      "end" : 123,
      "text" : "recieve",
      "whiteSpace" : false
    }, {
      "id" : "s1-t17",
      "begin" : 124,
      "end" : 127,
      "text" : "any",
      "whiteSpace" : false
    }, {
      "id" : "s1-t18",
      "begin" : 128,
      "end" : 135,
      "text" : "updates",
      "whiteSpace" : false
    }, {
      "id" : "s1-t19",
      "begin" : 135,
      "end" : 137,
      "text" : "..",
      "whiteSpace" : false
    }, {
      "id" : "s1-t20",
      "begin" : 137,
      "end" : 142,
      "text" : "which",
      "whiteSpace" : false
    }, {
      "id" : "s1-t21",
      "begin" : 143,
      "end" : 145,
      "text" : "is",
      "whiteSpace" : false
    }, {
      "id" : "s1-t22",
      "begin" : 146,
      "end" : 149,
      "text" : "the",
      "whiteSpace" : false
    }, {
      "id" : "s1-t23",
      "begin" : 150,
      "end" : 154,
      "text" : "most",
      "whiteSpace" : false
    }, {
      "id" : "s1-t24",
      "begin" : 155,
      "end" : 162,
      "text" : "saddest",
      "whiteSpace" : false
    }, {
      "id" : "s1-t25",
      "begin" : 163,
      "end" : 169,
      "text" : "partBt",
      "whiteSpace" : false
    }, {
      "id" : "s1-t26",
      "begin" : 170,
      "end" : 172,
      "text" : "if",
      "whiteSpace" : false
    }, {
      "id" : "s1-t27",
      "begin" : 173,
      "end" : 180,
      "text" : "samsung",
      "whiteSpace" : false
    }, {
      "id" : "s1-t28",
      "begin" : 181,
      "end" : 184,
      "text" : "can",
      "whiteSpace" : false
    }, {
      "id" : "s1-t29",
      "begin" : 185,
      "end" : 190,
      "text" : "bring",
      "whiteSpace" : false
    }, {
      "id" : "s1-t30",
      "begin" : 191,
      "end" : 197,
      "text" : "Galaxy",
      "whiteSpace" : false
    }, {
      "id" : "s1-t31",
      "begin" : 198,
      "end" : 200,
      "text" : "S3",
      "whiteSpace" : false
    }, {
      "id" : "s1-t32",
      "begin" : 201,
      "end" : 208,
      "text" : "Sghi747",
      "whiteSpace" : false
    }, {
      "id" : "s1-t33",
      "begin" : 209,
      "end" : 213,
      "text" : "with",
      "whiteSpace" : false
    }, {
      "id" : "s1-t34",
      "begin" : 214,
      "end" : 219,
      "text" : "jelly",
      "whiteSpace" : false
    }, {
      "id" : "s1-t35",
      "begin" : 220,
      "end" : 224,
      "text" : "bean",
      "whiteSpace" : false
    }, {
      "id" : "s1-t36",
      "begin" : 225,
      "end" : 230,
      "text" : "4.1.2",
      "whiteSpace" : false
    }, {
      "id" : "s1-t37",
      "begin" : 231,
      "end" : 238,
      "text" : "premium",
      "whiteSpace" : false
    }, {
      "id" : "s1-t38",
      "begin" : 239,
      "end" : 243,
      "text" : "suit",
      "whiteSpace" : false
    }, {
      "id" : "s1-t39",
      "begin" : 244,
      "end" : 249,
      "text" : "which",
      "whiteSpace" : false
    }, {
      "id" : "s1-t40",
      "begin" : 250,
      "end" : 258,
      "text" : "includes",
      "whiteSpace" : false
    }, {
      "id" : "s1-t41",
      "begin" : 259,
      "end" : 264,
      "text" : "multi",
      "whiteSpace" : false
    }, {
      "id" : "s1-t42",
      "begin" : 265,
      "end" : 271,
      "text" : "window",
      "whiteSpace" : false
    }, {
      "id" : "s1-t43",
      "begin" : 272,
      "end" : 275,
      "text" : "and",
      "whiteSpace" : false
    }, {
      "id" : "s1-t44",
      "begin" : 276,
      "end" : 281,
      "text" : "other",
      "whiteSpace" : false
    }, {
      "id" : "s1-t45",
      "begin" : 282,
      "end" : 290,
      "text" : "features",
      "whiteSpace" : false
    }, {
      "id" : "s1-t46",
      "begin" : 291,
      "end" : 295,
      "text" : "then",
      "whiteSpace" : false
    }, {
      "id" : "s1-t47",
      "begin" : 296,
      "end" : 299,
      "text" : "the",
      "whiteSpace" : false
    }, {
      "id" : "s1-t48",
      "begin" : 300,
      "end" : 304,
      "text" : "wait",
      "whiteSpace" : false
    }, {
      "id" : "s1-t49",
      "begin" : 305,
      "end" : 309,
      "text" : "will",
      "whiteSpace" : false
    }, {
      "id" : "s1-t50",
      "begin" : 310,
      "end" : 312,
      "text" : "be",
      "whiteSpace" : false
    }, {
      "id" : "s1-t51",
      "begin" : 313,
      "end" : 318,
      "text" : "fruit",
      "whiteSpace" : false
    }, {
      "id" : "s1-t52",
      "begin" : 319,
      "end" : 323,
      "text" : "full",
      "whiteSpace" : false
    }, {
      "id" : "s1-t53",
      "begin" : 323,
      "end" : 325,
      "text" : "..",
      "whiteSpace" : false
    }, {
      "id" : "s1-t54",
      "begin" : 325,
      "end" : 331,
      "text" : "hoping",
      "whiteSpace" : false
    }, {
      "id" : "s1-t55",
      "begin" : 332,
      "end" : 334,
      "text" : "to",
      "whiteSpace" : false
    }, {
      "id" : "s1-t56",
      "begin" : 335,
      "end" : 341,
      "text" : "expect",
      "whiteSpace" : false
    }, {
      "id" : "s1-t57",
      "begin" : 342,
      "end" : 343,
      "text" : "a",
      "whiteSpace" : false
    }, {
      "id" : "s1-t58",
      "begin" : 344,
      "end" : 352,
      "text" : "positive",
      "whiteSpace" : false
    }, {
      "id" : "s1-t59",
      "begin" : 353,
      "end" : 360,
      "text" : "outcome",
      "whiteSpace" : false
    }, {
      "id" : "s1-t60",
      "begin" : 360,
      "end" : 362,
      "text" : "..",
      "whiteSpace" : false
    }, {
      "id" : "s1-t61",
      "begin" : 362,
      "end" : 364,
      "text" : "do",
      "whiteSpace" : false
    }, {
      "id" : "s1-t62",
      "begin" : 365,
      "end" : 368,
      "text" : "let",
      "whiteSpace" : false
    }, {
      "id" : "s1-t63",
      "begin" : 369,
      "end" : 371,
      "text" : "me",
      "whiteSpace" : false
    }, {
      "id" : "s1-t64",
      "begin" : 372,
      "end" : 376,
      "text" : "know",
      "whiteSpace" : false
    }, {
      "id" : "s1-t65",
      "begin" : 377,
      "end" : 379,
      "text" : "ur",
      "whiteSpace" : false
    }, {
      "id" : "s1-t66",
      "begin" : 380,
      "end" : 388,
      "text" : "thoughts",
      "whiteSpace" : false
    }, {
      "id" : "s1-t67",
      "begin" : 388,
      "end" : 390,
      "text" : "..",
      "whiteSpace" : false
    }, {
      "id" : "s1-t68",
      "begin" : 390,
      "end" : 394,
      "text" : "take",
      "whiteSpace" : false
    }, {
      "id" : "s1-t69",
      "begin" : 395,
      "end" : 399,
      "text" : "care",
      "whiteSpace" : false
    }, {
      "id" : "s1-t70",
      "begin" : 400,
      "end" : 404,
      "text" : "guys",
      "whiteSpace" : false
    }, {
      "id" : "s1-t71",
      "begin" : 404,
      "end" : 405,
      "text" : "!",
      "whiteSpace" : false
    }, {
      "id" : "s1-t72",
      "begin" : 405,
      "end" : 406,
      "text" : "!",
      "whiteSpace" : false
    } ]
  } ],
  "mentions" : [ {
    "id" : "s0-m1",
    "properties" : {
      "SIRE_MENTION_ROLE" : "Service_Plan",
      "SIRE_ENTITY_SUBTYPE" : "NONE",
      "SIRE_MENTION_TYPE" : "NONE",
      "SIRE_MENTION_CLASS" : "SPC"
    },
    "type" : "Service_Plan",
    "begin" : 0,
    "end" : 8,
    "inCoref" : false
  }, {
    "id" : "s0-m2",
    "properties" : {
      "SIRE_MENTION_ROLE" : "Product",
      "SIRE_ENTITY_SUBTYPE" : "NONE",
      "SIRE_MENTION_TYPE" : "NONE",
      "SIRE_MENTION_CLASS" : "SPC"
    },
    "type" : "Product",
    "begin" : 10,
    "end" : 12,
    "inCoref" : false
  }, {
    "id" : "s1-m2",
    "properties" : {
      "SIRE_MENTION_ROLE" : "Service_Plan",
      "SIRE_ENTITY_SUBTYPE" : "NONE",
      "SIRE_MENTION_TYPE" : "NONE",
      "SIRE_MENTION_CLASS" : "SPC"
    },
    "type" : "Service_Plan",
    "begin" : 72,
    "end" : 80,
    "inCoref" : false
  }, {
    "id" : "s2-m0",
    "properties" : {
      "SIRE_ENTITY_SUBTYPE" : "NONE",
      "SIRE_MENTION_ROLE" : "Product",
      "SIRE_MENTION_CLASS" : "SPC",
      "SIRE_MENTION_TYPE" : "NONE"
    },
    "type" : "Product",
    "begin" : 191,
    "end" : 208,
    "inCoref" : false
  } ],
  "relations" : [ ],
  "corefs" : [ ],
  "typeResolved" : true,
  "userResolved" : false
}