{
  "id" : "b56d7040-fedb-11e6-b666-e53c406a1a66-9",
  "name" : "0240de21e16fa743a7feaaea988175b8.txt",
  "version" : 3,
  "text" : "What app is using cell data?\n\nOne phone on our family plan is rapidly using cellular data (vs. WiFi). I'd\nlike to see a record of what apps are using the cellular data for the month\n(i.e. billing period). I'm only aware of looking at usage while the phone is\n\"up\" for the current power-on. Can I get accumulated per-app usage\ndata?JimSolved!Go to Solution.\n\n",
  "docLength" : 0,
  "language" : "EN",
  "status" : "READY",
  "modifiedDate" : 1488749377266,
  "documentSet" : [ ],
  "preannotation" : [ "PRE_LW" ],
  "sentences" : [ {
    "id" : "s0",
    "begin" : 0,
    "end" : 28,
    "text" : "What app is using cell data?",
    "tokens" : [ {
      "id" : "s0-t0",
      "begin" : 0,
      "end" : 4,
      "text" : "What",
      "whiteSpace" : false
    }, {
      "id" : "s0-t1",
      "begin" : 5,
      "end" : 8,
      "text" : "app",
      "whiteSpace" : false
    }, {
      "id" : "s0-t2",
      "begin" : 9,
      "end" : 11,
      "text" : "is",
      "whiteSpace" : false
    }, {
      "id" : "s0-t3",
      "begin" : 12,
      "end" : 17,
      "text" : "using",
      "whiteSpace" : false
    }, {
      "id" : "s0-t4",
      "begin" : 18,
      "end" : 22,
      "text" : "cell",
      "whiteSpace" : false
    }, {
      "id" : "s0-t5",
      "begin" : 23,
      "end" : 27,
      "text" : "data",
      "whiteSpace" : false
    }, {
      "id" : "s0-t6",
      "begin" : 27,
      "end" : 28,
      "text" : "?",
      "whiteSpace" : false
    } ]
  }, {
    "id" : "s1",
    "begin" : 30,
    "end" : 101,
    "text" : "One phone on our family plan is rapidly using cellular data (vs. WiFi).",
    "tokens" : [ {
      "id" : "s1-t0",
      "begin" : 30,
      "end" : 33,
      "text" : "One",
      "whiteSpace" : false
    }, {
      "id" : "s1-t1",
      "begin" : 34,
      "end" : 39,
      "text" : "phone",
      "whiteSpace" : false
    }, {
      "id" : "s1-t2",
      "begin" : 40,
      "end" : 42,
      "text" : "on",
      "whiteSpace" : false
    }, {
      "id" : "s1-t3",
      "begin" : 43,
      "end" : 46,
      "text" : "our",
      "whiteSpace" : false
    }, {
      "id" : "s1-t4",
      "begin" : 47,
      "end" : 53,
      "text" : "family",
      "whiteSpace" : false
    }, {
      "id" : "s1-t5",
      "begin" : 54,
      "end" : 58,
      "text" : "plan",
      "whiteSpace" : false
    }, {
      "id" : "s1-t6",
      "begin" : 59,
      "end" : 61,
      "text" : "is",
      "whiteSpace" : false
    }, {
      "id" : "s1-t7",
      "begin" : 62,
      "end" : 69,
      "text" : "rapidly",
      "whiteSpace" : false
    }, {
      "id" : "s1-t8",
      "begin" : 70,
      "end" : 75,
      "text" : "using",
      "whiteSpace" : false
    }, {
      "id" : "s1-t9",
      "begin" : 76,
      "end" : 84,
      "text" : "cellular",
      "whiteSpace" : false
    }, {
      "id" : "s1-t10",
      "begin" : 85,
      "end" : 89,
      "text" : "data",
      "whiteSpace" : false
    }, {
      "id" : "s1-t11",
      "begin" : 90,
      "end" : 91,
      "text" : "(",
      "whiteSpace" : false
    }, {
      "id" : "s1-t12",
      "begin" : 91,
      "end" : 94,
      "text" : "vs.",
      "whiteSpace" : false
    }, {
      "id" : "s1-t13",
      "begin" : 95,
      "end" : 99,
      "text" : "WiFi",
      "whiteSpace" : false
    }, {
      "id" : "s1-t14",
      "begin" : 99,
      "end" : 100,
      "text" : ")",
      "whiteSpace" : false
    }, {
      "id" : "s1-t15",
      "begin" : 100,
      "end" : 101,
      "text" : ".",
      "whiteSpace" : false
    } ]
  }, {
    "id" : "s2",
    "begin" : 102,
    "end" : 204,
    "text" : "I'd\nlike to see a record of what apps are using the cellular data for the month\n(i.e. billing period).",
    "tokens" : [ {
      "id" : "s2-t0",
      "begin" : 102,
      "end" : 103,
      "text" : "I",
      "whiteSpace" : false
    }, {
      "id" : "s2-t1",
      "begin" : 103,
      "end" : 105,
      "text" : "'d",
      "whiteSpace" : false
    }, {
      "id" : "s2-t2",
      "begin" : 106,
      "end" : 110,
      "text" : "like",
      "whiteSpace" : false
    }, {
      "id" : "s2-t3",
      "begin" : 111,
      "end" : 113,
      "text" : "to",
      "whiteSpace" : false
    }, {
      "id" : "s2-t4",
      "begin" : 114,
      "end" : 117,
      "text" : "see",
      "whiteSpace" : false
    }, {
      "id" : "s2-t5",
      "begin" : 118,
      "end" : 119,
      "text" : "a",
      "whiteSpace" : false
    }, {
      "id" : "s2-t6",
      "begin" : 120,
      "end" : 126,
      "text" : "record",
      "whiteSpace" : false
    }, {
      "id" : "s2-t7",
      "begin" : 127,
      "end" : 129,
      "text" : "of",
      "whiteSpace" : false
    }, {
      "id" : "s2-t8",
      "begin" : 130,
      "end" : 134,
      "text" : "what",
      "whiteSpace" : false
    }, {
      "id" : "s2-t9",
      "begin" : 135,
      "end" : 139,
      "text" : "apps",
      "whiteSpace" : false
    }, {
      "id" : "s2-t10",
      "begin" : 140,
      "end" : 143,
      "text" : "are",
      "whiteSpace" : false
    }, {
      "id" : "s2-t11",
      "begin" : 144,
      "end" : 149,
      "text" : "using",
      "whiteSpace" : false
    }, {
      "id" : "s2-t12",
      "begin" : 150,
      "end" : 153,
      "text" : "the",
      "whiteSpace" : false
    }, {
      "id" : "s2-t13",
      "begin" : 154,
      "end" : 162,
      "text" : "cellular",
      "whiteSpace" : false
    }, {
      "id" : "s2-t14",
      "begin" : 163,
      "end" : 167,
      "text" : "data",
      "whiteSpace" : false
    }, {
      "id" : "s2-t15",
      "begin" : 168,
      "end" : 171,
      "text" : "for",
      "whiteSpace" : false
    }, {
      "id" : "s2-t16",
      "begin" : 172,
      "end" : 175,
      "text" : "the",
      "whiteSpace" : false
    }, {
      "id" : "s2-t17",
      "begin" : 176,
      "end" : 181,
      "text" : "month",
      "whiteSpace" : false
    }, {
      "id" : "s2-t18",
      "begin" : 182,
      "end" : 183,
      "text" : "(",
      "whiteSpace" : false
    }, {
      "id" : "s2-t19",
      "begin" : 183,
      "end" : 187,
      "text" : "i.e.",
      "whiteSpace" : false
    }, {
      "id" : "s2-t20",
      "begin" : 188,
      "end" : 195,
      "text" : "billing",
      "whiteSpace" : false
    }, {
      "id" : "s2-t21",
      "begin" : 196,
      "end" : 202,
      "text" : "period",
      "whiteSpace" : false
    }, {
      "id" : "s2-t22",
      "begin" : 202,
      "end" : 203,
      "text" : ")",
      "whiteSpace" : false
    }, {
      "id" : "s2-t23",
      "begin" : 203,
      "end" : 204,
      "text" : ".",
      "whiteSpace" : false
    } ]
  }, {
    "id" : "s3",
    "begin" : 205,
    "end" : 289,
    "text" : "I'm only aware of looking at usage while the phone is\n\"up\" for the current power-on.",
    "tokens" : [ {
      "id" : "s3-t0",
      "begin" : 205,
      "end" : 206,
      "text" : "I",
      "whiteSpace" : false
    }, {
      "id" : "s3-t1",
      "begin" : 206,
      "end" : 208,
      "text" : "'m",
      "whiteSpace" : false
    }, {
      "id" : "s3-t2",
      "begin" : 209,
      "end" : 213,
      "text" : "only",
      "whiteSpace" : false
    }, {
      "id" : "s3-t3",
      "begin" : 214,
      "end" : 219,
      "text" : "aware",
      "whiteSpace" : false
    }, {
      "id" : "s3-t4",
      "begin" : 220,
      "end" : 222,
      "text" : "of",
      "whiteSpace" : false
    }, {
      "id" : "s3-t5",
      "begin" : 223,
      "end" : 230,
      "text" : "looking",
      "whiteSpace" : false
    }, {
      "id" : "s3-t6",
      "begin" : 231,
      "end" : 233,
      "text" : "at",
      "whiteSpace" : false
    }, {
      "id" : "s3-t7",
      "begin" : 234,
      "end" : 239,
      "text" : "usage",
      "whiteSpace" : false
    }, {
      "id" : "s3-t8",
      "begin" : 240,
      "end" : 245,
      "text" : "while",
      "whiteSpace" : false
    }, {
      "id" : "s3-t9",
      "begin" : 246,
      "end" : 249,
      "text" : "the",
      "whiteSpace" : false
    }, {
      "id" : "s3-t10",
      "begin" : 250,
      "end" : 255,
      "text" : "phone",
      "whiteSpace" : false
    }, {
      "id" : "s3-t11",
      "begin" : 256,
      "end" : 258,
      "text" : "is",
      "whiteSpace" : false
    }, {
      "id" : "s3-t12",
      "begin" : 259,
      "end" : 260,
      "text" : "\"",
      "whiteSpace" : false
    }, {
      "id" : "s3-t13",
      "begin" : 260,
      "end" : 262,
      "text" : "up",
      "whiteSpace" : false
    }, {
      "id" : "s3-t14",
      "begin" : 262,
      "end" : 263,
      "text" : "\"",
      "whiteSpace" : false
    }, {
      "id" : "s3-t15",
      "begin" : 264,
      "end" : 267,
      "text" : "for",
      "whiteSpace" : false
    }, {
      "id" : "s3-t16",
      "begin" : 268,
      "end" : 271,
      "text" : "the",
      "whiteSpace" : false
    }, {
      "id" : "s3-t17",
      "begin" : 272,
      "end" : 279,
      "text" : "current",
      "whiteSpace" : false
    }, {
      "id" : "s3-t18",
      "begin" : 280,
      "end" : 285,
      "text" : "power",
      "whiteSpace" : false
    }, {
      "id" : "s3-t19",
      "begin" : 285,
      "end" : 286,
      "text" : "-",
      "whiteSpace" : false
    }, {
      "id" : "s3-t20",
      "begin" : 286,
      "end" : 288,
      "text" : "on",
      "whiteSpace" : false
    }, {
      "id" : "s3-t21",
      "begin" : 288,
      "end" : 289,
      "text" : ".",
      "whiteSpace" : false
    } ]
  }, {
    "id" : "s4",
    "begin" : 290,
    "end" : 331,
    "text" : "Can I get accumulated per-app usage\ndata?",
    "tokens" : [ {
      "id" : "s4-t0",
      "begin" : 290,
      "end" : 293,
      "text" : "Can",
      "whiteSpace" : false
    }, {
      "id" : "s4-t1",
      "begin" : 294,
      "end" : 295,
      "text" : "I",
      "whiteSpace" : false
    }, {
      "id" : "s4-t2",
      "begin" : 296,
      "end" : 299,
      "text" : "get",
      "whiteSpace" : false
    }, {
      "id" : "s4-t3",
      "begin" : 300,
      "end" : 311,
      "text" : "accumulated",
      "whiteSpace" : false
    }, {
      "id" : "s4-t4",
      "begin" : 312,
      "end" : 315,
      "text" : "per",
      "whiteSpace" : false
    }, {
      "id" : "s4-t5",
      "begin" : 315,
      "end" : 316,
      "text" : "-",
      "whiteSpace" : false
    }, {
      "id" : "s4-t6",
      "begin" : 316,
      "end" : 319,
      "text" : "app",
      "whiteSpace" : false
    }, {
      "id" : "s4-t7",
      "begin" : 320,
      "end" : 325,
      "text" : "usage",
      "whiteSpace" : false
    }, {
      "id" : "s4-t8",
      "begin" : 326,
      "end" : 330,
      "text" : "data",
      "whiteSpace" : false
    }, {
      "id" : "s4-t9",
      "begin" : 330,
      "end" : 331,
      "text" : "?",
      "whiteSpace" : false
    } ]
  }, {
    "id" : "s5",
    "begin" : 331,
    "end" : 356,
    "text" : "JimSolved!Go to Solution.",
    "tokens" : [ {
      "id" : "s5-t0",
      "begin" : 331,
      "end" : 341,
      "text" : "JimSolved!",
      "whiteSpace" : false
    }, {
      "id" : "s5-t1",
      "begin" : 341,
      "end" : 343,
      "text" : "Go",
      "whiteSpace" : false
    }, {
      "id" : "s5-t2",
      "begin" : 344,
      "end" : 346,
      "text" : "to",
      "whiteSpace" : false
    }, {
      "id" : "s5-t3",
      "begin" : 347,
      "end" : 355,
      "text" : "Solution",
      "whiteSpace" : false
    }, {
      "id" : "s5-t4",
      "begin" : 355,
      "end" : 356,
      "text" : ".",
      "whiteSpace" : false
    } ]
  } ],
  "mentions" : [ {
    "id" : "s0-m2",
    "properties" : {
      "SIRE_MENTION_ROLE" : "Application",
      "SIRE_ENTITY_SUBTYPE" : "NONE",
      "SIRE_MENTION_TYPE" : "NONE",
      "SIRE_MENTION_CLASS" : "SPC"
    },
    "type" : "Application",
    "begin" : 5,
    "end" : 8,
    "inCoref" : false
  }, {
    "id" : "s0-m3",
    "properties" : {
      "SIRE_MENTION_ROLE" : "Internet_Connectivity",
      "SIRE_ENTITY_SUBTYPE" : "NONE",
      "SIRE_MENTION_TYPE" : "NONE",
      "SIRE_MENTION_CLASS" : "SPC"
    },
    "type" : "Internet_Connectivity",
    "begin" : 18,
    "end" : 27,
    "inCoref" : false
  }, {
    "id" : "s1-m3",
    "properties" : {
      "SIRE_MENTION_ROLE" : "Service_Plan",
      "SIRE_ENTITY_SUBTYPE" : "NONE",
      "SIRE_MENTION_TYPE" : "NONE",
      "SIRE_MENTION_CLASS" : "SPC"
    },
    "type" : "Service_Plan",
    "begin" : 47,
    "end" : 58,
    "inCoref" : false
  }, {
    "id" : "s1-m4",
    "properties" : {
      "SIRE_MENTION_ROLE" : "Internet_Connectivity",
      "SIRE_ENTITY_SUBTYPE" : "NONE",
      "SIRE_MENTION_TYPE" : "NONE",
      "SIRE_MENTION_CLASS" : "SPC"
    },
    "type" : "Internet_Connectivity",
    "begin" : 76,
    "end" : 89,
    "inCoref" : false
  }, {
    "id" : "cm1",
    "properties" : {
      "SIRE_MENTION_ROLE" : "Internet_Connectivity",
      "SIRE_ENTITY_SUBTYPE" : "NONE",
      "SIRE_MENTION_TYPE" : "NONE",
      "SIRE_MENTION_CLASS" : "SPC"
    },
    "type" : "Internet_Connectivity",
    "begin" : 95,
    "end" : 99,
    "inCoref" : false
  }, {
    "id" : "s2-m2",
    "properties" : {
      "SIRE_MENTION_ROLE" : "Application",
      "SIRE_ENTITY_SUBTYPE" : "NONE",
      "SIRE_MENTION_TYPE" : "NONE",
      "SIRE_MENTION_CLASS" : "SPC"
    },
    "type" : "Application",
    "begin" : 135,
    "end" : 139,
    "inCoref" : false
  }, {
    "id" : "s2-m1",
    "properties" : {
      "SIRE_MENTION_ROLE" : "Internet_Connectivity",
      "SIRE_ENTITY_SUBTYPE" : "NONE",
      "SIRE_MENTION_TYPE" : "NONE",
      "SIRE_MENTION_CLASS" : "SPC"
    },
    "type" : "Internet_Connectivity",
    "begin" : 154,
    "end" : 167,
    "inCoref" : false
  }, {
    "id" : "s4-m1",
    "properties" : {
      "SIRE_MENTION_ROLE" : "Application",
      "SIRE_ENTITY_SUBTYPE" : "NONE",
      "SIRE_MENTION_TYPE" : "NONE",
      "SIRE_MENTION_CLASS" : "SPC"
    },
    "type" : "Application",
    "begin" : 316,
    "end" : 319,
    "inCoref" : false
  } ],
  "relations" : [ ],
  "corefs" : [ ],
  "typeResolved" : true,
  "userResolved" : false
}