{
  "id" : "b56d7040-fedb-11e6-b666-e53c406a1a66-0",
  "name" : "078a8af9cdd740ab635bc766b0bec796.txt",
  "version" : 3,
  "text" : "Mobile WiFi\n\nDoes direct tv offer this service or equipment?\n\n",
  "docLength" : 0,
  "language" : "EN",
  "status" : "READY",
  "modifiedDate" : 1488749114669,
  "documentSet" : [ ],
  "preannotation" : [ "PRE_LW" ],
  "sentences" : [ {
    "id" : "s0",
    "begin" : 0,
    "end" : 11,
    "text" : "Mobile WiFi",
    "tokens" : [ {
      "id" : "s0-t0",
      "begin" : 0,
      "end" : 6,
      "text" : "Mobile",
      "whiteSpace" : false
    }, {
      "id" : "s0-t1",
      "begin" : 7,
      "end" : 11,
      "text" : "WiFi",
      "whiteSpace" : false
    } ]
  }, {
    "id" : "s1",
    "begin" : 13,
    "end" : 60,
    "text" : "Does direct tv offer this service or equipment?",
    "tokens" : [ {
      "id" : "s1-t0",
      "begin" : 13,
      "end" : 17,
      "text" : "Does",
      "whiteSpace" : false
    }, {
      "id" : "s1-t1",
      "begin" : 18,
      "end" : 24,
      "text" : "direct",
      "whiteSpace" : false
    }, {
      "id" : "s1-t2",
      "begin" : 25,
      "end" : 27,
      "text" : "tv",
      "whiteSpace" : false
    }, {
      "id" : "s1-t3",
      "begin" : 28,
      "end" : 33,
      "text" : "offer",
      "whiteSpace" : false
    }, {
      "id" : "s1-t4",
      "begin" : 34,
      "end" : 38,
      "text" : "this",
      "whiteSpace" : false
    }, {
      "id" : "s1-t5",
      "begin" : 39,
      "end" : 46,
      "text" : "service",
      "whiteSpace" : false
    }, {
      "id" : "s1-t6",
      "begin" : 47,
      "end" : 49,
      "text" : "or",
      "whiteSpace" : false
    }, {
      "id" : "s1-t7",
      "begin" : 50,
      "end" : 59,
      "text" : "equipment",
      "whiteSpace" : false
    }, {
      "id" : "s1-t8",
      "begin" : 59,
      "end" : 60,
      "text" : "?",
      "whiteSpace" : false
    } ]
  } ],
  "mentions" : [ {
    "id" : "cm1",
    "properties" : {
      "SIRE_MENTION_ROLE" : "Internet_Connectivity",
      "SIRE_ENTITY_SUBTYPE" : "NONE",
      "SIRE_MENTION_TYPE" : "NONE",
      "SIRE_MENTION_CLASS" : "SPC"
    },
    "type" : "Internet_Connectivity",
    "begin" : 7,
    "end" : 11,
    "inCoref" : false
  }, {
    "id" : "cm2",
    "properties" : {
      "SIRE_MENTION_ROLE" : "Product",
      "SIRE_ENTITY_SUBTYPE" : "NONE",
      "SIRE_MENTION_TYPE" : "NONE",
      "SIRE_MENTION_CLASS" : "SPC"
    },
    "type" : "Product",
    "begin" : 18,
    "end" : 27,
    "inCoref" : false
  } ],
  "relations" : [ ],
  "corefs" : [ ],
  "typeResolved" : true,
  "userResolved" : false
}