{
  "id" : "b56d7040-fedb-11e6-b666-e53c406a1a66-5",
  "name" : "078a8af9cdd740ab635bc766b0e45e74.txt",
  "version" : 3,
  "text" : "texting from my computer to the iphone 3 g\n\nI want to use my computer or a land line phone, and/or probably via the ATT\nwebsite, and text a message to another's iPhone 3GI do not want to send an\ne-mail, and I do not want to text from another cell phone to the iPhoneHelp dr\nJoeSolved!Go to Solution.\n\n",
  "docLength" : 0,
  "language" : "EN",
  "status" : "READY",
  "modifiedDate" : 1488749224872,
  "documentSet" : [ ],
  "preannotation" : [ "PRE_LW" ],
  "sentences" : [ {
    "id" : "s0",
    "begin" : 0,
    "end" : 42,
    "text" : "texting from my computer to the iphone 3 g",
    "tokens" : [ {
      "id" : "s0-t0",
      "begin" : 0,
      "end" : 7,
      "text" : "texting",
      "whiteSpace" : false
    }, {
      "id" : "s0-t1",
      "begin" : 8,
      "end" : 12,
      "text" : "from",
      "whiteSpace" : false
    }, {
      "id" : "s0-t2",
      "begin" : 13,
      "end" : 15,
      "text" : "my",
      "whiteSpace" : false
    }, {
      "id" : "s0-t3",
      "begin" : 16,
      "end" : 24,
      "text" : "computer",
      "whiteSpace" : false
    }, {
      "id" : "s0-t4",
      "begin" : 25,
      "end" : 27,
      "text" : "to",
      "whiteSpace" : false
    }, {
      "id" : "s0-t5",
      "begin" : 28,
      "end" : 31,
      "text" : "the",
      "whiteSpace" : false
    }, {
      "id" : "s0-t6",
      "begin" : 32,
      "end" : 38,
      "text" : "iphone",
      "whiteSpace" : false
    }, {
      "id" : "s0-t7",
      "begin" : 39,
      "end" : 40,
      "text" : "3",
      "whiteSpace" : false
    }, {
      "id" : "s0-t8",
      "begin" : 41,
      "end" : 42,
      "text" : "g",
      "whiteSpace" : false
    } ]
  }, {
    "id" : "s1",
    "begin" : 44,
    "end" : 284,
    "text" : "I want to use my computer or a land line phone, and/or probably via the ATT\nwebsite, and text a message to another's iPhone 3GI do not want to send an\ne-mail, and I do not want to text from another cell phone to the iPhoneHelp dr\nJoeSolved!",
    "tokens" : [ {
      "id" : "s1-t0",
      "begin" : 44,
      "end" : 45,
      "text" : "I",
      "whiteSpace" : false
    }, {
      "id" : "s1-t1",
      "begin" : 46,
      "end" : 50,
      "text" : "want",
      "whiteSpace" : false
    }, {
      "id" : "s1-t2",
      "begin" : 51,
      "end" : 53,
      "text" : "to",
      "whiteSpace" : false
    }, {
      "id" : "s1-t3",
      "begin" : 54,
      "end" : 57,
      "text" : "use",
      "whiteSpace" : false
    }, {
      "id" : "s1-t4",
      "begin" : 58,
      "end" : 60,
      "text" : "my",
      "whiteSpace" : false
    }, {
      "id" : "s1-t5",
      "begin" : 61,
      "end" : 69,
      "text" : "computer",
      "whiteSpace" : false
    }, {
      "id" : "s1-t6",
      "begin" : 70,
      "end" : 72,
      "text" : "or",
      "whiteSpace" : false
    }, {
      "id" : "s1-t7",
      "begin" : 73,
      "end" : 74,
      "text" : "a",
      "whiteSpace" : false
    }, {
      "id" : "s1-t8",
      "begin" : 75,
      "end" : 79,
      "text" : "land",
      "whiteSpace" : false
    }, {
      "id" : "s1-t9",
      "begin" : 80,
      "end" : 84,
      "text" : "line",
      "whiteSpace" : false
    }, {
      "id" : "s1-t10",
      "begin" : 85,
      "end" : 90,
      "text" : "phone",
      "whiteSpace" : false
    }, {
      "id" : "s1-t11",
      "begin" : 90,
      "end" : 91,
      "text" : ",",
      "whiteSpace" : false
    }, {
      "id" : "s1-t12",
      "begin" : 92,
      "end" : 95,
      "text" : "and",
      "whiteSpace" : false
    }, {
      "id" : "s1-t13",
      "begin" : 95,
      "end" : 96,
      "text" : "/",
      "whiteSpace" : false
    }, {
      "id" : "s1-t14",
      "begin" : 96,
      "end" : 98,
      "text" : "or",
      "whiteSpace" : false
    }, {
      "id" : "s1-t15",
      "begin" : 99,
      "end" : 107,
      "text" : "probably",
      "whiteSpace" : false
    }, {
      "id" : "s1-t16",
      "begin" : 108,
      "end" : 111,
      "text" : "via",
      "whiteSpace" : false
    }, {
      "id" : "s1-t17",
      "begin" : 112,
      "end" : 115,
      "text" : "the",
      "whiteSpace" : false
    }, {
      "id" : "s1-t18",
      "begin" : 116,
      "end" : 119,
      "text" : "ATT",
      "whiteSpace" : false
    }, {
      "id" : "s1-t19",
      "begin" : 120,
      "end" : 127,
      "text" : "website",
      "whiteSpace" : false
    }, {
      "id" : "s1-t20",
      "begin" : 127,
      "end" : 128,
      "text" : ",",
      "whiteSpace" : false
    }, {
      "id" : "s1-t21",
      "begin" : 129,
      "end" : 132,
      "text" : "and",
      "whiteSpace" : false
    }, {
      "id" : "s1-t22",
      "begin" : 133,
      "end" : 137,
      "text" : "text",
      "whiteSpace" : false
    }, {
      "id" : "s1-t23",
      "begin" : 138,
      "end" : 139,
      "text" : "a",
      "whiteSpace" : false
    }, {
      "id" : "s1-t24",
      "begin" : 140,
      "end" : 147,
      "text" : "message",
      "whiteSpace" : false
    }, {
      "id" : "s1-t25",
      "begin" : 148,
      "end" : 150,
      "text" : "to",
      "whiteSpace" : false
    }, {
      "id" : "s1-t26",
      "begin" : 151,
      "end" : 158,
      "text" : "another",
      "whiteSpace" : false
    }, {
      "id" : "s1-t27",
      "begin" : 158,
      "end" : 160,
      "text" : "'s",
      "whiteSpace" : false
    }, {
      "id" : "s1-t28",
      "begin" : 161,
      "end" : 167,
      "text" : "iPhone",
      "whiteSpace" : false
    }, {
      "id" : "s1-t29",
      "begin" : 168,
      "end" : 171,
      "text" : "3GI",
      "whiteSpace" : false
    }, {
      "id" : "s1-t30",
      "begin" : 172,
      "end" : 174,
      "text" : "do",
      "whiteSpace" : false
    }, {
      "id" : "s1-t31",
      "begin" : 175,
      "end" : 178,
      "text" : "not",
      "whiteSpace" : false
    }, {
      "id" : "s1-t32",
      "begin" : 179,
      "end" : 183,
      "text" : "want",
      "whiteSpace" : false
    }, {
      "id" : "s1-t33",
      "begin" : 184,
      "end" : 186,
      "text" : "to",
      "whiteSpace" : false
    }, {
      "id" : "s1-t34",
      "begin" : 187,
      "end" : 191,
      "text" : "send",
      "whiteSpace" : false
    }, {
      "id" : "s1-t35",
      "begin" : 192,
      "end" : 194,
      "text" : "an",
      "whiteSpace" : false
    }, {
      "id" : "s1-t36",
      "begin" : 195,
      "end" : 201,
      "text" : "e-mail",
      "whiteSpace" : false
    }, {
      "id" : "s1-t37",
      "begin" : 201,
      "end" : 202,
      "text" : ",",
      "whiteSpace" : false
    }, {
      "id" : "s1-t38",
      "begin" : 203,
      "end" : 206,
      "text" : "and",
      "whiteSpace" : false
    }, {
      "id" : "s1-t39",
      "begin" : 207,
      "end" : 208,
      "text" : "I",
      "whiteSpace" : false
    }, {
      "id" : "s1-t40",
      "begin" : 209,
      "end" : 211,
      "text" : "do",
      "whiteSpace" : false
    }, {
      "id" : "s1-t41",
      "begin" : 212,
      "end" : 215,
      "text" : "not",
      "whiteSpace" : false
    }, {
      "id" : "s1-t42",
      "begin" : 216,
      "end" : 220,
      "text" : "want",
      "whiteSpace" : false
    }, {
      "id" : "s1-t43",
      "begin" : 221,
      "end" : 223,
      "text" : "to",
      "whiteSpace" : false
    }, {
      "id" : "s1-t44",
      "begin" : 224,
      "end" : 228,
      "text" : "text",
      "whiteSpace" : false
    }, {
      "id" : "s1-t45",
      "begin" : 229,
      "end" : 233,
      "text" : "from",
      "whiteSpace" : false
    }, {
      "id" : "s1-t46",
      "begin" : 234,
      "end" : 241,
      "text" : "another",
      "whiteSpace" : false
    }, {
      "id" : "s1-t47",
      "begin" : 242,
      "end" : 246,
      "text" : "cell",
      "whiteSpace" : false
    }, {
      "id" : "s1-t48",
      "begin" : 247,
      "end" : 252,
      "text" : "phone",
      "whiteSpace" : false
    }, {
      "id" : "s1-t49",
      "begin" : 253,
      "end" : 255,
      "text" : "to",
      "whiteSpace" : false
    }, {
      "id" : "s1-t50",
      "begin" : 256,
      "end" : 259,
      "text" : "the",
      "whiteSpace" : false
    }, {
      "id" : "s1-t51",
      "begin" : 260,
      "end" : 270,
      "text" : "iPhoneHelp",
      "whiteSpace" : false
    }, {
      "id" : "s1-t52",
      "begin" : 271,
      "end" : 273,
      "text" : "dr",
      "whiteSpace" : false
    }, {
      "id" : "s1-t53",
      "begin" : 274,
      "end" : 283,
      "text" : "JoeSolved",
      "whiteSpace" : false
    }, {
      "id" : "s1-t54",
      "begin" : 283,
      "end" : 284,
      "text" : "!",
      "whiteSpace" : false
    } ]
  }, {
    "id" : "s2",
    "begin" : 284,
    "end" : 299,
    "text" : "Go to Solution.",
    "tokens" : [ {
      "id" : "s2-t0",
      "begin" : 284,
      "end" : 286,
      "text" : "Go",
      "whiteSpace" : false
    }, {
      "id" : "s2-t1",
      "begin" : 287,
      "end" : 289,
      "text" : "to",
      "whiteSpace" : false
    }, {
      "id" : "s2-t2",
      "begin" : 290,
      "end" : 298,
      "text" : "Solution",
      "whiteSpace" : false
    }, {
      "id" : "s2-t3",
      "begin" : 298,
      "end" : 299,
      "text" : ".",
      "whiteSpace" : false
    } ]
  } ],
  "mentions" : [ {
    "id" : "s0-m2",
    "properties" : {
      "SIRE_MENTION_ROLE" : "Voice_Text",
      "SIRE_ENTITY_SUBTYPE" : "NONE",
      "SIRE_MENTION_TYPE" : "NONE",
      "SIRE_MENTION_CLASS" : "SPC"
    },
    "type" : "Voice_Text",
    "begin" : 0,
    "end" : 7,
    "inCoref" : false
  }, {
    "id" : "s0-m0",
    "properties" : {
      "SIRE_MENTION_ROLE" : "Product",
      "SIRE_MENTION_TYPE" : "NONE",
      "SIRE_ENTITY_SUBTYPE" : "NONE",
      "SIRE_MENTION_CLASS" : "SPC"
    },
    "type" : "Product",
    "begin" : 32,
    "end" : 42,
    "inCoref" : false
  }, {
    "id" : "s1-m0",
    "properties" : {
      "SIRE_MENTION_ROLE" : "Service_Provider",
      "SIRE_MENTION_TYPE" : "NONE",
      "SIRE_ENTITY_SUBTYPE" : "NONE",
      "SIRE_MENTION_CLASS" : "SPC"
    },
    "type" : "Service_Provider",
    "begin" : 116,
    "end" : 119,
    "inCoref" : false
  }, {
    "id" : "s1-m7",
    "properties" : {
      "SIRE_MENTION_ROLE" : "Voice_Text",
      "SIRE_ENTITY_SUBTYPE" : "NONE",
      "SIRE_MENTION_TYPE" : "NONE",
      "SIRE_MENTION_CLASS" : "SPC"
    },
    "type" : "Voice_Text",
    "begin" : 133,
    "end" : 137,
    "inCoref" : false
  }, {
    "id" : "s1-m2",
    "properties" : {
      "SIRE_MENTION_ROLE" : "Product",
      "SIRE_ENTITY_SUBTYPE" : "NONE",
      "SIRE_MENTION_TYPE" : "NONE",
      "SIRE_MENTION_CLASS" : "SPC"
    },
    "type" : "Product",
    "begin" : 161,
    "end" : 171,
    "inCoref" : false
  }, {
    "id" : "s1-m5",
    "properties" : {
      "SIRE_MENTION_ROLE" : "Internet_Connectivity",
      "SIRE_ENTITY_SUBTYPE" : "NONE",
      "SIRE_MENTION_TYPE" : "NONE",
      "SIRE_MENTION_CLASS" : "SPC"
    },
    "type" : "Internet_Connectivity",
    "begin" : 195,
    "end" : 201,
    "inCoref" : false
  }, {
    "id" : "s1-m6",
    "properties" : {
      "SIRE_MENTION_ROLE" : "Voice_Text",
      "SIRE_ENTITY_SUBTYPE" : "NONE",
      "SIRE_MENTION_TYPE" : "NONE",
      "SIRE_MENTION_CLASS" : "SPC"
    },
    "type" : "Voice_Text",
    "begin" : 224,
    "end" : 228,
    "inCoref" : false
  }, {
    "id" : "s1-m3",
    "properties" : {
      "SIRE_MENTION_ROLE" : "Product",
      "SIRE_ENTITY_SUBTYPE" : "NONE",
      "SIRE_MENTION_TYPE" : "NONE",
      "SIRE_MENTION_CLASS" : "SPC"
    },
    "type" : "Product",
    "begin" : 260,
    "end" : 266,
    "inCoref" : false
  } ],
  "relations" : [ ],
  "corefs" : [ ],
  "typeResolved" : true,
  "userResolved" : false
}