{
  "id" : "bdd73ed0-fed8-11e6-a0c0-954d371ad757-4",
  "name" : "12363afb9c15cd36099d66e9c6bcf58e.txt",
  "version" : 3,
  "text" : "Refusal to Unlock Paid of Phone???\n\nI got a phone under a 2 year contract. I paid off the phone and the ETF and\nclosed the account. I was told at the store I could get my phone unlocked at a\nlater date. I was moving my handset to a GoPhone account. I figured AT&amp;T;\ncontract to AT&amp;T; gophone wouldnt be a problem, plus again I was told I\ncould unlock my phone at a later date with no problem. The sales accociate\nsaid there would be no problem!Im going overseas in three weeks (unexpectedly)\nand need my phone unlocked before I go. One call center agent says that my\nphone can be unlocked by her supervisor under \"special consideration\" but\nanother supervisor is refusing to unlock my phone! I was told its impossible\nto unlock a GoPhone until 6 months is past, and though that is fine, I bought\nthis phone and paid it off from a previous contract.So why cant I get my phone\nunlocked?? Why is it that one person says it can be done, but the other person\nis not willing to budge. Im not leaving AT&amp;T; forever (though at this\npoint in time Im getting sick of this mess), but I will be gone for a few\nmonth to over a year.What about the CTIA Consumer code that states:Postpaid\nUnlocking Policy. Carriers, upon request, will unlock mobile wireless devices\nor provide the necessary information to unlock their devices, for customers\nand former customers in good standing and individual owners of eligible\ndevices after the fulfillment of the applicable postpaid service contract,\ndevice financing plan or payment of an applicable early termination fee.As\nposted on the FCC page!! Im just looking to get the phone I paid for unlocked.\nCan anyone help me with this? This is a last resort before I contact the\nFCC...Heres a clip from my conversation with the call center agent:Me: Ok.\nThen to sum it up. I bought the phone, and paid off the original contract. I\nwasnt informed that I had to unlock it prior to switching to a Go Phone plan.\nThis was done after being told by the store I could get it unlock.\nUnfortunately ATT is unable to assist me with this, despite the mention of a\nspecial consideration program which would expedite my request. And the only\noption is to wait until April, buy another phone, or get the ATT overseas\nplan. Is this correct?Agent: Yes, that is correct.\n\n",
  "docLength" : 0,
  "language" : "EN",
  "status" : "READY",
  "modifiedDate" : 1488482050946,
  "documentSet" : [ ],
  "preannotation" : [ "PRE_LW" ],
  "sentences" : [ {
    "id" : "s0",
    "begin" : 0,
    "end" : 32,
    "text" : "Refusal to Unlock Paid of Phone?",
    "tokens" : [ {
      "id" : "s0-t0",
      "begin" : 0,
      "end" : 7,
      "text" : "Refusal",
      "whiteSpace" : false
    }, {
      "id" : "s0-t1",
      "begin" : 8,
      "end" : 10,
      "text" : "to",
      "whiteSpace" : false
    }, {
      "id" : "s0-t2",
      "begin" : 11,
      "end" : 17,
      "text" : "Unlock",
      "whiteSpace" : false
    }, {
      "id" : "s0-t3",
      "begin" : 18,
      "end" : 22,
      "text" : "Paid",
      "whiteSpace" : false
    }, {
      "id" : "s0-t4",
      "begin" : 23,
      "end" : 25,
      "text" : "of",
      "whiteSpace" : false
    }, {
      "id" : "s0-t5",
      "begin" : 26,
      "end" : 31,
      "text" : "Phone",
      "whiteSpace" : false
    }, {
      "id" : "s0-t6",
      "begin" : 31,
      "end" : 32,
      "text" : "?",
      "whiteSpace" : false
    } ]
  }, {
    "id" : "s1",
    "begin" : 32,
    "end" : 34,
    "text" : "??",
    "tokens" : [ {
      "id" : "s1-t0",
      "begin" : 32,
      "end" : 33,
      "text" : "?",
      "whiteSpace" : false
    }, {
      "id" : "s1-t1",
      "begin" : 33,
      "end" : 34,
      "text" : "?",
      "whiteSpace" : false
    } ]
  }, {
    "id" : "s2",
    "begin" : 36,
    "end" : 74,
    "text" : "I got a phone under a 2 year contract.",
    "tokens" : [ {
      "id" : "s2-t0",
      "begin" : 36,
      "end" : 37,
      "text" : "I",
      "whiteSpace" : false
    }, {
      "id" : "s2-t1",
      "begin" : 38,
      "end" : 41,
      "text" : "got",
      "whiteSpace" : false
    }, {
      "id" : "s2-t2",
      "begin" : 42,
      "end" : 43,
      "text" : "a",
      "whiteSpace" : false
    }, {
      "id" : "s2-t3",
      "begin" : 44,
      "end" : 49,
      "text" : "phone",
      "whiteSpace" : false
    }, {
      "id" : "s2-t4",
      "begin" : 50,
      "end" : 55,
      "text" : "under",
      "whiteSpace" : false
    }, {
      "id" : "s2-t5",
      "begin" : 56,
      "end" : 57,
      "text" : "a",
      "whiteSpace" : false
    }, {
      "id" : "s2-t6",
      "begin" : 58,
      "end" : 59,
      "text" : "2",
      "whiteSpace" : false
    }, {
      "id" : "s2-t7",
      "begin" : 60,
      "end" : 64,
      "text" : "year",
      "whiteSpace" : false
    }, {
      "id" : "s2-t8",
      "begin" : 65,
      "end" : 73,
      "text" : "contract",
      "whiteSpace" : false
    }, {
      "id" : "s2-t9",
      "begin" : 73,
      "end" : 74,
      "text" : ".",
      "whiteSpace" : false
    } ]
  }, {
    "id" : "s3",
    "begin" : 75,
    "end" : 131,
    "text" : "I paid off the phone and the ETF and\nclosed the account.",
    "tokens" : [ {
      "id" : "s3-t0",
      "begin" : 75,
      "end" : 76,
      "text" : "I",
      "whiteSpace" : false
    }, {
      "id" : "s3-t1",
      "begin" : 77,
      "end" : 81,
      "text" : "paid",
      "whiteSpace" : false
    }, {
      "id" : "s3-t2",
      "begin" : 82,
      "end" : 85,
      "text" : "off",
      "whiteSpace" : false
    }, {
      "id" : "s3-t3",
      "begin" : 86,
      "end" : 89,
      "text" : "the",
      "whiteSpace" : false
    }, {
      "id" : "s3-t4",
      "begin" : 90,
      "end" : 95,
      "text" : "phone",
      "whiteSpace" : false
    }, {
      "id" : "s3-t5",
      "begin" : 96,
      "end" : 99,
      "text" : "and",
      "whiteSpace" : false
    }, {
      "id" : "s3-t6",
      "begin" : 100,
      "end" : 103,
      "text" : "the",
      "whiteSpace" : false
    }, {
      "id" : "s3-t7",
      "begin" : 104,
      "end" : 107,
      "text" : "ETF",
      "whiteSpace" : false
    }, {
      "id" : "s3-t8",
      "begin" : 108,
      "end" : 111,
      "text" : "and",
      "whiteSpace" : false
    }, {
      "id" : "s3-t9",
      "begin" : 112,
      "end" : 118,
      "text" : "closed",
      "whiteSpace" : false
    }, {
      "id" : "s3-t10",
      "begin" : 119,
      "end" : 122,
      "text" : "the",
      "whiteSpace" : false
    }, {
      "id" : "s3-t11",
      "begin" : 123,
      "end" : 130,
      "text" : "account",
      "whiteSpace" : false
    }, {
      "id" : "s3-t12",
      "begin" : 130,
      "end" : 131,
      "text" : ".",
      "whiteSpace" : false
    } ]
  }, {
    "id" : "s4",
    "begin" : 132,
    "end" : 202,
    "text" : "I was told at the store I could get my phone unlocked at a\nlater date.",
    "tokens" : [ {
      "id" : "s4-t0",
      "begin" : 132,
      "end" : 133,
      "text" : "I",
      "whiteSpace" : false
    }, {
      "id" : "s4-t1",
      "begin" : 134,
      "end" : 137,
      "text" : "was",
      "whiteSpace" : false
    }, {
      "id" : "s4-t2",
      "begin" : 138,
      "end" : 142,
      "text" : "told",
      "whiteSpace" : false
    }, {
      "id" : "s4-t3",
      "begin" : 143,
      "end" : 145,
      "text" : "at",
      "whiteSpace" : false
    }, {
      "id" : "s4-t4",
      "begin" : 146,
      "end" : 149,
      "text" : "the",
      "whiteSpace" : false
    }, {
      "id" : "s4-t5",
      "begin" : 150,
      "end" : 155,
      "text" : "store",
      "whiteSpace" : false
    }, {
      "id" : "s4-t6",
      "begin" : 156,
      "end" : 157,
      "text" : "I",
      "whiteSpace" : false
    }, {
      "id" : "s4-t7",
      "begin" : 158,
      "end" : 163,
      "text" : "could",
      "whiteSpace" : false
    }, {
      "id" : "s4-t8",
      "begin" : 164,
      "end" : 167,
      "text" : "get",
      "whiteSpace" : false
    }, {
      "id" : "s4-t9",
      "begin" : 168,
      "end" : 170,
      "text" : "my",
      "whiteSpace" : false
    }, {
      "id" : "s4-t10",
      "begin" : 171,
      "end" : 176,
      "text" : "phone",
      "whiteSpace" : false
    }, {
      "id" : "s4-t11",
      "begin" : 177,
      "end" : 185,
      "text" : "unlocked",
      "whiteSpace" : false
    }, {
      "id" : "s4-t12",
      "begin" : 186,
      "end" : 188,
      "text" : "at",
      "whiteSpace" : false
    }, {
      "id" : "s4-t13",
      "begin" : 189,
      "end" : 190,
      "text" : "a",
      "whiteSpace" : false
    }, {
      "id" : "s4-t14",
      "begin" : 191,
      "end" : 196,
      "text" : "later",
      "whiteSpace" : false
    }, {
      "id" : "s4-t15",
      "begin" : 197,
      "end" : 201,
      "text" : "date",
      "whiteSpace" : false
    }, {
      "id" : "s4-t16",
      "begin" : 201,
      "end" : 202,
      "text" : ".",
      "whiteSpace" : false
    } ]
  }, {
    "id" : "s5",
    "begin" : 203,
    "end" : 248,
    "text" : "I was moving my handset to a GoPhone account.",
    "tokens" : [ {
      "id" : "s5-t0",
      "begin" : 203,
      "end" : 204,
      "text" : "I",
      "whiteSpace" : false
    }, {
      "id" : "s5-t1",
      "begin" : 205,
      "end" : 208,
      "text" : "was",
      "whiteSpace" : false
    }, {
      "id" : "s5-t2",
      "begin" : 209,
      "end" : 215,
      "text" : "moving",
      "whiteSpace" : false
    }, {
      "id" : "s5-t3",
      "begin" : 216,
      "end" : 218,
      "text" : "my",
      "whiteSpace" : false
    }, {
      "id" : "s5-t4",
      "begin" : 219,
      "end" : 226,
      "text" : "handset",
      "whiteSpace" : false
    }, {
      "id" : "s5-t5",
      "begin" : 227,
      "end" : 229,
      "text" : "to",
      "whiteSpace" : false
    }, {
      "id" : "s5-t6",
      "begin" : 230,
      "end" : 231,
      "text" : "a",
      "whiteSpace" : false
    }, {
      "id" : "s5-t7",
      "begin" : 232,
      "end" : 239,
      "text" : "GoPhone",
      "whiteSpace" : false
    }, {
      "id" : "s5-t8",
      "begin" : 240,
      "end" : 247,
      "text" : "account",
      "whiteSpace" : false
    }, {
      "id" : "s5-t9",
      "begin" : 247,
      "end" : 248,
      "text" : ".",
      "whiteSpace" : false
    } ]
  }, {
    "id" : "s6",
    "begin" : 249,
    "end" : 399,
    "text" : "I figured AT&amp;T;\ncontract to AT&amp;T; gophone wouldnt be a problem, plus again I was told I\ncould unlock my phone at a later date with no problem.",
    "tokens" : [ {
      "id" : "s6-t0",
      "begin" : 249,
      "end" : 250,
      "text" : "I",
      "whiteSpace" : false
    }, {
      "id" : "s6-t1",
      "begin" : 251,
      "end" : 258,
      "text" : "figured",
      "whiteSpace" : false
    }, {
      "id" : "s6-t2",
      "begin" : 259,
      "end" : 261,
      "text" : "AT",
      "whiteSpace" : false
    }, {
      "id" : "s6-t3",
      "begin" : 261,
      "end" : 266,
      "text" : "&amp;",
      "whiteSpace" : false
    }, {
      "id" : "s6-t4",
      "begin" : 266,
      "end" : 268,
      "text" : "T;",
      "whiteSpace" : false
    }, {
      "id" : "s6-t5",
      "begin" : 269,
      "end" : 277,
      "text" : "contract",
      "whiteSpace" : false
    }, {
      "id" : "s6-t6",
      "begin" : 278,
      "end" : 280,
      "text" : "to",
      "whiteSpace" : false
    }, {
      "id" : "s6-t7",
      "begin" : 281,
      "end" : 283,
      "text" : "AT",
      "whiteSpace" : false
    }, {
      "id" : "s6-t8",
      "begin" : 283,
      "end" : 288,
      "text" : "&amp;",
      "whiteSpace" : false
    }, {
      "id" : "s6-t9",
      "begin" : 288,
      "end" : 290,
      "text" : "T;",
      "whiteSpace" : false
    }, {
      "id" : "s6-t10",
      "begin" : 291,
      "end" : 298,
      "text" : "gophone",
      "whiteSpace" : false
    }, {
      "id" : "s6-t11",
      "begin" : 299,
      "end" : 306,
      "text" : "wouldnt",
      "whiteSpace" : false
    }, {
      "id" : "s6-t12",
      "begin" : 307,
      "end" : 309,
      "text" : "be",
      "whiteSpace" : false
    }, {
      "id" : "s6-t13",
      "begin" : 310,
      "end" : 311,
      "text" : "a",
      "whiteSpace" : false
    }, {
      "id" : "s6-t14",
      "begin" : 312,
      "end" : 319,
      "text" : "problem",
      "whiteSpace" : false
    }, {
      "id" : "s6-t15",
      "begin" : 319,
      "end" : 320,
      "text" : ",",
      "whiteSpace" : false
    }, {
      "id" : "s6-t16",
      "begin" : 321,
      "end" : 325,
      "text" : "plus",
      "whiteSpace" : false
    }, {
      "id" : "s6-t17",
      "begin" : 326,
      "end" : 331,
      "text" : "again",
      "whiteSpace" : false
    }, {
      "id" : "s6-t18",
      "begin" : 332,
      "end" : 333,
      "text" : "I",
      "whiteSpace" : false
    }, {
      "id" : "s6-t19",
      "begin" : 334,
      "end" : 337,
      "text" : "was",
      "whiteSpace" : false
    }, {
      "id" : "s6-t20",
      "begin" : 338,
      "end" : 342,
      "text" : "told",
      "whiteSpace" : false
    }, {
      "id" : "s6-t21",
      "begin" : 343,
      "end" : 344,
      "text" : "I",
      "whiteSpace" : false
    }, {
      "id" : "s6-t22",
      "begin" : 345,
      "end" : 350,
      "text" : "could",
      "whiteSpace" : false
    }, {
      "id" : "s6-t23",
      "begin" : 351,
      "end" : 357,
      "text" : "unlock",
      "whiteSpace" : false
    }, {
      "id" : "s6-t24",
      "begin" : 358,
      "end" : 360,
      "text" : "my",
      "whiteSpace" : false
    }, {
      "id" : "s6-t25",
      "begin" : 361,
      "end" : 366,
      "text" : "phone",
      "whiteSpace" : false
    }, {
      "id" : "s6-t26",
      "begin" : 367,
      "end" : 369,
      "text" : "at",
      "whiteSpace" : false
    }, {
      "id" : "s6-t27",
      "begin" : 370,
      "end" : 371,
      "text" : "a",
      "whiteSpace" : false
    }, {
      "id" : "s6-t28",
      "begin" : 372,
      "end" : 377,
      "text" : "later",
      "whiteSpace" : false
    }, {
      "id" : "s6-t29",
      "begin" : 378,
      "end" : 382,
      "text" : "date",
      "whiteSpace" : false
    }, {
      "id" : "s6-t30",
      "begin" : 383,
      "end" : 387,
      "text" : "with",
      "whiteSpace" : false
    }, {
      "id" : "s6-t31",
      "begin" : 388,
      "end" : 390,
      "text" : "no",
      "whiteSpace" : false
    }, {
      "id" : "s6-t32",
      "begin" : 391,
      "end" : 398,
      "text" : "problem",
      "whiteSpace" : false
    }, {
      "id" : "s6-t33",
      "begin" : 398,
      "end" : 399,
      "text" : ".",
      "whiteSpace" : false
    } ]
  }, {
    "id" : "s7",
    "begin" : 400,
    "end" : 451,
    "text" : "The sales accociate\nsaid there would be no problem!",
    "tokens" : [ {
      "id" : "s7-t0",
      "begin" : 400,
      "end" : 403,
      "text" : "The",
      "whiteSpace" : false
    }, {
      "id" : "s7-t1",
      "begin" : 404,
      "end" : 409,
      "text" : "sales",
      "whiteSpace" : false
    }, {
      "id" : "s7-t2",
      "begin" : 410,
      "end" : 419,
      "text" : "accociate",
      "whiteSpace" : false
    }, {
      "id" : "s7-t3",
      "begin" : 420,
      "end" : 424,
      "text" : "said",
      "whiteSpace" : false
    }, {
      "id" : "s7-t4",
      "begin" : 425,
      "end" : 430,
      "text" : "there",
      "whiteSpace" : false
    }, {
      "id" : "s7-t5",
      "begin" : 431,
      "end" : 436,
      "text" : "would",
      "whiteSpace" : false
    }, {
      "id" : "s7-t6",
      "begin" : 437,
      "end" : 439,
      "text" : "be",
      "whiteSpace" : false
    }, {
      "id" : "s7-t7",
      "begin" : 440,
      "end" : 442,
      "text" : "no",
      "whiteSpace" : false
    }, {
      "id" : "s7-t8",
      "begin" : 443,
      "end" : 450,
      "text" : "problem",
      "whiteSpace" : false
    }, {
      "id" : "s7-t9",
      "begin" : 450,
      "end" : 451,
      "text" : "!",
      "whiteSpace" : false
    } ]
  }, {
    "id" : "s8",
    "begin" : 451,
    "end" : 538,
    "text" : "Im going overseas in three weeks (unexpectedly)\nand need my phone unlocked before I go.",
    "tokens" : [ {
      "id" : "s8-t0",
      "begin" : 451,
      "end" : 453,
      "text" : "Im",
      "whiteSpace" : false
    }, {
      "id" : "s8-t1",
      "begin" : 454,
      "end" : 459,
      "text" : "going",
      "whiteSpace" : false
    }, {
      "id" : "s8-t2",
      "begin" : 460,
      "end" : 468,
      "text" : "overseas",
      "whiteSpace" : false
    }, {
      "id" : "s8-t3",
      "begin" : 469,
      "end" : 471,
      "text" : "in",
      "whiteSpace" : false
    }, {
      "id" : "s8-t4",
      "begin" : 472,
      "end" : 477,
      "text" : "three",
      "whiteSpace" : false
    }, {
      "id" : "s8-t5",
      "begin" : 478,
      "end" : 483,
      "text" : "weeks",
      "whiteSpace" : false
    }, {
      "id" : "s8-t6",
      "begin" : 484,
      "end" : 485,
      "text" : "(",
      "whiteSpace" : false
    }, {
      "id" : "s8-t7",
      "begin" : 485,
      "end" : 497,
      "text" : "unexpectedly",
      "whiteSpace" : false
    }, {
      "id" : "s8-t8",
      "begin" : 497,
      "end" : 498,
      "text" : ")",
      "whiteSpace" : false
    }, {
      "id" : "s8-t9",
      "begin" : 499,
      "end" : 502,
      "text" : "and",
      "whiteSpace" : false
    }, {
      "id" : "s8-t10",
      "begin" : 503,
      "end" : 507,
      "text" : "need",
      "whiteSpace" : false
    }, {
      "id" : "s8-t11",
      "begin" : 508,
      "end" : 510,
      "text" : "my",
      "whiteSpace" : false
    }, {
      "id" : "s8-t12",
      "begin" : 511,
      "end" : 516,
      "text" : "phone",
      "whiteSpace" : false
    }, {
      "id" : "s8-t13",
      "begin" : 517,
      "end" : 525,
      "text" : "unlocked",
      "whiteSpace" : false
    }, {
      "id" : "s8-t14",
      "begin" : 526,
      "end" : 532,
      "text" : "before",
      "whiteSpace" : false
    }, {
      "id" : "s8-t15",
      "begin" : 533,
      "end" : 534,
      "text" : "I",
      "whiteSpace" : false
    }, {
      "id" : "s8-t16",
      "begin" : 535,
      "end" : 537,
      "text" : "go",
      "whiteSpace" : false
    }, {
      "id" : "s8-t17",
      "begin" : 537,
      "end" : 538,
      "text" : ".",
      "whiteSpace" : false
    } ]
  }, {
    "id" : "s9",
    "begin" : 539,
    "end" : 698,
    "text" : "One call center agent says that my\nphone can be unlocked by her supervisor under \"special consideration\" but\nanother supervisor is refusing to unlock my phone!",
    "tokens" : [ {
      "id" : "s9-t0",
      "begin" : 539,
      "end" : 542,
      "text" : "One",
      "whiteSpace" : false
    }, {
      "id" : "s9-t1",
      "begin" : 543,
      "end" : 547,
      "text" : "call",
      "whiteSpace" : false
    }, {
      "id" : "s9-t2",
      "begin" : 548,
      "end" : 554,
      "text" : "center",
      "whiteSpace" : false
    }, {
      "id" : "s9-t3",
      "begin" : 555,
      "end" : 560,
      "text" : "agent",
      "whiteSpace" : false
    }, {
      "id" : "s9-t4",
      "begin" : 561,
      "end" : 565,
      "text" : "says",
      "whiteSpace" : false
    }, {
      "id" : "s9-t5",
      "begin" : 566,
      "end" : 570,
      "text" : "that",
      "whiteSpace" : false
    }, {
      "id" : "s9-t6",
      "begin" : 571,
      "end" : 573,
      "text" : "my",
      "whiteSpace" : false
    }, {
      "id" : "s9-t7",
      "begin" : 574,
      "end" : 579,
      "text" : "phone",
      "whiteSpace" : false
    }, {
      "id" : "s9-t8",
      "begin" : 580,
      "end" : 583,
      "text" : "can",
      "whiteSpace" : false
    }, {
      "id" : "s9-t9",
      "begin" : 584,
      "end" : 586,
      "text" : "be",
      "whiteSpace" : false
    }, {
      "id" : "s9-t10",
      "begin" : 587,
      "end" : 595,
      "text" : "unlocked",
      "whiteSpace" : false
    }, {
      "id" : "s9-t11",
      "begin" : 596,
      "end" : 598,
      "text" : "by",
      "whiteSpace" : false
    }, {
      "id" : "s9-t12",
      "begin" : 599,
      "end" : 602,
      "text" : "her",
      "whiteSpace" : false
    }, {
      "id" : "s9-t13",
      "begin" : 603,
      "end" : 613,
      "text" : "supervisor",
      "whiteSpace" : false
    }, {
      "id" : "s9-t14",
      "begin" : 614,
      "end" : 619,
      "text" : "under",
      "whiteSpace" : false
    }, {
      "id" : "s9-t15",
      "begin" : 620,
      "end" : 621,
      "text" : "\"",
      "whiteSpace" : false
    }, {
      "id" : "s9-t16",
      "begin" : 621,
      "end" : 628,
      "text" : "special",
      "whiteSpace" : false
    }, {
      "id" : "s9-t17",
      "begin" : 629,
      "end" : 642,
      "text" : "consideration",
      "whiteSpace" : false
    }, {
      "id" : "s9-t18",
      "begin" : 642,
      "end" : 643,
      "text" : "\"",
      "whiteSpace" : false
    }, {
      "id" : "s9-t19",
      "begin" : 644,
      "end" : 647,
      "text" : "but",
      "whiteSpace" : false
    }, {
      "id" : "s9-t20",
      "begin" : 648,
      "end" : 655,
      "text" : "another",
      "whiteSpace" : false
    }, {
      "id" : "s9-t21",
      "begin" : 656,
      "end" : 666,
      "text" : "supervisor",
      "whiteSpace" : false
    }, {
      "id" : "s9-t22",
      "begin" : 667,
      "end" : 669,
      "text" : "is",
      "whiteSpace" : false
    }, {
      "id" : "s9-t23",
      "begin" : 670,
      "end" : 678,
      "text" : "refusing",
      "whiteSpace" : false
    }, {
      "id" : "s9-t24",
      "begin" : 679,
      "end" : 681,
      "text" : "to",
      "whiteSpace" : false
    }, {
      "id" : "s9-t25",
      "begin" : 682,
      "end" : 688,
      "text" : "unlock",
      "whiteSpace" : false
    }, {
      "id" : "s9-t26",
      "begin" : 689,
      "end" : 691,
      "text" : "my",
      "whiteSpace" : false
    }, {
      "id" : "s9-t27",
      "begin" : 692,
      "end" : 697,
      "text" : "phone",
      "whiteSpace" : false
    }, {
      "id" : "s9-t28",
      "begin" : 697,
      "end" : 698,
      "text" : "!",
      "whiteSpace" : false
    } ]
  }, {
    "id" : "s10",
    "begin" : 699,
    "end" : 855,
    "text" : "I was told its impossible\nto unlock a GoPhone until 6 months is past, and though that is fine, I bought\nthis phone and paid it off from a previous contract.",
    "tokens" : [ {
      "id" : "s10-t0",
      "begin" : 699,
      "end" : 700,
      "text" : "I",
      "whiteSpace" : false
    }, {
      "id" : "s10-t1",
      "begin" : 701,
      "end" : 704,
      "text" : "was",
      "whiteSpace" : false
    }, {
      "id" : "s10-t2",
      "begin" : 705,
      "end" : 709,
      "text" : "told",
      "whiteSpace" : false
    }, {
      "id" : "s10-t3",
      "begin" : 710,
      "end" : 713,
      "text" : "its",
      "whiteSpace" : false
    }, {
      "id" : "s10-t4",
      "begin" : 714,
      "end" : 724,
      "text" : "impossible",
      "whiteSpace" : false
    }, {
      "id" : "s10-t5",
      "begin" : 725,
      "end" : 727,
      "text" : "to",
      "whiteSpace" : false
    }, {
      "id" : "s10-t6",
      "begin" : 728,
      "end" : 734,
      "text" : "unlock",
      "whiteSpace" : false
    }, {
      "id" : "s10-t7",
      "begin" : 735,
      "end" : 736,
      "text" : "a",
      "whiteSpace" : false
    }, {
      "id" : "s10-t8",
      "begin" : 737,
      "end" : 744,
      "text" : "GoPhone",
      "whiteSpace" : false
    }, {
      "id" : "s10-t9",
      "begin" : 745,
      "end" : 750,
      "text" : "until",
      "whiteSpace" : false
    }, {
      "id" : "s10-t10",
      "begin" : 751,
      "end" : 752,
      "text" : "6",
      "whiteSpace" : false
    }, {
      "id" : "s10-t11",
      "begin" : 753,
      "end" : 759,
      "text" : "months",
      "whiteSpace" : false
    }, {
      "id" : "s10-t12",
      "begin" : 760,
      "end" : 762,
      "text" : "is",
      "whiteSpace" : false
    }, {
      "id" : "s10-t13",
      "begin" : 763,
      "end" : 767,
      "text" : "past",
      "whiteSpace" : false
    }, {
      "id" : "s10-t14",
      "begin" : 767,
      "end" : 768,
      "text" : ",",
      "whiteSpace" : false
    }, {
      "id" : "s10-t15",
      "begin" : 769,
      "end" : 772,
      "text" : "and",
      "whiteSpace" : false
    }, {
      "id" : "s10-t16",
      "begin" : 773,
      "end" : 779,
      "text" : "though",
      "whiteSpace" : false
    }, {
      "id" : "s10-t17",
      "begin" : 780,
      "end" : 784,
      "text" : "that",
      "whiteSpace" : false
    }, {
      "id" : "s10-t18",
      "begin" : 785,
      "end" : 787,
      "text" : "is",
      "whiteSpace" : false
    }, {
      "id" : "s10-t19",
      "begin" : 788,
      "end" : 792,
      "text" : "fine",
      "whiteSpace" : false
    }, {
      "id" : "s10-t20",
      "begin" : 792,
      "end" : 793,
      "text" : ",",
      "whiteSpace" : false
    }, {
      "id" : "s10-t21",
      "begin" : 794,
      "end" : 795,
      "text" : "I",
      "whiteSpace" : false
    }, {
      "id" : "s10-t22",
      "begin" : 796,
      "end" : 802,
      "text" : "bought",
      "whiteSpace" : false
    }, {
      "id" : "s10-t23",
      "begin" : 803,
      "end" : 807,
      "text" : "this",
      "whiteSpace" : false
    }, {
      "id" : "s10-t24",
      "begin" : 808,
      "end" : 813,
      "text" : "phone",
      "whiteSpace" : false
    }, {
      "id" : "s10-t25",
      "begin" : 814,
      "end" : 817,
      "text" : "and",
      "whiteSpace" : false
    }, {
      "id" : "s10-t26",
      "begin" : 818,
      "end" : 822,
      "text" : "paid",
      "whiteSpace" : false
    }, {
      "id" : "s10-t27",
      "begin" : 823,
      "end" : 825,
      "text" : "it",
      "whiteSpace" : false
    }, {
      "id" : "s10-t28",
      "begin" : 826,
      "end" : 829,
      "text" : "off",
      "whiteSpace" : false
    }, {
      "id" : "s10-t29",
      "begin" : 830,
      "end" : 834,
      "text" : "from",
      "whiteSpace" : false
    }, {
      "id" : "s10-t30",
      "begin" : 835,
      "end" : 836,
      "text" : "a",
      "whiteSpace" : false
    }, {
      "id" : "s10-t31",
      "begin" : 837,
      "end" : 845,
      "text" : "previous",
      "whiteSpace" : false
    }, {
      "id" : "s10-t32",
      "begin" : 846,
      "end" : 854,
      "text" : "contract",
      "whiteSpace" : false
    }, {
      "id" : "s10-t33",
      "begin" : 854,
      "end" : 855,
      "text" : ".",
      "whiteSpace" : false
    } ]
  }, {
    "id" : "s11",
    "begin" : 855,
    "end" : 892,
    "text" : "So why cant I get my phone\nunlocked??",
    "tokens" : [ {
      "id" : "s11-t0",
      "begin" : 855,
      "end" : 857,
      "text" : "So",
      "whiteSpace" : false
    }, {
      "id" : "s11-t1",
      "begin" : 858,
      "end" : 861,
      "text" : "why",
      "whiteSpace" : false
    }, {
      "id" : "s11-t2",
      "begin" : 862,
      "end" : 866,
      "text" : "cant",
      "whiteSpace" : false
    }, {
      "id" : "s11-t3",
      "begin" : 867,
      "end" : 868,
      "text" : "I",
      "whiteSpace" : false
    }, {
      "id" : "s11-t4",
      "begin" : 869,
      "end" : 872,
      "text" : "get",
      "whiteSpace" : false
    }, {
      "id" : "s11-t5",
      "begin" : 873,
      "end" : 875,
      "text" : "my",
      "whiteSpace" : false
    }, {
      "id" : "s11-t6",
      "begin" : 876,
      "end" : 881,
      "text" : "phone",
      "whiteSpace" : false
    }, {
      "id" : "s11-t7",
      "begin" : 882,
      "end" : 890,
      "text" : "unlocked",
      "whiteSpace" : false
    }, {
      "id" : "s11-t8",
      "begin" : 890,
      "end" : 891,
      "text" : "?",
      "whiteSpace" : false
    }, {
      "id" : "s11-t9",
      "begin" : 891,
      "end" : 892,
      "text" : "?",
      "whiteSpace" : false
    } ]
  }, {
    "id" : "s12",
    "begin" : 893,
    "end" : 985,
    "text" : "Why is it that one person says it can be done, but the other person\nis not willing to budge.",
    "tokens" : [ {
      "id" : "s12-t0",
      "begin" : 893,
      "end" : 896,
      "text" : "Why",
      "whiteSpace" : false
    }, {
      "id" : "s12-t1",
      "begin" : 897,
      "end" : 899,
      "text" : "is",
      "whiteSpace" : false
    }, {
      "id" : "s12-t2",
      "begin" : 900,
      "end" : 902,
      "text" : "it",
      "whiteSpace" : false
    }, {
      "id" : "s12-t3",
      "begin" : 903,
      "end" : 907,
      "text" : "that",
      "whiteSpace" : false
    }, {
      "id" : "s12-t4",
      "begin" : 908,
      "end" : 911,
      "text" : "one",
      "whiteSpace" : false
    }, {
      "id" : "s12-t5",
      "begin" : 912,
      "end" : 918,
      "text" : "person",
      "whiteSpace" : false
    }, {
      "id" : "s12-t6",
      "begin" : 919,
      "end" : 923,
      "text" : "says",
      "whiteSpace" : false
    }, {
      "id" : "s12-t7",
      "begin" : 924,
      "end" : 926,
      "text" : "it",
      "whiteSpace" : false
    }, {
      "id" : "s12-t8",
      "begin" : 927,
      "end" : 930,
      "text" : "can",
      "whiteSpace" : false
    }, {
      "id" : "s12-t9",
      "begin" : 931,
      "end" : 933,
      "text" : "be",
      "whiteSpace" : false
    }, {
      "id" : "s12-t10",
      "begin" : 934,
      "end" : 938,
      "text" : "done",
      "whiteSpace" : false
    }, {
      "id" : "s12-t11",
      "begin" : 938,
      "end" : 939,
      "text" : ",",
      "whiteSpace" : false
    }, {
      "id" : "s12-t12",
      "begin" : 940,
      "end" : 943,
      "text" : "but",
      "whiteSpace" : false
    }, {
      "id" : "s12-t13",
      "begin" : 944,
      "end" : 947,
      "text" : "the",
      "whiteSpace" : false
    }, {
      "id" : "s12-t14",
      "begin" : 948,
      "end" : 953,
      "text" : "other",
      "whiteSpace" : false
    }, {
      "id" : "s12-t15",
      "begin" : 954,
      "end" : 960,
      "text" : "person",
      "whiteSpace" : false
    }, {
      "id" : "s12-t16",
      "begin" : 961,
      "end" : 963,
      "text" : "is",
      "whiteSpace" : false
    }, {
      "id" : "s12-t17",
      "begin" : 964,
      "end" : 967,
      "text" : "not",
      "whiteSpace" : false
    }, {
      "id" : "s12-t18",
      "begin" : 968,
      "end" : 975,
      "text" : "willing",
      "whiteSpace" : false
    }, {
      "id" : "s12-t19",
      "begin" : 976,
      "end" : 978,
      "text" : "to",
      "whiteSpace" : false
    }, {
      "id" : "s12-t20",
      "begin" : 979,
      "end" : 984,
      "text" : "budge",
      "whiteSpace" : false
    }, {
      "id" : "s12-t21",
      "begin" : 984,
      "end" : 985,
      "text" : ".",
      "whiteSpace" : false
    } ]
  }, {
    "id" : "s13",
    "begin" : 986,
    "end" : 1130,
    "text" : "Im not leaving AT&amp;T; forever (though at this\npoint in time Im getting sick of this mess), but I will be gone for a few\nmonth to over a year.",
    "tokens" : [ {
      "id" : "s13-t0",
      "begin" : 986,
      "end" : 988,
      "text" : "Im",
      "whiteSpace" : false
    }, {
      "id" : "s13-t1",
      "begin" : 989,
      "end" : 992,
      "text" : "not",
      "whiteSpace" : false
    }, {
      "id" : "s13-t2",
      "begin" : 993,
      "end" : 1000,
      "text" : "leaving",
      "whiteSpace" : false
    }, {
      "id" : "s13-t3",
      "begin" : 1001,
      "end" : 1003,
      "text" : "AT",
      "whiteSpace" : false
    }, {
      "id" : "s13-t4",
      "begin" : 1003,
      "end" : 1008,
      "text" : "&amp;",
      "whiteSpace" : false
    }, {
      "id" : "s13-t5",
      "begin" : 1008,
      "end" : 1010,
      "text" : "T;",
      "whiteSpace" : false
    }, {
      "id" : "s13-t6",
      "begin" : 1011,
      "end" : 1018,
      "text" : "forever",
      "whiteSpace" : false
    }, {
      "id" : "s13-t7",
      "begin" : 1019,
      "end" : 1020,
      "text" : "(",
      "whiteSpace" : false
    }, {
      "id" : "s13-t8",
      "begin" : 1020,
      "end" : 1026,
      "text" : "though",
      "whiteSpace" : false
    }, {
      "id" : "s13-t9",
      "begin" : 1027,
      "end" : 1029,
      "text" : "at",
      "whiteSpace" : false
    }, {
      "id" : "s13-t10",
      "begin" : 1030,
      "end" : 1034,
      "text" : "this",
      "whiteSpace" : false
    }, {
      "id" : "s13-t11",
      "begin" : 1035,
      "end" : 1040,
      "text" : "point",
      "whiteSpace" : false
    }, {
      "id" : "s13-t12",
      "begin" : 1041,
      "end" : 1043,
      "text" : "in",
      "whiteSpace" : false
    }, {
      "id" : "s13-t13",
      "begin" : 1044,
      "end" : 1048,
      "text" : "time",
      "whiteSpace" : false
    }, {
      "id" : "s13-t14",
      "begin" : 1049,
      "end" : 1051,
      "text" : "Im",
      "whiteSpace" : false
    }, {
      "id" : "s13-t15",
      "begin" : 1052,
      "end" : 1059,
      "text" : "getting",
      "whiteSpace" : false
    }, {
      "id" : "s13-t16",
      "begin" : 1060,
      "end" : 1064,
      "text" : "sick",
      "whiteSpace" : false
    }, {
      "id" : "s13-t17",
      "begin" : 1065,
      "end" : 1067,
      "text" : "of",
      "whiteSpace" : false
    }, {
      "id" : "s13-t18",
      "begin" : 1068,
      "end" : 1072,
      "text" : "this",
      "whiteSpace" : false
    }, {
      "id" : "s13-t19",
      "begin" : 1073,
      "end" : 1077,
      "text" : "mess",
      "whiteSpace" : false
    }, {
      "id" : "s13-t20",
      "begin" : 1077,
      "end" : 1078,
      "text" : ")",
      "whiteSpace" : false
    }, {
      "id" : "s13-t21",
      "begin" : 1078,
      "end" : 1079,
      "text" : ",",
      "whiteSpace" : false
    }, {
      "id" : "s13-t22",
      "begin" : 1080,
      "end" : 1083,
      "text" : "but",
      "whiteSpace" : false
    }, {
      "id" : "s13-t23",
      "begin" : 1084,
      "end" : 1085,
      "text" : "I",
      "whiteSpace" : false
    }, {
      "id" : "s13-t24",
      "begin" : 1086,
      "end" : 1090,
      "text" : "will",
      "whiteSpace" : false
    }, {
      "id" : "s13-t25",
      "begin" : 1091,
      "end" : 1093,
      "text" : "be",
      "whiteSpace" : false
    }, {
      "id" : "s13-t26",
      "begin" : 1094,
      "end" : 1098,
      "text" : "gone",
      "whiteSpace" : false
    }, {
      "id" : "s13-t27",
      "begin" : 1099,
      "end" : 1102,
      "text" : "for",
      "whiteSpace" : false
    }, {
      "id" : "s13-t28",
      "begin" : 1103,
      "end" : 1104,
      "text" : "a",
      "whiteSpace" : false
    }, {
      "id" : "s13-t29",
      "begin" : 1105,
      "end" : 1108,
      "text" : "few",
      "whiteSpace" : false
    }, {
      "id" : "s13-t30",
      "begin" : 1109,
      "end" : 1114,
      "text" : "month",
      "whiteSpace" : false
    }, {
      "id" : "s13-t31",
      "begin" : 1115,
      "end" : 1117,
      "text" : "to",
      "whiteSpace" : false
    }, {
      "id" : "s13-t32",
      "begin" : 1118,
      "end" : 1122,
      "text" : "over",
      "whiteSpace" : false
    }, {
      "id" : "s13-t33",
      "begin" : 1123,
      "end" : 1124,
      "text" : "a",
      "whiteSpace" : false
    }, {
      "id" : "s13-t34",
      "begin" : 1125,
      "end" : 1129,
      "text" : "year",
      "whiteSpace" : false
    }, {
      "id" : "s13-t35",
      "begin" : 1129,
      "end" : 1130,
      "text" : ".",
      "whiteSpace" : false
    } ]
  }, {
    "id" : "s14",
    "begin" : 1130,
    "end" : 1202,
    "text" : "What about the CTIA Consumer code that states:Postpaid\nUnlocking Policy.",
    "tokens" : [ {
      "id" : "s14-t0",
      "begin" : 1130,
      "end" : 1134,
      "text" : "What",
      "whiteSpace" : false
    }, {
      "id" : "s14-t1",
      "begin" : 1135,
      "end" : 1140,
      "text" : "about",
      "whiteSpace" : false
    }, {
      "id" : "s14-t2",
      "begin" : 1141,
      "end" : 1144,
      "text" : "the",
      "whiteSpace" : false
    }, {
      "id" : "s14-t3",
      "begin" : 1145,
      "end" : 1149,
      "text" : "CTIA",
      "whiteSpace" : false
    }, {
      "id" : "s14-t4",
      "begin" : 1150,
      "end" : 1158,
      "text" : "Consumer",
      "whiteSpace" : false
    }, {
      "id" : "s14-t5",
      "begin" : 1159,
      "end" : 1163,
      "text" : "code",
      "whiteSpace" : false
    }, {
      "id" : "s14-t6",
      "begin" : 1164,
      "end" : 1168,
      "text" : "that",
      "whiteSpace" : false
    }, {
      "id" : "s14-t7",
      "begin" : 1169,
      "end" : 1175,
      "text" : "states",
      "whiteSpace" : false
    }, {
      "id" : "s14-t8",
      "begin" : 1175,
      "end" : 1176,
      "text" : ":",
      "whiteSpace" : false
    }, {
      "id" : "s14-t9",
      "begin" : 1176,
      "end" : 1184,
      "text" : "Postpaid",
      "whiteSpace" : false
    }, {
      "id" : "s14-t10",
      "begin" : 1185,
      "end" : 1194,
      "text" : "Unlocking",
      "whiteSpace" : false
    }, {
      "id" : "s14-t11",
      "begin" : 1195,
      "end" : 1201,
      "text" : "Policy",
      "whiteSpace" : false
    }, {
      "id" : "s14-t12",
      "begin" : 1201,
      "end" : 1202,
      "text" : ".",
      "whiteSpace" : false
    } ]
  }, {
    "id" : "s15",
    "begin" : 1203,
    "end" : 1558,
    "text" : "Carriers, upon request, will unlock mobile wireless devices\nor provide the necessary information to unlock their devices, for customers\nand former customers in good standing and individual owners of eligible\ndevices after the fulfillment of the applicable postpaid service contract,\ndevice financing plan or payment of an applicable early termination fee.",
    "tokens" : [ {
      "id" : "s15-t0",
      "begin" : 1203,
      "end" : 1211,
      "text" : "Carriers",
      "whiteSpace" : false
    }, {
      "id" : "s15-t1",
      "begin" : 1211,
      "end" : 1212,
      "text" : ",",
      "whiteSpace" : false
    }, {
      "id" : "s15-t2",
      "begin" : 1213,
      "end" : 1217,
      "text" : "upon",
      "whiteSpace" : false
    }, {
      "id" : "s15-t3",
      "begin" : 1218,
      "end" : 1225,
      "text" : "request",
      "whiteSpace" : false
    }, {
      "id" : "s15-t4",
      "begin" : 1225,
      "end" : 1226,
      "text" : ",",
      "whiteSpace" : false
    }, {
      "id" : "s15-t5",
      "begin" : 1227,
      "end" : 1231,
      "text" : "will",
      "whiteSpace" : false
    }, {
      "id" : "s15-t6",
      "begin" : 1232,
      "end" : 1238,
      "text" : "unlock",
      "whiteSpace" : false
    }, {
      "id" : "s15-t7",
      "begin" : 1239,
      "end" : 1245,
      "text" : "mobile",
      "whiteSpace" : false
    }, {
      "id" : "s15-t8",
      "begin" : 1246,
      "end" : 1254,
      "text" : "wireless",
      "whiteSpace" : false
    }, {
      "id" : "s15-t9",
      "begin" : 1255,
      "end" : 1262,
      "text" : "devices",
      "whiteSpace" : false
    }, {
      "id" : "s15-t10",
      "begin" : 1263,
      "end" : 1265,
      "text" : "or",
      "whiteSpace" : false
    }, {
      "id" : "s15-t11",
      "begin" : 1266,
      "end" : 1273,
      "text" : "provide",
      "whiteSpace" : false
    }, {
      "id" : "s15-t12",
      "begin" : 1274,
      "end" : 1277,
      "text" : "the",
      "whiteSpace" : false
    }, {
      "id" : "s15-t13",
      "begin" : 1278,
      "end" : 1287,
      "text" : "necessary",
      "whiteSpace" : false
    }, {
      "id" : "s15-t14",
      "begin" : 1288,
      "end" : 1299,
      "text" : "information",
      "whiteSpace" : false
    }, {
      "id" : "s15-t15",
      "begin" : 1300,
      "end" : 1302,
      "text" : "to",
      "whiteSpace" : false
    }, {
      "id" : "s15-t16",
      "begin" : 1303,
      "end" : 1309,
      "text" : "unlock",
      "whiteSpace" : false
    }, {
      "id" : "s15-t17",
      "begin" : 1310,
      "end" : 1315,
      "text" : "their",
      "whiteSpace" : false
    }, {
      "id" : "s15-t18",
      "begin" : 1316,
      "end" : 1323,
      "text" : "devices",
      "whiteSpace" : false
    }, {
      "id" : "s15-t19",
      "begin" : 1323,
      "end" : 1324,
      "text" : ",",
      "whiteSpace" : false
    }, {
      "id" : "s15-t20",
      "begin" : 1325,
      "end" : 1328,
      "text" : "for",
      "whiteSpace" : false
    }, {
      "id" : "s15-t21",
      "begin" : 1329,
      "end" : 1338,
      "text" : "customers",
      "whiteSpace" : false
    }, {
      "id" : "s15-t22",
      "begin" : 1339,
      "end" : 1342,
      "text" : "and",
      "whiteSpace" : false
    }, {
      "id" : "s15-t23",
      "begin" : 1343,
      "end" : 1349,
      "text" : "former",
      "whiteSpace" : false
    }, {
      "id" : "s15-t24",
      "begin" : 1350,
      "end" : 1359,
      "text" : "customers",
      "whiteSpace" : false
    }, {
      "id" : "s15-t25",
      "begin" : 1360,
      "end" : 1362,
      "text" : "in",
      "whiteSpace" : false
    }, {
      "id" : "s15-t26",
      "begin" : 1363,
      "end" : 1367,
      "text" : "good",
      "whiteSpace" : false
    }, {
      "id" : "s15-t27",
      "begin" : 1368,
      "end" : 1376,
      "text" : "standing",
      "whiteSpace" : false
    }, {
      "id" : "s15-t28",
      "begin" : 1377,
      "end" : 1380,
      "text" : "and",
      "whiteSpace" : false
    }, {
      "id" : "s15-t29",
      "begin" : 1381,
      "end" : 1391,
      "text" : "individual",
      "whiteSpace" : false
    }, {
      "id" : "s15-t30",
      "begin" : 1392,
      "end" : 1398,
      "text" : "owners",
      "whiteSpace" : false
    }, {
      "id" : "s15-t31",
      "begin" : 1399,
      "end" : 1401,
      "text" : "of",
      "whiteSpace" : false
    }, {
      "id" : "s15-t32",
      "begin" : 1402,
      "end" : 1410,
      "text" : "eligible",
      "whiteSpace" : false
    }, {
      "id" : "s15-t33",
      "begin" : 1411,
      "end" : 1418,
      "text" : "devices",
      "whiteSpace" : false
    }, {
      "id" : "s15-t34",
      "begin" : 1419,
      "end" : 1424,
      "text" : "after",
      "whiteSpace" : false
    }, {
      "id" : "s15-t35",
      "begin" : 1425,
      "end" : 1428,
      "text" : "the",
      "whiteSpace" : false
    }, {
      "id" : "s15-t36",
      "begin" : 1429,
      "end" : 1440,
      "text" : "fulfillment",
      "whiteSpace" : false
    }, {
      "id" : "s15-t37",
      "begin" : 1441,
      "end" : 1443,
      "text" : "of",
      "whiteSpace" : false
    }, {
      "id" : "s15-t38",
      "begin" : 1444,
      "end" : 1447,
      "text" : "the",
      "whiteSpace" : false
    }, {
      "id" : "s15-t39",
      "begin" : 1448,
      "end" : 1458,
      "text" : "applicable",
      "whiteSpace" : false
    }, {
      "id" : "s15-t40",
      "begin" : 1459,
      "end" : 1467,
      "text" : "postpaid",
      "whiteSpace" : false
    }, {
      "id" : "s15-t41",
      "begin" : 1468,
      "end" : 1475,
      "text" : "service",
      "whiteSpace" : false
    }, {
      "id" : "s15-t42",
      "begin" : 1476,
      "end" : 1484,
      "text" : "contract",
      "whiteSpace" : false
    }, {
      "id" : "s15-t43",
      "begin" : 1484,
      "end" : 1485,
      "text" : ",",
      "whiteSpace" : false
    }, {
      "id" : "s15-t44",
      "begin" : 1486,
      "end" : 1492,
      "text" : "device",
      "whiteSpace" : false
    }, {
      "id" : "s15-t45",
      "begin" : 1493,
      "end" : 1502,
      "text" : "financing",
      "whiteSpace" : false
    }, {
      "id" : "s15-t46",
      "begin" : 1503,
      "end" : 1507,
      "text" : "plan",
      "whiteSpace" : false
    }, {
      "id" : "s15-t47",
      "begin" : 1508,
      "end" : 1510,
      "text" : "or",
      "whiteSpace" : false
    }, {
      "id" : "s15-t48",
      "begin" : 1511,
      "end" : 1518,
      "text" : "payment",
      "whiteSpace" : false
    }, {
      "id" : "s15-t49",
      "begin" : 1519,
      "end" : 1521,
      "text" : "of",
      "whiteSpace" : false
    }, {
      "id" : "s15-t50",
      "begin" : 1522,
      "end" : 1524,
      "text" : "an",
      "whiteSpace" : false
    }, {
      "id" : "s15-t51",
      "begin" : 1525,
      "end" : 1535,
      "text" : "applicable",
      "whiteSpace" : false
    }, {
      "id" : "s15-t52",
      "begin" : 1536,
      "end" : 1541,
      "text" : "early",
      "whiteSpace" : false
    }, {
      "id" : "s15-t53",
      "begin" : 1542,
      "end" : 1553,
      "text" : "termination",
      "whiteSpace" : false
    }, {
      "id" : "s15-t54",
      "begin" : 1554,
      "end" : 1557,
      "text" : "fee",
      "whiteSpace" : false
    }, {
      "id" : "s15-t55",
      "begin" : 1557,
      "end" : 1558,
      "text" : ".",
      "whiteSpace" : false
    } ]
  }, {
    "id" : "s16",
    "begin" : 1558,
    "end" : 1584,
    "text" : "As\nposted on the FCC page!",
    "tokens" : [ {
      "id" : "s16-t0",
      "begin" : 1558,
      "end" : 1560,
      "text" : "As",
      "whiteSpace" : false
    }, {
      "id" : "s16-t1",
      "begin" : 1561,
      "end" : 1567,
      "text" : "posted",
      "whiteSpace" : false
    }, {
      "id" : "s16-t2",
      "begin" : 1568,
      "end" : 1570,
      "text" : "on",
      "whiteSpace" : false
    }, {
      "id" : "s16-t3",
      "begin" : 1571,
      "end" : 1574,
      "text" : "the",
      "whiteSpace" : false
    }, {
      "id" : "s16-t4",
      "begin" : 1575,
      "end" : 1578,
      "text" : "FCC",
      "whiteSpace" : false
    }, {
      "id" : "s16-t5",
      "begin" : 1579,
      "end" : 1583,
      "text" : "page",
      "whiteSpace" : false
    }, {
      "id" : "s16-t6",
      "begin" : 1583,
      "end" : 1584,
      "text" : "!",
      "whiteSpace" : false
    } ]
  }, {
    "id" : "s17",
    "begin" : 1584,
    "end" : 1639,
    "text" : "! Im just looking to get the phone I paid for unlocked.",
    "tokens" : [ {
      "id" : "s17-t0",
      "begin" : 1584,
      "end" : 1585,
      "text" : "!",
      "whiteSpace" : false
    }, {
      "id" : "s17-t1",
      "begin" : 1586,
      "end" : 1588,
      "text" : "Im",
      "whiteSpace" : false
    }, {
      "id" : "s17-t2",
      "begin" : 1589,
      "end" : 1593,
      "text" : "just",
      "whiteSpace" : false
    }, {
      "id" : "s17-t3",
      "begin" : 1594,
      "end" : 1601,
      "text" : "looking",
      "whiteSpace" : false
    }, {
      "id" : "s17-t4",
      "begin" : 1602,
      "end" : 1604,
      "text" : "to",
      "whiteSpace" : false
    }, {
      "id" : "s17-t5",
      "begin" : 1605,
      "end" : 1608,
      "text" : "get",
      "whiteSpace" : false
    }, {
      "id" : "s17-t6",
      "begin" : 1609,
      "end" : 1612,
      "text" : "the",
      "whiteSpace" : false
    }, {
      "id" : "s17-t7",
      "begin" : 1613,
      "end" : 1618,
      "text" : "phone",
      "whiteSpace" : false
    }, {
      "id" : "s17-t8",
      "begin" : 1619,
      "end" : 1620,
      "text" : "I",
      "whiteSpace" : false
    }, {
      "id" : "s17-t9",
      "begin" : 1621,
      "end" : 1625,
      "text" : "paid",
      "whiteSpace" : false
    }, {
      "id" : "s17-t10",
      "begin" : 1626,
      "end" : 1629,
      "text" : "for",
      "whiteSpace" : false
    }, {
      "id" : "s17-t11",
      "begin" : 1630,
      "end" : 1638,
      "text" : "unlocked",
      "whiteSpace" : false
    }, {
      "id" : "s17-t12",
      "begin" : 1638,
      "end" : 1639,
      "text" : ".",
      "whiteSpace" : false
    } ]
  }, {
    "id" : "s18",
    "begin" : 1640,
    "end" : 1669,
    "text" : "Can anyone help me with this?",
    "tokens" : [ {
      "id" : "s18-t0",
      "begin" : 1640,
      "end" : 1643,
      "text" : "Can",
      "whiteSpace" : false
    }, {
      "id" : "s18-t1",
      "begin" : 1644,
      "end" : 1650,
      "text" : "anyone",
      "whiteSpace" : false
    }, {
      "id" : "s18-t2",
      "begin" : 1651,
      "end" : 1655,
      "text" : "help",
      "whiteSpace" : false
    }, {
      "id" : "s18-t3",
      "begin" : 1656,
      "end" : 1658,
      "text" : "me",
      "whiteSpace" : false
    }, {
      "id" : "s18-t4",
      "begin" : 1659,
      "end" : 1663,
      "text" : "with",
      "whiteSpace" : false
    }, {
      "id" : "s18-t5",
      "begin" : 1664,
      "end" : 1668,
      "text" : "this",
      "whiteSpace" : false
    }, {
      "id" : "s18-t6",
      "begin" : 1668,
      "end" : 1669,
      "text" : "?",
      "whiteSpace" : false
    } ]
  }, {
    "id" : "s19",
    "begin" : 1670,
    "end" : 1787,
    "text" : "This is a last resort before I contact the\nFCC...Heres a clip from my conversation with the call center agent:Me: Ok.",
    "tokens" : [ {
      "id" : "s19-t0",
      "begin" : 1670,
      "end" : 1674,
      "text" : "This",
      "whiteSpace" : false
    }, {
      "id" : "s19-t1",
      "begin" : 1675,
      "end" : 1677,
      "text" : "is",
      "whiteSpace" : false
    }, {
      "id" : "s19-t2",
      "begin" : 1678,
      "end" : 1679,
      "text" : "a",
      "whiteSpace" : false
    }, {
      "id" : "s19-t3",
      "begin" : 1680,
      "end" : 1684,
      "text" : "last",
      "whiteSpace" : false
    }, {
      "id" : "s19-t4",
      "begin" : 1685,
      "end" : 1691,
      "text" : "resort",
      "whiteSpace" : false
    }, {
      "id" : "s19-t5",
      "begin" : 1692,
      "end" : 1698,
      "text" : "before",
      "whiteSpace" : false
    }, {
      "id" : "s19-t6",
      "begin" : 1699,
      "end" : 1700,
      "text" : "I",
      "whiteSpace" : false
    }, {
      "id" : "s19-t7",
      "begin" : 1701,
      "end" : 1708,
      "text" : "contact",
      "whiteSpace" : false
    }, {
      "id" : "s19-t8",
      "begin" : 1709,
      "end" : 1712,
      "text" : "the",
      "whiteSpace" : false
    }, {
      "id" : "s19-t9",
      "begin" : 1713,
      "end" : 1716,
      "text" : "FCC",
      "whiteSpace" : false
    }, {
      "id" : "s19-t10",
      "begin" : 1716,
      "end" : 1719,
      "text" : "...",
      "whiteSpace" : false
    }, {
      "id" : "s19-t11",
      "begin" : 1719,
      "end" : 1724,
      "text" : "Heres",
      "whiteSpace" : false
    }, {
      "id" : "s19-t12",
      "begin" : 1725,
      "end" : 1726,
      "text" : "a",
      "whiteSpace" : false
    }, {
      "id" : "s19-t13",
      "begin" : 1727,
      "end" : 1731,
      "text" : "clip",
      "whiteSpace" : false
    }, {
      "id" : "s19-t14",
      "begin" : 1732,
      "end" : 1736,
      "text" : "from",
      "whiteSpace" : false
    }, {
      "id" : "s19-t15",
      "begin" : 1737,
      "end" : 1739,
      "text" : "my",
      "whiteSpace" : false
    }, {
      "id" : "s19-t16",
      "begin" : 1740,
      "end" : 1752,
      "text" : "conversation",
      "whiteSpace" : false
    }, {
      "id" : "s19-t17",
      "begin" : 1753,
      "end" : 1757,
      "text" : "with",
      "whiteSpace" : false
    }, {
      "id" : "s19-t18",
      "begin" : 1758,
      "end" : 1761,
      "text" : "the",
      "whiteSpace" : false
    }, {
      "id" : "s19-t19",
      "begin" : 1762,
      "end" : 1766,
      "text" : "call",
      "whiteSpace" : false
    }, {
      "id" : "s19-t20",
      "begin" : 1767,
      "end" : 1773,
      "text" : "center",
      "whiteSpace" : false
    }, {
      "id" : "s19-t21",
      "begin" : 1774,
      "end" : 1779,
      "text" : "agent",
      "whiteSpace" : false
    }, {
      "id" : "s19-t22",
      "begin" : 1779,
      "end" : 1780,
      "text" : ":",
      "whiteSpace" : false
    }, {
      "id" : "s19-t23",
      "begin" : 1780,
      "end" : 1782,
      "text" : "Me",
      "whiteSpace" : false
    }, {
      "id" : "s19-t24",
      "begin" : 1782,
      "end" : 1783,
      "text" : ":",
      "whiteSpace" : false
    }, {
      "id" : "s19-t25",
      "begin" : 1784,
      "end" : 1786,
      "text" : "Ok",
      "whiteSpace" : false
    }, {
      "id" : "s19-t26",
      "begin" : 1786,
      "end" : 1787,
      "text" : ".",
      "whiteSpace" : false
    } ]
  }, {
    "id" : "s20",
    "begin" : 1788,
    "end" : 1806,
    "text" : "Then to sum it up.",
    "tokens" : [ {
      "id" : "s20-t0",
      "begin" : 1788,
      "end" : 1792,
      "text" : "Then",
      "whiteSpace" : false
    }, {
      "id" : "s20-t1",
      "begin" : 1793,
      "end" : 1795,
      "text" : "to",
      "whiteSpace" : false
    }, {
      "id" : "s20-t2",
      "begin" : 1796,
      "end" : 1799,
      "text" : "sum",
      "whiteSpace" : false
    }, {
      "id" : "s20-t3",
      "begin" : 1800,
      "end" : 1802,
      "text" : "it",
      "whiteSpace" : false
    }, {
      "id" : "s20-t4",
      "begin" : 1803,
      "end" : 1805,
      "text" : "up",
      "whiteSpace" : false
    }, {
      "id" : "s20-t5",
      "begin" : 1805,
      "end" : 1806,
      "text" : ".",
      "whiteSpace" : false
    } ]
  }, {
    "id" : "s21",
    "begin" : 1807,
    "end" : 1862,
    "text" : "I bought the phone, and paid off the original contract.",
    "tokens" : [ {
      "id" : "s21-t0",
      "begin" : 1807,
      "end" : 1808,
      "text" : "I",
      "whiteSpace" : false
    }, {
      "id" : "s21-t1",
      "begin" : 1809,
      "end" : 1815,
      "text" : "bought",
      "whiteSpace" : false
    }, {
      "id" : "s21-t2",
      "begin" : 1816,
      "end" : 1819,
      "text" : "the",
      "whiteSpace" : false
    }, {
      "id" : "s21-t3",
      "begin" : 1820,
      "end" : 1825,
      "text" : "phone",
      "whiteSpace" : false
    }, {
      "id" : "s21-t4",
      "begin" : 1825,
      "end" : 1826,
      "text" : ",",
      "whiteSpace" : false
    }, {
      "id" : "s21-t5",
      "begin" : 1827,
      "end" : 1830,
      "text" : "and",
      "whiteSpace" : false
    }, {
      "id" : "s21-t6",
      "begin" : 1831,
      "end" : 1835,
      "text" : "paid",
      "whiteSpace" : false
    }, {
      "id" : "s21-t7",
      "begin" : 1836,
      "end" : 1839,
      "text" : "off",
      "whiteSpace" : false
    }, {
      "id" : "s21-t8",
      "begin" : 1840,
      "end" : 1843,
      "text" : "the",
      "whiteSpace" : false
    }, {
      "id" : "s21-t9",
      "begin" : 1844,
      "end" : 1852,
      "text" : "original",
      "whiteSpace" : false
    }, {
      "id" : "s21-t10",
      "begin" : 1853,
      "end" : 1861,
      "text" : "contract",
      "whiteSpace" : false
    }, {
      "id" : "s21-t11",
      "begin" : 1861,
      "end" : 1862,
      "text" : ".",
      "whiteSpace" : false
    } ]
  }, {
    "id" : "s22",
    "begin" : 1863,
    "end" : 1942,
    "text" : "I\nwasnt informed that I had to unlock it prior to switching to a Go Phone plan.",
    "tokens" : [ {
      "id" : "s22-t0",
      "begin" : 1863,
      "end" : 1864,
      "text" : "I",
      "whiteSpace" : false
    }, {
      "id" : "s22-t1",
      "begin" : 1865,
      "end" : 1870,
      "text" : "wasnt",
      "whiteSpace" : false
    }, {
      "id" : "s22-t2",
      "begin" : 1871,
      "end" : 1879,
      "text" : "informed",
      "whiteSpace" : false
    }, {
      "id" : "s22-t3",
      "begin" : 1880,
      "end" : 1884,
      "text" : "that",
      "whiteSpace" : false
    }, {
      "id" : "s22-t4",
      "begin" : 1885,
      "end" : 1886,
      "text" : "I",
      "whiteSpace" : false
    }, {
      "id" : "s22-t5",
      "begin" : 1887,
      "end" : 1890,
      "text" : "had",
      "whiteSpace" : false
    }, {
      "id" : "s22-t6",
      "begin" : 1891,
      "end" : 1893,
      "text" : "to",
      "whiteSpace" : false
    }, {
      "id" : "s22-t7",
      "begin" : 1894,
      "end" : 1900,
      "text" : "unlock",
      "whiteSpace" : false
    }, {
      "id" : "s22-t8",
      "begin" : 1901,
      "end" : 1903,
      "text" : "it",
      "whiteSpace" : false
    }, {
      "id" : "s22-t9",
      "begin" : 1904,
      "end" : 1909,
      "text" : "prior",
      "whiteSpace" : false
    }, {
      "id" : "s22-t10",
      "begin" : 1910,
      "end" : 1912,
      "text" : "to",
      "whiteSpace" : false
    }, {
      "id" : "s22-t11",
      "begin" : 1913,
      "end" : 1922,
      "text" : "switching",
      "whiteSpace" : false
    }, {
      "id" : "s22-t12",
      "begin" : 1923,
      "end" : 1925,
      "text" : "to",
      "whiteSpace" : false
    }, {
      "id" : "s22-t13",
      "begin" : 1926,
      "end" : 1927,
      "text" : "a",
      "whiteSpace" : false
    }, {
      "id" : "s22-t14",
      "begin" : 1928,
      "end" : 1930,
      "text" : "Go",
      "whiteSpace" : false
    }, {
      "id" : "s22-t15",
      "begin" : 1931,
      "end" : 1936,
      "text" : "Phone",
      "whiteSpace" : false
    }, {
      "id" : "s22-t16",
      "begin" : 1937,
      "end" : 1941,
      "text" : "plan",
      "whiteSpace" : false
    }, {
      "id" : "s22-t17",
      "begin" : 1941,
      "end" : 1942,
      "text" : ".",
      "whiteSpace" : false
    } ]
  }, {
    "id" : "s23",
    "begin" : 1943,
    "end" : 2009,
    "text" : "This was done after being told by the store I could get it unlock.",
    "tokens" : [ {
      "id" : "s23-t0",
      "begin" : 1943,
      "end" : 1947,
      "text" : "This",
      "whiteSpace" : false
    }, {
      "id" : "s23-t1",
      "begin" : 1948,
      "end" : 1951,
      "text" : "was",
      "whiteSpace" : false
    }, {
      "id" : "s23-t2",
      "begin" : 1952,
      "end" : 1956,
      "text" : "done",
      "whiteSpace" : false
    }, {
      "id" : "s23-t3",
      "begin" : 1957,
      "end" : 1962,
      "text" : "after",
      "whiteSpace" : false
    }, {
      "id" : "s23-t4",
      "begin" : 1963,
      "end" : 1968,
      "text" : "being",
      "whiteSpace" : false
    }, {
      "id" : "s23-t5",
      "begin" : 1969,
      "end" : 1973,
      "text" : "told",
      "whiteSpace" : false
    }, {
      "id" : "s23-t6",
      "begin" : 1974,
      "end" : 1976,
      "text" : "by",
      "whiteSpace" : false
    }, {
      "id" : "s23-t7",
      "begin" : 1977,
      "end" : 1980,
      "text" : "the",
      "whiteSpace" : false
    }, {
      "id" : "s23-t8",
      "begin" : 1981,
      "end" : 1986,
      "text" : "store",
      "whiteSpace" : false
    }, {
      "id" : "s23-t9",
      "begin" : 1987,
      "end" : 1988,
      "text" : "I",
      "whiteSpace" : false
    }, {
      "id" : "s23-t10",
      "begin" : 1989,
      "end" : 1994,
      "text" : "could",
      "whiteSpace" : false
    }, {
      "id" : "s23-t11",
      "begin" : 1995,
      "end" : 1998,
      "text" : "get",
      "whiteSpace" : false
    }, {
      "id" : "s23-t12",
      "begin" : 1999,
      "end" : 2001,
      "text" : "it",
      "whiteSpace" : false
    }, {
      "id" : "s23-t13",
      "begin" : 2002,
      "end" : 2008,
      "text" : "unlock",
      "whiteSpace" : false
    }, {
      "id" : "s23-t14",
      "begin" : 2008,
      "end" : 2009,
      "text" : ".",
      "whiteSpace" : false
    } ]
  }, {
    "id" : "s24",
    "begin" : 2010,
    "end" : 2149,
    "text" : "Unfortunately ATT is unable to assist me with this, despite the mention of a\nspecial consideration program which would expedite my request.",
    "tokens" : [ {
      "id" : "s24-t0",
      "begin" : 2010,
      "end" : 2023,
      "text" : "Unfortunately",
      "whiteSpace" : false
    }, {
      "id" : "s24-t1",
      "begin" : 2024,
      "end" : 2027,
      "text" : "ATT",
      "whiteSpace" : false
    }, {
      "id" : "s24-t2",
      "begin" : 2028,
      "end" : 2030,
      "text" : "is",
      "whiteSpace" : false
    }, {
      "id" : "s24-t3",
      "begin" : 2031,
      "end" : 2037,
      "text" : "unable",
      "whiteSpace" : false
    }, {
      "id" : "s24-t4",
      "begin" : 2038,
      "end" : 2040,
      "text" : "to",
      "whiteSpace" : false
    }, {
      "id" : "s24-t5",
      "begin" : 2041,
      "end" : 2047,
      "text" : "assist",
      "whiteSpace" : false
    }, {
      "id" : "s24-t6",
      "begin" : 2048,
      "end" : 2050,
      "text" : "me",
      "whiteSpace" : false
    }, {
      "id" : "s24-t7",
      "begin" : 2051,
      "end" : 2055,
      "text" : "with",
      "whiteSpace" : false
    }, {
      "id" : "s24-t8",
      "begin" : 2056,
      "end" : 2060,
      "text" : "this",
      "whiteSpace" : false
    }, {
      "id" : "s24-t9",
      "begin" : 2060,
      "end" : 2061,
      "text" : ",",
      "whiteSpace" : false
    }, {
      "id" : "s24-t10",
      "begin" : 2062,
      "end" : 2069,
      "text" : "despite",
      "whiteSpace" : false
    }, {
      "id" : "s24-t11",
      "begin" : 2070,
      "end" : 2073,
      "text" : "the",
      "whiteSpace" : false
    }, {
      "id" : "s24-t12",
      "begin" : 2074,
      "end" : 2081,
      "text" : "mention",
      "whiteSpace" : false
    }, {
      "id" : "s24-t13",
      "begin" : 2082,
      "end" : 2084,
      "text" : "of",
      "whiteSpace" : false
    }, {
      "id" : "s24-t14",
      "begin" : 2085,
      "end" : 2086,
      "text" : "a",
      "whiteSpace" : false
    }, {
      "id" : "s24-t15",
      "begin" : 2087,
      "end" : 2094,
      "text" : "special",
      "whiteSpace" : false
    }, {
      "id" : "s24-t16",
      "begin" : 2095,
      "end" : 2108,
      "text" : "consideration",
      "whiteSpace" : false
    }, {
      "id" : "s24-t17",
      "begin" : 2109,
      "end" : 2116,
      "text" : "program",
      "whiteSpace" : false
    }, {
      "id" : "s24-t18",
      "begin" : 2117,
      "end" : 2122,
      "text" : "which",
      "whiteSpace" : false
    }, {
      "id" : "s24-t19",
      "begin" : 2123,
      "end" : 2128,
      "text" : "would",
      "whiteSpace" : false
    }, {
      "id" : "s24-t20",
      "begin" : 2129,
      "end" : 2137,
      "text" : "expedite",
      "whiteSpace" : false
    }, {
      "id" : "s24-t21",
      "begin" : 2138,
      "end" : 2140,
      "text" : "my",
      "whiteSpace" : false
    }, {
      "id" : "s24-t22",
      "begin" : 2141,
      "end" : 2148,
      "text" : "request",
      "whiteSpace" : false
    }, {
      "id" : "s24-t23",
      "begin" : 2148,
      "end" : 2149,
      "text" : ".",
      "whiteSpace" : false
    } ]
  }, {
    "id" : "s25",
    "begin" : 2150,
    "end" : 2242,
    "text" : "And the only\noption is to wait until April, buy another phone, or get the ATT overseas\nplan.",
    "tokens" : [ {
      "id" : "s25-t0",
      "begin" : 2150,
      "end" : 2153,
      "text" : "And",
      "whiteSpace" : false
    }, {
      "id" : "s25-t1",
      "begin" : 2154,
      "end" : 2157,
      "text" : "the",
      "whiteSpace" : false
    }, {
      "id" : "s25-t2",
      "begin" : 2158,
      "end" : 2162,
      "text" : "only",
      "whiteSpace" : false
    }, {
      "id" : "s25-t3",
      "begin" : 2163,
      "end" : 2169,
      "text" : "option",
      "whiteSpace" : false
    }, {
      "id" : "s25-t4",
      "begin" : 2170,
      "end" : 2172,
      "text" : "is",
      "whiteSpace" : false
    }, {
      "id" : "s25-t5",
      "begin" : 2173,
      "end" : 2175,
      "text" : "to",
      "whiteSpace" : false
    }, {
      "id" : "s25-t6",
      "begin" : 2176,
      "end" : 2180,
      "text" : "wait",
      "whiteSpace" : false
    }, {
      "id" : "s25-t7",
      "begin" : 2181,
      "end" : 2186,
      "text" : "until",
      "whiteSpace" : false
    }, {
      "id" : "s25-t8",
      "begin" : 2187,
      "end" : 2192,
      "text" : "April",
      "whiteSpace" : false
    }, {
      "id" : "s25-t9",
      "begin" : 2192,
      "end" : 2193,
      "text" : ",",
      "whiteSpace" : false
    }, {
      "id" : "s25-t10",
      "begin" : 2194,
      "end" : 2197,
      "text" : "buy",
      "whiteSpace" : false
    }, {
      "id" : "s25-t11",
      "begin" : 2198,
      "end" : 2205,
      "text" : "another",
      "whiteSpace" : false
    }, {
      "id" : "s25-t12",
      "begin" : 2206,
      "end" : 2211,
      "text" : "phone",
      "whiteSpace" : false
    }, {
      "id" : "s25-t13",
      "begin" : 2211,
      "end" : 2212,
      "text" : ",",
      "whiteSpace" : false
    }, {
      "id" : "s25-t14",
      "begin" : 2213,
      "end" : 2215,
      "text" : "or",
      "whiteSpace" : false
    }, {
      "id" : "s25-t15",
      "begin" : 2216,
      "end" : 2219,
      "text" : "get",
      "whiteSpace" : false
    }, {
      "id" : "s25-t16",
      "begin" : 2220,
      "end" : 2223,
      "text" : "the",
      "whiteSpace" : false
    }, {
      "id" : "s25-t17",
      "begin" : 2224,
      "end" : 2227,
      "text" : "ATT",
      "whiteSpace" : false
    }, {
      "id" : "s25-t18",
      "begin" : 2228,
      "end" : 2236,
      "text" : "overseas",
      "whiteSpace" : false
    }, {
      "id" : "s25-t19",
      "begin" : 2237,
      "end" : 2241,
      "text" : "plan",
      "whiteSpace" : false
    }, {
      "id" : "s25-t20",
      "begin" : 2241,
      "end" : 2242,
      "text" : ".",
      "whiteSpace" : false
    } ]
  }, {
    "id" : "s26",
    "begin" : 2243,
    "end" : 2259,
    "text" : "Is this correct?",
    "tokens" : [ {
      "id" : "s26-t0",
      "begin" : 2243,
      "end" : 2245,
      "text" : "Is",
      "whiteSpace" : false
    }, {
      "id" : "s26-t1",
      "begin" : 2246,
      "end" : 2250,
      "text" : "this",
      "whiteSpace" : false
    }, {
      "id" : "s26-t2",
      "begin" : 2251,
      "end" : 2258,
      "text" : "correct",
      "whiteSpace" : false
    }, {
      "id" : "s26-t3",
      "begin" : 2258,
      "end" : 2259,
      "text" : "?",
      "whiteSpace" : false
    } ]
  }, {
    "id" : "s27",
    "begin" : 2259,
    "end" : 2287,
    "text" : "Agent: Yes, that is correct.",
    "tokens" : [ {
      "id" : "s27-t0",
      "begin" : 2259,
      "end" : 2264,
      "text" : "Agent",
      "whiteSpace" : false
    }, {
      "id" : "s27-t1",
      "begin" : 2264,
      "end" : 2265,
      "text" : ":",
      "whiteSpace" : false
    }, {
      "id" : "s27-t2",
      "begin" : 2266,
      "end" : 2269,
      "text" : "Yes",
      "whiteSpace" : false
    }, {
      "id" : "s27-t3",
      "begin" : 2269,
      "end" : 2270,
      "text" : ",",
      "whiteSpace" : false
    }, {
      "id" : "s27-t4",
      "begin" : 2271,
      "end" : 2275,
      "text" : "that",
      "whiteSpace" : false
    }, {
      "id" : "s27-t5",
      "begin" : 2276,
      "end" : 2278,
      "text" : "is",
      "whiteSpace" : false
    }, {
      "id" : "s27-t6",
      "begin" : 2279,
      "end" : 2286,
      "text" : "correct",
      "whiteSpace" : false
    }, {
      "id" : "s27-t7",
      "begin" : 2286,
      "end" : 2287,
      "text" : ".",
      "whiteSpace" : false
    } ]
  } ],
  "mentions" : [ {
    "id" : "s39-m0",
    "source" : "PREANNOTATION",
    "properties" : {
      "SIRE_ENTITY_SUBTYPE" : "NONE",
      "SIRE_MENTION_ROLE" : "Product",
      "SIRE_MENTION_CLASS" : "SPC",
      "SIRE_MENTION_TYPE" : "NONE"
    },
    "type" : "Product",
    "begin" : 1928,
    "end" : 1936,
    "inCoref" : false
  }, {
    "id" : "s41-m0",
    "source" : "PREANNOTATION",
    "properties" : {
      "SIRE_ENTITY_SUBTYPE" : "NONE",
      "SIRE_MENTION_ROLE" : "Service_Provider",
      "SIRE_MENTION_CLASS" : "SPC",
      "SIRE_MENTION_TYPE" : "NONE"
    },
    "type" : "Service_Provider",
    "begin" : 2024,
    "end" : 2027,
    "inCoref" : false
  }, {
    "id" : "s44-m0",
    "source" : "PREANNOTATION",
    "properties" : {
      "SIRE_ENTITY_SUBTYPE" : "NONE",
      "SIRE_MENTION_ROLE" : "Service_Provider",
      "SIRE_MENTION_CLASS" : "SPC",
      "SIRE_MENTION_TYPE" : "NONE"
    },
    "type" : "Service_Provider",
    "begin" : 2224,
    "end" : 2227,
    "inCoref" : false
  } ],
  "relations" : [ ],
  "corefs" : [ ],
  "typeResolved" : true,
  "userResolved" : false
}