{
  "id" : "bdd73ed0-fed8-11e6-a0c0-954d371ad757-0",
  "name" : "12363afb9c15cd36099d66e9c6a3adcd.txt",
  "version" : 3,
  "text" : "Google Voice (Lite) Voice Mail\n\nsorry i wasnt sure where to put this.. am i able to use google voice as voice\nmail.. i been getting many answers: yes if i port my number.. yes if i forward\nmy number and then give out the google number instead of my att number.. yes\nbut i dont need to do any of the above.Solved!Go to Solution.\n\n",
  "docLength" : 0,
  "language" : "EN",
  "status" : "READY",
  "modifiedDate" : 1488482050946,
  "documentSet" : [ ],
  "preannotation" : [ "PRE_LW" ],
  "sentences" : [ {
    "id" : "s0",
    "begin" : 0,
    "end" : 30,
    "text" : "Google Voice (Lite) Voice Mail",
    "tokens" : [ {
      "id" : "s0-t0",
      "begin" : 0,
      "end" : 6,
      "text" : "Google",
      "whiteSpace" : false
    }, {
      "id" : "s0-t1",
      "begin" : 7,
      "end" : 12,
      "text" : "Voice",
      "whiteSpace" : false
    }, {
      "id" : "s0-t2",
      "begin" : 13,
      "end" : 14,
      "text" : "(",
      "whiteSpace" : false
    }, {
      "id" : "s0-t3",
      "begin" : 14,
      "end" : 18,
      "text" : "Lite",
      "whiteSpace" : false
    }, {
      "id" : "s0-t4",
      "begin" : 18,
      "end" : 19,
      "text" : ")",
      "whiteSpace" : false
    }, {
      "id" : "s0-t5",
      "begin" : 20,
      "end" : 25,
      "text" : "Voice",
      "whiteSpace" : false
    }, {
      "id" : "s0-t6",
      "begin" : 26,
      "end" : 30,
      "text" : "Mail",
      "whiteSpace" : false
    } ]
  }, {
    "id" : "s1",
    "begin" : 32,
    "end" : 327,
    "text" : "sorry i wasnt sure where to put this.. am i able to use google voice as voice\nmail.. i been getting many answers: yes if i port my number.. yes if i forward\nmy number and then give out the google number instead of my att number.. yes\nbut i dont need to do any of the above.Solved!Go to Solution.",
    "tokens" : [ {
      "id" : "s1-t0",
      "begin" : 32,
      "end" : 37,
      "text" : "sorry",
      "whiteSpace" : false
    }, {
      "id" : "s1-t1",
      "begin" : 38,
      "end" : 39,
      "text" : "i",
      "whiteSpace" : false
    }, {
      "id" : "s1-t2",
      "begin" : 40,
      "end" : 45,
      "text" : "wasnt",
      "whiteSpace" : false
    }, {
      "id" : "s1-t3",
      "begin" : 46,
      "end" : 50,
      "text" : "sure",
      "whiteSpace" : false
    }, {
      "id" : "s1-t4",
      "begin" : 51,
      "end" : 56,
      "text" : "where",
      "whiteSpace" : false
    }, {
      "id" : "s1-t5",
      "begin" : 57,
      "end" : 59,
      "text" : "to",
      "whiteSpace" : false
    }, {
      "id" : "s1-t6",
      "begin" : 60,
      "end" : 63,
      "text" : "put",
      "whiteSpace" : false
    }, {
      "id" : "s1-t7",
      "begin" : 64,
      "end" : 68,
      "text" : "this",
      "whiteSpace" : false
    }, {
      "id" : "s1-t8",
      "begin" : 68,
      "end" : 70,
      "text" : "..",
      "whiteSpace" : false
    }, {
      "id" : "s1-t9",
      "begin" : 71,
      "end" : 73,
      "text" : "am",
      "whiteSpace" : false
    }, {
      "id" : "s1-t10",
      "begin" : 74,
      "end" : 75,
      "text" : "i",
      "whiteSpace" : false
    }, {
      "id" : "s1-t11",
      "begin" : 76,
      "end" : 80,
      "text" : "able",
      "whiteSpace" : false
    }, {
      "id" : "s1-t12",
      "begin" : 81,
      "end" : 83,
      "text" : "to",
      "whiteSpace" : false
    }, {
      "id" : "s1-t13",
      "begin" : 84,
      "end" : 87,
      "text" : "use",
      "whiteSpace" : false
    }, {
      "id" : "s1-t14",
      "begin" : 88,
      "end" : 94,
      "text" : "google",
      "whiteSpace" : false
    }, {
      "id" : "s1-t15",
      "begin" : 95,
      "end" : 100,
      "text" : "voice",
      "whiteSpace" : false
    }, {
      "id" : "s1-t16",
      "begin" : 101,
      "end" : 103,
      "text" : "as",
      "whiteSpace" : false
    }, {
      "id" : "s1-t17",
      "begin" : 104,
      "end" : 109,
      "text" : "voice",
      "whiteSpace" : false
    }, {
      "id" : "s1-t18",
      "begin" : 110,
      "end" : 114,
      "text" : "mail",
      "whiteSpace" : false
    }, {
      "id" : "s1-t19",
      "begin" : 114,
      "end" : 116,
      "text" : "..",
      "whiteSpace" : false
    }, {
      "id" : "s1-t20",
      "begin" : 117,
      "end" : 118,
      "text" : "i",
      "whiteSpace" : false
    }, {
      "id" : "s1-t21",
      "begin" : 119,
      "end" : 123,
      "text" : "been",
      "whiteSpace" : false
    }, {
      "id" : "s1-t22",
      "begin" : 124,
      "end" : 131,
      "text" : "getting",
      "whiteSpace" : false
    }, {
      "id" : "s1-t23",
      "begin" : 132,
      "end" : 136,
      "text" : "many",
      "whiteSpace" : false
    }, {
      "id" : "s1-t24",
      "begin" : 137,
      "end" : 144,
      "text" : "answers",
      "whiteSpace" : false
    }, {
      "id" : "s1-t25",
      "begin" : 144,
      "end" : 145,
      "text" : ":",
      "whiteSpace" : false
    }, {
      "id" : "s1-t26",
      "begin" : 146,
      "end" : 149,
      "text" : "yes",
      "whiteSpace" : false
    }, {
      "id" : "s1-t27",
      "begin" : 150,
      "end" : 152,
      "text" : "if",
      "whiteSpace" : false
    }, {
      "id" : "s1-t28",
      "begin" : 153,
      "end" : 154,
      "text" : "i",
      "whiteSpace" : false
    }, {
      "id" : "s1-t29",
      "begin" : 155,
      "end" : 159,
      "text" : "port",
      "whiteSpace" : false
    }, {
      "id" : "s1-t30",
      "begin" : 160,
      "end" : 162,
      "text" : "my",
      "whiteSpace" : false
    }, {
      "id" : "s1-t31",
      "begin" : 163,
      "end" : 169,
      "text" : "number",
      "whiteSpace" : false
    }, {
      "id" : "s1-t32",
      "begin" : 169,
      "end" : 171,
      "text" : "..",
      "whiteSpace" : false
    }, {
      "id" : "s1-t33",
      "begin" : 172,
      "end" : 175,
      "text" : "yes",
      "whiteSpace" : false
    }, {
      "id" : "s1-t34",
      "begin" : 176,
      "end" : 178,
      "text" : "if",
      "whiteSpace" : false
    }, {
      "id" : "s1-t35",
      "begin" : 179,
      "end" : 180,
      "text" : "i",
      "whiteSpace" : false
    }, {
      "id" : "s1-t36",
      "begin" : 181,
      "end" : 188,
      "text" : "forward",
      "whiteSpace" : false
    }, {
      "id" : "s1-t37",
      "begin" : 189,
      "end" : 191,
      "text" : "my",
      "whiteSpace" : false
    }, {
      "id" : "s1-t38",
      "begin" : 192,
      "end" : 198,
      "text" : "number",
      "whiteSpace" : false
    }, {
      "id" : "s1-t39",
      "begin" : 199,
      "end" : 202,
      "text" : "and",
      "whiteSpace" : false
    }, {
      "id" : "s1-t40",
      "begin" : 203,
      "end" : 207,
      "text" : "then",
      "whiteSpace" : false
    }, {
      "id" : "s1-t41",
      "begin" : 208,
      "end" : 212,
      "text" : "give",
      "whiteSpace" : false
    }, {
      "id" : "s1-t42",
      "begin" : 213,
      "end" : 216,
      "text" : "out",
      "whiteSpace" : false
    }, {
      "id" : "s1-t43",
      "begin" : 217,
      "end" : 220,
      "text" : "the",
      "whiteSpace" : false
    }, {
      "id" : "s1-t44",
      "begin" : 221,
      "end" : 227,
      "text" : "google",
      "whiteSpace" : false
    }, {
      "id" : "s1-t45",
      "begin" : 228,
      "end" : 234,
      "text" : "number",
      "whiteSpace" : false
    }, {
      "id" : "s1-t46",
      "begin" : 235,
      "end" : 242,
      "text" : "instead",
      "whiteSpace" : false
    }, {
      "id" : "s1-t47",
      "begin" : 243,
      "end" : 245,
      "text" : "of",
      "whiteSpace" : false
    }, {
      "id" : "s1-t48",
      "begin" : 246,
      "end" : 248,
      "text" : "my",
      "whiteSpace" : false
    }, {
      "id" : "s1-t49",
      "begin" : 249,
      "end" : 252,
      "text" : "att",
      "whiteSpace" : false
    }, {
      "id" : "s1-t50",
      "begin" : 253,
      "end" : 259,
      "text" : "number",
      "whiteSpace" : false
    }, {
      "id" : "s1-t51",
      "begin" : 259,
      "end" : 261,
      "text" : "..",
      "whiteSpace" : false
    }, {
      "id" : "s1-t52",
      "begin" : 262,
      "end" : 265,
      "text" : "yes",
      "whiteSpace" : false
    }, {
      "id" : "s1-t53",
      "begin" : 266,
      "end" : 269,
      "text" : "but",
      "whiteSpace" : false
    }, {
      "id" : "s1-t54",
      "begin" : 270,
      "end" : 271,
      "text" : "i",
      "whiteSpace" : false
    }, {
      "id" : "s1-t55",
      "begin" : 272,
      "end" : 276,
      "text" : "dont",
      "whiteSpace" : false
    }, {
      "id" : "s1-t56",
      "begin" : 277,
      "end" : 281,
      "text" : "need",
      "whiteSpace" : false
    }, {
      "id" : "s1-t57",
      "begin" : 282,
      "end" : 284,
      "text" : "to",
      "whiteSpace" : false
    }, {
      "id" : "s1-t58",
      "begin" : 285,
      "end" : 287,
      "text" : "do",
      "whiteSpace" : false
    }, {
      "id" : "s1-t59",
      "begin" : 288,
      "end" : 291,
      "text" : "any",
      "whiteSpace" : false
    }, {
      "id" : "s1-t60",
      "begin" : 292,
      "end" : 294,
      "text" : "of",
      "whiteSpace" : false
    }, {
      "id" : "s1-t61",
      "begin" : 295,
      "end" : 298,
      "text" : "the",
      "whiteSpace" : false
    }, {
      "id" : "s1-t62",
      "begin" : 299,
      "end" : 312,
      "text" : "above.Solved!",
      "whiteSpace" : false
    }, {
      "id" : "s1-t63",
      "begin" : 312,
      "end" : 314,
      "text" : "Go",
      "whiteSpace" : false
    }, {
      "id" : "s1-t64",
      "begin" : 315,
      "end" : 317,
      "text" : "to",
      "whiteSpace" : false
    }, {
      "id" : "s1-t65",
      "begin" : 318,
      "end" : 326,
      "text" : "Solution",
      "whiteSpace" : false
    }, {
      "id" : "s1-t66",
      "begin" : 326,
      "end" : 327,
      "text" : ".",
      "whiteSpace" : false
    } ]
  } ],
  "mentions" : [ {
    "id" : "s6-m0",
    "source" : "PREANNOTATION",
    "properties" : {
      "SIRE_ENTITY_SUBTYPE" : "NONE",
      "SIRE_MENTION_ROLE" : "Service_Provider",
      "SIRE_MENTION_CLASS" : "SPC",
      "SIRE_MENTION_TYPE" : "NONE"
    },
    "type" : "Service_Provider",
    "begin" : 249,
    "end" : 252,
    "inCoref" : false
  } ],
  "relations" : [ ],
  "corefs" : [ ],
  "typeResolved" : true,
  "userResolved" : false
}