{
  "id" : "c6fffe50-feda-11e6-a381-ad3d4fae44a1-4",
  "name" : "1067c69d8113357543b74e3cae6c506b.txt",
  "version" : 3,
  "text" : "AT&amp;T; Can't Fix Any Problems\n\nI have lived in Missouri for 5 years and until this past summer the service\nwas great i would get 4-5 bars with 4G and I was perfectly fine with that.\nThen when AT&amp;T; upgraded the tower to 4G LTE now i only get 1-2 bars and\nthe data is really slow. I has been months and AT&amp;T; has said that they\nwill fix the issue or they will research what has happened. Still no fix 5\nmonths later. I gets really irritating to be told by Customer Service,\nMobility Team, and Tech Support that the problem will be fixed very soon. Very\nsoon doesnt mean 5 months its means a few weeks. If AT&amp;T; isn't going to\nfix the problem then just let me know so that I can look for other companies\nwho actually care and want my service and will try to fix it if there is an\nissue. Why do they have to have the worst customer service who always just\nredirect the question or they just say \"I'm sorry I don't have access to that\ninfomation, let me transfer you to someone who can further assist you.\" with\nthat person ending up doing the same thing. Try to actually help fix the\nproblem is all I have to say.\n\n",
  "docLength" : 0,
  "language" : "EN",
  "status" : "READY",
  "modifiedDate" : 1488750602089,
  "documentSet" : [ ],
  "preannotation" : [ "PRE_LW" ],
  "sentences" : [ {
    "id" : "s0",
    "begin" : 0,
    "end" : 32,
    "text" : "AT&amp;T; Can't Fix Any Problems",
    "tokens" : [ {
      "id" : "s0-t0",
      "begin" : 0,
      "end" : 2,
      "text" : "AT",
      "whiteSpace" : false
    }, {
      "id" : "s0-t1",
      "begin" : 2,
      "end" : 7,
      "text" : "&amp;",
      "whiteSpace" : false
    }, {
      "id" : "s0-t2",
      "begin" : 7,
      "end" : 9,
      "text" : "T;",
      "whiteSpace" : false
    }, {
      "id" : "s0-t3",
      "begin" : 10,
      "end" : 12,
      "text" : "Ca",
      "whiteSpace" : false
    }, {
      "id" : "s0-t4",
      "begin" : 12,
      "end" : 15,
      "text" : "n't",
      "whiteSpace" : false
    }, {
      "id" : "s0-t5",
      "begin" : 16,
      "end" : 19,
      "text" : "Fix",
      "whiteSpace" : false
    }, {
      "id" : "s0-t6",
      "begin" : 20,
      "end" : 23,
      "text" : "Any",
      "whiteSpace" : false
    }, {
      "id" : "s0-t7",
      "begin" : 24,
      "end" : 32,
      "text" : "Problems",
      "whiteSpace" : false
    } ]
  }, {
    "id" : "s1",
    "begin" : 34,
    "end" : 184,
    "text" : "I have lived in Missouri for 5 years and until this past summer the service\nwas great i would get 4-5 bars with 4G and I was perfectly fine with that.",
    "tokens" : [ {
      "id" : "s1-t0",
      "begin" : 34,
      "end" : 35,
      "text" : "I",
      "whiteSpace" : false
    }, {
      "id" : "s1-t1",
      "begin" : 36,
      "end" : 40,
      "text" : "have",
      "whiteSpace" : false
    }, {
      "id" : "s1-t2",
      "begin" : 41,
      "end" : 46,
      "text" : "lived",
      "whiteSpace" : false
    }, {
      "id" : "s1-t3",
      "begin" : 47,
      "end" : 49,
      "text" : "in",
      "whiteSpace" : false
    }, {
      "id" : "s1-t4",
      "begin" : 50,
      "end" : 58,
      "text" : "Missouri",
      "whiteSpace" : false
    }, {
      "id" : "s1-t5",
      "begin" : 59,
      "end" : 62,
      "text" : "for",
      "whiteSpace" : false
    }, {
      "id" : "s1-t6",
      "begin" : 63,
      "end" : 64,
      "text" : "5",
      "whiteSpace" : false
    }, {
      "id" : "s1-t7",
      "begin" : 65,
      "end" : 70,
      "text" : "years",
      "whiteSpace" : false
    }, {
      "id" : "s1-t8",
      "begin" : 71,
      "end" : 74,
      "text" : "and",
      "whiteSpace" : false
    }, {
      "id" : "s1-t9",
      "begin" : 75,
      "end" : 80,
      "text" : "until",
      "whiteSpace" : false
    }, {
      "id" : "s1-t10",
      "begin" : 81,
      "end" : 85,
      "text" : "this",
      "whiteSpace" : false
    }, {
      "id" : "s1-t11",
      "begin" : 86,
      "end" : 90,
      "text" : "past",
      "whiteSpace" : false
    }, {
      "id" : "s1-t12",
      "begin" : 91,
      "end" : 97,
      "text" : "summer",
      "whiteSpace" : false
    }, {
      "id" : "s1-t13",
      "begin" : 98,
      "end" : 101,
      "text" : "the",
      "whiteSpace" : false
    }, {
      "id" : "s1-t14",
      "begin" : 102,
      "end" : 109,
      "text" : "service",
      "whiteSpace" : false
    }, {
      "id" : "s1-t15",
      "begin" : 110,
      "end" : 113,
      "text" : "was",
      "whiteSpace" : false
    }, {
      "id" : "s1-t16",
      "begin" : 114,
      "end" : 119,
      "text" : "great",
      "whiteSpace" : false
    }, {
      "id" : "s1-t17",
      "begin" : 120,
      "end" : 121,
      "text" : "i",
      "whiteSpace" : false
    }, {
      "id" : "s1-t18",
      "begin" : 122,
      "end" : 127,
      "text" : "would",
      "whiteSpace" : false
    }, {
      "id" : "s1-t19",
      "begin" : 128,
      "end" : 131,
      "text" : "get",
      "whiteSpace" : false
    }, {
      "id" : "s1-t20",
      "begin" : 132,
      "end" : 135,
      "text" : "4-5",
      "whiteSpace" : false
    }, {
      "id" : "s1-t21",
      "begin" : 136,
      "end" : 140,
      "text" : "bars",
      "whiteSpace" : false
    }, {
      "id" : "s1-t22",
      "begin" : 141,
      "end" : 145,
      "text" : "with",
      "whiteSpace" : false
    }, {
      "id" : "s1-t23",
      "begin" : 146,
      "end" : 148,
      "text" : "4G",
      "whiteSpace" : false
    }, {
      "id" : "s1-t24",
      "begin" : 149,
      "end" : 152,
      "text" : "and",
      "whiteSpace" : false
    }, {
      "id" : "s1-t25",
      "begin" : 153,
      "end" : 154,
      "text" : "I",
      "whiteSpace" : false
    }, {
      "id" : "s1-t26",
      "begin" : 155,
      "end" : 158,
      "text" : "was",
      "whiteSpace" : false
    }, {
      "id" : "s1-t27",
      "begin" : 159,
      "end" : 168,
      "text" : "perfectly",
      "whiteSpace" : false
    }, {
      "id" : "s1-t28",
      "begin" : 169,
      "end" : 173,
      "text" : "fine",
      "whiteSpace" : false
    }, {
      "id" : "s1-t29",
      "begin" : 174,
      "end" : 178,
      "text" : "with",
      "whiteSpace" : false
    }, {
      "id" : "s1-t30",
      "begin" : 179,
      "end" : 183,
      "text" : "that",
      "whiteSpace" : false
    }, {
      "id" : "s1-t31",
      "begin" : 183,
      "end" : 184,
      "text" : ".",
      "whiteSpace" : false
    } ]
  }, {
    "id" : "s2",
    "begin" : 185,
    "end" : 286,
    "text" : "Then when AT&amp;T; upgraded the tower to 4G LTE now i only get 1-2 bars and\nthe data is really slow.",
    "tokens" : [ {
      "id" : "s2-t0",
      "begin" : 185,
      "end" : 189,
      "text" : "Then",
      "whiteSpace" : false
    }, {
      "id" : "s2-t1",
      "begin" : 190,
      "end" : 194,
      "text" : "when",
      "whiteSpace" : false
    }, {
      "id" : "s2-t2",
      "begin" : 195,
      "end" : 197,
      "text" : "AT",
      "whiteSpace" : false
    }, {
      "id" : "s2-t3",
      "begin" : 197,
      "end" : 202,
      "text" : "&amp;",
      "whiteSpace" : false
    }, {
      "id" : "s2-t4",
      "begin" : 202,
      "end" : 204,
      "text" : "T;",
      "whiteSpace" : false
    }, {
      "id" : "s2-t5",
      "begin" : 205,
      "end" : 213,
      "text" : "upgraded",
      "whiteSpace" : false
    }, {
      "id" : "s2-t6",
      "begin" : 214,
      "end" : 217,
      "text" : "the",
      "whiteSpace" : false
    }, {
      "id" : "s2-t7",
      "begin" : 218,
      "end" : 223,
      "text" : "tower",
      "whiteSpace" : false
    }, {
      "id" : "s2-t8",
      "begin" : 224,
      "end" : 226,
      "text" : "to",
      "whiteSpace" : false
    }, {
      "id" : "s2-t9",
      "begin" : 227,
      "end" : 229,
      "text" : "4G",
      "whiteSpace" : false
    }, {
      "id" : "s2-t10",
      "begin" : 230,
      "end" : 233,
      "text" : "LTE",
      "whiteSpace" : false
    }, {
      "id" : "s2-t11",
      "begin" : 234,
      "end" : 237,
      "text" : "now",
      "whiteSpace" : false
    }, {
      "id" : "s2-t12",
      "begin" : 238,
      "end" : 239,
      "text" : "i",
      "whiteSpace" : false
    }, {
      "id" : "s2-t13",
      "begin" : 240,
      "end" : 244,
      "text" : "only",
      "whiteSpace" : false
    }, {
      "id" : "s2-t14",
      "begin" : 245,
      "end" : 248,
      "text" : "get",
      "whiteSpace" : false
    }, {
      "id" : "s2-t15",
      "begin" : 249,
      "end" : 252,
      "text" : "1-2",
      "whiteSpace" : false
    }, {
      "id" : "s2-t16",
      "begin" : 253,
      "end" : 257,
      "text" : "bars",
      "whiteSpace" : false
    }, {
      "id" : "s2-t17",
      "begin" : 258,
      "end" : 261,
      "text" : "and",
      "whiteSpace" : false
    }, {
      "id" : "s2-t18",
      "begin" : 262,
      "end" : 265,
      "text" : "the",
      "whiteSpace" : false
    }, {
      "id" : "s2-t19",
      "begin" : 266,
      "end" : 270,
      "text" : "data",
      "whiteSpace" : false
    }, {
      "id" : "s2-t20",
      "begin" : 271,
      "end" : 273,
      "text" : "is",
      "whiteSpace" : false
    }, {
      "id" : "s2-t21",
      "begin" : 274,
      "end" : 280,
      "text" : "really",
      "whiteSpace" : false
    }, {
      "id" : "s2-t22",
      "begin" : 281,
      "end" : 285,
      "text" : "slow",
      "whiteSpace" : false
    }, {
      "id" : "s2-t23",
      "begin" : 285,
      "end" : 286,
      "text" : ".",
      "whiteSpace" : false
    } ]
  }, {
    "id" : "s3",
    "begin" : 287,
    "end" : 397,
    "text" : "I has been months and AT&amp;T; has said that they\nwill fix the issue or they will research what has happened.",
    "tokens" : [ {
      "id" : "s3-t0",
      "begin" : 287,
      "end" : 288,
      "text" : "I",
      "whiteSpace" : false
    }, {
      "id" : "s3-t1",
      "begin" : 289,
      "end" : 292,
      "text" : "has",
      "whiteSpace" : false
    }, {
      "id" : "s3-t2",
      "begin" : 293,
      "end" : 297,
      "text" : "been",
      "whiteSpace" : false
    }, {
      "id" : "s3-t3",
      "begin" : 298,
      "end" : 304,
      "text" : "months",
      "whiteSpace" : false
    }, {
      "id" : "s3-t4",
      "begin" : 305,
      "end" : 308,
      "text" : "and",
      "whiteSpace" : false
    }, {
      "id" : "s3-t5",
      "begin" : 309,
      "end" : 311,
      "text" : "AT",
      "whiteSpace" : false
    }, {
      "id" : "s3-t6",
      "begin" : 311,
      "end" : 316,
      "text" : "&amp;",
      "whiteSpace" : false
    }, {
      "id" : "s3-t7",
      "begin" : 316,
      "end" : 318,
      "text" : "T;",
      "whiteSpace" : false
    }, {
      "id" : "s3-t8",
      "begin" : 319,
      "end" : 322,
      "text" : "has",
      "whiteSpace" : false
    }, {
      "id" : "s3-t9",
      "begin" : 323,
      "end" : 327,
      "text" : "said",
      "whiteSpace" : false
    }, {
      "id" : "s3-t10",
      "begin" : 328,
      "end" : 332,
      "text" : "that",
      "whiteSpace" : false
    }, {
      "id" : "s3-t11",
      "begin" : 333,
      "end" : 337,
      "text" : "they",
      "whiteSpace" : false
    }, {
      "id" : "s3-t12",
      "begin" : 338,
      "end" : 342,
      "text" : "will",
      "whiteSpace" : false
    }, {
      "id" : "s3-t13",
      "begin" : 343,
      "end" : 346,
      "text" : "fix",
      "whiteSpace" : false
    }, {
      "id" : "s3-t14",
      "begin" : 347,
      "end" : 350,
      "text" : "the",
      "whiteSpace" : false
    }, {
      "id" : "s3-t15",
      "begin" : 351,
      "end" : 356,
      "text" : "issue",
      "whiteSpace" : false
    }, {
      "id" : "s3-t16",
      "begin" : 357,
      "end" : 359,
      "text" : "or",
      "whiteSpace" : false
    }, {
      "id" : "s3-t17",
      "begin" : 360,
      "end" : 364,
      "text" : "they",
      "whiteSpace" : false
    }, {
      "id" : "s3-t18",
      "begin" : 365,
      "end" : 369,
      "text" : "will",
      "whiteSpace" : false
    }, {
      "id" : "s3-t19",
      "begin" : 370,
      "end" : 378,
      "text" : "research",
      "whiteSpace" : false
    }, {
      "id" : "s3-t20",
      "begin" : 379,
      "end" : 383,
      "text" : "what",
      "whiteSpace" : false
    }, {
      "id" : "s3-t21",
      "begin" : 384,
      "end" : 387,
      "text" : "has",
      "whiteSpace" : false
    }, {
      "id" : "s3-t22",
      "begin" : 388,
      "end" : 396,
      "text" : "happened",
      "whiteSpace" : false
    }, {
      "id" : "s3-t23",
      "begin" : 396,
      "end" : 397,
      "text" : ".",
      "whiteSpace" : false
    } ]
  }, {
    "id" : "s4",
    "begin" : 398,
    "end" : 426,
    "text" : "Still no fix 5\nmonths later.",
    "tokens" : [ {
      "id" : "s4-t0",
      "begin" : 398,
      "end" : 403,
      "text" : "Still",
      "whiteSpace" : false
    }, {
      "id" : "s4-t1",
      "begin" : 404,
      "end" : 406,
      "text" : "no",
      "whiteSpace" : false
    }, {
      "id" : "s4-t2",
      "begin" : 407,
      "end" : 410,
      "text" : "fix",
      "whiteSpace" : false
    }, {
      "id" : "s4-t3",
      "begin" : 411,
      "end" : 412,
      "text" : "5",
      "whiteSpace" : false
    }, {
      "id" : "s4-t4",
      "begin" : 413,
      "end" : 419,
      "text" : "months",
      "whiteSpace" : false
    }, {
      "id" : "s4-t5",
      "begin" : 420,
      "end" : 425,
      "text" : "later",
      "whiteSpace" : false
    }, {
      "id" : "s4-t6",
      "begin" : 425,
      "end" : 426,
      "text" : ".",
      "whiteSpace" : false
    } ]
  }, {
    "id" : "s5",
    "begin" : 427,
    "end" : 557,
    "text" : "I gets really irritating to be told by Customer Service,\nMobility Team, and Tech Support that the problem will be fixed very soon.",
    "tokens" : [ {
      "id" : "s5-t0",
      "begin" : 427,
      "end" : 428,
      "text" : "I",
      "whiteSpace" : false
    }, {
      "id" : "s5-t1",
      "begin" : 429,
      "end" : 433,
      "text" : "gets",
      "whiteSpace" : false
    }, {
      "id" : "s5-t2",
      "begin" : 434,
      "end" : 440,
      "text" : "really",
      "whiteSpace" : false
    }, {
      "id" : "s5-t3",
      "begin" : 441,
      "end" : 451,
      "text" : "irritating",
      "whiteSpace" : false
    }, {
      "id" : "s5-t4",
      "begin" : 452,
      "end" : 454,
      "text" : "to",
      "whiteSpace" : false
    }, {
      "id" : "s5-t5",
      "begin" : 455,
      "end" : 457,
      "text" : "be",
      "whiteSpace" : false
    }, {
      "id" : "s5-t6",
      "begin" : 458,
      "end" : 462,
      "text" : "told",
      "whiteSpace" : false
    }, {
      "id" : "s5-t7",
      "begin" : 463,
      "end" : 465,
      "text" : "by",
      "whiteSpace" : false
    }, {
      "id" : "s5-t8",
      "begin" : 466,
      "end" : 474,
      "text" : "Customer",
      "whiteSpace" : false
    }, {
      "id" : "s5-t9",
      "begin" : 475,
      "end" : 482,
      "text" : "Service",
      "whiteSpace" : false
    }, {
      "id" : "s5-t10",
      "begin" : 482,
      "end" : 483,
      "text" : ",",
      "whiteSpace" : false
    }, {
      "id" : "s5-t11",
      "begin" : 484,
      "end" : 492,
      "text" : "Mobility",
      "whiteSpace" : false
    }, {
      "id" : "s5-t12",
      "begin" : 493,
      "end" : 497,
      "text" : "Team",
      "whiteSpace" : false
    }, {
      "id" : "s5-t13",
      "begin" : 497,
      "end" : 498,
      "text" : ",",
      "whiteSpace" : false
    }, {
      "id" : "s5-t14",
      "begin" : 499,
      "end" : 502,
      "text" : "and",
      "whiteSpace" : false
    }, {
      "id" : "s5-t15",
      "begin" : 503,
      "end" : 507,
      "text" : "Tech",
      "whiteSpace" : false
    }, {
      "id" : "s5-t16",
      "begin" : 508,
      "end" : 515,
      "text" : "Support",
      "whiteSpace" : false
    }, {
      "id" : "s5-t17",
      "begin" : 516,
      "end" : 520,
      "text" : "that",
      "whiteSpace" : false
    }, {
      "id" : "s5-t18",
      "begin" : 521,
      "end" : 524,
      "text" : "the",
      "whiteSpace" : false
    }, {
      "id" : "s5-t19",
      "begin" : 525,
      "end" : 532,
      "text" : "problem",
      "whiteSpace" : false
    }, {
      "id" : "s5-t20",
      "begin" : 533,
      "end" : 537,
      "text" : "will",
      "whiteSpace" : false
    }, {
      "id" : "s5-t21",
      "begin" : 538,
      "end" : 540,
      "text" : "be",
      "whiteSpace" : false
    }, {
      "id" : "s5-t22",
      "begin" : 541,
      "end" : 546,
      "text" : "fixed",
      "whiteSpace" : false
    }, {
      "id" : "s5-t23",
      "begin" : 547,
      "end" : 551,
      "text" : "very",
      "whiteSpace" : false
    }, {
      "id" : "s5-t24",
      "begin" : 552,
      "end" : 556,
      "text" : "soon",
      "whiteSpace" : false
    }, {
      "id" : "s5-t25",
      "begin" : 556,
      "end" : 557,
      "text" : ".",
      "whiteSpace" : false
    } ]
  }, {
    "id" : "s6",
    "begin" : 558,
    "end" : 611,
    "text" : "Very\nsoon doesnt mean 5 months its means a few weeks.",
    "tokens" : [ {
      "id" : "s6-t0",
      "begin" : 558,
      "end" : 562,
      "text" : "Very",
      "whiteSpace" : false
    }, {
      "id" : "s6-t1",
      "begin" : 563,
      "end" : 567,
      "text" : "soon",
      "whiteSpace" : false
    }, {
      "id" : "s6-t2",
      "begin" : 568,
      "end" : 574,
      "text" : "doesnt",
      "whiteSpace" : false
    }, {
      "id" : "s6-t3",
      "begin" : 575,
      "end" : 579,
      "text" : "mean",
      "whiteSpace" : false
    }, {
      "id" : "s6-t4",
      "begin" : 580,
      "end" : 581,
      "text" : "5",
      "whiteSpace" : false
    }, {
      "id" : "s6-t5",
      "begin" : 582,
      "end" : 588,
      "text" : "months",
      "whiteSpace" : false
    }, {
      "id" : "s6-t6",
      "begin" : 589,
      "end" : 592,
      "text" : "its",
      "whiteSpace" : false
    }, {
      "id" : "s6-t7",
      "begin" : 593,
      "end" : 598,
      "text" : "means",
      "whiteSpace" : false
    }, {
      "id" : "s6-t8",
      "begin" : 599,
      "end" : 600,
      "text" : "a",
      "whiteSpace" : false
    }, {
      "id" : "s6-t9",
      "begin" : 601,
      "end" : 604,
      "text" : "few",
      "whiteSpace" : false
    }, {
      "id" : "s6-t10",
      "begin" : 605,
      "end" : 610,
      "text" : "weeks",
      "whiteSpace" : false
    }, {
      "id" : "s6-t11",
      "begin" : 610,
      "end" : 611,
      "text" : ".",
      "whiteSpace" : false
    } ]
  }, {
    "id" : "s7",
    "begin" : 612,
    "end" : 799,
    "text" : "If AT&amp;T; isn't going to\nfix the problem then just let me know so that I can look for other companies\nwho actually care and want my service and will try to fix it if there is an\nissue.",
    "tokens" : [ {
      "id" : "s7-t0",
      "begin" : 612,
      "end" : 614,
      "text" : "If",
      "whiteSpace" : false
    }, {
      "id" : "s7-t1",
      "begin" : 615,
      "end" : 617,
      "text" : "AT",
      "whiteSpace" : false
    }, {
      "id" : "s7-t2",
      "begin" : 617,
      "end" : 622,
      "text" : "&amp;",
      "whiteSpace" : false
    }, {
      "id" : "s7-t3",
      "begin" : 622,
      "end" : 624,
      "text" : "T;",
      "whiteSpace" : false
    }, {
      "id" : "s7-t4",
      "begin" : 625,
      "end" : 627,
      "text" : "is",
      "whiteSpace" : false
    }, {
      "id" : "s7-t5",
      "begin" : 627,
      "end" : 630,
      "text" : "n't",
      "whiteSpace" : false
    }, {
      "id" : "s7-t6",
      "begin" : 631,
      "end" : 636,
      "text" : "going",
      "whiteSpace" : false
    }, {
      "id" : "s7-t7",
      "begin" : 637,
      "end" : 639,
      "text" : "to",
      "whiteSpace" : false
    }, {
      "id" : "s7-t8",
      "begin" : 640,
      "end" : 643,
      "text" : "fix",
      "whiteSpace" : false
    }, {
      "id" : "s7-t9",
      "begin" : 644,
      "end" : 647,
      "text" : "the",
      "whiteSpace" : false
    }, {
      "id" : "s7-t10",
      "begin" : 648,
      "end" : 655,
      "text" : "problem",
      "whiteSpace" : false
    }, {
      "id" : "s7-t11",
      "begin" : 656,
      "end" : 660,
      "text" : "then",
      "whiteSpace" : false
    }, {
      "id" : "s7-t12",
      "begin" : 661,
      "end" : 665,
      "text" : "just",
      "whiteSpace" : false
    }, {
      "id" : "s7-t13",
      "begin" : 666,
      "end" : 669,
      "text" : "let",
      "whiteSpace" : false
    }, {
      "id" : "s7-t14",
      "begin" : 670,
      "end" : 672,
      "text" : "me",
      "whiteSpace" : false
    }, {
      "id" : "s7-t15",
      "begin" : 673,
      "end" : 677,
      "text" : "know",
      "whiteSpace" : false
    }, {
      "id" : "s7-t16",
      "begin" : 678,
      "end" : 680,
      "text" : "so",
      "whiteSpace" : false
    }, {
      "id" : "s7-t17",
      "begin" : 681,
      "end" : 685,
      "text" : "that",
      "whiteSpace" : false
    }, {
      "id" : "s7-t18",
      "begin" : 686,
      "end" : 687,
      "text" : "I",
      "whiteSpace" : false
    }, {
      "id" : "s7-t19",
      "begin" : 688,
      "end" : 691,
      "text" : "can",
      "whiteSpace" : false
    }, {
      "id" : "s7-t20",
      "begin" : 692,
      "end" : 696,
      "text" : "look",
      "whiteSpace" : false
    }, {
      "id" : "s7-t21",
      "begin" : 697,
      "end" : 700,
      "text" : "for",
      "whiteSpace" : false
    }, {
      "id" : "s7-t22",
      "begin" : 701,
      "end" : 706,
      "text" : "other",
      "whiteSpace" : false
    }, {
      "id" : "s7-t23",
      "begin" : 707,
      "end" : 716,
      "text" : "companies",
      "whiteSpace" : false
    }, {
      "id" : "s7-t24",
      "begin" : 717,
      "end" : 720,
      "text" : "who",
      "whiteSpace" : false
    }, {
      "id" : "s7-t25",
      "begin" : 721,
      "end" : 729,
      "text" : "actually",
      "whiteSpace" : false
    }, {
      "id" : "s7-t26",
      "begin" : 730,
      "end" : 734,
      "text" : "care",
      "whiteSpace" : false
    }, {
      "id" : "s7-t27",
      "begin" : 735,
      "end" : 738,
      "text" : "and",
      "whiteSpace" : false
    }, {
      "id" : "s7-t28",
      "begin" : 739,
      "end" : 743,
      "text" : "want",
      "whiteSpace" : false
    }, {
      "id" : "s7-t29",
      "begin" : 744,
      "end" : 746,
      "text" : "my",
      "whiteSpace" : false
    }, {
      "id" : "s7-t30",
      "begin" : 747,
      "end" : 754,
      "text" : "service",
      "whiteSpace" : false
    }, {
      "id" : "s7-t31",
      "begin" : 755,
      "end" : 758,
      "text" : "and",
      "whiteSpace" : false
    }, {
      "id" : "s7-t32",
      "begin" : 759,
      "end" : 763,
      "text" : "will",
      "whiteSpace" : false
    }, {
      "id" : "s7-t33",
      "begin" : 764,
      "end" : 767,
      "text" : "try",
      "whiteSpace" : false
    }, {
      "id" : "s7-t34",
      "begin" : 768,
      "end" : 770,
      "text" : "to",
      "whiteSpace" : false
    }, {
      "id" : "s7-t35",
      "begin" : 771,
      "end" : 774,
      "text" : "fix",
      "whiteSpace" : false
    }, {
      "id" : "s7-t36",
      "begin" : 775,
      "end" : 777,
      "text" : "it",
      "whiteSpace" : false
    }, {
      "id" : "s7-t37",
      "begin" : 778,
      "end" : 780,
      "text" : "if",
      "whiteSpace" : false
    }, {
      "id" : "s7-t38",
      "begin" : 781,
      "end" : 786,
      "text" : "there",
      "whiteSpace" : false
    }, {
      "id" : "s7-t39",
      "begin" : 787,
      "end" : 789,
      "text" : "is",
      "whiteSpace" : false
    }, {
      "id" : "s7-t40",
      "begin" : 790,
      "end" : 792,
      "text" : "an",
      "whiteSpace" : false
    }, {
      "id" : "s7-t41",
      "begin" : 793,
      "end" : 798,
      "text" : "issue",
      "whiteSpace" : false
    }, {
      "id" : "s7-t42",
      "begin" : 798,
      "end" : 799,
      "text" : ".",
      "whiteSpace" : false
    } ]
  }, {
    "id" : "s8",
    "begin" : 800,
    "end" : 1016,
    "text" : "Why do they have to have the worst customer service who always just\nredirect the question or they just say \"I'm sorry I don't have access to that\ninfomation, let me transfer you to someone who can further assist you.",
    "tokens" : [ {
      "id" : "s8-t0",
      "begin" : 800,
      "end" : 803,
      "text" : "Why",
      "whiteSpace" : false
    }, {
      "id" : "s8-t1",
      "begin" : 804,
      "end" : 806,
      "text" : "do",
      "whiteSpace" : false
    }, {
      "id" : "s8-t2",
      "begin" : 807,
      "end" : 811,
      "text" : "they",
      "whiteSpace" : false
    }, {
      "id" : "s8-t3",
      "begin" : 812,
      "end" : 816,
      "text" : "have",
      "whiteSpace" : false
    }, {
      "id" : "s8-t4",
      "begin" : 817,
      "end" : 819,
      "text" : "to",
      "whiteSpace" : false
    }, {
      "id" : "s8-t5",
      "begin" : 820,
      "end" : 824,
      "text" : "have",
      "whiteSpace" : false
    }, {
      "id" : "s8-t6",
      "begin" : 825,
      "end" : 828,
      "text" : "the",
      "whiteSpace" : false
    }, {
      "id" : "s8-t7",
      "begin" : 829,
      "end" : 834,
      "text" : "worst",
      "whiteSpace" : false
    }, {
      "id" : "s8-t8",
      "begin" : 835,
      "end" : 843,
      "text" : "customer",
      "whiteSpace" : false
    }, {
      "id" : "s8-t9",
      "begin" : 844,
      "end" : 851,
      "text" : "service",
      "whiteSpace" : false
    }, {
      "id" : "s8-t10",
      "begin" : 852,
      "end" : 855,
      "text" : "who",
      "whiteSpace" : false
    }, {
      "id" : "s8-t11",
      "begin" : 856,
      "end" : 862,
      "text" : "always",
      "whiteSpace" : false
    }, {
      "id" : "s8-t12",
      "begin" : 863,
      "end" : 867,
      "text" : "just",
      "whiteSpace" : false
    }, {
      "id" : "s8-t13",
      "begin" : 868,
      "end" : 876,
      "text" : "redirect",
      "whiteSpace" : false
    }, {
      "id" : "s8-t14",
      "begin" : 877,
      "end" : 880,
      "text" : "the",
      "whiteSpace" : false
    }, {
      "id" : "s8-t15",
      "begin" : 881,
      "end" : 889,
      "text" : "question",
      "whiteSpace" : false
    }, {
      "id" : "s8-t16",
      "begin" : 890,
      "end" : 892,
      "text" : "or",
      "whiteSpace" : false
    }, {
      "id" : "s8-t17",
      "begin" : 893,
      "end" : 897,
      "text" : "they",
      "whiteSpace" : false
    }, {
      "id" : "s8-t18",
      "begin" : 898,
      "end" : 902,
      "text" : "just",
      "whiteSpace" : false
    }, {
      "id" : "s8-t19",
      "begin" : 903,
      "end" : 906,
      "text" : "say",
      "whiteSpace" : false
    }, {
      "id" : "s8-t20",
      "begin" : 907,
      "end" : 908,
      "text" : "\"",
      "whiteSpace" : false
    }, {
      "id" : "s8-t21",
      "begin" : 908,
      "end" : 909,
      "text" : "I",
      "whiteSpace" : false
    }, {
      "id" : "s8-t22",
      "begin" : 909,
      "end" : 911,
      "text" : "'m",
      "whiteSpace" : false
    }, {
      "id" : "s8-t23",
      "begin" : 912,
      "end" : 917,
      "text" : "sorry",
      "whiteSpace" : false
    }, {
      "id" : "s8-t24",
      "begin" : 918,
      "end" : 919,
      "text" : "I",
      "whiteSpace" : false
    }, {
      "id" : "s8-t25",
      "begin" : 920,
      "end" : 922,
      "text" : "do",
      "whiteSpace" : false
    }, {
      "id" : "s8-t26",
      "begin" : 922,
      "end" : 925,
      "text" : "n't",
      "whiteSpace" : false
    }, {
      "id" : "s8-t27",
      "begin" : 926,
      "end" : 930,
      "text" : "have",
      "whiteSpace" : false
    }, {
      "id" : "s8-t28",
      "begin" : 931,
      "end" : 937,
      "text" : "access",
      "whiteSpace" : false
    }, {
      "id" : "s8-t29",
      "begin" : 938,
      "end" : 940,
      "text" : "to",
      "whiteSpace" : false
    }, {
      "id" : "s8-t30",
      "begin" : 941,
      "end" : 945,
      "text" : "that",
      "whiteSpace" : false
    }, {
      "id" : "s8-t31",
      "begin" : 946,
      "end" : 956,
      "text" : "infomation",
      "whiteSpace" : false
    }, {
      "id" : "s8-t32",
      "begin" : 956,
      "end" : 957,
      "text" : ",",
      "whiteSpace" : false
    }, {
      "id" : "s8-t33",
      "begin" : 958,
      "end" : 961,
      "text" : "let",
      "whiteSpace" : false
    }, {
      "id" : "s8-t34",
      "begin" : 962,
      "end" : 964,
      "text" : "me",
      "whiteSpace" : false
    }, {
      "id" : "s8-t35",
      "begin" : 965,
      "end" : 973,
      "text" : "transfer",
      "whiteSpace" : false
    }, {
      "id" : "s8-t36",
      "begin" : 974,
      "end" : 977,
      "text" : "you",
      "whiteSpace" : false
    }, {
      "id" : "s8-t37",
      "begin" : 978,
      "end" : 980,
      "text" : "to",
      "whiteSpace" : false
    }, {
      "id" : "s8-t38",
      "begin" : 981,
      "end" : 988,
      "text" : "someone",
      "whiteSpace" : false
    }, {
      "id" : "s8-t39",
      "begin" : 989,
      "end" : 992,
      "text" : "who",
      "whiteSpace" : false
    }, {
      "id" : "s8-t40",
      "begin" : 993,
      "end" : 996,
      "text" : "can",
      "whiteSpace" : false
    }, {
      "id" : "s8-t41",
      "begin" : 997,
      "end" : 1004,
      "text" : "further",
      "whiteSpace" : false
    }, {
      "id" : "s8-t42",
      "begin" : 1005,
      "end" : 1011,
      "text" : "assist",
      "whiteSpace" : false
    }, {
      "id" : "s8-t43",
      "begin" : 1012,
      "end" : 1015,
      "text" : "you",
      "whiteSpace" : false
    }, {
      "id" : "s8-t44",
      "begin" : 1015,
      "end" : 1016,
      "text" : ".",
      "whiteSpace" : false
    } ]
  }, {
    "id" : "s9",
    "begin" : 1016,
    "end" : 1066,
    "text" : "\" with\nthat person ending up doing the same thing.",
    "tokens" : [ {
      "id" : "s9-t0",
      "begin" : 1016,
      "end" : 1017,
      "text" : "\"",
      "whiteSpace" : false
    }, {
      "id" : "s9-t1",
      "begin" : 1018,
      "end" : 1022,
      "text" : "with",
      "whiteSpace" : false
    }, {
      "id" : "s9-t2",
      "begin" : 1023,
      "end" : 1027,
      "text" : "that",
      "whiteSpace" : false
    }, {
      "id" : "s9-t3",
      "begin" : 1028,
      "end" : 1034,
      "text" : "person",
      "whiteSpace" : false
    }, {
      "id" : "s9-t4",
      "begin" : 1035,
      "end" : 1041,
      "text" : "ending",
      "whiteSpace" : false
    }, {
      "id" : "s9-t5",
      "begin" : 1042,
      "end" : 1044,
      "text" : "up",
      "whiteSpace" : false
    }, {
      "id" : "s9-t6",
      "begin" : 1045,
      "end" : 1050,
      "text" : "doing",
      "whiteSpace" : false
    }, {
      "id" : "s9-t7",
      "begin" : 1051,
      "end" : 1054,
      "text" : "the",
      "whiteSpace" : false
    }, {
      "id" : "s9-t8",
      "begin" : 1055,
      "end" : 1059,
      "text" : "same",
      "whiteSpace" : false
    }, {
      "id" : "s9-t9",
      "begin" : 1060,
      "end" : 1065,
      "text" : "thing",
      "whiteSpace" : false
    }, {
      "id" : "s9-t10",
      "begin" : 1065,
      "end" : 1066,
      "text" : ".",
      "whiteSpace" : false
    } ]
  }, {
    "id" : "s10",
    "begin" : 1067,
    "end" : 1125,
    "text" : "Try to actually help fix the\nproblem is all I have to say.",
    "tokens" : [ {
      "id" : "s10-t0",
      "begin" : 1067,
      "end" : 1070,
      "text" : "Try",
      "whiteSpace" : false
    }, {
      "id" : "s10-t1",
      "begin" : 1071,
      "end" : 1073,
      "text" : "to",
      "whiteSpace" : false
    }, {
      "id" : "s10-t2",
      "begin" : 1074,
      "end" : 1082,
      "text" : "actually",
      "whiteSpace" : false
    }, {
      "id" : "s10-t3",
      "begin" : 1083,
      "end" : 1087,
      "text" : "help",
      "whiteSpace" : false
    }, {
      "id" : "s10-t4",
      "begin" : 1088,
      "end" : 1091,
      "text" : "fix",
      "whiteSpace" : false
    }, {
      "id" : "s10-t5",
      "begin" : 1092,
      "end" : 1095,
      "text" : "the",
      "whiteSpace" : false
    }, {
      "id" : "s10-t6",
      "begin" : 1096,
      "end" : 1103,
      "text" : "problem",
      "whiteSpace" : false
    }, {
      "id" : "s10-t7",
      "begin" : 1104,
      "end" : 1106,
      "text" : "is",
      "whiteSpace" : false
    }, {
      "id" : "s10-t8",
      "begin" : 1107,
      "end" : 1110,
      "text" : "all",
      "whiteSpace" : false
    }, {
      "id" : "s10-t9",
      "begin" : 1111,
      "end" : 1112,
      "text" : "I",
      "whiteSpace" : false
    }, {
      "id" : "s10-t10",
      "begin" : 1113,
      "end" : 1117,
      "text" : "have",
      "whiteSpace" : false
    }, {
      "id" : "s10-t11",
      "begin" : 1118,
      "end" : 1120,
      "text" : "to",
      "whiteSpace" : false
    }, {
      "id" : "s10-t12",
      "begin" : 1121,
      "end" : 1124,
      "text" : "say",
      "whiteSpace" : false
    }, {
      "id" : "s10-t13",
      "begin" : 1124,
      "end" : 1125,
      "text" : ".",
      "whiteSpace" : false
    } ]
  } ],
  "mentions" : [ {
    "id" : "cm1",
    "properties" : {
      "SIRE_MENTION_ROLE" : "Service_Provider",
      "SIRE_ENTITY_SUBTYPE" : "NONE",
      "SIRE_MENTION_TYPE" : "NONE",
      "SIRE_MENTION_CLASS" : "SPC"
    },
    "type" : "Service_Provider",
    "begin" : 0,
    "end" : 8,
    "inCoref" : false
  }, {
    "id" : "s1-m2",
    "properties" : {
      "SIRE_MENTION_ROLE" : "Voice_Text",
      "SIRE_ENTITY_SUBTYPE" : "NONE",
      "SIRE_MENTION_TYPE" : "NONE",
      "SIRE_MENTION_CLASS" : "SPC"
    },
    "type" : "Voice_Text",
    "begin" : 136,
    "end" : 140,
    "inCoref" : false
  }, {
    "id" : "s1-m1",
    "properties" : {
      "SIRE_MENTION_ROLE" : "Internet_Connectivity",
      "SIRE_ENTITY_SUBTYPE" : "NONE",
      "SIRE_MENTION_TYPE" : "NONE",
      "SIRE_MENTION_CLASS" : "SPC"
    },
    "type" : "Internet_Connectivity",
    "begin" : 146,
    "end" : 148,
    "inCoref" : false
  }, {
    "id" : "cm2",
    "properties" : {
      "SIRE_MENTION_ROLE" : "Service_Provider",
      "SIRE_ENTITY_SUBTYPE" : "NONE",
      "SIRE_MENTION_TYPE" : "NONE",
      "SIRE_MENTION_CLASS" : "SPC"
    },
    "type" : "Service_Provider",
    "begin" : 195,
    "end" : 203,
    "inCoref" : false
  }, {
    "id" : "s3-m0",
    "properties" : {
      "SIRE_MENTION_ROLE" : "Internet_Connectivity",
      "SIRE_ENTITY_SUBTYPE" : "NONE",
      "SIRE_MENTION_TYPE" : "NONE",
      "SIRE_MENTION_CLASS" : "SPC"
    },
    "type" : "Internet_Connectivity",
    "begin" : 227,
    "end" : 229,
    "inCoref" : false
  }, {
    "id" : "s2-m3",
    "properties" : {
      "SIRE_MENTION_ROLE" : "Internet_Connectivity",
      "SIRE_ENTITY_SUBTYPE" : "NONE",
      "SIRE_MENTION_TYPE" : "NONE",
      "SIRE_MENTION_CLASS" : "SPC"
    },
    "type" : "Internet_Connectivity",
    "begin" : 230,
    "end" : 233,
    "inCoref" : false
  }, {
    "id" : "s2-m4",
    "properties" : {
      "SIRE_MENTION_ROLE" : "Internet_Connectivity",
      "SIRE_ENTITY_SUBTYPE" : "NONE",
      "SIRE_MENTION_TYPE" : "NONE",
      "SIRE_MENTION_CLASS" : "SPC"
    },
    "type" : "Internet_Connectivity",
    "begin" : 266,
    "end" : 270,
    "inCoref" : false
  }, {
    "id" : "cm3",
    "properties" : {
      "SIRE_MENTION_ROLE" : "Service_Provider",
      "SIRE_ENTITY_SUBTYPE" : "NONE",
      "SIRE_MENTION_TYPE" : "NONE",
      "SIRE_MENTION_CLASS" : "SPC"
    },
    "type" : "Service_Provider",
    "begin" : 309,
    "end" : 317,
    "inCoref" : false
  }, {
    "id" : "cm4",
    "properties" : {
      "SIRE_MENTION_ROLE" : "Service_Provider",
      "SIRE_ENTITY_SUBTYPE" : "NONE",
      "SIRE_MENTION_TYPE" : "NONE",
      "SIRE_MENTION_CLASS" : "SPC"
    },
    "type" : "Service_Provider",
    "begin" : 615,
    "end" : 623,
    "inCoref" : false
  } ],
  "relations" : [ ],
  "corefs" : [ ],
  "typeResolved" : true,
  "userResolved" : false
}