{
  "id" : "c6fffe50-feda-11e6-a381-ad3d4fae44a1-7",
  "name" : "1067c69d8113357543b74e3cae71a45a.txt",
  "version" : 3,
  "text" : "Error code 480\n\nI called at&amp;t; and the lady did some trouble shooting because I can\nreceive calls but can't make any calls and when I try I get error code 480\n\n",
  "docLength" : 0,
  "language" : "EN",
  "status" : "READY",
  "modifiedDate" : 1488750656534,
  "documentSet" : [ ],
  "preannotation" : [ "PRE_LW" ],
  "sentences" : [ {
    "id" : "s0",
    "begin" : 0,
    "end" : 14,
    "text" : "Error code 480",
    "tokens" : [ {
      "id" : "s0-t0",
      "begin" : 0,
      "end" : 5,
      "text" : "Error",
      "whiteSpace" : false
    }, {
      "id" : "s0-t1",
      "begin" : 6,
      "end" : 10,
      "text" : "code",
      "whiteSpace" : false
    }, {
      "id" : "s0-t2",
      "begin" : 11,
      "end" : 14,
      "text" : "480",
      "whiteSpace" : false
    } ]
  }, {
    "id" : "s1",
    "begin" : 16,
    "end" : 162,
    "text" : "I called at&amp;t; and the lady did some trouble shooting because I can\nreceive calls but can't make any calls and when I try I get error code 480",
    "tokens" : [ {
      "id" : "s1-t0",
      "begin" : 16,
      "end" : 17,
      "text" : "I",
      "whiteSpace" : false
    }, {
      "id" : "s1-t1",
      "begin" : 18,
      "end" : 24,
      "text" : "called",
      "whiteSpace" : false
    }, {
      "id" : "s1-t2",
      "begin" : 25,
      "end" : 27,
      "text" : "at",
      "whiteSpace" : false
    }, {
      "id" : "s1-t3",
      "begin" : 27,
      "end" : 32,
      "text" : "&amp;",
      "whiteSpace" : false
    }, {
      "id" : "s1-t4",
      "begin" : 32,
      "end" : 34,
      "text" : "t;",
      "whiteSpace" : false
    }, {
      "id" : "s1-t5",
      "begin" : 35,
      "end" : 38,
      "text" : "and",
      "whiteSpace" : false
    }, {
      "id" : "s1-t6",
      "begin" : 39,
      "end" : 42,
      "text" : "the",
      "whiteSpace" : false
    }, {
      "id" : "s1-t7",
      "begin" : 43,
      "end" : 47,
      "text" : "lady",
      "whiteSpace" : false
    }, {
      "id" : "s1-t8",
      "begin" : 48,
      "end" : 51,
      "text" : "did",
      "whiteSpace" : false
    }, {
      "id" : "s1-t9",
      "begin" : 52,
      "end" : 56,
      "text" : "some",
      "whiteSpace" : false
    }, {
      "id" : "s1-t10",
      "begin" : 57,
      "end" : 64,
      "text" : "trouble",
      "whiteSpace" : false
    }, {
      "id" : "s1-t11",
      "begin" : 65,
      "end" : 73,
      "text" : "shooting",
      "whiteSpace" : false
    }, {
      "id" : "s1-t12",
      "begin" : 74,
      "end" : 81,
      "text" : "because",
      "whiteSpace" : false
    }, {
      "id" : "s1-t13",
      "begin" : 82,
      "end" : 83,
      "text" : "I",
      "whiteSpace" : false
    }, {
      "id" : "s1-t14",
      "begin" : 84,
      "end" : 87,
      "text" : "can",
      "whiteSpace" : false
    }, {
      "id" : "s1-t15",
      "begin" : 88,
      "end" : 95,
      "text" : "receive",
      "whiteSpace" : false
    }, {
      "id" : "s1-t16",
      "begin" : 96,
      "end" : 101,
      "text" : "calls",
      "whiteSpace" : false
    }, {
      "id" : "s1-t17",
      "begin" : 102,
      "end" : 105,
      "text" : "but",
      "whiteSpace" : false
    }, {
      "id" : "s1-t18",
      "begin" : 106,
      "end" : 108,
      "text" : "ca",
      "whiteSpace" : false
    }, {
      "id" : "s1-t19",
      "begin" : 108,
      "end" : 111,
      "text" : "n't",
      "whiteSpace" : false
    }, {
      "id" : "s1-t20",
      "begin" : 112,
      "end" : 116,
      "text" : "make",
      "whiteSpace" : false
    }, {
      "id" : "s1-t21",
      "begin" : 117,
      "end" : 120,
      "text" : "any",
      "whiteSpace" : false
    }, {
      "id" : "s1-t22",
      "begin" : 121,
      "end" : 126,
      "text" : "calls",
      "whiteSpace" : false
    }, {
      "id" : "s1-t23",
      "begin" : 127,
      "end" : 130,
      "text" : "and",
      "whiteSpace" : false
    }, {
      "id" : "s1-t24",
      "begin" : 131,
      "end" : 135,
      "text" : "when",
      "whiteSpace" : false
    }, {
      "id" : "s1-t25",
      "begin" : 136,
      "end" : 137,
      "text" : "I",
      "whiteSpace" : false
    }, {
      "id" : "s1-t26",
      "begin" : 138,
      "end" : 141,
      "text" : "try",
      "whiteSpace" : false
    }, {
      "id" : "s1-t27",
      "begin" : 142,
      "end" : 143,
      "text" : "I",
      "whiteSpace" : false
    }, {
      "id" : "s1-t28",
      "begin" : 144,
      "end" : 147,
      "text" : "get",
      "whiteSpace" : false
    }, {
      "id" : "s1-t29",
      "begin" : 148,
      "end" : 153,
      "text" : "error",
      "whiteSpace" : false
    }, {
      "id" : "s1-t30",
      "begin" : 154,
      "end" : 158,
      "text" : "code",
      "whiteSpace" : false
    }, {
      "id" : "s1-t31",
      "begin" : 159,
      "end" : 162,
      "text" : "480",
      "whiteSpace" : false
    } ]
  } ],
  "mentions" : [ {
    "id" : "s1-m1",
    "properties" : {
      "SIRE_MENTION_ROLE" : "Service_Provider",
      "SIRE_ENTITY_SUBTYPE" : "NONE",
      "SIRE_MENTION_TYPE" : "NONE",
      "SIRE_MENTION_CLASS" : "SPC"
    },
    "type" : "Service_Provider",
    "begin" : 25,
    "end" : 33,
    "inCoref" : false
  }, {
    "id" : "s1-m2",
    "properties" : {
      "SIRE_MENTION_ROLE" : "Voice_Text",
      "SIRE_ENTITY_SUBTYPE" : "NONE",
      "SIRE_MENTION_TYPE" : "NONE",
      "SIRE_MENTION_CLASS" : "SPC"
    },
    "type" : "Voice_Text",
    "begin" : 96,
    "end" : 101,
    "inCoref" : false
  }, {
    "id" : "s1-m3",
    "properties" : {
      "SIRE_MENTION_ROLE" : "Voice_Text",
      "SIRE_ENTITY_SUBTYPE" : "NONE",
      "SIRE_MENTION_TYPE" : "NONE",
      "SIRE_MENTION_CLASS" : "SPC"
    },
    "type" : "Voice_Text",
    "begin" : 121,
    "end" : 126,
    "inCoref" : false
  } ],
  "relations" : [ ],
  "corefs" : [ ],
  "typeResolved" : true,
  "userResolved" : false
}