{
  "id" : "c8c1e480-fed8-11e6-9179-17f6bbe9bfc7-4",
  "name" : "12363afb9c15cd36099d66e9c6de71ea.txt",
  "version" : 3,
  "text" : "Texting/calling to Canada\n\nI'm in the states, my son is in Canada for the weekend. Both our phone are\nunder the same account. I put and international upgrade in the data plan on\nhis phone so that he can text/call unlimited while he's there. My question is,\nif I call him while he's in Canada, will I get charged international rates?\n\n",
  "docLength" : 0,
  "language" : "EN",
  "status" : "READY",
  "modifiedDate" : 1488482050946,
  "documentSet" : [ ],
  "preannotation" : [ "PRE_LW" ],
  "sentences" : [ {
    "id" : "s0",
    "begin" : 0,
    "end" : 25,
    "text" : "Texting/calling to Canada",
    "tokens" : [ {
      "id" : "s0-t0",
      "begin" : 0,
      "end" : 7,
      "text" : "Texting",
      "whiteSpace" : false
    }, {
      "id" : "s0-t1",
      "begin" : 7,
      "end" : 8,
      "text" : "/",
      "whiteSpace" : false
    }, {
      "id" : "s0-t2",
      "begin" : 8,
      "end" : 15,
      "text" : "calling",
      "whiteSpace" : false
    }, {
      "id" : "s0-t3",
      "begin" : 16,
      "end" : 18,
      "text" : "to",
      "whiteSpace" : false
    }, {
      "id" : "s0-t4",
      "begin" : 19,
      "end" : 25,
      "text" : "Canada",
      "whiteSpace" : false
    } ]
  }, {
    "id" : "s1",
    "begin" : 27,
    "end" : 82,
    "text" : "I'm in the states, my son is in Canada for the weekend.",
    "tokens" : [ {
      "id" : "s1-t0",
      "begin" : 27,
      "end" : 28,
      "text" : "I",
      "whiteSpace" : false
    }, {
      "id" : "s1-t1",
      "begin" : 28,
      "end" : 30,
      "text" : "'m",
      "whiteSpace" : false
    }, {
      "id" : "s1-t2",
      "begin" : 31,
      "end" : 33,
      "text" : "in",
      "whiteSpace" : false
    }, {
      "id" : "s1-t3",
      "begin" : 34,
      "end" : 37,
      "text" : "the",
      "whiteSpace" : false
    }, {
      "id" : "s1-t4",
      "begin" : 38,
      "end" : 44,
      "text" : "states",
      "whiteSpace" : false
    }, {
      "id" : "s1-t5",
      "begin" : 44,
      "end" : 45,
      "text" : ",",
      "whiteSpace" : false
    }, {
      "id" : "s1-t6",
      "begin" : 46,
      "end" : 48,
      "text" : "my",
      "whiteSpace" : false
    }, {
      "id" : "s1-t7",
      "begin" : 49,
      "end" : 52,
      "text" : "son",
      "whiteSpace" : false
    }, {
      "id" : "s1-t8",
      "begin" : 53,
      "end" : 55,
      "text" : "is",
      "whiteSpace" : false
    }, {
      "id" : "s1-t9",
      "begin" : 56,
      "end" : 58,
      "text" : "in",
      "whiteSpace" : false
    }, {
      "id" : "s1-t10",
      "begin" : 59,
      "end" : 65,
      "text" : "Canada",
      "whiteSpace" : false
    }, {
      "id" : "s1-t11",
      "begin" : 66,
      "end" : 69,
      "text" : "for",
      "whiteSpace" : false
    }, {
      "id" : "s1-t12",
      "begin" : 70,
      "end" : 73,
      "text" : "the",
      "whiteSpace" : false
    }, {
      "id" : "s1-t13",
      "begin" : 74,
      "end" : 81,
      "text" : "weekend",
      "whiteSpace" : false
    }, {
      "id" : "s1-t14",
      "begin" : 81,
      "end" : 82,
      "text" : ".",
      "whiteSpace" : false
    } ]
  }, {
    "id" : "s2",
    "begin" : 83,
    "end" : 125,
    "text" : "Both our phone are\nunder the same account.",
    "tokens" : [ {
      "id" : "s2-t0",
      "begin" : 83,
      "end" : 87,
      "text" : "Both",
      "whiteSpace" : false
    }, {
      "id" : "s2-t1",
      "begin" : 88,
      "end" : 91,
      "text" : "our",
      "whiteSpace" : false
    }, {
      "id" : "s2-t2",
      "begin" : 92,
      "end" : 97,
      "text" : "phone",
      "whiteSpace" : false
    }, {
      "id" : "s2-t3",
      "begin" : 98,
      "end" : 101,
      "text" : "are",
      "whiteSpace" : false
    }, {
      "id" : "s2-t4",
      "begin" : 102,
      "end" : 107,
      "text" : "under",
      "whiteSpace" : false
    }, {
      "id" : "s2-t5",
      "begin" : 108,
      "end" : 111,
      "text" : "the",
      "whiteSpace" : false
    }, {
      "id" : "s2-t6",
      "begin" : 112,
      "end" : 116,
      "text" : "same",
      "whiteSpace" : false
    }, {
      "id" : "s2-t7",
      "begin" : 117,
      "end" : 124,
      "text" : "account",
      "whiteSpace" : false
    }, {
      "id" : "s2-t8",
      "begin" : 124,
      "end" : 125,
      "text" : ".",
      "whiteSpace" : false
    } ]
  }, {
    "id" : "s3",
    "begin" : 126,
    "end" : 240,
    "text" : "I put and international upgrade in the data plan on\nhis phone so that he can text/call unlimited while he's there.",
    "tokens" : [ {
      "id" : "s3-t0",
      "begin" : 126,
      "end" : 127,
      "text" : "I",
      "whiteSpace" : false
    }, {
      "id" : "s3-t1",
      "begin" : 128,
      "end" : 131,
      "text" : "put",
      "whiteSpace" : false
    }, {
      "id" : "s3-t2",
      "begin" : 132,
      "end" : 135,
      "text" : "and",
      "whiteSpace" : false
    }, {
      "id" : "s3-t3",
      "begin" : 136,
      "end" : 149,
      "text" : "international",
      "whiteSpace" : false
    }, {
      "id" : "s3-t4",
      "begin" : 150,
      "end" : 157,
      "text" : "upgrade",
      "whiteSpace" : false
    }, {
      "id" : "s3-t5",
      "begin" : 158,
      "end" : 160,
      "text" : "in",
      "whiteSpace" : false
    }, {
      "id" : "s3-t6",
      "begin" : 161,
      "end" : 164,
      "text" : "the",
      "whiteSpace" : false
    }, {
      "id" : "s3-t7",
      "begin" : 165,
      "end" : 169,
      "text" : "data",
      "whiteSpace" : false
    }, {
      "id" : "s3-t8",
      "begin" : 170,
      "end" : 174,
      "text" : "plan",
      "whiteSpace" : false
    }, {
      "id" : "s3-t9",
      "begin" : 175,
      "end" : 177,
      "text" : "on",
      "whiteSpace" : false
    }, {
      "id" : "s3-t10",
      "begin" : 178,
      "end" : 181,
      "text" : "his",
      "whiteSpace" : false
    }, {
      "id" : "s3-t11",
      "begin" : 182,
      "end" : 187,
      "text" : "phone",
      "whiteSpace" : false
    }, {
      "id" : "s3-t12",
      "begin" : 188,
      "end" : 190,
      "text" : "so",
      "whiteSpace" : false
    }, {
      "id" : "s3-t13",
      "begin" : 191,
      "end" : 195,
      "text" : "that",
      "whiteSpace" : false
    }, {
      "id" : "s3-t14",
      "begin" : 196,
      "end" : 198,
      "text" : "he",
      "whiteSpace" : false
    }, {
      "id" : "s3-t15",
      "begin" : 199,
      "end" : 202,
      "text" : "can",
      "whiteSpace" : false
    }, {
      "id" : "s3-t16",
      "begin" : 203,
      "end" : 207,
      "text" : "text",
      "whiteSpace" : false
    }, {
      "id" : "s3-t17",
      "begin" : 207,
      "end" : 208,
      "text" : "/",
      "whiteSpace" : false
    }, {
      "id" : "s3-t18",
      "begin" : 208,
      "end" : 212,
      "text" : "call",
      "whiteSpace" : false
    }, {
      "id" : "s3-t19",
      "begin" : 213,
      "end" : 222,
      "text" : "unlimited",
      "whiteSpace" : false
    }, {
      "id" : "s3-t20",
      "begin" : 223,
      "end" : 228,
      "text" : "while",
      "whiteSpace" : false
    }, {
      "id" : "s3-t21",
      "begin" : 229,
      "end" : 231,
      "text" : "he",
      "whiteSpace" : false
    }, {
      "id" : "s3-t22",
      "begin" : 231,
      "end" : 233,
      "text" : "'s",
      "whiteSpace" : false
    }, {
      "id" : "s3-t23",
      "begin" : 234,
      "end" : 239,
      "text" : "there",
      "whiteSpace" : false
    }, {
      "id" : "s3-t24",
      "begin" : 239,
      "end" : 240,
      "text" : ".",
      "whiteSpace" : false
    } ]
  }, {
    "id" : "s4",
    "begin" : 241,
    "end" : 332,
    "text" : "My question is,\nif I call him while he's in Canada, will I get charged international rates?",
    "tokens" : [ {
      "id" : "s4-t0",
      "begin" : 241,
      "end" : 243,
      "text" : "My",
      "whiteSpace" : false
    }, {
      "id" : "s4-t1",
      "begin" : 244,
      "end" : 252,
      "text" : "question",
      "whiteSpace" : false
    }, {
      "id" : "s4-t2",
      "begin" : 253,
      "end" : 255,
      "text" : "is",
      "whiteSpace" : false
    }, {
      "id" : "s4-t3",
      "begin" : 255,
      "end" : 256,
      "text" : ",",
      "whiteSpace" : false
    }, {
      "id" : "s4-t4",
      "begin" : 257,
      "end" : 259,
      "text" : "if",
      "whiteSpace" : false
    }, {
      "id" : "s4-t5",
      "begin" : 260,
      "end" : 261,
      "text" : "I",
      "whiteSpace" : false
    }, {
      "id" : "s4-t6",
      "begin" : 262,
      "end" : 266,
      "text" : "call",
      "whiteSpace" : false
    }, {
      "id" : "s4-t7",
      "begin" : 267,
      "end" : 270,
      "text" : "him",
      "whiteSpace" : false
    }, {
      "id" : "s4-t8",
      "begin" : 271,
      "end" : 276,
      "text" : "while",
      "whiteSpace" : false
    }, {
      "id" : "s4-t9",
      "begin" : 277,
      "end" : 279,
      "text" : "he",
      "whiteSpace" : false
    }, {
      "id" : "s4-t10",
      "begin" : 279,
      "end" : 281,
      "text" : "'s",
      "whiteSpace" : false
    }, {
      "id" : "s4-t11",
      "begin" : 282,
      "end" : 284,
      "text" : "in",
      "whiteSpace" : false
    }, {
      "id" : "s4-t12",
      "begin" : 285,
      "end" : 291,
      "text" : "Canada",
      "whiteSpace" : false
    }, {
      "id" : "s4-t13",
      "begin" : 291,
      "end" : 292,
      "text" : ",",
      "whiteSpace" : false
    }, {
      "id" : "s4-t14",
      "begin" : 293,
      "end" : 297,
      "text" : "will",
      "whiteSpace" : false
    }, {
      "id" : "s4-t15",
      "begin" : 298,
      "end" : 299,
      "text" : "I",
      "whiteSpace" : false
    }, {
      "id" : "s4-t16",
      "begin" : 300,
      "end" : 303,
      "text" : "get",
      "whiteSpace" : false
    }, {
      "id" : "s4-t17",
      "begin" : 304,
      "end" : 311,
      "text" : "charged",
      "whiteSpace" : false
    }, {
      "id" : "s4-t18",
      "begin" : 312,
      "end" : 325,
      "text" : "international",
      "whiteSpace" : false
    }, {
      "id" : "s4-t19",
      "begin" : 326,
      "end" : 331,
      "text" : "rates",
      "whiteSpace" : false
    }, {
      "id" : "s4-t20",
      "begin" : 331,
      "end" : 332,
      "text" : "?",
      "whiteSpace" : false
    } ]
  } ],
  "mentions" : [ ],
  "relations" : [ ],
  "corefs" : [ ],
  "typeResolved" : true,
  "userResolved" : false
}