{
  "id" : "c8c1e480-fed8-11e6-9179-17f6bbe9bfc7-1",
  "name" : "12363afb9c15cd36099d66e9c6cf1f11.txt",
  "version" : 3,
  "text" : "WORST CUSTOMER SERVICE EVER\n\nPLACED AN ORDER 10 DAYS AGO, HAVE BEEN ON THE PHONE WITH MANY DIFFERENT PEOPLE\nFOR A TOTAL OF OVER 4 HOURS!!!!!!I HAVE BEEN LIED TO BY MORE THAN 1 PERSON!.I\nAM AT MY WITS END WITH ATT AND WILL NEVER ADVISE ANYONE TO USE ATT.I EVEN\nCURRENTLY HAVE ATT UVERSE, ATT INTERNET AND AM TRYING TO GET MY CELL\nSERVICE.IT IS ABSOLUTELY IMPOSSIBLE TO SPEAK TO ANYONE THAT CAN GET ANYTHING\nDONE, CORRECTLY!!!!!!ATT YOU ARE THE WORST COMPANY TO DEAL WITH, AND YOUR\nCUSTOMER SERVICE, SUCKS!!!!!!!!\n\n",
  "docLength" : 0,
  "language" : "EN",
  "status" : "READY",
  "modifiedDate" : 1488482050946,
  "documentSet" : [ ],
  "preannotation" : [ "PRE_LW" ],
  "sentences" : [ {
    "id" : "s0",
    "begin" : 0,
    "end" : 27,
    "text" : "WORST CUSTOMER SERVICE EVER",
    "tokens" : [ {
      "id" : "s0-t0",
      "begin" : 0,
      "end" : 5,
      "text" : "WORST",
      "whiteSpace" : false
    }, {
      "id" : "s0-t1",
      "begin" : 6,
      "end" : 14,
      "text" : "CUSTOMER",
      "whiteSpace" : false
    }, {
      "id" : "s0-t2",
      "begin" : 15,
      "end" : 22,
      "text" : "SERVICE",
      "whiteSpace" : false
    }, {
      "id" : "s0-t3",
      "begin" : 23,
      "end" : 27,
      "text" : "EVER",
      "whiteSpace" : false
    } ]
  }, {
    "id" : "s1",
    "begin" : 29,
    "end" : 141,
    "text" : "PLACED AN ORDER 10 DAYS AGO, HAVE BEEN ON THE PHONE WITH MANY DIFFERENT PEOPLE\nFOR A TOTAL OF OVER 4 HOURS!!!!!!",
    "tokens" : [ {
      "id" : "s1-t0",
      "begin" : 29,
      "end" : 35,
      "text" : "PLACED",
      "whiteSpace" : false
    }, {
      "id" : "s1-t1",
      "begin" : 36,
      "end" : 38,
      "text" : "AN",
      "whiteSpace" : false
    }, {
      "id" : "s1-t2",
      "begin" : 39,
      "end" : 44,
      "text" : "ORDER",
      "whiteSpace" : false
    }, {
      "id" : "s1-t3",
      "begin" : 45,
      "end" : 47,
      "text" : "10",
      "whiteSpace" : false
    }, {
      "id" : "s1-t4",
      "begin" : 48,
      "end" : 52,
      "text" : "DAYS",
      "whiteSpace" : false
    }, {
      "id" : "s1-t5",
      "begin" : 53,
      "end" : 56,
      "text" : "AGO",
      "whiteSpace" : false
    }, {
      "id" : "s1-t6",
      "begin" : 56,
      "end" : 57,
      "text" : ",",
      "whiteSpace" : false
    }, {
      "id" : "s1-t7",
      "begin" : 58,
      "end" : 62,
      "text" : "HAVE",
      "whiteSpace" : false
    }, {
      "id" : "s1-t8",
      "begin" : 63,
      "end" : 67,
      "text" : "BEEN",
      "whiteSpace" : false
    }, {
      "id" : "s1-t9",
      "begin" : 68,
      "end" : 70,
      "text" : "ON",
      "whiteSpace" : false
    }, {
      "id" : "s1-t10",
      "begin" : 71,
      "end" : 74,
      "text" : "THE",
      "whiteSpace" : false
    }, {
      "id" : "s1-t11",
      "begin" : 75,
      "end" : 80,
      "text" : "PHONE",
      "whiteSpace" : false
    }, {
      "id" : "s1-t12",
      "begin" : 81,
      "end" : 85,
      "text" : "WITH",
      "whiteSpace" : false
    }, {
      "id" : "s1-t13",
      "begin" : 86,
      "end" : 90,
      "text" : "MANY",
      "whiteSpace" : false
    }, {
      "id" : "s1-t14",
      "begin" : 91,
      "end" : 100,
      "text" : "DIFFERENT",
      "whiteSpace" : false
    }, {
      "id" : "s1-t15",
      "begin" : 101,
      "end" : 107,
      "text" : "PEOPLE",
      "whiteSpace" : false
    }, {
      "id" : "s1-t16",
      "begin" : 108,
      "end" : 111,
      "text" : "FOR",
      "whiteSpace" : false
    }, {
      "id" : "s1-t17",
      "begin" : 112,
      "end" : 113,
      "text" : "A",
      "whiteSpace" : false
    }, {
      "id" : "s1-t18",
      "begin" : 114,
      "end" : 119,
      "text" : "TOTAL",
      "whiteSpace" : false
    }, {
      "id" : "s1-t19",
      "begin" : 120,
      "end" : 122,
      "text" : "OF",
      "whiteSpace" : false
    }, {
      "id" : "s1-t20",
      "begin" : 123,
      "end" : 127,
      "text" : "OVER",
      "whiteSpace" : false
    }, {
      "id" : "s1-t21",
      "begin" : 128,
      "end" : 129,
      "text" : "4",
      "whiteSpace" : false
    }, {
      "id" : "s1-t22",
      "begin" : 130,
      "end" : 135,
      "text" : "HOURS",
      "whiteSpace" : false
    }, {
      "id" : "s1-t23",
      "begin" : 135,
      "end" : 136,
      "text" : "!",
      "whiteSpace" : false
    }, {
      "id" : "s1-t24",
      "begin" : 136,
      "end" : 137,
      "text" : "!",
      "whiteSpace" : false
    }, {
      "id" : "s1-t25",
      "begin" : 137,
      "end" : 138,
      "text" : "!",
      "whiteSpace" : false
    }, {
      "id" : "s1-t26",
      "begin" : 138,
      "end" : 139,
      "text" : "!",
      "whiteSpace" : false
    }, {
      "id" : "s1-t27",
      "begin" : 139,
      "end" : 140,
      "text" : "!",
      "whiteSpace" : false
    }, {
      "id" : "s1-t28",
      "begin" : 140,
      "end" : 141,
      "text" : "!",
      "whiteSpace" : false
    } ]
  }, {
    "id" : "s2",
    "begin" : 141,
    "end" : 183,
    "text" : "I HAVE BEEN LIED TO BY MORE THAN 1 PERSON!",
    "tokens" : [ {
      "id" : "s2-t0",
      "begin" : 141,
      "end" : 142,
      "text" : "I",
      "whiteSpace" : false
    }, {
      "id" : "s2-t1",
      "begin" : 143,
      "end" : 147,
      "text" : "HAVE",
      "whiteSpace" : false
    }, {
      "id" : "s2-t2",
      "begin" : 148,
      "end" : 152,
      "text" : "BEEN",
      "whiteSpace" : false
    }, {
      "id" : "s2-t3",
      "begin" : 153,
      "end" : 157,
      "text" : "LIED",
      "whiteSpace" : false
    }, {
      "id" : "s2-t4",
      "begin" : 158,
      "end" : 160,
      "text" : "TO",
      "whiteSpace" : false
    }, {
      "id" : "s2-t5",
      "begin" : 161,
      "end" : 163,
      "text" : "BY",
      "whiteSpace" : false
    }, {
      "id" : "s2-t6",
      "begin" : 164,
      "end" : 168,
      "text" : "MORE",
      "whiteSpace" : false
    }, {
      "id" : "s2-t7",
      "begin" : 169,
      "end" : 173,
      "text" : "THAN",
      "whiteSpace" : false
    }, {
      "id" : "s2-t8",
      "begin" : 174,
      "end" : 175,
      "text" : "1",
      "whiteSpace" : false
    }, {
      "id" : "s2-t9",
      "begin" : 176,
      "end" : 182,
      "text" : "PERSON",
      "whiteSpace" : false
    }, {
      "id" : "s2-t10",
      "begin" : 182,
      "end" : 183,
      "text" : "!",
      "whiteSpace" : false
    } ]
  }, {
    "id" : "s3",
    "begin" : 183,
    "end" : 427,
    "text" : ".I\nAM AT MY WITS END WITH ATT AND WILL NEVER ADVISE ANYONE TO USE ATT.I EVEN\nCURRENTLY HAVE ATT UVERSE, ATT INTERNET AND AM TRYING TO GET MY CELL\nSERVICE.IT IS ABSOLUTELY IMPOSSIBLE TO SPEAK TO ANYONE THAT CAN GET ANYTHING\nDONE, CORRECTLY!!!!!!",
    "tokens" : [ {
      "id" : "s3-t0",
      "begin" : 183,
      "end" : 185,
      "text" : ".I",
      "whiteSpace" : false
    }, {
      "id" : "s3-t1",
      "begin" : 186,
      "end" : 188,
      "text" : "AM",
      "whiteSpace" : false
    }, {
      "id" : "s3-t2",
      "begin" : 189,
      "end" : 191,
      "text" : "AT",
      "whiteSpace" : false
    }, {
      "id" : "s3-t3",
      "begin" : 192,
      "end" : 194,
      "text" : "MY",
      "whiteSpace" : false
    }, {
      "id" : "s3-t4",
      "begin" : 195,
      "end" : 199,
      "text" : "WITS",
      "whiteSpace" : false
    }, {
      "id" : "s3-t5",
      "begin" : 200,
      "end" : 203,
      "text" : "END",
      "whiteSpace" : false
    }, {
      "id" : "s3-t6",
      "begin" : 204,
      "end" : 208,
      "text" : "WITH",
      "whiteSpace" : false
    }, {
      "id" : "s3-t7",
      "begin" : 209,
      "end" : 212,
      "text" : "ATT",
      "whiteSpace" : false
    }, {
      "id" : "s3-t8",
      "begin" : 213,
      "end" : 216,
      "text" : "AND",
      "whiteSpace" : false
    }, {
      "id" : "s3-t9",
      "begin" : 217,
      "end" : 221,
      "text" : "WILL",
      "whiteSpace" : false
    }, {
      "id" : "s3-t10",
      "begin" : 222,
      "end" : 227,
      "text" : "NEVER",
      "whiteSpace" : false
    }, {
      "id" : "s3-t11",
      "begin" : 228,
      "end" : 234,
      "text" : "ADVISE",
      "whiteSpace" : false
    }, {
      "id" : "s3-t12",
      "begin" : 235,
      "end" : 241,
      "text" : "ANYONE",
      "whiteSpace" : false
    }, {
      "id" : "s3-t13",
      "begin" : 242,
      "end" : 244,
      "text" : "TO",
      "whiteSpace" : false
    }, {
      "id" : "s3-t14",
      "begin" : 245,
      "end" : 248,
      "text" : "USE",
      "whiteSpace" : false
    }, {
      "id" : "s3-t15",
      "begin" : 249,
      "end" : 254,
      "text" : "ATT.I",
      "whiteSpace" : false
    }, {
      "id" : "s3-t16",
      "begin" : 255,
      "end" : 259,
      "text" : "EVEN",
      "whiteSpace" : false
    }, {
      "id" : "s3-t17",
      "begin" : 260,
      "end" : 269,
      "text" : "CURRENTLY",
      "whiteSpace" : false
    }, {
      "id" : "s3-t18",
      "begin" : 270,
      "end" : 274,
      "text" : "HAVE",
      "whiteSpace" : false
    }, {
      "id" : "s3-t19",
      "begin" : 275,
      "end" : 278,
      "text" : "ATT",
      "whiteSpace" : false
    }, {
      "id" : "s3-t20",
      "begin" : 279,
      "end" : 285,
      "text" : "UVERSE",
      "whiteSpace" : false
    }, {
      "id" : "s3-t21",
      "begin" : 285,
      "end" : 286,
      "text" : ",",
      "whiteSpace" : false
    }, {
      "id" : "s3-t22",
      "begin" : 287,
      "end" : 290,
      "text" : "ATT",
      "whiteSpace" : false
    }, {
      "id" : "s3-t23",
      "begin" : 291,
      "end" : 299,
      "text" : "INTERNET",
      "whiteSpace" : false
    }, {
      "id" : "s3-t24",
      "begin" : 300,
      "end" : 303,
      "text" : "AND",
      "whiteSpace" : false
    }, {
      "id" : "s3-t25",
      "begin" : 304,
      "end" : 306,
      "text" : "AM",
      "whiteSpace" : false
    }, {
      "id" : "s3-t26",
      "begin" : 307,
      "end" : 313,
      "text" : "TRYING",
      "whiteSpace" : false
    }, {
      "id" : "s3-t27",
      "begin" : 314,
      "end" : 316,
      "text" : "TO",
      "whiteSpace" : false
    }, {
      "id" : "s3-t28",
      "begin" : 317,
      "end" : 320,
      "text" : "GET",
      "whiteSpace" : false
    }, {
      "id" : "s3-t29",
      "begin" : 321,
      "end" : 323,
      "text" : "MY",
      "whiteSpace" : false
    }, {
      "id" : "s3-t30",
      "begin" : 324,
      "end" : 328,
      "text" : "CELL",
      "whiteSpace" : false
    }, {
      "id" : "s3-t31",
      "begin" : 329,
      "end" : 339,
      "text" : "SERVICE.IT",
      "whiteSpace" : false
    }, {
      "id" : "s3-t32",
      "begin" : 340,
      "end" : 342,
      "text" : "IS",
      "whiteSpace" : false
    }, {
      "id" : "s3-t33",
      "begin" : 343,
      "end" : 353,
      "text" : "ABSOLUTELY",
      "whiteSpace" : false
    }, {
      "id" : "s3-t34",
      "begin" : 354,
      "end" : 364,
      "text" : "IMPOSSIBLE",
      "whiteSpace" : false
    }, {
      "id" : "s3-t35",
      "begin" : 365,
      "end" : 367,
      "text" : "TO",
      "whiteSpace" : false
    }, {
      "id" : "s3-t36",
      "begin" : 368,
      "end" : 373,
      "text" : "SPEAK",
      "whiteSpace" : false
    }, {
      "id" : "s3-t37",
      "begin" : 374,
      "end" : 376,
      "text" : "TO",
      "whiteSpace" : false
    }, {
      "id" : "s3-t38",
      "begin" : 377,
      "end" : 383,
      "text" : "ANYONE",
      "whiteSpace" : false
    }, {
      "id" : "s3-t39",
      "begin" : 384,
      "end" : 388,
      "text" : "THAT",
      "whiteSpace" : false
    }, {
      "id" : "s3-t40",
      "begin" : 389,
      "end" : 392,
      "text" : "CAN",
      "whiteSpace" : false
    }, {
      "id" : "s3-t41",
      "begin" : 393,
      "end" : 396,
      "text" : "GET",
      "whiteSpace" : false
    }, {
      "id" : "s3-t42",
      "begin" : 397,
      "end" : 405,
      "text" : "ANYTHING",
      "whiteSpace" : false
    }, {
      "id" : "s3-t43",
      "begin" : 406,
      "end" : 410,
      "text" : "DONE",
      "whiteSpace" : false
    }, {
      "id" : "s3-t44",
      "begin" : 410,
      "end" : 411,
      "text" : ",",
      "whiteSpace" : false
    }, {
      "id" : "s3-t45",
      "begin" : 412,
      "end" : 421,
      "text" : "CORRECTLY",
      "whiteSpace" : false
    }, {
      "id" : "s3-t46",
      "begin" : 421,
      "end" : 422,
      "text" : "!",
      "whiteSpace" : false
    }, {
      "id" : "s3-t47",
      "begin" : 422,
      "end" : 423,
      "text" : "!",
      "whiteSpace" : false
    }, {
      "id" : "s3-t48",
      "begin" : 423,
      "end" : 424,
      "text" : "!",
      "whiteSpace" : false
    }, {
      "id" : "s3-t49",
      "begin" : 424,
      "end" : 425,
      "text" : "!",
      "whiteSpace" : false
    }, {
      "id" : "s3-t50",
      "begin" : 425,
      "end" : 426,
      "text" : "!",
      "whiteSpace" : false
    }, {
      "id" : "s3-t51",
      "begin" : 426,
      "end" : 427,
      "text" : "!",
      "whiteSpace" : false
    } ]
  }, {
    "id" : "s4",
    "begin" : 427,
    "end" : 511,
    "text" : "ATT YOU ARE THE WORST COMPANY TO DEAL WITH, AND YOUR\nCUSTOMER SERVICE, SUCKS!!!!!!!!",
    "tokens" : [ {
      "id" : "s4-t0",
      "begin" : 427,
      "end" : 430,
      "text" : "ATT",
      "whiteSpace" : false
    }, {
      "id" : "s4-t1",
      "begin" : 431,
      "end" : 434,
      "text" : "YOU",
      "whiteSpace" : false
    }, {
      "id" : "s4-t2",
      "begin" : 435,
      "end" : 438,
      "text" : "ARE",
      "whiteSpace" : false
    }, {
      "id" : "s4-t3",
      "begin" : 439,
      "end" : 442,
      "text" : "THE",
      "whiteSpace" : false
    }, {
      "id" : "s4-t4",
      "begin" : 443,
      "end" : 448,
      "text" : "WORST",
      "whiteSpace" : false
    }, {
      "id" : "s4-t5",
      "begin" : 449,
      "end" : 456,
      "text" : "COMPANY",
      "whiteSpace" : false
    }, {
      "id" : "s4-t6",
      "begin" : 457,
      "end" : 459,
      "text" : "TO",
      "whiteSpace" : false
    }, {
      "id" : "s4-t7",
      "begin" : 460,
      "end" : 464,
      "text" : "DEAL",
      "whiteSpace" : false
    }, {
      "id" : "s4-t8",
      "begin" : 465,
      "end" : 469,
      "text" : "WITH",
      "whiteSpace" : false
    }, {
      "id" : "s4-t9",
      "begin" : 469,
      "end" : 470,
      "text" : ",",
      "whiteSpace" : false
    }, {
      "id" : "s4-t10",
      "begin" : 471,
      "end" : 474,
      "text" : "AND",
      "whiteSpace" : false
    }, {
      "id" : "s4-t11",
      "begin" : 475,
      "end" : 479,
      "text" : "YOUR",
      "whiteSpace" : false
    }, {
      "id" : "s4-t12",
      "begin" : 480,
      "end" : 488,
      "text" : "CUSTOMER",
      "whiteSpace" : false
    }, {
      "id" : "s4-t13",
      "begin" : 489,
      "end" : 496,
      "text" : "SERVICE",
      "whiteSpace" : false
    }, {
      "id" : "s4-t14",
      "begin" : 496,
      "end" : 497,
      "text" : ",",
      "whiteSpace" : false
    }, {
      "id" : "s4-t15",
      "begin" : 498,
      "end" : 503,
      "text" : "SUCKS",
      "whiteSpace" : false
    }, {
      "id" : "s4-t16",
      "begin" : 503,
      "end" : 504,
      "text" : "!",
      "whiteSpace" : false
    }, {
      "id" : "s4-t17",
      "begin" : 504,
      "end" : 505,
      "text" : "!",
      "whiteSpace" : false
    }, {
      "id" : "s4-t18",
      "begin" : 505,
      "end" : 506,
      "text" : "!",
      "whiteSpace" : false
    }, {
      "id" : "s4-t19",
      "begin" : 506,
      "end" : 507,
      "text" : "!",
      "whiteSpace" : false
    }, {
      "id" : "s4-t20",
      "begin" : 507,
      "end" : 508,
      "text" : "!",
      "whiteSpace" : false
    }, {
      "id" : "s4-t21",
      "begin" : 508,
      "end" : 511,
      "text" : "!!!",
      "whiteSpace" : false
    } ]
  } ],
  "mentions" : [ {
    "id" : "s3-m0",
    "source" : "PREANNOTATION",
    "properties" : {
      "SIRE_ENTITY_SUBTYPE" : "NONE",
      "SIRE_MENTION_ROLE" : "Service_Provider",
      "SIRE_MENTION_CLASS" : "SPC",
      "SIRE_MENTION_TYPE" : "NONE"
    },
    "type" : "Service_Provider",
    "begin" : 209,
    "end" : 212,
    "inCoref" : false
  }, {
    "id" : "s3-m1",
    "source" : "PREANNOTATION",
    "properties" : {
      "SIRE_ENTITY_SUBTYPE" : "NONE",
      "SIRE_MENTION_ROLE" : "Service_Provider",
      "SIRE_MENTION_CLASS" : "SPC",
      "SIRE_MENTION_TYPE" : "NONE"
    },
    "type" : "Service_Provider",
    "begin" : 249,
    "end" : 252,
    "inCoref" : false
  }, {
    "id" : "s4-m0",
    "source" : "PREANNOTATION",
    "properties" : {
      "SIRE_ENTITY_SUBTYPE" : "NONE",
      "SIRE_MENTION_ROLE" : "Service_Provider",
      "SIRE_MENTION_CLASS" : "SPC",
      "SIRE_MENTION_TYPE" : "NONE"
    },
    "type" : "Service_Provider",
    "begin" : 275,
    "end" : 278,
    "inCoref" : false
  }, {
    "id" : "s4-m1",
    "source" : "PREANNOTATION",
    "properties" : {
      "SIRE_ENTITY_SUBTYPE" : "NONE",
      "SIRE_MENTION_ROLE" : "Service_Provider",
      "SIRE_MENTION_CLASS" : "SPC",
      "SIRE_MENTION_TYPE" : "NONE"
    },
    "type" : "Service_Provider",
    "begin" : 287,
    "end" : 290,
    "inCoref" : false
  }, {
    "id" : "s4-m2",
    "source" : "PREANNOTATION",
    "properties" : {
      "SIRE_ENTITY_SUBTYPE" : "NONE",
      "SIRE_MENTION_ROLE" : "Internet_Connectivity",
      "SIRE_MENTION_CLASS" : "SPC",
      "SIRE_MENTION_TYPE" : "NONE"
    },
    "type" : "Internet_Connectivity",
    "begin" : 291,
    "end" : 299,
    "inCoref" : false
  }, {
    "id" : "s6-m0",
    "source" : "PREANNOTATION",
    "properties" : {
      "SIRE_ENTITY_SUBTYPE" : "NONE",
      "SIRE_MENTION_ROLE" : "Service_Provider",
      "SIRE_MENTION_CLASS" : "SPC",
      "SIRE_MENTION_TYPE" : "NONE"
    },
    "type" : "Service_Provider",
    "begin" : 427,
    "end" : 430,
    "inCoref" : false
  } ],
  "relations" : [ ],
  "corefs" : [ ],
  "typeResolved" : true,
  "userResolved" : false
}