{
  "id" : "c8c1e480-fed8-11e6-9179-17f6bbe9bfc7-7",
  "name" : "12363afb9c15cd36099d66e9c6e74376.txt",
  "version" : 3,
  "text" : "switching number between accounts\n\nSo, I'm currently on a family plan (I am not the primary account holder) but\ndecided to split off and get my own account when buying the i5. I was eligible\nfor an upgarde on the family plan and I could've taken it and then did a\ntransfer of billing responsibility BUT instead I decided to start as a new\ncustomer. I was looking forward to a new number but I wanted to keep my old\none for a little while just in case which is why I did it that way. So at the\nmoment I have two phones with two numbers on two different accounts.To make\nthis short, I don't like my new number (actually I don't like the area code\n424 I was issued, so it's not just a matter of requesting a new number because\nthey'll probably give me the same 424 area code).My other phone, a 310 area\ncode, I still have andis still active on my other phone but on a different\naccount. Is there a way to transfer that number to my new phone? Both phone\nnumbers are in my posession just a matter of whether I can switch the number\nbetween two different accounts.If not, then I guess I'll be returning it then\ndoing it by upgrading which means I'll probably have to wait another month for\nanother iphone5. And yes, I care that much about my highly sought after 310\narea code...i'm very vain, j/k but seriously I want my old area code.Solved!Go\nto Solution.\n\n",
  "docLength" : 0,
  "language" : "EN",
  "status" : "READY",
  "modifiedDate" : 1488482050946,
  "documentSet" : [ ],
  "preannotation" : [ "PRE_LW" ],
  "sentences" : [ {
    "id" : "s0",
    "begin" : 0,
    "end" : 33,
    "text" : "switching number between accounts",
    "tokens" : [ {
      "id" : "s0-t0",
      "begin" : 0,
      "end" : 9,
      "text" : "switching",
      "whiteSpace" : false
    }, {
      "id" : "s0-t1",
      "begin" : 10,
      "end" : 16,
      "text" : "number",
      "whiteSpace" : false
    }, {
      "id" : "s0-t2",
      "begin" : 17,
      "end" : 24,
      "text" : "between",
      "whiteSpace" : false
    }, {
      "id" : "s0-t3",
      "begin" : 25,
      "end" : 33,
      "text" : "accounts",
      "whiteSpace" : false
    } ]
  }, {
    "id" : "s1",
    "begin" : 35,
    "end" : 175,
    "text" : "So, I'm currently on a family plan (I am not the primary account holder) but\ndecided to split off and get my own account when buying the i5.",
    "tokens" : [ {
      "id" : "s1-t0",
      "begin" : 35,
      "end" : 37,
      "text" : "So",
      "whiteSpace" : false
    }, {
      "id" : "s1-t1",
      "begin" : 37,
      "end" : 38,
      "text" : ",",
      "whiteSpace" : false
    }, {
      "id" : "s1-t2",
      "begin" : 39,
      "end" : 40,
      "text" : "I",
      "whiteSpace" : false
    }, {
      "id" : "s1-t3",
      "begin" : 40,
      "end" : 42,
      "text" : "'m",
      "whiteSpace" : false
    }, {
      "id" : "s1-t4",
      "begin" : 43,
      "end" : 52,
      "text" : "currently",
      "whiteSpace" : false
    }, {
      "id" : "s1-t5",
      "begin" : 53,
      "end" : 55,
      "text" : "on",
      "whiteSpace" : false
    }, {
      "id" : "s1-t6",
      "begin" : 56,
      "end" : 57,
      "text" : "a",
      "whiteSpace" : false
    }, {
      "id" : "s1-t7",
      "begin" : 58,
      "end" : 64,
      "text" : "family",
      "whiteSpace" : false
    }, {
      "id" : "s1-t8",
      "begin" : 65,
      "end" : 69,
      "text" : "plan",
      "whiteSpace" : false
    }, {
      "id" : "s1-t9",
      "begin" : 70,
      "end" : 71,
      "text" : "(",
      "whiteSpace" : false
    }, {
      "id" : "s1-t10",
      "begin" : 71,
      "end" : 72,
      "text" : "I",
      "whiteSpace" : false
    }, {
      "id" : "s1-t11",
      "begin" : 73,
      "end" : 75,
      "text" : "am",
      "whiteSpace" : false
    }, {
      "id" : "s1-t12",
      "begin" : 76,
      "end" : 79,
      "text" : "not",
      "whiteSpace" : false
    }, {
      "id" : "s1-t13",
      "begin" : 80,
      "end" : 83,
      "text" : "the",
      "whiteSpace" : false
    }, {
      "id" : "s1-t14",
      "begin" : 84,
      "end" : 91,
      "text" : "primary",
      "whiteSpace" : false
    }, {
      "id" : "s1-t15",
      "begin" : 92,
      "end" : 99,
      "text" : "account",
      "whiteSpace" : false
    }, {
      "id" : "s1-t16",
      "begin" : 100,
      "end" : 106,
      "text" : "holder",
      "whiteSpace" : false
    }, {
      "id" : "s1-t17",
      "begin" : 106,
      "end" : 107,
      "text" : ")",
      "whiteSpace" : false
    }, {
      "id" : "s1-t18",
      "begin" : 108,
      "end" : 111,
      "text" : "but",
      "whiteSpace" : false
    }, {
      "id" : "s1-t19",
      "begin" : 112,
      "end" : 119,
      "text" : "decided",
      "whiteSpace" : false
    }, {
      "id" : "s1-t20",
      "begin" : 120,
      "end" : 122,
      "text" : "to",
      "whiteSpace" : false
    }, {
      "id" : "s1-t21",
      "begin" : 123,
      "end" : 128,
      "text" : "split",
      "whiteSpace" : false
    }, {
      "id" : "s1-t22",
      "begin" : 129,
      "end" : 132,
      "text" : "off",
      "whiteSpace" : false
    }, {
      "id" : "s1-t23",
      "begin" : 133,
      "end" : 136,
      "text" : "and",
      "whiteSpace" : false
    }, {
      "id" : "s1-t24",
      "begin" : 137,
      "end" : 140,
      "text" : "get",
      "whiteSpace" : false
    }, {
      "id" : "s1-t25",
      "begin" : 141,
      "end" : 143,
      "text" : "my",
      "whiteSpace" : false
    }, {
      "id" : "s1-t26",
      "begin" : 144,
      "end" : 147,
      "text" : "own",
      "whiteSpace" : false
    }, {
      "id" : "s1-t27",
      "begin" : 148,
      "end" : 155,
      "text" : "account",
      "whiteSpace" : false
    }, {
      "id" : "s1-t28",
      "begin" : 156,
      "end" : 160,
      "text" : "when",
      "whiteSpace" : false
    }, {
      "id" : "s1-t29",
      "begin" : 161,
      "end" : 167,
      "text" : "buying",
      "whiteSpace" : false
    }, {
      "id" : "s1-t30",
      "begin" : 168,
      "end" : 171,
      "text" : "the",
      "whiteSpace" : false
    }, {
      "id" : "s1-t31",
      "begin" : 172,
      "end" : 174,
      "text" : "i5",
      "whiteSpace" : false
    }, {
      "id" : "s1-t32",
      "begin" : 174,
      "end" : 175,
      "text" : ".",
      "whiteSpace" : false
    } ]
  }, {
    "id" : "s2",
    "begin" : 176,
    "end" : 348,
    "text" : "I was eligible\nfor an upgarde on the family plan and I could've taken it and then did a\ntransfer of billing responsibility BUT instead I decided to start as a new\ncustomer.",
    "tokens" : [ {
      "id" : "s2-t0",
      "begin" : 176,
      "end" : 177,
      "text" : "I",
      "whiteSpace" : false
    }, {
      "id" : "s2-t1",
      "begin" : 178,
      "end" : 181,
      "text" : "was",
      "whiteSpace" : false
    }, {
      "id" : "s2-t2",
      "begin" : 182,
      "end" : 190,
      "text" : "eligible",
      "whiteSpace" : false
    }, {
      "id" : "s2-t3",
      "begin" : 191,
      "end" : 194,
      "text" : "for",
      "whiteSpace" : false
    }, {
      "id" : "s2-t4",
      "begin" : 195,
      "end" : 197,
      "text" : "an",
      "whiteSpace" : false
    }, {
      "id" : "s2-t5",
      "begin" : 198,
      "end" : 205,
      "text" : "upgarde",
      "whiteSpace" : false
    }, {
      "id" : "s2-t6",
      "begin" : 206,
      "end" : 208,
      "text" : "on",
      "whiteSpace" : false
    }, {
      "id" : "s2-t7",
      "begin" : 209,
      "end" : 212,
      "text" : "the",
      "whiteSpace" : false
    }, {
      "id" : "s2-t8",
      "begin" : 213,
      "end" : 219,
      "text" : "family",
      "whiteSpace" : false
    }, {
      "id" : "s2-t9",
      "begin" : 220,
      "end" : 224,
      "text" : "plan",
      "whiteSpace" : false
    }, {
      "id" : "s2-t10",
      "begin" : 225,
      "end" : 228,
      "text" : "and",
      "whiteSpace" : false
    }, {
      "id" : "s2-t11",
      "begin" : 229,
      "end" : 230,
      "text" : "I",
      "whiteSpace" : false
    }, {
      "id" : "s2-t12",
      "begin" : 231,
      "end" : 236,
      "text" : "could",
      "whiteSpace" : false
    }, {
      "id" : "s2-t13",
      "begin" : 236,
      "end" : 239,
      "text" : "'ve",
      "whiteSpace" : false
    }, {
      "id" : "s2-t14",
      "begin" : 240,
      "end" : 245,
      "text" : "taken",
      "whiteSpace" : false
    }, {
      "id" : "s2-t15",
      "begin" : 246,
      "end" : 248,
      "text" : "it",
      "whiteSpace" : false
    }, {
      "id" : "s2-t16",
      "begin" : 249,
      "end" : 252,
      "text" : "and",
      "whiteSpace" : false
    }, {
      "id" : "s2-t17",
      "begin" : 253,
      "end" : 257,
      "text" : "then",
      "whiteSpace" : false
    }, {
      "id" : "s2-t18",
      "begin" : 258,
      "end" : 261,
      "text" : "did",
      "whiteSpace" : false
    }, {
      "id" : "s2-t19",
      "begin" : 262,
      "end" : 263,
      "text" : "a",
      "whiteSpace" : false
    }, {
      "id" : "s2-t20",
      "begin" : 264,
      "end" : 272,
      "text" : "transfer",
      "whiteSpace" : false
    }, {
      "id" : "s2-t21",
      "begin" : 273,
      "end" : 275,
      "text" : "of",
      "whiteSpace" : false
    }, {
      "id" : "s2-t22",
      "begin" : 276,
      "end" : 283,
      "text" : "billing",
      "whiteSpace" : false
    }, {
      "id" : "s2-t23",
      "begin" : 284,
      "end" : 298,
      "text" : "responsibility",
      "whiteSpace" : false
    }, {
      "id" : "s2-t24",
      "begin" : 299,
      "end" : 302,
      "text" : "BUT",
      "whiteSpace" : false
    }, {
      "id" : "s2-t25",
      "begin" : 303,
      "end" : 310,
      "text" : "instead",
      "whiteSpace" : false
    }, {
      "id" : "s2-t26",
      "begin" : 311,
      "end" : 312,
      "text" : "I",
      "whiteSpace" : false
    }, {
      "id" : "s2-t27",
      "begin" : 313,
      "end" : 320,
      "text" : "decided",
      "whiteSpace" : false
    }, {
      "id" : "s2-t28",
      "begin" : 321,
      "end" : 323,
      "text" : "to",
      "whiteSpace" : false
    }, {
      "id" : "s2-t29",
      "begin" : 324,
      "end" : 329,
      "text" : "start",
      "whiteSpace" : false
    }, {
      "id" : "s2-t30",
      "begin" : 330,
      "end" : 332,
      "text" : "as",
      "whiteSpace" : false
    }, {
      "id" : "s2-t31",
      "begin" : 333,
      "end" : 334,
      "text" : "a",
      "whiteSpace" : false
    }, {
      "id" : "s2-t32",
      "begin" : 335,
      "end" : 338,
      "text" : "new",
      "whiteSpace" : false
    }, {
      "id" : "s2-t33",
      "begin" : 339,
      "end" : 347,
      "text" : "customer",
      "whiteSpace" : false
    }, {
      "id" : "s2-t34",
      "begin" : 347,
      "end" : 348,
      "text" : ".",
      "whiteSpace" : false
    } ]
  }, {
    "id" : "s3",
    "begin" : 349,
    "end" : 482,
    "text" : "I was looking forward to a new number but I wanted to keep my old\none for a little while just in case which is why I did it that way.",
    "tokens" : [ {
      "id" : "s3-t0",
      "begin" : 349,
      "end" : 350,
      "text" : "I",
      "whiteSpace" : false
    }, {
      "id" : "s3-t1",
      "begin" : 351,
      "end" : 354,
      "text" : "was",
      "whiteSpace" : false
    }, {
      "id" : "s3-t2",
      "begin" : 355,
      "end" : 362,
      "text" : "looking",
      "whiteSpace" : false
    }, {
      "id" : "s3-t3",
      "begin" : 363,
      "end" : 370,
      "text" : "forward",
      "whiteSpace" : false
    }, {
      "id" : "s3-t4",
      "begin" : 371,
      "end" : 373,
      "text" : "to",
      "whiteSpace" : false
    }, {
      "id" : "s3-t5",
      "begin" : 374,
      "end" : 375,
      "text" : "a",
      "whiteSpace" : false
    }, {
      "id" : "s3-t6",
      "begin" : 376,
      "end" : 379,
      "text" : "new",
      "whiteSpace" : false
    }, {
      "id" : "s3-t7",
      "begin" : 380,
      "end" : 386,
      "text" : "number",
      "whiteSpace" : false
    }, {
      "id" : "s3-t8",
      "begin" : 387,
      "end" : 390,
      "text" : "but",
      "whiteSpace" : false
    }, {
      "id" : "s3-t9",
      "begin" : 391,
      "end" : 392,
      "text" : "I",
      "whiteSpace" : false
    }, {
      "id" : "s3-t10",
      "begin" : 393,
      "end" : 399,
      "text" : "wanted",
      "whiteSpace" : false
    }, {
      "id" : "s3-t11",
      "begin" : 400,
      "end" : 402,
      "text" : "to",
      "whiteSpace" : false
    }, {
      "id" : "s3-t12",
      "begin" : 403,
      "end" : 407,
      "text" : "keep",
      "whiteSpace" : false
    }, {
      "id" : "s3-t13",
      "begin" : 408,
      "end" : 410,
      "text" : "my",
      "whiteSpace" : false
    }, {
      "id" : "s3-t14",
      "begin" : 411,
      "end" : 414,
      "text" : "old",
      "whiteSpace" : false
    }, {
      "id" : "s3-t15",
      "begin" : 415,
      "end" : 418,
      "text" : "one",
      "whiteSpace" : false
    }, {
      "id" : "s3-t16",
      "begin" : 419,
      "end" : 422,
      "text" : "for",
      "whiteSpace" : false
    }, {
      "id" : "s3-t17",
      "begin" : 423,
      "end" : 424,
      "text" : "a",
      "whiteSpace" : false
    }, {
      "id" : "s3-t18",
      "begin" : 425,
      "end" : 431,
      "text" : "little",
      "whiteSpace" : false
    }, {
      "id" : "s3-t19",
      "begin" : 432,
      "end" : 437,
      "text" : "while",
      "whiteSpace" : false
    }, {
      "id" : "s3-t20",
      "begin" : 438,
      "end" : 442,
      "text" : "just",
      "whiteSpace" : false
    }, {
      "id" : "s3-t21",
      "begin" : 443,
      "end" : 445,
      "text" : "in",
      "whiteSpace" : false
    }, {
      "id" : "s3-t22",
      "begin" : 446,
      "end" : 450,
      "text" : "case",
      "whiteSpace" : false
    }, {
      "id" : "s3-t23",
      "begin" : 451,
      "end" : 456,
      "text" : "which",
      "whiteSpace" : false
    }, {
      "id" : "s3-t24",
      "begin" : 457,
      "end" : 459,
      "text" : "is",
      "whiteSpace" : false
    }, {
      "id" : "s3-t25",
      "begin" : 460,
      "end" : 463,
      "text" : "why",
      "whiteSpace" : false
    }, {
      "id" : "s3-t26",
      "begin" : 464,
      "end" : 465,
      "text" : "I",
      "whiteSpace" : false
    }, {
      "id" : "s3-t27",
      "begin" : 466,
      "end" : 469,
      "text" : "did",
      "whiteSpace" : false
    }, {
      "id" : "s3-t28",
      "begin" : 470,
      "end" : 472,
      "text" : "it",
      "whiteSpace" : false
    }, {
      "id" : "s3-t29",
      "begin" : 473,
      "end" : 477,
      "text" : "that",
      "whiteSpace" : false
    }, {
      "id" : "s3-t30",
      "begin" : 478,
      "end" : 481,
      "text" : "way",
      "whiteSpace" : false
    }, {
      "id" : "s3-t31",
      "begin" : 481,
      "end" : 482,
      "text" : ".",
      "whiteSpace" : false
    } ]
  }, {
    "id" : "s4",
    "begin" : 483,
    "end" : 561,
    "text" : "So at the\nmoment I have two phones with two numbers on two different accounts.",
    "tokens" : [ {
      "id" : "s4-t0",
      "begin" : 483,
      "end" : 485,
      "text" : "So",
      "whiteSpace" : false
    }, {
      "id" : "s4-t1",
      "begin" : 486,
      "end" : 488,
      "text" : "at",
      "whiteSpace" : false
    }, {
      "id" : "s4-t2",
      "begin" : 489,
      "end" : 492,
      "text" : "the",
      "whiteSpace" : false
    }, {
      "id" : "s4-t3",
      "begin" : 493,
      "end" : 499,
      "text" : "moment",
      "whiteSpace" : false
    }, {
      "id" : "s4-t4",
      "begin" : 500,
      "end" : 501,
      "text" : "I",
      "whiteSpace" : false
    }, {
      "id" : "s4-t5",
      "begin" : 502,
      "end" : 506,
      "text" : "have",
      "whiteSpace" : false
    }, {
      "id" : "s4-t6",
      "begin" : 507,
      "end" : 510,
      "text" : "two",
      "whiteSpace" : false
    }, {
      "id" : "s4-t7",
      "begin" : 511,
      "end" : 517,
      "text" : "phones",
      "whiteSpace" : false
    }, {
      "id" : "s4-t8",
      "begin" : 518,
      "end" : 522,
      "text" : "with",
      "whiteSpace" : false
    }, {
      "id" : "s4-t9",
      "begin" : 523,
      "end" : 526,
      "text" : "two",
      "whiteSpace" : false
    }, {
      "id" : "s4-t10",
      "begin" : 527,
      "end" : 534,
      "text" : "numbers",
      "whiteSpace" : false
    }, {
      "id" : "s4-t11",
      "begin" : 535,
      "end" : 537,
      "text" : "on",
      "whiteSpace" : false
    }, {
      "id" : "s4-t12",
      "begin" : 538,
      "end" : 541,
      "text" : "two",
      "whiteSpace" : false
    }, {
      "id" : "s4-t13",
      "begin" : 542,
      "end" : 551,
      "text" : "different",
      "whiteSpace" : false
    }, {
      "id" : "s4-t14",
      "begin" : 552,
      "end" : 560,
      "text" : "accounts",
      "whiteSpace" : false
    }, {
      "id" : "s4-t15",
      "begin" : 560,
      "end" : 561,
      "text" : ".",
      "whiteSpace" : false
    } ]
  }, {
    "id" : "s5",
    "begin" : 561,
    "end" : 773,
    "text" : "To make\nthis short, I don't like my new number (actually I don't like the area code\n424 I was issued, so it's not just a matter of requesting a new number because\nthey'll probably give me the same 424 area code).",
    "tokens" : [ {
      "id" : "s5-t0",
      "begin" : 561,
      "end" : 563,
      "text" : "To",
      "whiteSpace" : false
    }, {
      "id" : "s5-t1",
      "begin" : 564,
      "end" : 568,
      "text" : "make",
      "whiteSpace" : false
    }, {
      "id" : "s5-t2",
      "begin" : 569,
      "end" : 573,
      "text" : "this",
      "whiteSpace" : false
    }, {
      "id" : "s5-t3",
      "begin" : 574,
      "end" : 579,
      "text" : "short",
      "whiteSpace" : false
    }, {
      "id" : "s5-t4",
      "begin" : 579,
      "end" : 580,
      "text" : ",",
      "whiteSpace" : false
    }, {
      "id" : "s5-t5",
      "begin" : 581,
      "end" : 582,
      "text" : "I",
      "whiteSpace" : false
    }, {
      "id" : "s5-t6",
      "begin" : 583,
      "end" : 585,
      "text" : "do",
      "whiteSpace" : false
    }, {
      "id" : "s5-t7",
      "begin" : 585,
      "end" : 588,
      "text" : "n't",
      "whiteSpace" : false
    }, {
      "id" : "s5-t8",
      "begin" : 589,
      "end" : 593,
      "text" : "like",
      "whiteSpace" : false
    }, {
      "id" : "s5-t9",
      "begin" : 594,
      "end" : 596,
      "text" : "my",
      "whiteSpace" : false
    }, {
      "id" : "s5-t10",
      "begin" : 597,
      "end" : 600,
      "text" : "new",
      "whiteSpace" : false
    }, {
      "id" : "s5-t11",
      "begin" : 601,
      "end" : 607,
      "text" : "number",
      "whiteSpace" : false
    }, {
      "id" : "s5-t12",
      "begin" : 608,
      "end" : 609,
      "text" : "(",
      "whiteSpace" : false
    }, {
      "id" : "s5-t13",
      "begin" : 609,
      "end" : 617,
      "text" : "actually",
      "whiteSpace" : false
    }, {
      "id" : "s5-t14",
      "begin" : 618,
      "end" : 619,
      "text" : "I",
      "whiteSpace" : false
    }, {
      "id" : "s5-t15",
      "begin" : 620,
      "end" : 622,
      "text" : "do",
      "whiteSpace" : false
    }, {
      "id" : "s5-t16",
      "begin" : 622,
      "end" : 625,
      "text" : "n't",
      "whiteSpace" : false
    }, {
      "id" : "s5-t17",
      "begin" : 626,
      "end" : 630,
      "text" : "like",
      "whiteSpace" : false
    }, {
      "id" : "s5-t18",
      "begin" : 631,
      "end" : 634,
      "text" : "the",
      "whiteSpace" : false
    }, {
      "id" : "s5-t19",
      "begin" : 635,
      "end" : 639,
      "text" : "area",
      "whiteSpace" : false
    }, {
      "id" : "s5-t20",
      "begin" : 640,
      "end" : 644,
      "text" : "code",
      "whiteSpace" : false
    }, {
      "id" : "s5-t21",
      "begin" : 645,
      "end" : 648,
      "text" : "424",
      "whiteSpace" : false
    }, {
      "id" : "s5-t22",
      "begin" : 649,
      "end" : 650,
      "text" : "I",
      "whiteSpace" : false
    }, {
      "id" : "s5-t23",
      "begin" : 651,
      "end" : 654,
      "text" : "was",
      "whiteSpace" : false
    }, {
      "id" : "s5-t24",
      "begin" : 655,
      "end" : 661,
      "text" : "issued",
      "whiteSpace" : false
    }, {
      "id" : "s5-t25",
      "begin" : 661,
      "end" : 662,
      "text" : ",",
      "whiteSpace" : false
    }, {
      "id" : "s5-t26",
      "begin" : 663,
      "end" : 665,
      "text" : "so",
      "whiteSpace" : false
    }, {
      "id" : "s5-t27",
      "begin" : 666,
      "end" : 668,
      "text" : "it",
      "whiteSpace" : false
    }, {
      "id" : "s5-t28",
      "begin" : 668,
      "end" : 670,
      "text" : "'s",
      "whiteSpace" : false
    }, {
      "id" : "s5-t29",
      "begin" : 671,
      "end" : 674,
      "text" : "not",
      "whiteSpace" : false
    }, {
      "id" : "s5-t30",
      "begin" : 675,
      "end" : 679,
      "text" : "just",
      "whiteSpace" : false
    }, {
      "id" : "s5-t31",
      "begin" : 680,
      "end" : 681,
      "text" : "a",
      "whiteSpace" : false
    }, {
      "id" : "s5-t32",
      "begin" : 682,
      "end" : 688,
      "text" : "matter",
      "whiteSpace" : false
    }, {
      "id" : "s5-t33",
      "begin" : 689,
      "end" : 691,
      "text" : "of",
      "whiteSpace" : false
    }, {
      "id" : "s5-t34",
      "begin" : 692,
      "end" : 702,
      "text" : "requesting",
      "whiteSpace" : false
    }, {
      "id" : "s5-t35",
      "begin" : 703,
      "end" : 704,
      "text" : "a",
      "whiteSpace" : false
    }, {
      "id" : "s5-t36",
      "begin" : 705,
      "end" : 708,
      "text" : "new",
      "whiteSpace" : false
    }, {
      "id" : "s5-t37",
      "begin" : 709,
      "end" : 715,
      "text" : "number",
      "whiteSpace" : false
    }, {
      "id" : "s5-t38",
      "begin" : 716,
      "end" : 723,
      "text" : "because",
      "whiteSpace" : false
    }, {
      "id" : "s5-t39",
      "begin" : 724,
      "end" : 728,
      "text" : "they",
      "whiteSpace" : false
    }, {
      "id" : "s5-t40",
      "begin" : 728,
      "end" : 731,
      "text" : "'ll",
      "whiteSpace" : false
    }, {
      "id" : "s5-t41",
      "begin" : 732,
      "end" : 740,
      "text" : "probably",
      "whiteSpace" : false
    }, {
      "id" : "s5-t42",
      "begin" : 741,
      "end" : 745,
      "text" : "give",
      "whiteSpace" : false
    }, {
      "id" : "s5-t43",
      "begin" : 746,
      "end" : 748,
      "text" : "me",
      "whiteSpace" : false
    }, {
      "id" : "s5-t44",
      "begin" : 749,
      "end" : 752,
      "text" : "the",
      "whiteSpace" : false
    }, {
      "id" : "s5-t45",
      "begin" : 753,
      "end" : 757,
      "text" : "same",
      "whiteSpace" : false
    }, {
      "id" : "s5-t46",
      "begin" : 758,
      "end" : 761,
      "text" : "424",
      "whiteSpace" : false
    }, {
      "id" : "s5-t47",
      "begin" : 762,
      "end" : 766,
      "text" : "area",
      "whiteSpace" : false
    }, {
      "id" : "s5-t48",
      "begin" : 767,
      "end" : 771,
      "text" : "code",
      "whiteSpace" : false
    }, {
      "id" : "s5-t49",
      "begin" : 771,
      "end" : 772,
      "text" : ")",
      "whiteSpace" : false
    }, {
      "id" : "s5-t50",
      "begin" : 772,
      "end" : 773,
      "text" : ".",
      "whiteSpace" : false
    } ]
  }, {
    "id" : "s6",
    "begin" : 773,
    "end" : 883,
    "text" : "My other phone, a 310 area\ncode, I still have andis still active on my other phone but on a different\naccount.",
    "tokens" : [ {
      "id" : "s6-t0",
      "begin" : 773,
      "end" : 775,
      "text" : "My",
      "whiteSpace" : false
    }, {
      "id" : "s6-t1",
      "begin" : 776,
      "end" : 781,
      "text" : "other",
      "whiteSpace" : false
    }, {
      "id" : "s6-t2",
      "begin" : 782,
      "end" : 787,
      "text" : "phone",
      "whiteSpace" : false
    }, {
      "id" : "s6-t3",
      "begin" : 787,
      "end" : 788,
      "text" : ",",
      "whiteSpace" : false
    }, {
      "id" : "s6-t4",
      "begin" : 789,
      "end" : 790,
      "text" : "a",
      "whiteSpace" : false
    }, {
      "id" : "s6-t5",
      "begin" : 791,
      "end" : 794,
      "text" : "310",
      "whiteSpace" : false
    }, {
      "id" : "s6-t6",
      "begin" : 795,
      "end" : 799,
      "text" : "area",
      "whiteSpace" : false
    }, {
      "id" : "s6-t7",
      "begin" : 800,
      "end" : 804,
      "text" : "code",
      "whiteSpace" : false
    }, {
      "id" : "s6-t8",
      "begin" : 804,
      "end" : 805,
      "text" : ",",
      "whiteSpace" : false
    }, {
      "id" : "s6-t9",
      "begin" : 806,
      "end" : 807,
      "text" : "I",
      "whiteSpace" : false
    }, {
      "id" : "s6-t10",
      "begin" : 808,
      "end" : 813,
      "text" : "still",
      "whiteSpace" : false
    }, {
      "id" : "s6-t11",
      "begin" : 814,
      "end" : 818,
      "text" : "have",
      "whiteSpace" : false
    }, {
      "id" : "s6-t12",
      "begin" : 819,
      "end" : 824,
      "text" : "andis",
      "whiteSpace" : false
    }, {
      "id" : "s6-t13",
      "begin" : 825,
      "end" : 830,
      "text" : "still",
      "whiteSpace" : false
    }, {
      "id" : "s6-t14",
      "begin" : 831,
      "end" : 837,
      "text" : "active",
      "whiteSpace" : false
    }, {
      "id" : "s6-t15",
      "begin" : 838,
      "end" : 840,
      "text" : "on",
      "whiteSpace" : false
    }, {
      "id" : "s6-t16",
      "begin" : 841,
      "end" : 843,
      "text" : "my",
      "whiteSpace" : false
    }, {
      "id" : "s6-t17",
      "begin" : 844,
      "end" : 849,
      "text" : "other",
      "whiteSpace" : false
    }, {
      "id" : "s6-t18",
      "begin" : 850,
      "end" : 855,
      "text" : "phone",
      "whiteSpace" : false
    }, {
      "id" : "s6-t19",
      "begin" : 856,
      "end" : 859,
      "text" : "but",
      "whiteSpace" : false
    }, {
      "id" : "s6-t20",
      "begin" : 860,
      "end" : 862,
      "text" : "on",
      "whiteSpace" : false
    }, {
      "id" : "s6-t21",
      "begin" : 863,
      "end" : 864,
      "text" : "a",
      "whiteSpace" : false
    }, {
      "id" : "s6-t22",
      "begin" : 865,
      "end" : 874,
      "text" : "different",
      "whiteSpace" : false
    }, {
      "id" : "s6-t23",
      "begin" : 875,
      "end" : 882,
      "text" : "account",
      "whiteSpace" : false
    }, {
      "id" : "s6-t24",
      "begin" : 882,
      "end" : 883,
      "text" : ".",
      "whiteSpace" : false
    } ]
  }, {
    "id" : "s7",
    "begin" : 884,
    "end" : 939,
    "text" : "Is there a way to transfer that number to my new phone?",
    "tokens" : [ {
      "id" : "s7-t0",
      "begin" : 884,
      "end" : 886,
      "text" : "Is",
      "whiteSpace" : false
    }, {
      "id" : "s7-t1",
      "begin" : 887,
      "end" : 892,
      "text" : "there",
      "whiteSpace" : false
    }, {
      "id" : "s7-t2",
      "begin" : 893,
      "end" : 894,
      "text" : "a",
      "whiteSpace" : false
    }, {
      "id" : "s7-t3",
      "begin" : 895,
      "end" : 898,
      "text" : "way",
      "whiteSpace" : false
    }, {
      "id" : "s7-t4",
      "begin" : 899,
      "end" : 901,
      "text" : "to",
      "whiteSpace" : false
    }, {
      "id" : "s7-t5",
      "begin" : 902,
      "end" : 910,
      "text" : "transfer",
      "whiteSpace" : false
    }, {
      "id" : "s7-t6",
      "begin" : 911,
      "end" : 915,
      "text" : "that",
      "whiteSpace" : false
    }, {
      "id" : "s7-t7",
      "begin" : 916,
      "end" : 922,
      "text" : "number",
      "whiteSpace" : false
    }, {
      "id" : "s7-t8",
      "begin" : 923,
      "end" : 925,
      "text" : "to",
      "whiteSpace" : false
    }, {
      "id" : "s7-t9",
      "begin" : 926,
      "end" : 928,
      "text" : "my",
      "whiteSpace" : false
    }, {
      "id" : "s7-t10",
      "begin" : 929,
      "end" : 932,
      "text" : "new",
      "whiteSpace" : false
    }, {
      "id" : "s7-t11",
      "begin" : 933,
      "end" : 938,
      "text" : "phone",
      "whiteSpace" : false
    }, {
      "id" : "s7-t12",
      "begin" : 938,
      "end" : 939,
      "text" : "?",
      "whiteSpace" : false
    } ]
  }, {
    "id" : "s8",
    "begin" : 940,
    "end" : 1059,
    "text" : "Both phone\nnumbers are in my posession just a matter of whether I can switch the number\nbetween two different accounts.",
    "tokens" : [ {
      "id" : "s8-t0",
      "begin" : 940,
      "end" : 944,
      "text" : "Both",
      "whiteSpace" : false
    }, {
      "id" : "s8-t1",
      "begin" : 945,
      "end" : 950,
      "text" : "phone",
      "whiteSpace" : false
    }, {
      "id" : "s8-t2",
      "begin" : 951,
      "end" : 958,
      "text" : "numbers",
      "whiteSpace" : false
    }, {
      "id" : "s8-t3",
      "begin" : 959,
      "end" : 962,
      "text" : "are",
      "whiteSpace" : false
    }, {
      "id" : "s8-t4",
      "begin" : 963,
      "end" : 965,
      "text" : "in",
      "whiteSpace" : false
    }, {
      "id" : "s8-t5",
      "begin" : 966,
      "end" : 968,
      "text" : "my",
      "whiteSpace" : false
    }, {
      "id" : "s8-t6",
      "begin" : 969,
      "end" : 978,
      "text" : "posession",
      "whiteSpace" : false
    }, {
      "id" : "s8-t7",
      "begin" : 979,
      "end" : 983,
      "text" : "just",
      "whiteSpace" : false
    }, {
      "id" : "s8-t8",
      "begin" : 984,
      "end" : 985,
      "text" : "a",
      "whiteSpace" : false
    }, {
      "id" : "s8-t9",
      "begin" : 986,
      "end" : 992,
      "text" : "matter",
      "whiteSpace" : false
    }, {
      "id" : "s8-t10",
      "begin" : 993,
      "end" : 995,
      "text" : "of",
      "whiteSpace" : false
    }, {
      "id" : "s8-t11",
      "begin" : 996,
      "end" : 1003,
      "text" : "whether",
      "whiteSpace" : false
    }, {
      "id" : "s8-t12",
      "begin" : 1004,
      "end" : 1005,
      "text" : "I",
      "whiteSpace" : false
    }, {
      "id" : "s8-t13",
      "begin" : 1006,
      "end" : 1009,
      "text" : "can",
      "whiteSpace" : false
    }, {
      "id" : "s8-t14",
      "begin" : 1010,
      "end" : 1016,
      "text" : "switch",
      "whiteSpace" : false
    }, {
      "id" : "s8-t15",
      "begin" : 1017,
      "end" : 1020,
      "text" : "the",
      "whiteSpace" : false
    }, {
      "id" : "s8-t16",
      "begin" : 1021,
      "end" : 1027,
      "text" : "number",
      "whiteSpace" : false
    }, {
      "id" : "s8-t17",
      "begin" : 1028,
      "end" : 1035,
      "text" : "between",
      "whiteSpace" : false
    }, {
      "id" : "s8-t18",
      "begin" : 1036,
      "end" : 1039,
      "text" : "two",
      "whiteSpace" : false
    }, {
      "id" : "s8-t19",
      "begin" : 1040,
      "end" : 1049,
      "text" : "different",
      "whiteSpace" : false
    }, {
      "id" : "s8-t20",
      "begin" : 1050,
      "end" : 1058,
      "text" : "accounts",
      "whiteSpace" : false
    }, {
      "id" : "s8-t21",
      "begin" : 1058,
      "end" : 1059,
      "text" : ".",
      "whiteSpace" : false
    } ]
  }, {
    "id" : "s9",
    "begin" : 1059,
    "end" : 1201,
    "text" : "If not, then I guess I'll be returning it then\ndoing it by upgrading which means I'll probably have to wait another month for\nanother iphone5.",
    "tokens" : [ {
      "id" : "s9-t0",
      "begin" : 1059,
      "end" : 1061,
      "text" : "If",
      "whiteSpace" : false
    }, {
      "id" : "s9-t1",
      "begin" : 1062,
      "end" : 1065,
      "text" : "not",
      "whiteSpace" : false
    }, {
      "id" : "s9-t2",
      "begin" : 1065,
      "end" : 1066,
      "text" : ",",
      "whiteSpace" : false
    }, {
      "id" : "s9-t3",
      "begin" : 1067,
      "end" : 1071,
      "text" : "then",
      "whiteSpace" : false
    }, {
      "id" : "s9-t4",
      "begin" : 1072,
      "end" : 1073,
      "text" : "I",
      "whiteSpace" : false
    }, {
      "id" : "s9-t5",
      "begin" : 1074,
      "end" : 1079,
      "text" : "guess",
      "whiteSpace" : false
    }, {
      "id" : "s9-t6",
      "begin" : 1080,
      "end" : 1081,
      "text" : "I",
      "whiteSpace" : false
    }, {
      "id" : "s9-t7",
      "begin" : 1081,
      "end" : 1084,
      "text" : "'ll",
      "whiteSpace" : false
    }, {
      "id" : "s9-t8",
      "begin" : 1085,
      "end" : 1087,
      "text" : "be",
      "whiteSpace" : false
    }, {
      "id" : "s9-t9",
      "begin" : 1088,
      "end" : 1097,
      "text" : "returning",
      "whiteSpace" : false
    }, {
      "id" : "s9-t10",
      "begin" : 1098,
      "end" : 1100,
      "text" : "it",
      "whiteSpace" : false
    }, {
      "id" : "s9-t11",
      "begin" : 1101,
      "end" : 1105,
      "text" : "then",
      "whiteSpace" : false
    }, {
      "id" : "s9-t12",
      "begin" : 1106,
      "end" : 1111,
      "text" : "doing",
      "whiteSpace" : false
    }, {
      "id" : "s9-t13",
      "begin" : 1112,
      "end" : 1114,
      "text" : "it",
      "whiteSpace" : false
    }, {
      "id" : "s9-t14",
      "begin" : 1115,
      "end" : 1117,
      "text" : "by",
      "whiteSpace" : false
    }, {
      "id" : "s9-t15",
      "begin" : 1118,
      "end" : 1127,
      "text" : "upgrading",
      "whiteSpace" : false
    }, {
      "id" : "s9-t16",
      "begin" : 1128,
      "end" : 1133,
      "text" : "which",
      "whiteSpace" : false
    }, {
      "id" : "s9-t17",
      "begin" : 1134,
      "end" : 1139,
      "text" : "means",
      "whiteSpace" : false
    }, {
      "id" : "s9-t18",
      "begin" : 1140,
      "end" : 1141,
      "text" : "I",
      "whiteSpace" : false
    }, {
      "id" : "s9-t19",
      "begin" : 1141,
      "end" : 1144,
      "text" : "'ll",
      "whiteSpace" : false
    }, {
      "id" : "s9-t20",
      "begin" : 1145,
      "end" : 1153,
      "text" : "probably",
      "whiteSpace" : false
    }, {
      "id" : "s9-t21",
      "begin" : 1154,
      "end" : 1158,
      "text" : "have",
      "whiteSpace" : false
    }, {
      "id" : "s9-t22",
      "begin" : 1159,
      "end" : 1161,
      "text" : "to",
      "whiteSpace" : false
    }, {
      "id" : "s9-t23",
      "begin" : 1162,
      "end" : 1166,
      "text" : "wait",
      "whiteSpace" : false
    }, {
      "id" : "s9-t24",
      "begin" : 1167,
      "end" : 1174,
      "text" : "another",
      "whiteSpace" : false
    }, {
      "id" : "s9-t25",
      "begin" : 1175,
      "end" : 1180,
      "text" : "month",
      "whiteSpace" : false
    }, {
      "id" : "s9-t26",
      "begin" : 1181,
      "end" : 1184,
      "text" : "for",
      "whiteSpace" : false
    }, {
      "id" : "s9-t27",
      "begin" : 1185,
      "end" : 1192,
      "text" : "another",
      "whiteSpace" : false
    }, {
      "id" : "s9-t28",
      "begin" : 1193,
      "end" : 1200,
      "text" : "iphone5",
      "whiteSpace" : false
    }, {
      "id" : "s9-t29",
      "begin" : 1200,
      "end" : 1201,
      "text" : ".",
      "whiteSpace" : false
    } ]
  }, {
    "id" : "s10",
    "begin" : 1202,
    "end" : 1352,
    "text" : "And yes, I care that much about my highly sought after 310\narea code...i'm very vain, j/k but seriously I want my old area code.Solved!Go\nto Solution.",
    "tokens" : [ {
      "id" : "s10-t0",
      "begin" : 1202,
      "end" : 1205,
      "text" : "And",
      "whiteSpace" : false
    }, {
      "id" : "s10-t1",
      "begin" : 1206,
      "end" : 1209,
      "text" : "yes",
      "whiteSpace" : false
    }, {
      "id" : "s10-t2",
      "begin" : 1209,
      "end" : 1210,
      "text" : ",",
      "whiteSpace" : false
    }, {
      "id" : "s10-t3",
      "begin" : 1211,
      "end" : 1212,
      "text" : "I",
      "whiteSpace" : false
    }, {
      "id" : "s10-t4",
      "begin" : 1213,
      "end" : 1217,
      "text" : "care",
      "whiteSpace" : false
    }, {
      "id" : "s10-t5",
      "begin" : 1218,
      "end" : 1222,
      "text" : "that",
      "whiteSpace" : false
    }, {
      "id" : "s10-t6",
      "begin" : 1223,
      "end" : 1227,
      "text" : "much",
      "whiteSpace" : false
    }, {
      "id" : "s10-t7",
      "begin" : 1228,
      "end" : 1233,
      "text" : "about",
      "whiteSpace" : false
    }, {
      "id" : "s10-t8",
      "begin" : 1234,
      "end" : 1236,
      "text" : "my",
      "whiteSpace" : false
    }, {
      "id" : "s10-t9",
      "begin" : 1237,
      "end" : 1243,
      "text" : "highly",
      "whiteSpace" : false
    }, {
      "id" : "s10-t10",
      "begin" : 1244,
      "end" : 1250,
      "text" : "sought",
      "whiteSpace" : false
    }, {
      "id" : "s10-t11",
      "begin" : 1251,
      "end" : 1256,
      "text" : "after",
      "whiteSpace" : false
    }, {
      "id" : "s10-t12",
      "begin" : 1257,
      "end" : 1260,
      "text" : "310",
      "whiteSpace" : false
    }, {
      "id" : "s10-t13",
      "begin" : 1261,
      "end" : 1265,
      "text" : "area",
      "whiteSpace" : false
    }, {
      "id" : "s10-t14",
      "begin" : 1266,
      "end" : 1270,
      "text" : "code",
      "whiteSpace" : false
    }, {
      "id" : "s10-t15",
      "begin" : 1270,
      "end" : 1273,
      "text" : "...",
      "whiteSpace" : false
    }, {
      "id" : "s10-t16",
      "begin" : 1273,
      "end" : 1274,
      "text" : "i",
      "whiteSpace" : false
    }, {
      "id" : "s10-t17",
      "begin" : 1274,
      "end" : 1276,
      "text" : "'m",
      "whiteSpace" : false
    }, {
      "id" : "s10-t18",
      "begin" : 1277,
      "end" : 1281,
      "text" : "very",
      "whiteSpace" : false
    }, {
      "id" : "s10-t19",
      "begin" : 1282,
      "end" : 1286,
      "text" : "vain",
      "whiteSpace" : false
    }, {
      "id" : "s10-t20",
      "begin" : 1286,
      "end" : 1287,
      "text" : ",",
      "whiteSpace" : false
    }, {
      "id" : "s10-t21",
      "begin" : 1288,
      "end" : 1291,
      "text" : "j/k",
      "whiteSpace" : false
    }, {
      "id" : "s10-t22",
      "begin" : 1292,
      "end" : 1295,
      "text" : "but",
      "whiteSpace" : false
    }, {
      "id" : "s10-t23",
      "begin" : 1296,
      "end" : 1305,
      "text" : "seriously",
      "whiteSpace" : false
    }, {
      "id" : "s10-t24",
      "begin" : 1306,
      "end" : 1307,
      "text" : "I",
      "whiteSpace" : false
    }, {
      "id" : "s10-t25",
      "begin" : 1308,
      "end" : 1312,
      "text" : "want",
      "whiteSpace" : false
    }, {
      "id" : "s10-t26",
      "begin" : 1313,
      "end" : 1315,
      "text" : "my",
      "whiteSpace" : false
    }, {
      "id" : "s10-t27",
      "begin" : 1316,
      "end" : 1319,
      "text" : "old",
      "whiteSpace" : false
    }, {
      "id" : "s10-t28",
      "begin" : 1320,
      "end" : 1324,
      "text" : "area",
      "whiteSpace" : false
    }, {
      "id" : "s10-t29",
      "begin" : 1325,
      "end" : 1337,
      "text" : "code.Solved!",
      "whiteSpace" : false
    }, {
      "id" : "s10-t30",
      "begin" : 1337,
      "end" : 1339,
      "text" : "Go",
      "whiteSpace" : false
    }, {
      "id" : "s10-t31",
      "begin" : 1340,
      "end" : 1342,
      "text" : "to",
      "whiteSpace" : false
    }, {
      "id" : "s10-t32",
      "begin" : 1343,
      "end" : 1351,
      "text" : "Solution",
      "whiteSpace" : false
    }, {
      "id" : "s10-t33",
      "begin" : 1351,
      "end" : 1352,
      "text" : ".",
      "whiteSpace" : false
    } ]
  } ],
  "mentions" : [ ],
  "relations" : [ ],
  "corefs" : [ ],
  "typeResolved" : true,
  "userResolved" : false
}