{
  "id" : "d1de44c0-fed6-11e6-8985-6b7b38f81720-7",
  "name" : "017c410e384e8a74cad3cfb7a1e354d4.txt",
  "version" : 3,
  "text" : "Switcher program issues!\n\nWe switched from Verizon to AT&amp;T; in February. After waiting and waiting\nfor our rebate we got a letter saying we failed to turn in our old phones so\nwe don't qualify. We have the paper work that shows we did. We went down to\nthe local AT&amp;T; store and talked with someone. They copied our paperwork\nand promised to call us back by today. Well, guess what, no phone call. Try\ncalling the store and it goes straight to voicemail. Try calling the rebate\nphone number and you get a message saying \" we are experiencing a higher than\nnormal call volumn\" and they hang up! I'm so mad! I'm ready to drop them and I\ndon't care what it costs! I'll post it where ever I can! AT&amp;T; scams\npeople!!!Solved!Go to Solution.\n\n",
  "docLength" : 0,
  "language" : "EN",
  "status" : "READY",
  "modifiedDate" : 1488747402167,
  "documentSet" : [ ],
  "preannotation" : [ "PRE_LW" ],
  "sentences" : [ {
    "id" : "s0",
    "begin" : 0,
    "end" : 24,
    "text" : "Switcher program issues!",
    "tokens" : [ {
      "id" : "s0-t0",
      "begin" : 0,
      "end" : 8,
      "text" : "Switcher",
      "whiteSpace" : false
    }, {
      "id" : "s0-t1",
      "begin" : 9,
      "end" : 16,
      "text" : "program",
      "whiteSpace" : false
    }, {
      "id" : "s0-t2",
      "begin" : 17,
      "end" : 23,
      "text" : "issues",
      "whiteSpace" : false
    }, {
      "id" : "s0-t3",
      "begin" : 23,
      "end" : 24,
      "text" : "!",
      "whiteSpace" : false
    } ]
  }, {
    "id" : "s1",
    "begin" : 26,
    "end" : 76,
    "text" : "We switched from Verizon to AT&amp;T; in February.",
    "tokens" : [ {
      "id" : "s1-t0",
      "begin" : 26,
      "end" : 28,
      "text" : "We",
      "whiteSpace" : false
    }, {
      "id" : "s1-t1",
      "begin" : 29,
      "end" : 37,
      "text" : "switched",
      "whiteSpace" : false
    }, {
      "id" : "s1-t2",
      "begin" : 38,
      "end" : 42,
      "text" : "from",
      "whiteSpace" : false
    }, {
      "id" : "s1-t3",
      "begin" : 43,
      "end" : 50,
      "text" : "Verizon",
      "whiteSpace" : false
    }, {
      "id" : "s1-t4",
      "begin" : 51,
      "end" : 53,
      "text" : "to",
      "whiteSpace" : false
    }, {
      "id" : "s1-t5",
      "begin" : 54,
      "end" : 56,
      "text" : "AT",
      "whiteSpace" : false
    }, {
      "id" : "s1-t6",
      "begin" : 56,
      "end" : 61,
      "text" : "&amp;",
      "whiteSpace" : false
    }, {
      "id" : "s1-t7",
      "begin" : 61,
      "end" : 63,
      "text" : "T;",
      "whiteSpace" : false
    }, {
      "id" : "s1-t8",
      "begin" : 64,
      "end" : 66,
      "text" : "in",
      "whiteSpace" : false
    }, {
      "id" : "s1-t9",
      "begin" : 67,
      "end" : 75,
      "text" : "February",
      "whiteSpace" : false
    }, {
      "id" : "s1-t10",
      "begin" : 75,
      "end" : 76,
      "text" : ".",
      "whiteSpace" : false
    } ]
  }, {
    "id" : "s2",
    "begin" : 77,
    "end" : 197,
    "text" : "After waiting and waiting\nfor our rebate we got a letter saying we failed to turn in our old phones so\nwe don't qualify.",
    "tokens" : [ {
      "id" : "s2-t0",
      "begin" : 77,
      "end" : 82,
      "text" : "After",
      "whiteSpace" : false
    }, {
      "id" : "s2-t1",
      "begin" : 83,
      "end" : 90,
      "text" : "waiting",
      "whiteSpace" : false
    }, {
      "id" : "s2-t2",
      "begin" : 91,
      "end" : 94,
      "text" : "and",
      "whiteSpace" : false
    }, {
      "id" : "s2-t3",
      "begin" : 95,
      "end" : 102,
      "text" : "waiting",
      "whiteSpace" : false
    }, {
      "id" : "s2-t4",
      "begin" : 103,
      "end" : 106,
      "text" : "for",
      "whiteSpace" : false
    }, {
      "id" : "s2-t5",
      "begin" : 107,
      "end" : 110,
      "text" : "our",
      "whiteSpace" : false
    }, {
      "id" : "s2-t6",
      "begin" : 111,
      "end" : 117,
      "text" : "rebate",
      "whiteSpace" : false
    }, {
      "id" : "s2-t7",
      "begin" : 118,
      "end" : 120,
      "text" : "we",
      "whiteSpace" : false
    }, {
      "id" : "s2-t8",
      "begin" : 121,
      "end" : 124,
      "text" : "got",
      "whiteSpace" : false
    }, {
      "id" : "s2-t9",
      "begin" : 125,
      "end" : 126,
      "text" : "a",
      "whiteSpace" : false
    }, {
      "id" : "s2-t10",
      "begin" : 127,
      "end" : 133,
      "text" : "letter",
      "whiteSpace" : false
    }, {
      "id" : "s2-t11",
      "begin" : 134,
      "end" : 140,
      "text" : "saying",
      "whiteSpace" : false
    }, {
      "id" : "s2-t12",
      "begin" : 141,
      "end" : 143,
      "text" : "we",
      "whiteSpace" : false
    }, {
      "id" : "s2-t13",
      "begin" : 144,
      "end" : 150,
      "text" : "failed",
      "whiteSpace" : false
    }, {
      "id" : "s2-t14",
      "begin" : 151,
      "end" : 153,
      "text" : "to",
      "whiteSpace" : false
    }, {
      "id" : "s2-t15",
      "begin" : 154,
      "end" : 158,
      "text" : "turn",
      "whiteSpace" : false
    }, {
      "id" : "s2-t16",
      "begin" : 159,
      "end" : 161,
      "text" : "in",
      "whiteSpace" : false
    }, {
      "id" : "s2-t17",
      "begin" : 162,
      "end" : 165,
      "text" : "our",
      "whiteSpace" : false
    }, {
      "id" : "s2-t18",
      "begin" : 166,
      "end" : 169,
      "text" : "old",
      "whiteSpace" : false
    }, {
      "id" : "s2-t19",
      "begin" : 170,
      "end" : 176,
      "text" : "phones",
      "whiteSpace" : false
    }, {
      "id" : "s2-t20",
      "begin" : 177,
      "end" : 179,
      "text" : "so",
      "whiteSpace" : false
    }, {
      "id" : "s2-t21",
      "begin" : 180,
      "end" : 182,
      "text" : "we",
      "whiteSpace" : false
    }, {
      "id" : "s2-t22",
      "begin" : 183,
      "end" : 185,
      "text" : "do",
      "whiteSpace" : false
    }, {
      "id" : "s2-t23",
      "begin" : 185,
      "end" : 188,
      "text" : "n't",
      "whiteSpace" : false
    }, {
      "id" : "s2-t24",
      "begin" : 189,
      "end" : 196,
      "text" : "qualify",
      "whiteSpace" : false
    }, {
      "id" : "s2-t25",
      "begin" : 196,
      "end" : 197,
      "text" : ".",
      "whiteSpace" : false
    } ]
  }, {
    "id" : "s3",
    "begin" : 198,
    "end" : 239,
    "text" : "We have the paper work that shows we did.",
    "tokens" : [ {
      "id" : "s3-t0",
      "begin" : 198,
      "end" : 200,
      "text" : "We",
      "whiteSpace" : false
    }, {
      "id" : "s3-t1",
      "begin" : 201,
      "end" : 205,
      "text" : "have",
      "whiteSpace" : false
    }, {
      "id" : "s3-t2",
      "begin" : 206,
      "end" : 209,
      "text" : "the",
      "whiteSpace" : false
    }, {
      "id" : "s3-t3",
      "begin" : 210,
      "end" : 215,
      "text" : "paper",
      "whiteSpace" : false
    }, {
      "id" : "s3-t4",
      "begin" : 216,
      "end" : 220,
      "text" : "work",
      "whiteSpace" : false
    }, {
      "id" : "s3-t5",
      "begin" : 221,
      "end" : 225,
      "text" : "that",
      "whiteSpace" : false
    }, {
      "id" : "s3-t6",
      "begin" : 226,
      "end" : 231,
      "text" : "shows",
      "whiteSpace" : false
    }, {
      "id" : "s3-t7",
      "begin" : 232,
      "end" : 234,
      "text" : "we",
      "whiteSpace" : false
    }, {
      "id" : "s3-t8",
      "begin" : 235,
      "end" : 238,
      "text" : "did",
      "whiteSpace" : false
    }, {
      "id" : "s3-t9",
      "begin" : 238,
      "end" : 239,
      "text" : ".",
      "whiteSpace" : false
    } ]
  }, {
    "id" : "s4",
    "begin" : 240,
    "end" : 306,
    "text" : "We went down to\nthe local AT&amp;T; store and talked with someone.",
    "tokens" : [ {
      "id" : "s4-t0",
      "begin" : 240,
      "end" : 242,
      "text" : "We",
      "whiteSpace" : false
    }, {
      "id" : "s4-t1",
      "begin" : 243,
      "end" : 247,
      "text" : "went",
      "whiteSpace" : false
    }, {
      "id" : "s4-t2",
      "begin" : 248,
      "end" : 252,
      "text" : "down",
      "whiteSpace" : false
    }, {
      "id" : "s4-t3",
      "begin" : 253,
      "end" : 255,
      "text" : "to",
      "whiteSpace" : false
    }, {
      "id" : "s4-t4",
      "begin" : 256,
      "end" : 259,
      "text" : "the",
      "whiteSpace" : false
    }, {
      "id" : "s4-t5",
      "begin" : 260,
      "end" : 265,
      "text" : "local",
      "whiteSpace" : false
    }, {
      "id" : "s4-t6",
      "begin" : 266,
      "end" : 268,
      "text" : "AT",
      "whiteSpace" : false
    }, {
      "id" : "s4-t7",
      "begin" : 268,
      "end" : 273,
      "text" : "&amp;",
      "whiteSpace" : false
    }, {
      "id" : "s4-t8",
      "begin" : 273,
      "end" : 275,
      "text" : "T;",
      "whiteSpace" : false
    }, {
      "id" : "s4-t9",
      "begin" : 276,
      "end" : 281,
      "text" : "store",
      "whiteSpace" : false
    }, {
      "id" : "s4-t10",
      "begin" : 282,
      "end" : 285,
      "text" : "and",
      "whiteSpace" : false
    }, {
      "id" : "s4-t11",
      "begin" : 286,
      "end" : 292,
      "text" : "talked",
      "whiteSpace" : false
    }, {
      "id" : "s4-t12",
      "begin" : 293,
      "end" : 297,
      "text" : "with",
      "whiteSpace" : false
    }, {
      "id" : "s4-t13",
      "begin" : 298,
      "end" : 305,
      "text" : "someone",
      "whiteSpace" : false
    }, {
      "id" : "s4-t14",
      "begin" : 305,
      "end" : 306,
      "text" : ".",
      "whiteSpace" : false
    } ]
  }, {
    "id" : "s5",
    "begin" : 307,
    "end" : 371,
    "text" : "They copied our paperwork\nand promised to call us back by today.",
    "tokens" : [ {
      "id" : "s5-t0",
      "begin" : 307,
      "end" : 311,
      "text" : "They",
      "whiteSpace" : false
    }, {
      "id" : "s5-t1",
      "begin" : 312,
      "end" : 318,
      "text" : "copied",
      "whiteSpace" : false
    }, {
      "id" : "s5-t2",
      "begin" : 319,
      "end" : 322,
      "text" : "our",
      "whiteSpace" : false
    }, {
      "id" : "s5-t3",
      "begin" : 323,
      "end" : 332,
      "text" : "paperwork",
      "whiteSpace" : false
    }, {
      "id" : "s5-t4",
      "begin" : 333,
      "end" : 336,
      "text" : "and",
      "whiteSpace" : false
    }, {
      "id" : "s5-t5",
      "begin" : 337,
      "end" : 345,
      "text" : "promised",
      "whiteSpace" : false
    }, {
      "id" : "s5-t6",
      "begin" : 346,
      "end" : 348,
      "text" : "to",
      "whiteSpace" : false
    }, {
      "id" : "s5-t7",
      "begin" : 349,
      "end" : 353,
      "text" : "call",
      "whiteSpace" : false
    }, {
      "id" : "s5-t8",
      "begin" : 354,
      "end" : 356,
      "text" : "us",
      "whiteSpace" : false
    }, {
      "id" : "s5-t9",
      "begin" : 357,
      "end" : 361,
      "text" : "back",
      "whiteSpace" : false
    }, {
      "id" : "s5-t10",
      "begin" : 362,
      "end" : 364,
      "text" : "by",
      "whiteSpace" : false
    }, {
      "id" : "s5-t11",
      "begin" : 365,
      "end" : 370,
      "text" : "today",
      "whiteSpace" : false
    }, {
      "id" : "s5-t12",
      "begin" : 370,
      "end" : 371,
      "text" : ".",
      "whiteSpace" : false
    } ]
  }, {
    "id" : "s6",
    "begin" : 372,
    "end" : 404,
    "text" : "Well, guess what, no phone call.",
    "tokens" : [ {
      "id" : "s6-t0",
      "begin" : 372,
      "end" : 376,
      "text" : "Well",
      "whiteSpace" : false
    }, {
      "id" : "s6-t1",
      "begin" : 376,
      "end" : 377,
      "text" : ",",
      "whiteSpace" : false
    }, {
      "id" : "s6-t2",
      "begin" : 378,
      "end" : 383,
      "text" : "guess",
      "whiteSpace" : false
    }, {
      "id" : "s6-t3",
      "begin" : 384,
      "end" : 388,
      "text" : "what",
      "whiteSpace" : false
    }, {
      "id" : "s6-t4",
      "begin" : 388,
      "end" : 389,
      "text" : ",",
      "whiteSpace" : false
    }, {
      "id" : "s6-t5",
      "begin" : 390,
      "end" : 392,
      "text" : "no",
      "whiteSpace" : false
    }, {
      "id" : "s6-t6",
      "begin" : 393,
      "end" : 398,
      "text" : "phone",
      "whiteSpace" : false
    }, {
      "id" : "s6-t7",
      "begin" : 399,
      "end" : 403,
      "text" : "call",
      "whiteSpace" : false
    }, {
      "id" : "s6-t8",
      "begin" : 403,
      "end" : 404,
      "text" : ".",
      "whiteSpace" : false
    } ]
  }, {
    "id" : "s7",
    "begin" : 405,
    "end" : 461,
    "text" : "Try\ncalling the store and it goes straight to voicemail.",
    "tokens" : [ {
      "id" : "s7-t0",
      "begin" : 405,
      "end" : 408,
      "text" : "Try",
      "whiteSpace" : false
    }, {
      "id" : "s7-t1",
      "begin" : 409,
      "end" : 416,
      "text" : "calling",
      "whiteSpace" : false
    }, {
      "id" : "s7-t2",
      "begin" : 417,
      "end" : 420,
      "text" : "the",
      "whiteSpace" : false
    }, {
      "id" : "s7-t3",
      "begin" : 421,
      "end" : 426,
      "text" : "store",
      "whiteSpace" : false
    }, {
      "id" : "s7-t4",
      "begin" : 427,
      "end" : 430,
      "text" : "and",
      "whiteSpace" : false
    }, {
      "id" : "s7-t5",
      "begin" : 431,
      "end" : 433,
      "text" : "it",
      "whiteSpace" : false
    }, {
      "id" : "s7-t6",
      "begin" : 434,
      "end" : 438,
      "text" : "goes",
      "whiteSpace" : false
    }, {
      "id" : "s7-t7",
      "begin" : 439,
      "end" : 447,
      "text" : "straight",
      "whiteSpace" : false
    }, {
      "id" : "s7-t8",
      "begin" : 448,
      "end" : 450,
      "text" : "to",
      "whiteSpace" : false
    }, {
      "id" : "s7-t9",
      "begin" : 451,
      "end" : 460,
      "text" : "voicemail",
      "whiteSpace" : false
    }, {
      "id" : "s7-t10",
      "begin" : 460,
      "end" : 461,
      "text" : ".",
      "whiteSpace" : false
    } ]
  }, {
    "id" : "s8",
    "begin" : 462,
    "end" : 600,
    "text" : "Try calling the rebate\nphone number and you get a message saying \" we are experiencing a higher than\nnormal call volumn\" and they hang up!",
    "tokens" : [ {
      "id" : "s8-t0",
      "begin" : 462,
      "end" : 465,
      "text" : "Try",
      "whiteSpace" : false
    }, {
      "id" : "s8-t1",
      "begin" : 466,
      "end" : 473,
      "text" : "calling",
      "whiteSpace" : false
    }, {
      "id" : "s8-t2",
      "begin" : 474,
      "end" : 477,
      "text" : "the",
      "whiteSpace" : false
    }, {
      "id" : "s8-t3",
      "begin" : 478,
      "end" : 484,
      "text" : "rebate",
      "whiteSpace" : false
    }, {
      "id" : "s8-t4",
      "begin" : 485,
      "end" : 490,
      "text" : "phone",
      "whiteSpace" : false
    }, {
      "id" : "s8-t5",
      "begin" : 491,
      "end" : 497,
      "text" : "number",
      "whiteSpace" : false
    }, {
      "id" : "s8-t6",
      "begin" : 498,
      "end" : 501,
      "text" : "and",
      "whiteSpace" : false
    }, {
      "id" : "s8-t7",
      "begin" : 502,
      "end" : 505,
      "text" : "you",
      "whiteSpace" : false
    }, {
      "id" : "s8-t8",
      "begin" : 506,
      "end" : 509,
      "text" : "get",
      "whiteSpace" : false
    }, {
      "id" : "s8-t9",
      "begin" : 510,
      "end" : 511,
      "text" : "a",
      "whiteSpace" : false
    }, {
      "id" : "s8-t10",
      "begin" : 512,
      "end" : 519,
      "text" : "message",
      "whiteSpace" : false
    }, {
      "id" : "s8-t11",
      "begin" : 520,
      "end" : 526,
      "text" : "saying",
      "whiteSpace" : false
    }, {
      "id" : "s8-t12",
      "begin" : 527,
      "end" : 528,
      "text" : "\"",
      "whiteSpace" : false
    }, {
      "id" : "s8-t13",
      "begin" : 529,
      "end" : 531,
      "text" : "we",
      "whiteSpace" : false
    }, {
      "id" : "s8-t14",
      "begin" : 532,
      "end" : 535,
      "text" : "are",
      "whiteSpace" : false
    }, {
      "id" : "s8-t15",
      "begin" : 536,
      "end" : 548,
      "text" : "experiencing",
      "whiteSpace" : false
    }, {
      "id" : "s8-t16",
      "begin" : 549,
      "end" : 550,
      "text" : "a",
      "whiteSpace" : false
    }, {
      "id" : "s8-t17",
      "begin" : 551,
      "end" : 557,
      "text" : "higher",
      "whiteSpace" : false
    }, {
      "id" : "s8-t18",
      "begin" : 558,
      "end" : 562,
      "text" : "than",
      "whiteSpace" : false
    }, {
      "id" : "s8-t19",
      "begin" : 563,
      "end" : 569,
      "text" : "normal",
      "whiteSpace" : false
    }, {
      "id" : "s8-t20",
      "begin" : 570,
      "end" : 574,
      "text" : "call",
      "whiteSpace" : false
    }, {
      "id" : "s8-t21",
      "begin" : 575,
      "end" : 581,
      "text" : "volumn",
      "whiteSpace" : false
    }, {
      "id" : "s8-t22",
      "begin" : 581,
      "end" : 582,
      "text" : "\"",
      "whiteSpace" : false
    }, {
      "id" : "s8-t23",
      "begin" : 583,
      "end" : 586,
      "text" : "and",
      "whiteSpace" : false
    }, {
      "id" : "s8-t24",
      "begin" : 587,
      "end" : 591,
      "text" : "they",
      "whiteSpace" : false
    }, {
      "id" : "s8-t25",
      "begin" : 592,
      "end" : 596,
      "text" : "hang",
      "whiteSpace" : false
    }, {
      "id" : "s8-t26",
      "begin" : 597,
      "end" : 599,
      "text" : "up",
      "whiteSpace" : false
    }, {
      "id" : "s8-t27",
      "begin" : 599,
      "end" : 600,
      "text" : "!",
      "whiteSpace" : false
    } ]
  }, {
    "id" : "s9",
    "begin" : 601,
    "end" : 612,
    "text" : "I'm so mad!",
    "tokens" : [ {
      "id" : "s9-t0",
      "begin" : 601,
      "end" : 602,
      "text" : "I",
      "whiteSpace" : false
    }, {
      "id" : "s9-t1",
      "begin" : 602,
      "end" : 604,
      "text" : "'m",
      "whiteSpace" : false
    }, {
      "id" : "s9-t2",
      "begin" : 605,
      "end" : 607,
      "text" : "so",
      "whiteSpace" : false
    }, {
      "id" : "s9-t3",
      "begin" : 608,
      "end" : 611,
      "text" : "mad",
      "whiteSpace" : false
    }, {
      "id" : "s9-t4",
      "begin" : 611,
      "end" : 612,
      "text" : "!",
      "whiteSpace" : false
    } ]
  }, {
    "id" : "s10",
    "begin" : 613,
    "end" : 667,
    "text" : "I'm ready to drop them and I\ndon't care what it costs!",
    "tokens" : [ {
      "id" : "s10-t0",
      "begin" : 613,
      "end" : 614,
      "text" : "I",
      "whiteSpace" : false
    }, {
      "id" : "s10-t1",
      "begin" : 614,
      "end" : 616,
      "text" : "'m",
      "whiteSpace" : false
    }, {
      "id" : "s10-t2",
      "begin" : 617,
      "end" : 622,
      "text" : "ready",
      "whiteSpace" : false
    }, {
      "id" : "s10-t3",
      "begin" : 623,
      "end" : 625,
      "text" : "to",
      "whiteSpace" : false
    }, {
      "id" : "s10-t4",
      "begin" : 626,
      "end" : 630,
      "text" : "drop",
      "whiteSpace" : false
    }, {
      "id" : "s10-t5",
      "begin" : 631,
      "end" : 635,
      "text" : "them",
      "whiteSpace" : false
    }, {
      "id" : "s10-t6",
      "begin" : 636,
      "end" : 639,
      "text" : "and",
      "whiteSpace" : false
    }, {
      "id" : "s10-t7",
      "begin" : 640,
      "end" : 641,
      "text" : "I",
      "whiteSpace" : false
    }, {
      "id" : "s10-t8",
      "begin" : 642,
      "end" : 644,
      "text" : "do",
      "whiteSpace" : false
    }, {
      "id" : "s10-t9",
      "begin" : 644,
      "end" : 647,
      "text" : "n't",
      "whiteSpace" : false
    }, {
      "id" : "s10-t10",
      "begin" : 648,
      "end" : 652,
      "text" : "care",
      "whiteSpace" : false
    }, {
      "id" : "s10-t11",
      "begin" : 653,
      "end" : 657,
      "text" : "what",
      "whiteSpace" : false
    }, {
      "id" : "s10-t12",
      "begin" : 658,
      "end" : 660,
      "text" : "it",
      "whiteSpace" : false
    }, {
      "id" : "s10-t13",
      "begin" : 661,
      "end" : 666,
      "text" : "costs",
      "whiteSpace" : false
    }, {
      "id" : "s10-t14",
      "begin" : 666,
      "end" : 667,
      "text" : "!",
      "whiteSpace" : false
    } ]
  }, {
    "id" : "s11",
    "begin" : 668,
    "end" : 698,
    "text" : "I'll post it where ever I can!",
    "tokens" : [ {
      "id" : "s11-t0",
      "begin" : 668,
      "end" : 669,
      "text" : "I",
      "whiteSpace" : false
    }, {
      "id" : "s11-t1",
      "begin" : 669,
      "end" : 672,
      "text" : "'ll",
      "whiteSpace" : false
    }, {
      "id" : "s11-t2",
      "begin" : 673,
      "end" : 677,
      "text" : "post",
      "whiteSpace" : false
    }, {
      "id" : "s11-t3",
      "begin" : 678,
      "end" : 680,
      "text" : "it",
      "whiteSpace" : false
    }, {
      "id" : "s11-t4",
      "begin" : 681,
      "end" : 686,
      "text" : "where",
      "whiteSpace" : false
    }, {
      "id" : "s11-t5",
      "begin" : 687,
      "end" : 691,
      "text" : "ever",
      "whiteSpace" : false
    }, {
      "id" : "s11-t6",
      "begin" : 692,
      "end" : 693,
      "text" : "I",
      "whiteSpace" : false
    }, {
      "id" : "s11-t7",
      "begin" : 694,
      "end" : 697,
      "text" : "can",
      "whiteSpace" : false
    }, {
      "id" : "s11-t8",
      "begin" : 697,
      "end" : 698,
      "text" : "!",
      "whiteSpace" : false
    } ]
  }, {
    "id" : "s12",
    "begin" : 699,
    "end" : 724,
    "text" : "AT&amp;T; scams\npeople!!!",
    "tokens" : [ {
      "id" : "s12-t0",
      "begin" : 699,
      "end" : 701,
      "text" : "AT",
      "whiteSpace" : false
    }, {
      "id" : "s12-t1",
      "begin" : 701,
      "end" : 706,
      "text" : "&amp;",
      "whiteSpace" : false
    }, {
      "id" : "s12-t2",
      "begin" : 706,
      "end" : 708,
      "text" : "T;",
      "whiteSpace" : false
    }, {
      "id" : "s12-t3",
      "begin" : 709,
      "end" : 714,
      "text" : "scams",
      "whiteSpace" : false
    }, {
      "id" : "s12-t4",
      "begin" : 715,
      "end" : 721,
      "text" : "people",
      "whiteSpace" : false
    }, {
      "id" : "s12-t5",
      "begin" : 721,
      "end" : 722,
      "text" : "!",
      "whiteSpace" : false
    }, {
      "id" : "s12-t6",
      "begin" : 722,
      "end" : 723,
      "text" : "!",
      "whiteSpace" : false
    }, {
      "id" : "s12-t7",
      "begin" : 723,
      "end" : 724,
      "text" : "!",
      "whiteSpace" : false
    } ]
  }, {
    "id" : "s13",
    "begin" : 724,
    "end" : 746,
    "text" : "Solved!Go to Solution.",
    "tokens" : [ {
      "id" : "s13-t0",
      "begin" : 724,
      "end" : 731,
      "text" : "Solved!",
      "whiteSpace" : false
    }, {
      "id" : "s13-t1",
      "begin" : 731,
      "end" : 733,
      "text" : "Go",
      "whiteSpace" : false
    }, {
      "id" : "s13-t2",
      "begin" : 734,
      "end" : 736,
      "text" : "to",
      "whiteSpace" : false
    }, {
      "id" : "s13-t3",
      "begin" : 737,
      "end" : 745,
      "text" : "Solution",
      "whiteSpace" : false
    }, {
      "id" : "s13-t4",
      "begin" : 745,
      "end" : 746,
      "text" : ".",
      "whiteSpace" : false
    } ]
  } ],
  "mentions" : [ {
    "id" : "cm1",
    "properties" : {
      "SIRE_MENTION_ROLE" : "Service_Provider",
      "SIRE_ENTITY_SUBTYPE" : "NONE",
      "SIRE_MENTION_TYPE" : "NONE",
      "SIRE_MENTION_CLASS" : "SPC"
    },
    "type" : "Service_Provider",
    "begin" : 43,
    "end" : 50,
    "inCoref" : false
  }, {
    "id" : "cm2",
    "properties" : {
      "SIRE_MENTION_ROLE" : "Service_Provider",
      "SIRE_ENTITY_SUBTYPE" : "NONE",
      "SIRE_MENTION_TYPE" : "NONE",
      "SIRE_MENTION_CLASS" : "SPC"
    },
    "type" : "Service_Provider",
    "begin" : 54,
    "end" : 63,
    "inCoref" : false
  }, {
    "id" : "cm3",
    "properties" : {
      "SIRE_MENTION_ROLE" : "Service_Provider",
      "SIRE_ENTITY_SUBTYPE" : "NONE",
      "SIRE_MENTION_TYPE" : "NONE",
      "SIRE_MENTION_CLASS" : "SPC"
    },
    "type" : "Service_Provider",
    "begin" : 266,
    "end" : 275,
    "inCoref" : false
  }, {
    "id" : "s6-m1",
    "properties" : {
      "SIRE_MENTION_ROLE" : "Voice_Text",
      "SIRE_ENTITY_SUBTYPE" : "NONE",
      "SIRE_MENTION_TYPE" : "NONE",
      "SIRE_MENTION_CLASS" : "SPC"
    },
    "type" : "Voice_Text",
    "begin" : 393,
    "end" : 403,
    "inCoref" : false
  }, {
    "id" : "cm5",
    "properties" : {
      "SIRE_MENTION_ROLE" : "Voice_Text",
      "SIRE_ENTITY_SUBTYPE" : "NONE",
      "SIRE_MENTION_TYPE" : "NONE",
      "SIRE_MENTION_CLASS" : "SPC"
    },
    "type" : "Voice_Text",
    "begin" : 451,
    "end" : 460,
    "inCoref" : false
  }, {
    "id" : "s8-m1",
    "properties" : {
      "SIRE_MENTION_ROLE" : "Voice_Text",
      "SIRE_ENTITY_SUBTYPE" : "NONE",
      "SIRE_MENTION_TYPE" : "NONE",
      "SIRE_MENTION_CLASS" : "SPC"
    },
    "type" : "Voice_Text",
    "begin" : 512,
    "end" : 519,
    "inCoref" : false
  }, {
    "id" : "cm4",
    "properties" : {
      "SIRE_MENTION_ROLE" : "Service_Provider",
      "SIRE_ENTITY_SUBTYPE" : "NONE",
      "SIRE_MENTION_TYPE" : "NONE",
      "SIRE_MENTION_CLASS" : "SPC"
    },
    "type" : "Service_Provider",
    "begin" : 699,
    "end" : 708,
    "inCoref" : false
  } ],
  "relations" : [ ],
  "corefs" : [ ],
  "typeResolved" : true,
  "userResolved" : false
}