{
  "id" : "d1de44c0-fed6-11e6-8985-6b7b38f81720-6",
  "name" : "017c410e384e8a74cad3cfb7a1e90b0e.txt",
  "version" : 3,
  "text" : "Transfer of Billing Responsibility Helpful Links\n\nTransfer Billing ResponsibilityDid a post have a solution that worked for you?\nHelp other people find solutions faster by marking posts that helped you as an\n\"Accepted Solution\". Learn about accepted solutions here.Solved!Go to\nSolution.\n\n",
  "docLength" : 0,
  "language" : "EN",
  "status" : "READY",
  "modifiedDate" : 1488747112075,
  "documentSet" : [ ],
  "preannotation" : [ "PRE_LW" ],
  "sentences" : [ {
    "id" : "s0",
    "begin" : 0,
    "end" : 48,
    "text" : "Transfer of Billing Responsibility Helpful Links",
    "tokens" : [ {
      "id" : "s0-t0",
      "begin" : 0,
      "end" : 8,
      "text" : "Transfer",
      "whiteSpace" : false
    }, {
      "id" : "s0-t1",
      "begin" : 9,
      "end" : 11,
      "text" : "of",
      "whiteSpace" : false
    }, {
      "id" : "s0-t2",
      "begin" : 12,
      "end" : 19,
      "text" : "Billing",
      "whiteSpace" : false
    }, {
      "id" : "s0-t3",
      "begin" : 20,
      "end" : 34,
      "text" : "Responsibility",
      "whiteSpace" : false
    }, {
      "id" : "s0-t4",
      "begin" : 35,
      "end" : 42,
      "text" : "Helpful",
      "whiteSpace" : false
    }, {
      "id" : "s0-t5",
      "begin" : 43,
      "end" : 48,
      "text" : "Links",
      "whiteSpace" : false
    } ]
  }, {
    "id" : "s1",
    "begin" : 50,
    "end" : 128,
    "text" : "Transfer Billing ResponsibilityDid a post have a solution that worked for you?",
    "tokens" : [ {
      "id" : "s1-t0",
      "begin" : 50,
      "end" : 58,
      "text" : "Transfer",
      "whiteSpace" : false
    }, {
      "id" : "s1-t1",
      "begin" : 59,
      "end" : 66,
      "text" : "Billing",
      "whiteSpace" : false
    }, {
      "id" : "s1-t2",
      "begin" : 67,
      "end" : 84,
      "text" : "ResponsibilityDid",
      "whiteSpace" : false
    }, {
      "id" : "s1-t3",
      "begin" : 85,
      "end" : 86,
      "text" : "a",
      "whiteSpace" : false
    }, {
      "id" : "s1-t4",
      "begin" : 87,
      "end" : 91,
      "text" : "post",
      "whiteSpace" : false
    }, {
      "id" : "s1-t5",
      "begin" : 92,
      "end" : 96,
      "text" : "have",
      "whiteSpace" : false
    }, {
      "id" : "s1-t6",
      "begin" : 97,
      "end" : 98,
      "text" : "a",
      "whiteSpace" : false
    }, {
      "id" : "s1-t7",
      "begin" : 99,
      "end" : 107,
      "text" : "solution",
      "whiteSpace" : false
    }, {
      "id" : "s1-t8",
      "begin" : 108,
      "end" : 112,
      "text" : "that",
      "whiteSpace" : false
    }, {
      "id" : "s1-t9",
      "begin" : 113,
      "end" : 119,
      "text" : "worked",
      "whiteSpace" : false
    }, {
      "id" : "s1-t10",
      "begin" : 120,
      "end" : 123,
      "text" : "for",
      "whiteSpace" : false
    }, {
      "id" : "s1-t11",
      "begin" : 124,
      "end" : 127,
      "text" : "you",
      "whiteSpace" : false
    }, {
      "id" : "s1-t12",
      "begin" : 127,
      "end" : 128,
      "text" : "?",
      "whiteSpace" : false
    } ]
  }, {
    "id" : "s2",
    "begin" : 129,
    "end" : 228,
    "text" : "Help other people find solutions faster by marking posts that helped you as an\n\"Accepted Solution\".",
    "tokens" : [ {
      "id" : "s2-t0",
      "begin" : 129,
      "end" : 133,
      "text" : "Help",
      "whiteSpace" : false
    }, {
      "id" : "s2-t1",
      "begin" : 134,
      "end" : 139,
      "text" : "other",
      "whiteSpace" : false
    }, {
      "id" : "s2-t2",
      "begin" : 140,
      "end" : 146,
      "text" : "people",
      "whiteSpace" : false
    }, {
      "id" : "s2-t3",
      "begin" : 147,
      "end" : 151,
      "text" : "find",
      "whiteSpace" : false
    }, {
      "id" : "s2-t4",
      "begin" : 152,
      "end" : 161,
      "text" : "solutions",
      "whiteSpace" : false
    }, {
      "id" : "s2-t5",
      "begin" : 162,
      "end" : 168,
      "text" : "faster",
      "whiteSpace" : false
    }, {
      "id" : "s2-t6",
      "begin" : 169,
      "end" : 171,
      "text" : "by",
      "whiteSpace" : false
    }, {
      "id" : "s2-t7",
      "begin" : 172,
      "end" : 179,
      "text" : "marking",
      "whiteSpace" : false
    }, {
      "id" : "s2-t8",
      "begin" : 180,
      "end" : 185,
      "text" : "posts",
      "whiteSpace" : false
    }, {
      "id" : "s2-t9",
      "begin" : 186,
      "end" : 190,
      "text" : "that",
      "whiteSpace" : false
    }, {
      "id" : "s2-t10",
      "begin" : 191,
      "end" : 197,
      "text" : "helped",
      "whiteSpace" : false
    }, {
      "id" : "s2-t11",
      "begin" : 198,
      "end" : 201,
      "text" : "you",
      "whiteSpace" : false
    }, {
      "id" : "s2-t12",
      "begin" : 202,
      "end" : 204,
      "text" : "as",
      "whiteSpace" : false
    }, {
      "id" : "s2-t13",
      "begin" : 205,
      "end" : 207,
      "text" : "an",
      "whiteSpace" : false
    }, {
      "id" : "s2-t14",
      "begin" : 208,
      "end" : 209,
      "text" : "\"",
      "whiteSpace" : false
    }, {
      "id" : "s2-t15",
      "begin" : 209,
      "end" : 217,
      "text" : "Accepted",
      "whiteSpace" : false
    }, {
      "id" : "s2-t16",
      "begin" : 218,
      "end" : 226,
      "text" : "Solution",
      "whiteSpace" : false
    }, {
      "id" : "s2-t17",
      "begin" : 226,
      "end" : 227,
      "text" : "\"",
      "whiteSpace" : false
    }, {
      "id" : "s2-t18",
      "begin" : 227,
      "end" : 228,
      "text" : ".",
      "whiteSpace" : false
    } ]
  }, {
    "id" : "s3",
    "begin" : 229,
    "end" : 287,
    "text" : "Learn about accepted solutions here.Solved!Go to\nSolution.",
    "tokens" : [ {
      "id" : "s3-t0",
      "begin" : 229,
      "end" : 234,
      "text" : "Learn",
      "whiteSpace" : false
    }, {
      "id" : "s3-t1",
      "begin" : 235,
      "end" : 240,
      "text" : "about",
      "whiteSpace" : false
    }, {
      "id" : "s3-t2",
      "begin" : 241,
      "end" : 249,
      "text" : "accepted",
      "whiteSpace" : false
    }, {
      "id" : "s3-t3",
      "begin" : 250,
      "end" : 259,
      "text" : "solutions",
      "whiteSpace" : false
    }, {
      "id" : "s3-t4",
      "begin" : 260,
      "end" : 272,
      "text" : "here.Solved!",
      "whiteSpace" : false
    }, {
      "id" : "s3-t5",
      "begin" : 272,
      "end" : 274,
      "text" : "Go",
      "whiteSpace" : false
    }, {
      "id" : "s3-t6",
      "begin" : 275,
      "end" : 277,
      "text" : "to",
      "whiteSpace" : false
    }, {
      "id" : "s3-t7",
      "begin" : 278,
      "end" : 286,
      "text" : "Solution",
      "whiteSpace" : false
    }, {
      "id" : "s3-t8",
      "begin" : 286,
      "end" : 287,
      "text" : ".",
      "whiteSpace" : false
    } ]
  } ],
  "mentions" : [ ],
  "relations" : [ ],
  "corefs" : [ ],
  "typeResolved" : true,
  "userResolved" : false
}