{
  "id" : "d1de44c0-fed6-11e6-8985-6b7b38f81720-1",
  "name" : "017c410e384e8a74cad3cfb7a1d83f8b.txt",
  "version" : 3,
  "text" : "Billing mistake\n\nI have been with att for almost ten years now and I have stayed because even\nthough there are cheaper options out there att has the best quality for price\nratio in my opinion. In the nearly ten years I've been with this company I\nreally haven't had any problems, that is until last month. I have auto pay set\nup on my account so I know my bills are getting paid. Last month April 15th\ncame around and my bank account had not been debited the amount for my phone\nbill, no big deal it's late from time to time. April 26th comes around and\nstill no payment so I call att, I speak with someone in billing and I'm told\nthat my account is paid in full there is no balance due, I explain to them\nthat it never came out of my bank account and the customer service\nrepresentative tells me that the account is paid and not to worry about it. I\ncalled back again on the 29th to make sure and was told the same thing. So I\ntook the 150 dollars that was supposed to go to the phone bill that I was\nassured was paid and used it to buy some summer clothes for my two children.\nThen yesterday out of the blue I get a debit on my account for 150 from att so\nI call to see what is going on. I speak with someone in billing and am told\nthat att did not debit my account yesterday the did it April 15th after\nexplaining to him that the April 15th transaction doesn't exist according to\nmy bank he tells me it's a problem with my bank. So I call my bank and they\nsay the same thing they did in April that there was no transaction in the\nmonth of April from att. So I call att back and speak with two more people in\nbilling and explain the situation to them finally they transfer me to finance.\nSo I speak to the finance representative and after some digging he finds that\nthere was an error with at&amp;t;'s system and the transaction for April was\nnot processed until May 5th, so I asked him why the other five people I spoke\ntoo had no knowledge of this error and he said they probably didn't know about\nit. I explained to him that I am in the military and have a very fixed budget\nand my pone bill is budgeted for the 15th pay period not the first, so by\ntaking out 150 dollars on the 5th of May has put me very close to zero in my\naccount until the 15th. After an awkward pause he tells me there's nothing he\ncan do except suspend the payment on the fifteenth for a week or so, I explain\nto him that I get paid on the 15th and have the phone bill budgeted for that\npay period, what is hurting me is the lateness of att collecting their April\npayment. After another long awkward pause he says there is nothing he can do\nand asks if I have any other questions. So I say no and thank you and hang up.\nI guess it is my own fault for taking the word of two different people at att\ntelling me that my bill for April was paid and I had a zero balance i\nshouldn't have taken there word and reassigned that money to something else,\nbut the fact that due to an \"error\" with their billing system I am now pretty\nmuch broke for the next week really ticks me off. After nearly ten years of\nbeing a satisfied customer this issue is causing me to reevaluate if att is\nthe right company for me.\n\n",
  "docLength" : 0,
  "language" : "EN",
  "status" : "READY",
  "modifiedDate" : 1488747061340,
  "documentSet" : [ ],
  "preannotation" : [ "PRE_LW" ],
  "sentences" : [ {
    "id" : "s0",
    "begin" : 0,
    "end" : 15,
    "text" : "Billing mistake",
    "tokens" : [ {
      "id" : "s0-t0",
      "begin" : 0,
      "end" : 7,
      "text" : "Billing",
      "whiteSpace" : false
    }, {
      "id" : "s0-t1",
      "begin" : 8,
      "end" : 15,
      "text" : "mistake",
      "whiteSpace" : false
    } ]
  }, {
    "id" : "s1",
    "begin" : 17,
    "end" : 192,
    "text" : "I have been with att for almost ten years now and I have stayed because even\nthough there are cheaper options out there att has the best quality for price\nratio in my opinion.",
    "tokens" : [ {
      "id" : "s1-t0",
      "begin" : 17,
      "end" : 18,
      "text" : "I",
      "whiteSpace" : false
    }, {
      "id" : "s1-t1",
      "begin" : 19,
      "end" : 23,
      "text" : "have",
      "whiteSpace" : false
    }, {
      "id" : "s1-t2",
      "begin" : 24,
      "end" : 28,
      "text" : "been",
      "whiteSpace" : false
    }, {
      "id" : "s1-t3",
      "begin" : 29,
      "end" : 33,
      "text" : "with",
      "whiteSpace" : false
    }, {
      "id" : "s1-t4",
      "begin" : 34,
      "end" : 37,
      "text" : "att",
      "whiteSpace" : false
    }, {
      "id" : "s1-t5",
      "begin" : 38,
      "end" : 41,
      "text" : "for",
      "whiteSpace" : false
    }, {
      "id" : "s1-t6",
      "begin" : 42,
      "end" : 48,
      "text" : "almost",
      "whiteSpace" : false
    }, {
      "id" : "s1-t7",
      "begin" : 49,
      "end" : 52,
      "text" : "ten",
      "whiteSpace" : false
    }, {
      "id" : "s1-t8",
      "begin" : 53,
      "end" : 58,
      "text" : "years",
      "whiteSpace" : false
    }, {
      "id" : "s1-t9",
      "begin" : 59,
      "end" : 62,
      "text" : "now",
      "whiteSpace" : false
    }, {
      "id" : "s1-t10",
      "begin" : 63,
      "end" : 66,
      "text" : "and",
      "whiteSpace" : false
    }, {
      "id" : "s1-t11",
      "begin" : 67,
      "end" : 68,
      "text" : "I",
      "whiteSpace" : false
    }, {
      "id" : "s1-t12",
      "begin" : 69,
      "end" : 73,
      "text" : "have",
      "whiteSpace" : false
    }, {
      "id" : "s1-t13",
      "begin" : 74,
      "end" : 80,
      "text" : "stayed",
      "whiteSpace" : false
    }, {
      "id" : "s1-t14",
      "begin" : 81,
      "end" : 88,
      "text" : "because",
      "whiteSpace" : false
    }, {
      "id" : "s1-t15",
      "begin" : 89,
      "end" : 93,
      "text" : "even",
      "whiteSpace" : false
    }, {
      "id" : "s1-t16",
      "begin" : 94,
      "end" : 100,
      "text" : "though",
      "whiteSpace" : false
    }, {
      "id" : "s1-t17",
      "begin" : 101,
      "end" : 106,
      "text" : "there",
      "whiteSpace" : false
    }, {
      "id" : "s1-t18",
      "begin" : 107,
      "end" : 110,
      "text" : "are",
      "whiteSpace" : false
    }, {
      "id" : "s1-t19",
      "begin" : 111,
      "end" : 118,
      "text" : "cheaper",
      "whiteSpace" : false
    }, {
      "id" : "s1-t20",
      "begin" : 119,
      "end" : 126,
      "text" : "options",
      "whiteSpace" : false
    }, {
      "id" : "s1-t21",
      "begin" : 127,
      "end" : 130,
      "text" : "out",
      "whiteSpace" : false
    }, {
      "id" : "s1-t22",
      "begin" : 131,
      "end" : 136,
      "text" : "there",
      "whiteSpace" : false
    }, {
      "id" : "s1-t23",
      "begin" : 137,
      "end" : 140,
      "text" : "att",
      "whiteSpace" : false
    }, {
      "id" : "s1-t24",
      "begin" : 141,
      "end" : 144,
      "text" : "has",
      "whiteSpace" : false
    }, {
      "id" : "s1-t25",
      "begin" : 145,
      "end" : 148,
      "text" : "the",
      "whiteSpace" : false
    }, {
      "id" : "s1-t26",
      "begin" : 149,
      "end" : 153,
      "text" : "best",
      "whiteSpace" : false
    }, {
      "id" : "s1-t27",
      "begin" : 154,
      "end" : 161,
      "text" : "quality",
      "whiteSpace" : false
    }, {
      "id" : "s1-t28",
      "begin" : 162,
      "end" : 165,
      "text" : "for",
      "whiteSpace" : false
    }, {
      "id" : "s1-t29",
      "begin" : 166,
      "end" : 171,
      "text" : "price",
      "whiteSpace" : false
    }, {
      "id" : "s1-t30",
      "begin" : 172,
      "end" : 177,
      "text" : "ratio",
      "whiteSpace" : false
    }, {
      "id" : "s1-t31",
      "begin" : 178,
      "end" : 180,
      "text" : "in",
      "whiteSpace" : false
    }, {
      "id" : "s1-t32",
      "begin" : 181,
      "end" : 183,
      "text" : "my",
      "whiteSpace" : false
    }, {
      "id" : "s1-t33",
      "begin" : 184,
      "end" : 191,
      "text" : "opinion",
      "whiteSpace" : false
    }, {
      "id" : "s1-t34",
      "begin" : 191,
      "end" : 192,
      "text" : ".",
      "whiteSpace" : false
    } ]
  }, {
    "id" : "s2",
    "begin" : 193,
    "end" : 305,
    "text" : "In the nearly ten years I've been with this company I\nreally haven't had any problems, that is until last month.",
    "tokens" : [ {
      "id" : "s2-t0",
      "begin" : 193,
      "end" : 195,
      "text" : "In",
      "whiteSpace" : false
    }, {
      "id" : "s2-t1",
      "begin" : 196,
      "end" : 199,
      "text" : "the",
      "whiteSpace" : false
    }, {
      "id" : "s2-t2",
      "begin" : 200,
      "end" : 206,
      "text" : "nearly",
      "whiteSpace" : false
    }, {
      "id" : "s2-t3",
      "begin" : 207,
      "end" : 210,
      "text" : "ten",
      "whiteSpace" : false
    }, {
      "id" : "s2-t4",
      "begin" : 211,
      "end" : 216,
      "text" : "years",
      "whiteSpace" : false
    }, {
      "id" : "s2-t5",
      "begin" : 217,
      "end" : 218,
      "text" : "I",
      "whiteSpace" : false
    }, {
      "id" : "s2-t6",
      "begin" : 218,
      "end" : 221,
      "text" : "'ve",
      "whiteSpace" : false
    }, {
      "id" : "s2-t7",
      "begin" : 222,
      "end" : 226,
      "text" : "been",
      "whiteSpace" : false
    }, {
      "id" : "s2-t8",
      "begin" : 227,
      "end" : 231,
      "text" : "with",
      "whiteSpace" : false
    }, {
      "id" : "s2-t9",
      "begin" : 232,
      "end" : 236,
      "text" : "this",
      "whiteSpace" : false
    }, {
      "id" : "s2-t10",
      "begin" : 237,
      "end" : 244,
      "text" : "company",
      "whiteSpace" : false
    }, {
      "id" : "s2-t11",
      "begin" : 245,
      "end" : 246,
      "text" : "I",
      "whiteSpace" : false
    }, {
      "id" : "s2-t12",
      "begin" : 247,
      "end" : 253,
      "text" : "really",
      "whiteSpace" : false
    }, {
      "id" : "s2-t13",
      "begin" : 254,
      "end" : 258,
      "text" : "have",
      "whiteSpace" : false
    }, {
      "id" : "s2-t14",
      "begin" : 258,
      "end" : 261,
      "text" : "n't",
      "whiteSpace" : false
    }, {
      "id" : "s2-t15",
      "begin" : 262,
      "end" : 265,
      "text" : "had",
      "whiteSpace" : false
    }, {
      "id" : "s2-t16",
      "begin" : 266,
      "end" : 269,
      "text" : "any",
      "whiteSpace" : false
    }, {
      "id" : "s2-t17",
      "begin" : 270,
      "end" : 278,
      "text" : "problems",
      "whiteSpace" : false
    }, {
      "id" : "s2-t18",
      "begin" : 278,
      "end" : 279,
      "text" : ",",
      "whiteSpace" : false
    }, {
      "id" : "s2-t19",
      "begin" : 280,
      "end" : 284,
      "text" : "that",
      "whiteSpace" : false
    }, {
      "id" : "s2-t20",
      "begin" : 285,
      "end" : 287,
      "text" : "is",
      "whiteSpace" : false
    }, {
      "id" : "s2-t21",
      "begin" : 288,
      "end" : 293,
      "text" : "until",
      "whiteSpace" : false
    }, {
      "id" : "s2-t22",
      "begin" : 294,
      "end" : 298,
      "text" : "last",
      "whiteSpace" : false
    }, {
      "id" : "s2-t23",
      "begin" : 299,
      "end" : 304,
      "text" : "month",
      "whiteSpace" : false
    }, {
      "id" : "s2-t24",
      "begin" : 304,
      "end" : 305,
      "text" : ".",
      "whiteSpace" : false
    } ]
  }, {
    "id" : "s3",
    "begin" : 306,
    "end" : 379,
    "text" : "I have auto pay set\nup on my account so I know my bills are getting paid.",
    "tokens" : [ {
      "id" : "s3-t0",
      "begin" : 306,
      "end" : 307,
      "text" : "I",
      "whiteSpace" : false
    }, {
      "id" : "s3-t1",
      "begin" : 308,
      "end" : 312,
      "text" : "have",
      "whiteSpace" : false
    }, {
      "id" : "s3-t2",
      "begin" : 313,
      "end" : 317,
      "text" : "auto",
      "whiteSpace" : false
    }, {
      "id" : "s3-t3",
      "begin" : 318,
      "end" : 321,
      "text" : "pay",
      "whiteSpace" : false
    }, {
      "id" : "s3-t4",
      "begin" : 322,
      "end" : 325,
      "text" : "set",
      "whiteSpace" : false
    }, {
      "id" : "s3-t5",
      "begin" : 326,
      "end" : 328,
      "text" : "up",
      "whiteSpace" : false
    }, {
      "id" : "s3-t6",
      "begin" : 329,
      "end" : 331,
      "text" : "on",
      "whiteSpace" : false
    }, {
      "id" : "s3-t7",
      "begin" : 332,
      "end" : 334,
      "text" : "my",
      "whiteSpace" : false
    }, {
      "id" : "s3-t8",
      "begin" : 335,
      "end" : 342,
      "text" : "account",
      "whiteSpace" : false
    }, {
      "id" : "s3-t9",
      "begin" : 343,
      "end" : 345,
      "text" : "so",
      "whiteSpace" : false
    }, {
      "id" : "s3-t10",
      "begin" : 346,
      "end" : 347,
      "text" : "I",
      "whiteSpace" : false
    }, {
      "id" : "s3-t11",
      "begin" : 348,
      "end" : 352,
      "text" : "know",
      "whiteSpace" : false
    }, {
      "id" : "s3-t12",
      "begin" : 353,
      "end" : 355,
      "text" : "my",
      "whiteSpace" : false
    }, {
      "id" : "s3-t13",
      "begin" : 356,
      "end" : 361,
      "text" : "bills",
      "whiteSpace" : false
    }, {
      "id" : "s3-t14",
      "begin" : 362,
      "end" : 365,
      "text" : "are",
      "whiteSpace" : false
    }, {
      "id" : "s3-t15",
      "begin" : 366,
      "end" : 373,
      "text" : "getting",
      "whiteSpace" : false
    }, {
      "id" : "s3-t16",
      "begin" : 374,
      "end" : 378,
      "text" : "paid",
      "whiteSpace" : false
    }, {
      "id" : "s3-t17",
      "begin" : 378,
      "end" : 379,
      "text" : ".",
      "whiteSpace" : false
    } ]
  }, {
    "id" : "s4",
    "begin" : 380,
    "end" : 525,
    "text" : "Last month April 15th\ncame around and my bank account had not been debited the amount for my phone\nbill, no big deal it's late from time to time.",
    "tokens" : [ {
      "id" : "s4-t0",
      "begin" : 380,
      "end" : 384,
      "text" : "Last",
      "whiteSpace" : false
    }, {
      "id" : "s4-t1",
      "begin" : 385,
      "end" : 390,
      "text" : "month",
      "whiteSpace" : false
    }, {
      "id" : "s4-t2",
      "begin" : 391,
      "end" : 396,
      "text" : "April",
      "whiteSpace" : false
    }, {
      "id" : "s4-t3",
      "begin" : 397,
      "end" : 401,
      "text" : "15th",
      "whiteSpace" : false
    }, {
      "id" : "s4-t4",
      "begin" : 402,
      "end" : 406,
      "text" : "came",
      "whiteSpace" : false
    }, {
      "id" : "s4-t5",
      "begin" : 407,
      "end" : 413,
      "text" : "around",
      "whiteSpace" : false
    }, {
      "id" : "s4-t6",
      "begin" : 414,
      "end" : 417,
      "text" : "and",
      "whiteSpace" : false
    }, {
      "id" : "s4-t7",
      "begin" : 418,
      "end" : 420,
      "text" : "my",
      "whiteSpace" : false
    }, {
      "id" : "s4-t8",
      "begin" : 421,
      "end" : 425,
      "text" : "bank",
      "whiteSpace" : false
    }, {
      "id" : "s4-t9",
      "begin" : 426,
      "end" : 433,
      "text" : "account",
      "whiteSpace" : false
    }, {
      "id" : "s4-t10",
      "begin" : 434,
      "end" : 437,
      "text" : "had",
      "whiteSpace" : false
    }, {
      "id" : "s4-t11",
      "begin" : 438,
      "end" : 441,
      "text" : "not",
      "whiteSpace" : false
    }, {
      "id" : "s4-t12",
      "begin" : 442,
      "end" : 446,
      "text" : "been",
      "whiteSpace" : false
    }, {
      "id" : "s4-t13",
      "begin" : 447,
      "end" : 454,
      "text" : "debited",
      "whiteSpace" : false
    }, {
      "id" : "s4-t14",
      "begin" : 455,
      "end" : 458,
      "text" : "the",
      "whiteSpace" : false
    }, {
      "id" : "s4-t15",
      "begin" : 459,
      "end" : 465,
      "text" : "amount",
      "whiteSpace" : false
    }, {
      "id" : "s4-t16",
      "begin" : 466,
      "end" : 469,
      "text" : "for",
      "whiteSpace" : false
    }, {
      "id" : "s4-t17",
      "begin" : 470,
      "end" : 472,
      "text" : "my",
      "whiteSpace" : false
    }, {
      "id" : "s4-t18",
      "begin" : 473,
      "end" : 478,
      "text" : "phone",
      "whiteSpace" : false
    }, {
      "id" : "s4-t19",
      "begin" : 479,
      "end" : 483,
      "text" : "bill",
      "whiteSpace" : false
    }, {
      "id" : "s4-t20",
      "begin" : 483,
      "end" : 484,
      "text" : ",",
      "whiteSpace" : false
    }, {
      "id" : "s4-t21",
      "begin" : 485,
      "end" : 487,
      "text" : "no",
      "whiteSpace" : false
    }, {
      "id" : "s4-t22",
      "begin" : 488,
      "end" : 491,
      "text" : "big",
      "whiteSpace" : false
    }, {
      "id" : "s4-t23",
      "begin" : 492,
      "end" : 496,
      "text" : "deal",
      "whiteSpace" : false
    }, {
      "id" : "s4-t24",
      "begin" : 497,
      "end" : 499,
      "text" : "it",
      "whiteSpace" : false
    }, {
      "id" : "s4-t25",
      "begin" : 499,
      "end" : 501,
      "text" : "'s",
      "whiteSpace" : false
    }, {
      "id" : "s4-t26",
      "begin" : 502,
      "end" : 506,
      "text" : "late",
      "whiteSpace" : false
    }, {
      "id" : "s4-t27",
      "begin" : 507,
      "end" : 511,
      "text" : "from",
      "whiteSpace" : false
    }, {
      "id" : "s4-t28",
      "begin" : 512,
      "end" : 516,
      "text" : "time",
      "whiteSpace" : false
    }, {
      "id" : "s4-t29",
      "begin" : 517,
      "end" : 519,
      "text" : "to",
      "whiteSpace" : false
    }, {
      "id" : "s4-t30",
      "begin" : 520,
      "end" : 524,
      "text" : "time",
      "whiteSpace" : false
    }, {
      "id" : "s4-t31",
      "begin" : 524,
      "end" : 525,
      "text" : ".",
      "whiteSpace" : false
    } ]
  }, {
    "id" : "s5",
    "begin" : 526,
    "end" : 848,
    "text" : "April 26th comes around and\nstill no payment so I call att, I speak with someone in billing and I'm told\nthat my account is paid in full there is no balance due, I explain to them\nthat it never came out of my bank account and the customer service\nrepresentative tells me that the account is paid and not to worry about it.",
    "tokens" : [ {
      "id" : "s5-t0",
      "begin" : 526,
      "end" : 531,
      "text" : "April",
      "whiteSpace" : false
    }, {
      "id" : "s5-t1",
      "begin" : 532,
      "end" : 536,
      "text" : "26th",
      "whiteSpace" : false
    }, {
      "id" : "s5-t2",
      "begin" : 537,
      "end" : 542,
      "text" : "comes",
      "whiteSpace" : false
    }, {
      "id" : "s5-t3",
      "begin" : 543,
      "end" : 549,
      "text" : "around",
      "whiteSpace" : false
    }, {
      "id" : "s5-t4",
      "begin" : 550,
      "end" : 553,
      "text" : "and",
      "whiteSpace" : false
    }, {
      "id" : "s5-t5",
      "begin" : 554,
      "end" : 559,
      "text" : "still",
      "whiteSpace" : false
    }, {
      "id" : "s5-t6",
      "begin" : 560,
      "end" : 562,
      "text" : "no",
      "whiteSpace" : false
    }, {
      "id" : "s5-t7",
      "begin" : 563,
      "end" : 570,
      "text" : "payment",
      "whiteSpace" : false
    }, {
      "id" : "s5-t8",
      "begin" : 571,
      "end" : 573,
      "text" : "so",
      "whiteSpace" : false
    }, {
      "id" : "s5-t9",
      "begin" : 574,
      "end" : 575,
      "text" : "I",
      "whiteSpace" : false
    }, {
      "id" : "s5-t10",
      "begin" : 576,
      "end" : 580,
      "text" : "call",
      "whiteSpace" : false
    }, {
      "id" : "s5-t11",
      "begin" : 581,
      "end" : 584,
      "text" : "att",
      "whiteSpace" : false
    }, {
      "id" : "s5-t12",
      "begin" : 584,
      "end" : 585,
      "text" : ",",
      "whiteSpace" : false
    }, {
      "id" : "s5-t13",
      "begin" : 586,
      "end" : 587,
      "text" : "I",
      "whiteSpace" : false
    }, {
      "id" : "s5-t14",
      "begin" : 588,
      "end" : 593,
      "text" : "speak",
      "whiteSpace" : false
    }, {
      "id" : "s5-t15",
      "begin" : 594,
      "end" : 598,
      "text" : "with",
      "whiteSpace" : false
    }, {
      "id" : "s5-t16",
      "begin" : 599,
      "end" : 606,
      "text" : "someone",
      "whiteSpace" : false
    }, {
      "id" : "s5-t17",
      "begin" : 607,
      "end" : 609,
      "text" : "in",
      "whiteSpace" : false
    }, {
      "id" : "s5-t18",
      "begin" : 610,
      "end" : 617,
      "text" : "billing",
      "whiteSpace" : false
    }, {
      "id" : "s5-t19",
      "begin" : 618,
      "end" : 621,
      "text" : "and",
      "whiteSpace" : false
    }, {
      "id" : "s5-t20",
      "begin" : 622,
      "end" : 623,
      "text" : "I",
      "whiteSpace" : false
    }, {
      "id" : "s5-t21",
      "begin" : 623,
      "end" : 625,
      "text" : "'m",
      "whiteSpace" : false
    }, {
      "id" : "s5-t22",
      "begin" : 626,
      "end" : 630,
      "text" : "told",
      "whiteSpace" : false
    }, {
      "id" : "s5-t23",
      "begin" : 631,
      "end" : 635,
      "text" : "that",
      "whiteSpace" : false
    }, {
      "id" : "s5-t24",
      "begin" : 636,
      "end" : 638,
      "text" : "my",
      "whiteSpace" : false
    }, {
      "id" : "s5-t25",
      "begin" : 639,
      "end" : 646,
      "text" : "account",
      "whiteSpace" : false
    }, {
      "id" : "s5-t26",
      "begin" : 647,
      "end" : 649,
      "text" : "is",
      "whiteSpace" : false
    }, {
      "id" : "s5-t27",
      "begin" : 650,
      "end" : 654,
      "text" : "paid",
      "whiteSpace" : false
    }, {
      "id" : "s5-t28",
      "begin" : 655,
      "end" : 657,
      "text" : "in",
      "whiteSpace" : false
    }, {
      "id" : "s5-t29",
      "begin" : 658,
      "end" : 662,
      "text" : "full",
      "whiteSpace" : false
    }, {
      "id" : "s5-t30",
      "begin" : 663,
      "end" : 668,
      "text" : "there",
      "whiteSpace" : false
    }, {
      "id" : "s5-t31",
      "begin" : 669,
      "end" : 671,
      "text" : "is",
      "whiteSpace" : false
    }, {
      "id" : "s5-t32",
      "begin" : 672,
      "end" : 674,
      "text" : "no",
      "whiteSpace" : false
    }, {
      "id" : "s5-t33",
      "begin" : 675,
      "end" : 682,
      "text" : "balance",
      "whiteSpace" : false
    }, {
      "id" : "s5-t34",
      "begin" : 683,
      "end" : 686,
      "text" : "due",
      "whiteSpace" : false
    }, {
      "id" : "s5-t35",
      "begin" : 686,
      "end" : 687,
      "text" : ",",
      "whiteSpace" : false
    }, {
      "id" : "s5-t36",
      "begin" : 688,
      "end" : 689,
      "text" : "I",
      "whiteSpace" : false
    }, {
      "id" : "s5-t37",
      "begin" : 690,
      "end" : 697,
      "text" : "explain",
      "whiteSpace" : false
    }, {
      "id" : "s5-t38",
      "begin" : 698,
      "end" : 700,
      "text" : "to",
      "whiteSpace" : false
    }, {
      "id" : "s5-t39",
      "begin" : 701,
      "end" : 705,
      "text" : "them",
      "whiteSpace" : false
    }, {
      "id" : "s5-t40",
      "begin" : 706,
      "end" : 710,
      "text" : "that",
      "whiteSpace" : false
    }, {
      "id" : "s5-t41",
      "begin" : 711,
      "end" : 713,
      "text" : "it",
      "whiteSpace" : false
    }, {
      "id" : "s5-t42",
      "begin" : 714,
      "end" : 719,
      "text" : "never",
      "whiteSpace" : false
    }, {
      "id" : "s5-t43",
      "begin" : 720,
      "end" : 724,
      "text" : "came",
      "whiteSpace" : false
    }, {
      "id" : "s5-t44",
      "begin" : 725,
      "end" : 728,
      "text" : "out",
      "whiteSpace" : false
    }, {
      "id" : "s5-t45",
      "begin" : 729,
      "end" : 731,
      "text" : "of",
      "whiteSpace" : false
    }, {
      "id" : "s5-t46",
      "begin" : 732,
      "end" : 734,
      "text" : "my",
      "whiteSpace" : false
    }, {
      "id" : "s5-t47",
      "begin" : 735,
      "end" : 739,
      "text" : "bank",
      "whiteSpace" : false
    }, {
      "id" : "s5-t48",
      "begin" : 740,
      "end" : 747,
      "text" : "account",
      "whiteSpace" : false
    }, {
      "id" : "s5-t49",
      "begin" : 748,
      "end" : 751,
      "text" : "and",
      "whiteSpace" : false
    }, {
      "id" : "s5-t50",
      "begin" : 752,
      "end" : 755,
      "text" : "the",
      "whiteSpace" : false
    }, {
      "id" : "s5-t51",
      "begin" : 756,
      "end" : 764,
      "text" : "customer",
      "whiteSpace" : false
    }, {
      "id" : "s5-t52",
      "begin" : 765,
      "end" : 772,
      "text" : "service",
      "whiteSpace" : false
    }, {
      "id" : "s5-t53",
      "begin" : 773,
      "end" : 787,
      "text" : "representative",
      "whiteSpace" : false
    }, {
      "id" : "s5-t54",
      "begin" : 788,
      "end" : 793,
      "text" : "tells",
      "whiteSpace" : false
    }, {
      "id" : "s5-t55",
      "begin" : 794,
      "end" : 796,
      "text" : "me",
      "whiteSpace" : false
    }, {
      "id" : "s5-t56",
      "begin" : 797,
      "end" : 801,
      "text" : "that",
      "whiteSpace" : false
    }, {
      "id" : "s5-t57",
      "begin" : 802,
      "end" : 805,
      "text" : "the",
      "whiteSpace" : false
    }, {
      "id" : "s5-t58",
      "begin" : 806,
      "end" : 813,
      "text" : "account",
      "whiteSpace" : false
    }, {
      "id" : "s5-t59",
      "begin" : 814,
      "end" : 816,
      "text" : "is",
      "whiteSpace" : false
    }, {
      "id" : "s5-t60",
      "begin" : 817,
      "end" : 821,
      "text" : "paid",
      "whiteSpace" : false
    }, {
      "id" : "s5-t61",
      "begin" : 822,
      "end" : 825,
      "text" : "and",
      "whiteSpace" : false
    }, {
      "id" : "s5-t62",
      "begin" : 826,
      "end" : 829,
      "text" : "not",
      "whiteSpace" : false
    }, {
      "id" : "s5-t63",
      "begin" : 830,
      "end" : 832,
      "text" : "to",
      "whiteSpace" : false
    }, {
      "id" : "s5-t64",
      "begin" : 833,
      "end" : 838,
      "text" : "worry",
      "whiteSpace" : false
    }, {
      "id" : "s5-t65",
      "begin" : 839,
      "end" : 844,
      "text" : "about",
      "whiteSpace" : false
    }, {
      "id" : "s5-t66",
      "begin" : 845,
      "end" : 847,
      "text" : "it",
      "whiteSpace" : false
    }, {
      "id" : "s5-t67",
      "begin" : 847,
      "end" : 848,
      "text" : ".",
      "whiteSpace" : false
    } ]
  }, {
    "id" : "s6",
    "begin" : 849,
    "end" : 922,
    "text" : "I\ncalled back again on the 29th to make sure and was told the same thing.",
    "tokens" : [ {
      "id" : "s6-t0",
      "begin" : 849,
      "end" : 850,
      "text" : "I",
      "whiteSpace" : false
    }, {
      "id" : "s6-t1",
      "begin" : 851,
      "end" : 857,
      "text" : "called",
      "whiteSpace" : false
    }, {
      "id" : "s6-t2",
      "begin" : 858,
      "end" : 862,
      "text" : "back",
      "whiteSpace" : false
    }, {
      "id" : "s6-t3",
      "begin" : 863,
      "end" : 868,
      "text" : "again",
      "whiteSpace" : false
    }, {
      "id" : "s6-t4",
      "begin" : 869,
      "end" : 871,
      "text" : "on",
      "whiteSpace" : false
    }, {
      "id" : "s6-t5",
      "begin" : 872,
      "end" : 875,
      "text" : "the",
      "whiteSpace" : false
    }, {
      "id" : "s6-t6",
      "begin" : 876,
      "end" : 880,
      "text" : "29th",
      "whiteSpace" : false
    }, {
      "id" : "s6-t7",
      "begin" : 881,
      "end" : 883,
      "text" : "to",
      "whiteSpace" : false
    }, {
      "id" : "s6-t8",
      "begin" : 884,
      "end" : 888,
      "text" : "make",
      "whiteSpace" : false
    }, {
      "id" : "s6-t9",
      "begin" : 889,
      "end" : 893,
      "text" : "sure",
      "whiteSpace" : false
    }, {
      "id" : "s6-t10",
      "begin" : 894,
      "end" : 897,
      "text" : "and",
      "whiteSpace" : false
    }, {
      "id" : "s6-t11",
      "begin" : 898,
      "end" : 901,
      "text" : "was",
      "whiteSpace" : false
    }, {
      "id" : "s6-t12",
      "begin" : 902,
      "end" : 906,
      "text" : "told",
      "whiteSpace" : false
    }, {
      "id" : "s6-t13",
      "begin" : 907,
      "end" : 910,
      "text" : "the",
      "whiteSpace" : false
    }, {
      "id" : "s6-t14",
      "begin" : 911,
      "end" : 915,
      "text" : "same",
      "whiteSpace" : false
    }, {
      "id" : "s6-t15",
      "begin" : 916,
      "end" : 921,
      "text" : "thing",
      "whiteSpace" : false
    }, {
      "id" : "s6-t16",
      "begin" : 921,
      "end" : 922,
      "text" : ".",
      "whiteSpace" : false
    } ]
  }, {
    "id" : "s7",
    "begin" : 923,
    "end" : 1078,
    "text" : "So I\ntook the 150 dollars that was supposed to go to the phone bill that I was\nassured was paid and used it to buy some summer clothes for my two children.",
    "tokens" : [ {
      "id" : "s7-t0",
      "begin" : 923,
      "end" : 925,
      "text" : "So",
      "whiteSpace" : false
    }, {
      "id" : "s7-t1",
      "begin" : 926,
      "end" : 927,
      "text" : "I",
      "whiteSpace" : false
    }, {
      "id" : "s7-t2",
      "begin" : 928,
      "end" : 932,
      "text" : "took",
      "whiteSpace" : false
    }, {
      "id" : "s7-t3",
      "begin" : 933,
      "end" : 936,
      "text" : "the",
      "whiteSpace" : false
    }, {
      "id" : "s7-t4",
      "begin" : 937,
      "end" : 940,
      "text" : "150",
      "whiteSpace" : false
    }, {
      "id" : "s7-t5",
      "begin" : 941,
      "end" : 948,
      "text" : "dollars",
      "whiteSpace" : false
    }, {
      "id" : "s7-t6",
      "begin" : 949,
      "end" : 953,
      "text" : "that",
      "whiteSpace" : false
    }, {
      "id" : "s7-t7",
      "begin" : 954,
      "end" : 957,
      "text" : "was",
      "whiteSpace" : false
    }, {
      "id" : "s7-t8",
      "begin" : 958,
      "end" : 966,
      "text" : "supposed",
      "whiteSpace" : false
    }, {
      "id" : "s7-t9",
      "begin" : 967,
      "end" : 969,
      "text" : "to",
      "whiteSpace" : false
    }, {
      "id" : "s7-t10",
      "begin" : 970,
      "end" : 972,
      "text" : "go",
      "whiteSpace" : false
    }, {
      "id" : "s7-t11",
      "begin" : 973,
      "end" : 975,
      "text" : "to",
      "whiteSpace" : false
    }, {
      "id" : "s7-t12",
      "begin" : 976,
      "end" : 979,
      "text" : "the",
      "whiteSpace" : false
    }, {
      "id" : "s7-t13",
      "begin" : 980,
      "end" : 985,
      "text" : "phone",
      "whiteSpace" : false
    }, {
      "id" : "s7-t14",
      "begin" : 986,
      "end" : 990,
      "text" : "bill",
      "whiteSpace" : false
    }, {
      "id" : "s7-t15",
      "begin" : 991,
      "end" : 995,
      "text" : "that",
      "whiteSpace" : false
    }, {
      "id" : "s7-t16",
      "begin" : 996,
      "end" : 997,
      "text" : "I",
      "whiteSpace" : false
    }, {
      "id" : "s7-t17",
      "begin" : 998,
      "end" : 1001,
      "text" : "was",
      "whiteSpace" : false
    }, {
      "id" : "s7-t18",
      "begin" : 1002,
      "end" : 1009,
      "text" : "assured",
      "whiteSpace" : false
    }, {
      "id" : "s7-t19",
      "begin" : 1010,
      "end" : 1013,
      "text" : "was",
      "whiteSpace" : false
    }, {
      "id" : "s7-t20",
      "begin" : 1014,
      "end" : 1018,
      "text" : "paid",
      "whiteSpace" : false
    }, {
      "id" : "s7-t21",
      "begin" : 1019,
      "end" : 1022,
      "text" : "and",
      "whiteSpace" : false
    }, {
      "id" : "s7-t22",
      "begin" : 1023,
      "end" : 1027,
      "text" : "used",
      "whiteSpace" : false
    }, {
      "id" : "s7-t23",
      "begin" : 1028,
      "end" : 1030,
      "text" : "it",
      "whiteSpace" : false
    }, {
      "id" : "s7-t24",
      "begin" : 1031,
      "end" : 1033,
      "text" : "to",
      "whiteSpace" : false
    }, {
      "id" : "s7-t25",
      "begin" : 1034,
      "end" : 1037,
      "text" : "buy",
      "whiteSpace" : false
    }, {
      "id" : "s7-t26",
      "begin" : 1038,
      "end" : 1042,
      "text" : "some",
      "whiteSpace" : false
    }, {
      "id" : "s7-t27",
      "begin" : 1043,
      "end" : 1049,
      "text" : "summer",
      "whiteSpace" : false
    }, {
      "id" : "s7-t28",
      "begin" : 1050,
      "end" : 1057,
      "text" : "clothes",
      "whiteSpace" : false
    }, {
      "id" : "s7-t29",
      "begin" : 1058,
      "end" : 1061,
      "text" : "for",
      "whiteSpace" : false
    }, {
      "id" : "s7-t30",
      "begin" : 1062,
      "end" : 1064,
      "text" : "my",
      "whiteSpace" : false
    }, {
      "id" : "s7-t31",
      "begin" : 1065,
      "end" : 1068,
      "text" : "two",
      "whiteSpace" : false
    }, {
      "id" : "s7-t32",
      "begin" : 1069,
      "end" : 1077,
      "text" : "children",
      "whiteSpace" : false
    }, {
      "id" : "s7-t33",
      "begin" : 1077,
      "end" : 1078,
      "text" : ".",
      "whiteSpace" : false
    } ]
  }, {
    "id" : "s8",
    "begin" : 1079,
    "end" : 1189,
    "text" : "Then yesterday out of the blue I get a debit on my account for 150 from att so\nI call to see what is going on.",
    "tokens" : [ {
      "id" : "s8-t0",
      "begin" : 1079,
      "end" : 1083,
      "text" : "Then",
      "whiteSpace" : false
    }, {
      "id" : "s8-t1",
      "begin" : 1084,
      "end" : 1093,
      "text" : "yesterday",
      "whiteSpace" : false
    }, {
      "id" : "s8-t2",
      "begin" : 1094,
      "end" : 1097,
      "text" : "out",
      "whiteSpace" : false
    }, {
      "id" : "s8-t3",
      "begin" : 1098,
      "end" : 1100,
      "text" : "of",
      "whiteSpace" : false
    }, {
      "id" : "s8-t4",
      "begin" : 1101,
      "end" : 1104,
      "text" : "the",
      "whiteSpace" : false
    }, {
      "id" : "s8-t5",
      "begin" : 1105,
      "end" : 1109,
      "text" : "blue",
      "whiteSpace" : false
    }, {
      "id" : "s8-t6",
      "begin" : 1110,
      "end" : 1111,
      "text" : "I",
      "whiteSpace" : false
    }, {
      "id" : "s8-t7",
      "begin" : 1112,
      "end" : 1115,
      "text" : "get",
      "whiteSpace" : false
    }, {
      "id" : "s8-t8",
      "begin" : 1116,
      "end" : 1117,
      "text" : "a",
      "whiteSpace" : false
    }, {
      "id" : "s8-t9",
      "begin" : 1118,
      "end" : 1123,
      "text" : "debit",
      "whiteSpace" : false
    }, {
      "id" : "s8-t10",
      "begin" : 1124,
      "end" : 1126,
      "text" : "on",
      "whiteSpace" : false
    }, {
      "id" : "s8-t11",
      "begin" : 1127,
      "end" : 1129,
      "text" : "my",
      "whiteSpace" : false
    }, {
      "id" : "s8-t12",
      "begin" : 1130,
      "end" : 1137,
      "text" : "account",
      "whiteSpace" : false
    }, {
      "id" : "s8-t13",
      "begin" : 1138,
      "end" : 1141,
      "text" : "for",
      "whiteSpace" : false
    }, {
      "id" : "s8-t14",
      "begin" : 1142,
      "end" : 1145,
      "text" : "150",
      "whiteSpace" : false
    }, {
      "id" : "s8-t15",
      "begin" : 1146,
      "end" : 1150,
      "text" : "from",
      "whiteSpace" : false
    }, {
      "id" : "s8-t16",
      "begin" : 1151,
      "end" : 1154,
      "text" : "att",
      "whiteSpace" : false
    }, {
      "id" : "s8-t17",
      "begin" : 1155,
      "end" : 1157,
      "text" : "so",
      "whiteSpace" : false
    }, {
      "id" : "s8-t18",
      "begin" : 1158,
      "end" : 1159,
      "text" : "I",
      "whiteSpace" : false
    }, {
      "id" : "s8-t19",
      "begin" : 1160,
      "end" : 1164,
      "text" : "call",
      "whiteSpace" : false
    }, {
      "id" : "s8-t20",
      "begin" : 1165,
      "end" : 1167,
      "text" : "to",
      "whiteSpace" : false
    }, {
      "id" : "s8-t21",
      "begin" : 1168,
      "end" : 1171,
      "text" : "see",
      "whiteSpace" : false
    }, {
      "id" : "s8-t22",
      "begin" : 1172,
      "end" : 1176,
      "text" : "what",
      "whiteSpace" : false
    }, {
      "id" : "s8-t23",
      "begin" : 1177,
      "end" : 1179,
      "text" : "is",
      "whiteSpace" : false
    }, {
      "id" : "s8-t24",
      "begin" : 1180,
      "end" : 1185,
      "text" : "going",
      "whiteSpace" : false
    }, {
      "id" : "s8-t25",
      "begin" : 1186,
      "end" : 1188,
      "text" : "on",
      "whiteSpace" : false
    }, {
      "id" : "s8-t26",
      "begin" : 1188,
      "end" : 1189,
      "text" : ".",
      "whiteSpace" : false
    } ]
  }, {
    "id" : "s9",
    "begin" : 1190,
    "end" : 1431,
    "text" : "I speak with someone in billing and am told\nthat att did not debit my account yesterday the did it April 15th after\nexplaining to him that the April 15th transaction doesn't exist according to\nmy bank he tells me it's a problem with my bank.",
    "tokens" : [ {
      "id" : "s9-t0",
      "begin" : 1190,
      "end" : 1191,
      "text" : "I",
      "whiteSpace" : false
    }, {
      "id" : "s9-t1",
      "begin" : 1192,
      "end" : 1197,
      "text" : "speak",
      "whiteSpace" : false
    }, {
      "id" : "s9-t2",
      "begin" : 1198,
      "end" : 1202,
      "text" : "with",
      "whiteSpace" : false
    }, {
      "id" : "s9-t3",
      "begin" : 1203,
      "end" : 1210,
      "text" : "someone",
      "whiteSpace" : false
    }, {
      "id" : "s9-t4",
      "begin" : 1211,
      "end" : 1213,
      "text" : "in",
      "whiteSpace" : false
    }, {
      "id" : "s9-t5",
      "begin" : 1214,
      "end" : 1221,
      "text" : "billing",
      "whiteSpace" : false
    }, {
      "id" : "s9-t6",
      "begin" : 1222,
      "end" : 1225,
      "text" : "and",
      "whiteSpace" : false
    }, {
      "id" : "s9-t7",
      "begin" : 1226,
      "end" : 1228,
      "text" : "am",
      "whiteSpace" : false
    }, {
      "id" : "s9-t8",
      "begin" : 1229,
      "end" : 1233,
      "text" : "told",
      "whiteSpace" : false
    }, {
      "id" : "s9-t9",
      "begin" : 1234,
      "end" : 1238,
      "text" : "that",
      "whiteSpace" : false
    }, {
      "id" : "s9-t10",
      "begin" : 1239,
      "end" : 1242,
      "text" : "att",
      "whiteSpace" : false
    }, {
      "id" : "s9-t11",
      "begin" : 1243,
      "end" : 1246,
      "text" : "did",
      "whiteSpace" : false
    }, {
      "id" : "s9-t12",
      "begin" : 1247,
      "end" : 1250,
      "text" : "not",
      "whiteSpace" : false
    }, {
      "id" : "s9-t13",
      "begin" : 1251,
      "end" : 1256,
      "text" : "debit",
      "whiteSpace" : false
    }, {
      "id" : "s9-t14",
      "begin" : 1257,
      "end" : 1259,
      "text" : "my",
      "whiteSpace" : false
    }, {
      "id" : "s9-t15",
      "begin" : 1260,
      "end" : 1267,
      "text" : "account",
      "whiteSpace" : false
    }, {
      "id" : "s9-t16",
      "begin" : 1268,
      "end" : 1277,
      "text" : "yesterday",
      "whiteSpace" : false
    }, {
      "id" : "s9-t17",
      "begin" : 1278,
      "end" : 1281,
      "text" : "the",
      "whiteSpace" : false
    }, {
      "id" : "s9-t18",
      "begin" : 1282,
      "end" : 1285,
      "text" : "did",
      "whiteSpace" : false
    }, {
      "id" : "s9-t19",
      "begin" : 1286,
      "end" : 1288,
      "text" : "it",
      "whiteSpace" : false
    }, {
      "id" : "s9-t20",
      "begin" : 1289,
      "end" : 1294,
      "text" : "April",
      "whiteSpace" : false
    }, {
      "id" : "s9-t21",
      "begin" : 1295,
      "end" : 1299,
      "text" : "15th",
      "whiteSpace" : false
    }, {
      "id" : "s9-t22",
      "begin" : 1300,
      "end" : 1305,
      "text" : "after",
      "whiteSpace" : false
    }, {
      "id" : "s9-t23",
      "begin" : 1306,
      "end" : 1316,
      "text" : "explaining",
      "whiteSpace" : false
    }, {
      "id" : "s9-t24",
      "begin" : 1317,
      "end" : 1319,
      "text" : "to",
      "whiteSpace" : false
    }, {
      "id" : "s9-t25",
      "begin" : 1320,
      "end" : 1323,
      "text" : "him",
      "whiteSpace" : false
    }, {
      "id" : "s9-t26",
      "begin" : 1324,
      "end" : 1328,
      "text" : "that",
      "whiteSpace" : false
    }, {
      "id" : "s9-t27",
      "begin" : 1329,
      "end" : 1332,
      "text" : "the",
      "whiteSpace" : false
    }, {
      "id" : "s9-t28",
      "begin" : 1333,
      "end" : 1338,
      "text" : "April",
      "whiteSpace" : false
    }, {
      "id" : "s9-t29",
      "begin" : 1339,
      "end" : 1343,
      "text" : "15th",
      "whiteSpace" : false
    }, {
      "id" : "s9-t30",
      "begin" : 1344,
      "end" : 1355,
      "text" : "transaction",
      "whiteSpace" : false
    }, {
      "id" : "s9-t31",
      "begin" : 1356,
      "end" : 1360,
      "text" : "does",
      "whiteSpace" : false
    }, {
      "id" : "s9-t32",
      "begin" : 1360,
      "end" : 1363,
      "text" : "n't",
      "whiteSpace" : false
    }, {
      "id" : "s9-t33",
      "begin" : 1364,
      "end" : 1369,
      "text" : "exist",
      "whiteSpace" : false
    }, {
      "id" : "s9-t34",
      "begin" : 1370,
      "end" : 1379,
      "text" : "according",
      "whiteSpace" : false
    }, {
      "id" : "s9-t35",
      "begin" : 1380,
      "end" : 1382,
      "text" : "to",
      "whiteSpace" : false
    }, {
      "id" : "s9-t36",
      "begin" : 1383,
      "end" : 1385,
      "text" : "my",
      "whiteSpace" : false
    }, {
      "id" : "s9-t37",
      "begin" : 1386,
      "end" : 1390,
      "text" : "bank",
      "whiteSpace" : false
    }, {
      "id" : "s9-t38",
      "begin" : 1391,
      "end" : 1393,
      "text" : "he",
      "whiteSpace" : false
    }, {
      "id" : "s9-t39",
      "begin" : 1394,
      "end" : 1399,
      "text" : "tells",
      "whiteSpace" : false
    }, {
      "id" : "s9-t40",
      "begin" : 1400,
      "end" : 1402,
      "text" : "me",
      "whiteSpace" : false
    }, {
      "id" : "s9-t41",
      "begin" : 1403,
      "end" : 1405,
      "text" : "it",
      "whiteSpace" : false
    }, {
      "id" : "s9-t42",
      "begin" : 1405,
      "end" : 1407,
      "text" : "'s",
      "whiteSpace" : false
    }, {
      "id" : "s9-t43",
      "begin" : 1408,
      "end" : 1409,
      "text" : "a",
      "whiteSpace" : false
    }, {
      "id" : "s9-t44",
      "begin" : 1410,
      "end" : 1417,
      "text" : "problem",
      "whiteSpace" : false
    }, {
      "id" : "s9-t45",
      "begin" : 1418,
      "end" : 1422,
      "text" : "with",
      "whiteSpace" : false
    }, {
      "id" : "s9-t46",
      "begin" : 1423,
      "end" : 1425,
      "text" : "my",
      "whiteSpace" : false
    }, {
      "id" : "s9-t47",
      "begin" : 1426,
      "end" : 1430,
      "text" : "bank",
      "whiteSpace" : false
    }, {
      "id" : "s9-t48",
      "begin" : 1430,
      "end" : 1431,
      "text" : ".",
      "whiteSpace" : false
    } ]
  }, {
    "id" : "s10",
    "begin" : 1432,
    "end" : 1557,
    "text" : "So I call my bank and they\nsay the same thing they did in April that there was no transaction in the\nmonth of April from att.",
    "tokens" : [ {
      "id" : "s10-t0",
      "begin" : 1432,
      "end" : 1434,
      "text" : "So",
      "whiteSpace" : false
    }, {
      "id" : "s10-t1",
      "begin" : 1435,
      "end" : 1436,
      "text" : "I",
      "whiteSpace" : false
    }, {
      "id" : "s10-t2",
      "begin" : 1437,
      "end" : 1441,
      "text" : "call",
      "whiteSpace" : false
    }, {
      "id" : "s10-t3",
      "begin" : 1442,
      "end" : 1444,
      "text" : "my",
      "whiteSpace" : false
    }, {
      "id" : "s10-t4",
      "begin" : 1445,
      "end" : 1449,
      "text" : "bank",
      "whiteSpace" : false
    }, {
      "id" : "s10-t5",
      "begin" : 1450,
      "end" : 1453,
      "text" : "and",
      "whiteSpace" : false
    }, {
      "id" : "s10-t6",
      "begin" : 1454,
      "end" : 1458,
      "text" : "they",
      "whiteSpace" : false
    }, {
      "id" : "s10-t7",
      "begin" : 1459,
      "end" : 1462,
      "text" : "say",
      "whiteSpace" : false
    }, {
      "id" : "s10-t8",
      "begin" : 1463,
      "end" : 1466,
      "text" : "the",
      "whiteSpace" : false
    }, {
      "id" : "s10-t9",
      "begin" : 1467,
      "end" : 1471,
      "text" : "same",
      "whiteSpace" : false
    }, {
      "id" : "s10-t10",
      "begin" : 1472,
      "end" : 1477,
      "text" : "thing",
      "whiteSpace" : false
    }, {
      "id" : "s10-t11",
      "begin" : 1478,
      "end" : 1482,
      "text" : "they",
      "whiteSpace" : false
    }, {
      "id" : "s10-t12",
      "begin" : 1483,
      "end" : 1486,
      "text" : "did",
      "whiteSpace" : false
    }, {
      "id" : "s10-t13",
      "begin" : 1487,
      "end" : 1489,
      "text" : "in",
      "whiteSpace" : false
    }, {
      "id" : "s10-t14",
      "begin" : 1490,
      "end" : 1495,
      "text" : "April",
      "whiteSpace" : false
    }, {
      "id" : "s10-t15",
      "begin" : 1496,
      "end" : 1500,
      "text" : "that",
      "whiteSpace" : false
    }, {
      "id" : "s10-t16",
      "begin" : 1501,
      "end" : 1506,
      "text" : "there",
      "whiteSpace" : false
    }, {
      "id" : "s10-t17",
      "begin" : 1507,
      "end" : 1510,
      "text" : "was",
      "whiteSpace" : false
    }, {
      "id" : "s10-t18",
      "begin" : 1511,
      "end" : 1513,
      "text" : "no",
      "whiteSpace" : false
    }, {
      "id" : "s10-t19",
      "begin" : 1514,
      "end" : 1525,
      "text" : "transaction",
      "whiteSpace" : false
    }, {
      "id" : "s10-t20",
      "begin" : 1526,
      "end" : 1528,
      "text" : "in",
      "whiteSpace" : false
    }, {
      "id" : "s10-t21",
      "begin" : 1529,
      "end" : 1532,
      "text" : "the",
      "whiteSpace" : false
    }, {
      "id" : "s10-t22",
      "begin" : 1533,
      "end" : 1538,
      "text" : "month",
      "whiteSpace" : false
    }, {
      "id" : "s10-t23",
      "begin" : 1539,
      "end" : 1541,
      "text" : "of",
      "whiteSpace" : false
    }, {
      "id" : "s10-t24",
      "begin" : 1542,
      "end" : 1547,
      "text" : "April",
      "whiteSpace" : false
    }, {
      "id" : "s10-t25",
      "begin" : 1548,
      "end" : 1552,
      "text" : "from",
      "whiteSpace" : false
    }, {
      "id" : "s10-t26",
      "begin" : 1553,
      "end" : 1556,
      "text" : "att",
      "whiteSpace" : false
    }, {
      "id" : "s10-t27",
      "begin" : 1556,
      "end" : 1557,
      "text" : ".",
      "whiteSpace" : false
    } ]
  }, {
    "id" : "s11",
    "begin" : 1558,
    "end" : 1689,
    "text" : "So I call att back and speak with two more people in\nbilling and explain the situation to them finally they transfer me to finance.",
    "tokens" : [ {
      "id" : "s11-t0",
      "begin" : 1558,
      "end" : 1560,
      "text" : "So",
      "whiteSpace" : false
    }, {
      "id" : "s11-t1",
      "begin" : 1561,
      "end" : 1562,
      "text" : "I",
      "whiteSpace" : false
    }, {
      "id" : "s11-t2",
      "begin" : 1563,
      "end" : 1567,
      "text" : "call",
      "whiteSpace" : false
    }, {
      "id" : "s11-t3",
      "begin" : 1568,
      "end" : 1571,
      "text" : "att",
      "whiteSpace" : false
    }, {
      "id" : "s11-t4",
      "begin" : 1572,
      "end" : 1576,
      "text" : "back",
      "whiteSpace" : false
    }, {
      "id" : "s11-t5",
      "begin" : 1577,
      "end" : 1580,
      "text" : "and",
      "whiteSpace" : false
    }, {
      "id" : "s11-t6",
      "begin" : 1581,
      "end" : 1586,
      "text" : "speak",
      "whiteSpace" : false
    }, {
      "id" : "s11-t7",
      "begin" : 1587,
      "end" : 1591,
      "text" : "with",
      "whiteSpace" : false
    }, {
      "id" : "s11-t8",
      "begin" : 1592,
      "end" : 1595,
      "text" : "two",
      "whiteSpace" : false
    }, {
      "id" : "s11-t9",
      "begin" : 1596,
      "end" : 1600,
      "text" : "more",
      "whiteSpace" : false
    }, {
      "id" : "s11-t10",
      "begin" : 1601,
      "end" : 1607,
      "text" : "people",
      "whiteSpace" : false
    }, {
      "id" : "s11-t11",
      "begin" : 1608,
      "end" : 1610,
      "text" : "in",
      "whiteSpace" : false
    }, {
      "id" : "s11-t12",
      "begin" : 1611,
      "end" : 1618,
      "text" : "billing",
      "whiteSpace" : false
    }, {
      "id" : "s11-t13",
      "begin" : 1619,
      "end" : 1622,
      "text" : "and",
      "whiteSpace" : false
    }, {
      "id" : "s11-t14",
      "begin" : 1623,
      "end" : 1630,
      "text" : "explain",
      "whiteSpace" : false
    }, {
      "id" : "s11-t15",
      "begin" : 1631,
      "end" : 1634,
      "text" : "the",
      "whiteSpace" : false
    }, {
      "id" : "s11-t16",
      "begin" : 1635,
      "end" : 1644,
      "text" : "situation",
      "whiteSpace" : false
    }, {
      "id" : "s11-t17",
      "begin" : 1645,
      "end" : 1647,
      "text" : "to",
      "whiteSpace" : false
    }, {
      "id" : "s11-t18",
      "begin" : 1648,
      "end" : 1652,
      "text" : "them",
      "whiteSpace" : false
    }, {
      "id" : "s11-t19",
      "begin" : 1653,
      "end" : 1660,
      "text" : "finally",
      "whiteSpace" : false
    }, {
      "id" : "s11-t20",
      "begin" : 1661,
      "end" : 1665,
      "text" : "they",
      "whiteSpace" : false
    }, {
      "id" : "s11-t21",
      "begin" : 1666,
      "end" : 1674,
      "text" : "transfer",
      "whiteSpace" : false
    }, {
      "id" : "s11-t22",
      "begin" : 1675,
      "end" : 1677,
      "text" : "me",
      "whiteSpace" : false
    }, {
      "id" : "s11-t23",
      "begin" : 1678,
      "end" : 1680,
      "text" : "to",
      "whiteSpace" : false
    }, {
      "id" : "s11-t24",
      "begin" : 1681,
      "end" : 1688,
      "text" : "finance",
      "whiteSpace" : false
    }, {
      "id" : "s11-t25",
      "begin" : 1688,
      "end" : 1689,
      "text" : ".",
      "whiteSpace" : false
    } ]
  }, {
    "id" : "s12",
    "begin" : 1690,
    "end" : 2005,
    "text" : "So I speak to the finance representative and after some digging he finds that\nthere was an error with at&amp;t;'s system and the transaction for April was\nnot processed until May 5th, so I asked him why the other five people I spoke\ntoo had no knowledge of this error and he said they probably didn't know about\nit.",
    "tokens" : [ {
      "id" : "s12-t0",
      "begin" : 1690,
      "end" : 1692,
      "text" : "So",
      "whiteSpace" : false
    }, {
      "id" : "s12-t1",
      "begin" : 1693,
      "end" : 1694,
      "text" : "I",
      "whiteSpace" : false
    }, {
      "id" : "s12-t2",
      "begin" : 1695,
      "end" : 1700,
      "text" : "speak",
      "whiteSpace" : false
    }, {
      "id" : "s12-t3",
      "begin" : 1701,
      "end" : 1703,
      "text" : "to",
      "whiteSpace" : false
    }, {
      "id" : "s12-t4",
      "begin" : 1704,
      "end" : 1707,
      "text" : "the",
      "whiteSpace" : false
    }, {
      "id" : "s12-t5",
      "begin" : 1708,
      "end" : 1715,
      "text" : "finance",
      "whiteSpace" : false
    }, {
      "id" : "s12-t6",
      "begin" : 1716,
      "end" : 1730,
      "text" : "representative",
      "whiteSpace" : false
    }, {
      "id" : "s12-t7",
      "begin" : 1731,
      "end" : 1734,
      "text" : "and",
      "whiteSpace" : false
    }, {
      "id" : "s12-t8",
      "begin" : 1735,
      "end" : 1740,
      "text" : "after",
      "whiteSpace" : false
    }, {
      "id" : "s12-t9",
      "begin" : 1741,
      "end" : 1745,
      "text" : "some",
      "whiteSpace" : false
    }, {
      "id" : "s12-t10",
      "begin" : 1746,
      "end" : 1753,
      "text" : "digging",
      "whiteSpace" : false
    }, {
      "id" : "s12-t11",
      "begin" : 1754,
      "end" : 1756,
      "text" : "he",
      "whiteSpace" : false
    }, {
      "id" : "s12-t12",
      "begin" : 1757,
      "end" : 1762,
      "text" : "finds",
      "whiteSpace" : false
    }, {
      "id" : "s12-t13",
      "begin" : 1763,
      "end" : 1767,
      "text" : "that",
      "whiteSpace" : false
    }, {
      "id" : "s12-t14",
      "begin" : 1768,
      "end" : 1773,
      "text" : "there",
      "whiteSpace" : false
    }, {
      "id" : "s12-t15",
      "begin" : 1774,
      "end" : 1777,
      "text" : "was",
      "whiteSpace" : false
    }, {
      "id" : "s12-t16",
      "begin" : 1778,
      "end" : 1780,
      "text" : "an",
      "whiteSpace" : false
    }, {
      "id" : "s12-t17",
      "begin" : 1781,
      "end" : 1786,
      "text" : "error",
      "whiteSpace" : false
    }, {
      "id" : "s12-t18",
      "begin" : 1787,
      "end" : 1791,
      "text" : "with",
      "whiteSpace" : false
    }, {
      "id" : "s12-t19",
      "begin" : 1792,
      "end" : 1794,
      "text" : "at",
      "whiteSpace" : false
    }, {
      "id" : "s12-t20",
      "begin" : 1794,
      "end" : 1799,
      "text" : "&amp;",
      "whiteSpace" : false
    }, {
      "id" : "s12-t21",
      "begin" : 1799,
      "end" : 1801,
      "text" : "t;",
      "whiteSpace" : false
    }, {
      "id" : "s12-t22",
      "begin" : 1801,
      "end" : 1803,
      "text" : "'s",
      "whiteSpace" : false
    }, {
      "id" : "s12-t23",
      "begin" : 1804,
      "end" : 1810,
      "text" : "system",
      "whiteSpace" : false
    }, {
      "id" : "s12-t24",
      "begin" : 1811,
      "end" : 1814,
      "text" : "and",
      "whiteSpace" : false
    }, {
      "id" : "s12-t25",
      "begin" : 1815,
      "end" : 1818,
      "text" : "the",
      "whiteSpace" : false
    }, {
      "id" : "s12-t26",
      "begin" : 1819,
      "end" : 1830,
      "text" : "transaction",
      "whiteSpace" : false
    }, {
      "id" : "s12-t27",
      "begin" : 1831,
      "end" : 1834,
      "text" : "for",
      "whiteSpace" : false
    }, {
      "id" : "s12-t28",
      "begin" : 1835,
      "end" : 1840,
      "text" : "April",
      "whiteSpace" : false
    }, {
      "id" : "s12-t29",
      "begin" : 1841,
      "end" : 1844,
      "text" : "was",
      "whiteSpace" : false
    }, {
      "id" : "s12-t30",
      "begin" : 1845,
      "end" : 1848,
      "text" : "not",
      "whiteSpace" : false
    }, {
      "id" : "s12-t31",
      "begin" : 1849,
      "end" : 1858,
      "text" : "processed",
      "whiteSpace" : false
    }, {
      "id" : "s12-t32",
      "begin" : 1859,
      "end" : 1864,
      "text" : "until",
      "whiteSpace" : false
    }, {
      "id" : "s12-t33",
      "begin" : 1865,
      "end" : 1868,
      "text" : "May",
      "whiteSpace" : false
    }, {
      "id" : "s12-t34",
      "begin" : 1869,
      "end" : 1872,
      "text" : "5th",
      "whiteSpace" : false
    }, {
      "id" : "s12-t35",
      "begin" : 1872,
      "end" : 1873,
      "text" : ",",
      "whiteSpace" : false
    }, {
      "id" : "s12-t36",
      "begin" : 1874,
      "end" : 1876,
      "text" : "so",
      "whiteSpace" : false
    }, {
      "id" : "s12-t37",
      "begin" : 1877,
      "end" : 1878,
      "text" : "I",
      "whiteSpace" : false
    }, {
      "id" : "s12-t38",
      "begin" : 1879,
      "end" : 1884,
      "text" : "asked",
      "whiteSpace" : false
    }, {
      "id" : "s12-t39",
      "begin" : 1885,
      "end" : 1888,
      "text" : "him",
      "whiteSpace" : false
    }, {
      "id" : "s12-t40",
      "begin" : 1889,
      "end" : 1892,
      "text" : "why",
      "whiteSpace" : false
    }, {
      "id" : "s12-t41",
      "begin" : 1893,
      "end" : 1896,
      "text" : "the",
      "whiteSpace" : false
    }, {
      "id" : "s12-t42",
      "begin" : 1897,
      "end" : 1902,
      "text" : "other",
      "whiteSpace" : false
    }, {
      "id" : "s12-t43",
      "begin" : 1903,
      "end" : 1907,
      "text" : "five",
      "whiteSpace" : false
    }, {
      "id" : "s12-t44",
      "begin" : 1908,
      "end" : 1914,
      "text" : "people",
      "whiteSpace" : false
    }, {
      "id" : "s12-t45",
      "begin" : 1915,
      "end" : 1916,
      "text" : "I",
      "whiteSpace" : false
    }, {
      "id" : "s12-t46",
      "begin" : 1917,
      "end" : 1922,
      "text" : "spoke",
      "whiteSpace" : false
    }, {
      "id" : "s12-t47",
      "begin" : 1923,
      "end" : 1926,
      "text" : "too",
      "whiteSpace" : false
    }, {
      "id" : "s12-t48",
      "begin" : 1927,
      "end" : 1930,
      "text" : "had",
      "whiteSpace" : false
    }, {
      "id" : "s12-t49",
      "begin" : 1931,
      "end" : 1933,
      "text" : "no",
      "whiteSpace" : false
    }, {
      "id" : "s12-t50",
      "begin" : 1934,
      "end" : 1943,
      "text" : "knowledge",
      "whiteSpace" : false
    }, {
      "id" : "s12-t51",
      "begin" : 1944,
      "end" : 1946,
      "text" : "of",
      "whiteSpace" : false
    }, {
      "id" : "s12-t52",
      "begin" : 1947,
      "end" : 1951,
      "text" : "this",
      "whiteSpace" : false
    }, {
      "id" : "s12-t53",
      "begin" : 1952,
      "end" : 1957,
      "text" : "error",
      "whiteSpace" : false
    }, {
      "id" : "s12-t54",
      "begin" : 1958,
      "end" : 1961,
      "text" : "and",
      "whiteSpace" : false
    }, {
      "id" : "s12-t55",
      "begin" : 1962,
      "end" : 1964,
      "text" : "he",
      "whiteSpace" : false
    }, {
      "id" : "s12-t56",
      "begin" : 1965,
      "end" : 1969,
      "text" : "said",
      "whiteSpace" : false
    }, {
      "id" : "s12-t57",
      "begin" : 1970,
      "end" : 1974,
      "text" : "they",
      "whiteSpace" : false
    }, {
      "id" : "s12-t58",
      "begin" : 1975,
      "end" : 1983,
      "text" : "probably",
      "whiteSpace" : false
    }, {
      "id" : "s12-t59",
      "begin" : 1984,
      "end" : 1987,
      "text" : "did",
      "whiteSpace" : false
    }, {
      "id" : "s12-t60",
      "begin" : 1987,
      "end" : 1990,
      "text" : "n't",
      "whiteSpace" : false
    }, {
      "id" : "s12-t61",
      "begin" : 1991,
      "end" : 1995,
      "text" : "know",
      "whiteSpace" : false
    }, {
      "id" : "s12-t62",
      "begin" : 1996,
      "end" : 2001,
      "text" : "about",
      "whiteSpace" : false
    }, {
      "id" : "s12-t63",
      "begin" : 2002,
      "end" : 2004,
      "text" : "it",
      "whiteSpace" : false
    }, {
      "id" : "s12-t64",
      "begin" : 2004,
      "end" : 2005,
      "text" : ".",
      "whiteSpace" : false
    } ]
  }, {
    "id" : "s13",
    "begin" : 2006,
    "end" : 2254,
    "text" : "I explained to him that I am in the military and have a very fixed budget\nand my pone bill is budgeted for the 15th pay period not the first, so by\ntaking out 150 dollars on the 5th of May has put me very close to zero in my\naccount until the 15th.",
    "tokens" : [ {
      "id" : "s13-t0",
      "begin" : 2006,
      "end" : 2007,
      "text" : "I",
      "whiteSpace" : false
    }, {
      "id" : "s13-t1",
      "begin" : 2008,
      "end" : 2017,
      "text" : "explained",
      "whiteSpace" : false
    }, {
      "id" : "s13-t2",
      "begin" : 2018,
      "end" : 2020,
      "text" : "to",
      "whiteSpace" : false
    }, {
      "id" : "s13-t3",
      "begin" : 2021,
      "end" : 2024,
      "text" : "him",
      "whiteSpace" : false
    }, {
      "id" : "s13-t4",
      "begin" : 2025,
      "end" : 2029,
      "text" : "that",
      "whiteSpace" : false
    }, {
      "id" : "s13-t5",
      "begin" : 2030,
      "end" : 2031,
      "text" : "I",
      "whiteSpace" : false
    }, {
      "id" : "s13-t6",
      "begin" : 2032,
      "end" : 2034,
      "text" : "am",
      "whiteSpace" : false
    }, {
      "id" : "s13-t7",
      "begin" : 2035,
      "end" : 2037,
      "text" : "in",
      "whiteSpace" : false
    }, {
      "id" : "s13-t8",
      "begin" : 2038,
      "end" : 2041,
      "text" : "the",
      "whiteSpace" : false
    }, {
      "id" : "s13-t9",
      "begin" : 2042,
      "end" : 2050,
      "text" : "military",
      "whiteSpace" : false
    }, {
      "id" : "s13-t10",
      "begin" : 2051,
      "end" : 2054,
      "text" : "and",
      "whiteSpace" : false
    }, {
      "id" : "s13-t11",
      "begin" : 2055,
      "end" : 2059,
      "text" : "have",
      "whiteSpace" : false
    }, {
      "id" : "s13-t12",
      "begin" : 2060,
      "end" : 2061,
      "text" : "a",
      "whiteSpace" : false
    }, {
      "id" : "s13-t13",
      "begin" : 2062,
      "end" : 2066,
      "text" : "very",
      "whiteSpace" : false
    }, {
      "id" : "s13-t14",
      "begin" : 2067,
      "end" : 2072,
      "text" : "fixed",
      "whiteSpace" : false
    }, {
      "id" : "s13-t15",
      "begin" : 2073,
      "end" : 2079,
      "text" : "budget",
      "whiteSpace" : false
    }, {
      "id" : "s13-t16",
      "begin" : 2080,
      "end" : 2083,
      "text" : "and",
      "whiteSpace" : false
    }, {
      "id" : "s13-t17",
      "begin" : 2084,
      "end" : 2086,
      "text" : "my",
      "whiteSpace" : false
    }, {
      "id" : "s13-t18",
      "begin" : 2087,
      "end" : 2091,
      "text" : "pone",
      "whiteSpace" : false
    }, {
      "id" : "s13-t19",
      "begin" : 2092,
      "end" : 2096,
      "text" : "bill",
      "whiteSpace" : false
    }, {
      "id" : "s13-t20",
      "begin" : 2097,
      "end" : 2099,
      "text" : "is",
      "whiteSpace" : false
    }, {
      "id" : "s13-t21",
      "begin" : 2100,
      "end" : 2108,
      "text" : "budgeted",
      "whiteSpace" : false
    }, {
      "id" : "s13-t22",
      "begin" : 2109,
      "end" : 2112,
      "text" : "for",
      "whiteSpace" : false
    }, {
      "id" : "s13-t23",
      "begin" : 2113,
      "end" : 2116,
      "text" : "the",
      "whiteSpace" : false
    }, {
      "id" : "s13-t24",
      "begin" : 2117,
      "end" : 2121,
      "text" : "15th",
      "whiteSpace" : false
    }, {
      "id" : "s13-t25",
      "begin" : 2122,
      "end" : 2125,
      "text" : "pay",
      "whiteSpace" : false
    }, {
      "id" : "s13-t26",
      "begin" : 2126,
      "end" : 2132,
      "text" : "period",
      "whiteSpace" : false
    }, {
      "id" : "s13-t27",
      "begin" : 2133,
      "end" : 2136,
      "text" : "not",
      "whiteSpace" : false
    }, {
      "id" : "s13-t28",
      "begin" : 2137,
      "end" : 2140,
      "text" : "the",
      "whiteSpace" : false
    }, {
      "id" : "s13-t29",
      "begin" : 2141,
      "end" : 2146,
      "text" : "first",
      "whiteSpace" : false
    }, {
      "id" : "s13-t30",
      "begin" : 2146,
      "end" : 2147,
      "text" : ",",
      "whiteSpace" : false
    }, {
      "id" : "s13-t31",
      "begin" : 2148,
      "end" : 2150,
      "text" : "so",
      "whiteSpace" : false
    }, {
      "id" : "s13-t32",
      "begin" : 2151,
      "end" : 2153,
      "text" : "by",
      "whiteSpace" : false
    }, {
      "id" : "s13-t33",
      "begin" : 2154,
      "end" : 2160,
      "text" : "taking",
      "whiteSpace" : false
    }, {
      "id" : "s13-t34",
      "begin" : 2161,
      "end" : 2164,
      "text" : "out",
      "whiteSpace" : false
    }, {
      "id" : "s13-t35",
      "begin" : 2165,
      "end" : 2168,
      "text" : "150",
      "whiteSpace" : false
    }, {
      "id" : "s13-t36",
      "begin" : 2169,
      "end" : 2176,
      "text" : "dollars",
      "whiteSpace" : false
    }, {
      "id" : "s13-t37",
      "begin" : 2177,
      "end" : 2179,
      "text" : "on",
      "whiteSpace" : false
    }, {
      "id" : "s13-t38",
      "begin" : 2180,
      "end" : 2183,
      "text" : "the",
      "whiteSpace" : false
    }, {
      "id" : "s13-t39",
      "begin" : 2184,
      "end" : 2187,
      "text" : "5th",
      "whiteSpace" : false
    }, {
      "id" : "s13-t40",
      "begin" : 2188,
      "end" : 2190,
      "text" : "of",
      "whiteSpace" : false
    }, {
      "id" : "s13-t41",
      "begin" : 2191,
      "end" : 2194,
      "text" : "May",
      "whiteSpace" : false
    }, {
      "id" : "s13-t42",
      "begin" : 2195,
      "end" : 2198,
      "text" : "has",
      "whiteSpace" : false
    }, {
      "id" : "s13-t43",
      "begin" : 2199,
      "end" : 2202,
      "text" : "put",
      "whiteSpace" : false
    }, {
      "id" : "s13-t44",
      "begin" : 2203,
      "end" : 2205,
      "text" : "me",
      "whiteSpace" : false
    }, {
      "id" : "s13-t45",
      "begin" : 2206,
      "end" : 2210,
      "text" : "very",
      "whiteSpace" : false
    }, {
      "id" : "s13-t46",
      "begin" : 2211,
      "end" : 2216,
      "text" : "close",
      "whiteSpace" : false
    }, {
      "id" : "s13-t47",
      "begin" : 2217,
      "end" : 2219,
      "text" : "to",
      "whiteSpace" : false
    }, {
      "id" : "s13-t48",
      "begin" : 2220,
      "end" : 2224,
      "text" : "zero",
      "whiteSpace" : false
    }, {
      "id" : "s13-t49",
      "begin" : 2225,
      "end" : 2227,
      "text" : "in",
      "whiteSpace" : false
    }, {
      "id" : "s13-t50",
      "begin" : 2228,
      "end" : 2230,
      "text" : "my",
      "whiteSpace" : false
    }, {
      "id" : "s13-t51",
      "begin" : 2231,
      "end" : 2238,
      "text" : "account",
      "whiteSpace" : false
    }, {
      "id" : "s13-t52",
      "begin" : 2239,
      "end" : 2244,
      "text" : "until",
      "whiteSpace" : false
    }, {
      "id" : "s13-t53",
      "begin" : 2245,
      "end" : 2248,
      "text" : "the",
      "whiteSpace" : false
    }, {
      "id" : "s13-t54",
      "begin" : 2249,
      "end" : 2253,
      "text" : "15th",
      "whiteSpace" : false
    }, {
      "id" : "s13-t55",
      "begin" : 2253,
      "end" : 2254,
      "text" : ".",
      "whiteSpace" : false
    } ]
  }, {
    "id" : "s14",
    "begin" : 2255,
    "end" : 2550,
    "text" : "After an awkward pause he tells me there's nothing he\ncan do except suspend the payment on the fifteenth for a week or so, I explain\nto him that I get paid on the 15th and have the phone bill budgeted for that\npay period, what is hurting me is the lateness of att collecting their April\npayment.",
    "tokens" : [ {
      "id" : "s14-t0",
      "begin" : 2255,
      "end" : 2260,
      "text" : "After",
      "whiteSpace" : false
    }, {
      "id" : "s14-t1",
      "begin" : 2261,
      "end" : 2263,
      "text" : "an",
      "whiteSpace" : false
    }, {
      "id" : "s14-t2",
      "begin" : 2264,
      "end" : 2271,
      "text" : "awkward",
      "whiteSpace" : false
    }, {
      "id" : "s14-t3",
      "begin" : 2272,
      "end" : 2277,
      "text" : "pause",
      "whiteSpace" : false
    }, {
      "id" : "s14-t4",
      "begin" : 2278,
      "end" : 2280,
      "text" : "he",
      "whiteSpace" : false
    }, {
      "id" : "s14-t5",
      "begin" : 2281,
      "end" : 2286,
      "text" : "tells",
      "whiteSpace" : false
    }, {
      "id" : "s14-t6",
      "begin" : 2287,
      "end" : 2289,
      "text" : "me",
      "whiteSpace" : false
    }, {
      "id" : "s14-t7",
      "begin" : 2290,
      "end" : 2295,
      "text" : "there",
      "whiteSpace" : false
    }, {
      "id" : "s14-t8",
      "begin" : 2295,
      "end" : 2297,
      "text" : "'s",
      "whiteSpace" : false
    }, {
      "id" : "s14-t9",
      "begin" : 2298,
      "end" : 2305,
      "text" : "nothing",
      "whiteSpace" : false
    }, {
      "id" : "s14-t10",
      "begin" : 2306,
      "end" : 2308,
      "text" : "he",
      "whiteSpace" : false
    }, {
      "id" : "s14-t11",
      "begin" : 2309,
      "end" : 2312,
      "text" : "can",
      "whiteSpace" : false
    }, {
      "id" : "s14-t12",
      "begin" : 2313,
      "end" : 2315,
      "text" : "do",
      "whiteSpace" : false
    }, {
      "id" : "s14-t13",
      "begin" : 2316,
      "end" : 2322,
      "text" : "except",
      "whiteSpace" : false
    }, {
      "id" : "s14-t14",
      "begin" : 2323,
      "end" : 2330,
      "text" : "suspend",
      "whiteSpace" : false
    }, {
      "id" : "s14-t15",
      "begin" : 2331,
      "end" : 2334,
      "text" : "the",
      "whiteSpace" : false
    }, {
      "id" : "s14-t16",
      "begin" : 2335,
      "end" : 2342,
      "text" : "payment",
      "whiteSpace" : false
    }, {
      "id" : "s14-t17",
      "begin" : 2343,
      "end" : 2345,
      "text" : "on",
      "whiteSpace" : false
    }, {
      "id" : "s14-t18",
      "begin" : 2346,
      "end" : 2349,
      "text" : "the",
      "whiteSpace" : false
    }, {
      "id" : "s14-t19",
      "begin" : 2350,
      "end" : 2359,
      "text" : "fifteenth",
      "whiteSpace" : false
    }, {
      "id" : "s14-t20",
      "begin" : 2360,
      "end" : 2363,
      "text" : "for",
      "whiteSpace" : false
    }, {
      "id" : "s14-t21",
      "begin" : 2364,
      "end" : 2365,
      "text" : "a",
      "whiteSpace" : false
    }, {
      "id" : "s14-t22",
      "begin" : 2366,
      "end" : 2370,
      "text" : "week",
      "whiteSpace" : false
    }, {
      "id" : "s14-t23",
      "begin" : 2371,
      "end" : 2373,
      "text" : "or",
      "whiteSpace" : false
    }, {
      "id" : "s14-t24",
      "begin" : 2374,
      "end" : 2376,
      "text" : "so",
      "whiteSpace" : false
    }, {
      "id" : "s14-t25",
      "begin" : 2376,
      "end" : 2377,
      "text" : ",",
      "whiteSpace" : false
    }, {
      "id" : "s14-t26",
      "begin" : 2378,
      "end" : 2379,
      "text" : "I",
      "whiteSpace" : false
    }, {
      "id" : "s14-t27",
      "begin" : 2380,
      "end" : 2387,
      "text" : "explain",
      "whiteSpace" : false
    }, {
      "id" : "s14-t28",
      "begin" : 2388,
      "end" : 2390,
      "text" : "to",
      "whiteSpace" : false
    }, {
      "id" : "s14-t29",
      "begin" : 2391,
      "end" : 2394,
      "text" : "him",
      "whiteSpace" : false
    }, {
      "id" : "s14-t30",
      "begin" : 2395,
      "end" : 2399,
      "text" : "that",
      "whiteSpace" : false
    }, {
      "id" : "s14-t31",
      "begin" : 2400,
      "end" : 2401,
      "text" : "I",
      "whiteSpace" : false
    }, {
      "id" : "s14-t32",
      "begin" : 2402,
      "end" : 2405,
      "text" : "get",
      "whiteSpace" : false
    }, {
      "id" : "s14-t33",
      "begin" : 2406,
      "end" : 2410,
      "text" : "paid",
      "whiteSpace" : false
    }, {
      "id" : "s14-t34",
      "begin" : 2411,
      "end" : 2413,
      "text" : "on",
      "whiteSpace" : false
    }, {
      "id" : "s14-t35",
      "begin" : 2414,
      "end" : 2417,
      "text" : "the",
      "whiteSpace" : false
    }, {
      "id" : "s14-t36",
      "begin" : 2418,
      "end" : 2422,
      "text" : "15th",
      "whiteSpace" : false
    }, {
      "id" : "s14-t37",
      "begin" : 2423,
      "end" : 2426,
      "text" : "and",
      "whiteSpace" : false
    }, {
      "id" : "s14-t38",
      "begin" : 2427,
      "end" : 2431,
      "text" : "have",
      "whiteSpace" : false
    }, {
      "id" : "s14-t39",
      "begin" : 2432,
      "end" : 2435,
      "text" : "the",
      "whiteSpace" : false
    }, {
      "id" : "s14-t40",
      "begin" : 2436,
      "end" : 2441,
      "text" : "phone",
      "whiteSpace" : false
    }, {
      "id" : "s14-t41",
      "begin" : 2442,
      "end" : 2446,
      "text" : "bill",
      "whiteSpace" : false
    }, {
      "id" : "s14-t42",
      "begin" : 2447,
      "end" : 2455,
      "text" : "budgeted",
      "whiteSpace" : false
    }, {
      "id" : "s14-t43",
      "begin" : 2456,
      "end" : 2459,
      "text" : "for",
      "whiteSpace" : false
    }, {
      "id" : "s14-t44",
      "begin" : 2460,
      "end" : 2464,
      "text" : "that",
      "whiteSpace" : false
    }, {
      "id" : "s14-t45",
      "begin" : 2465,
      "end" : 2468,
      "text" : "pay",
      "whiteSpace" : false
    }, {
      "id" : "s14-t46",
      "begin" : 2469,
      "end" : 2475,
      "text" : "period",
      "whiteSpace" : false
    }, {
      "id" : "s14-t47",
      "begin" : 2475,
      "end" : 2476,
      "text" : ",",
      "whiteSpace" : false
    }, {
      "id" : "s14-t48",
      "begin" : 2477,
      "end" : 2481,
      "text" : "what",
      "whiteSpace" : false
    }, {
      "id" : "s14-t49",
      "begin" : 2482,
      "end" : 2484,
      "text" : "is",
      "whiteSpace" : false
    }, {
      "id" : "s14-t50",
      "begin" : 2485,
      "end" : 2492,
      "text" : "hurting",
      "whiteSpace" : false
    }, {
      "id" : "s14-t51",
      "begin" : 2493,
      "end" : 2495,
      "text" : "me",
      "whiteSpace" : false
    }, {
      "id" : "s14-t52",
      "begin" : 2496,
      "end" : 2498,
      "text" : "is",
      "whiteSpace" : false
    }, {
      "id" : "s14-t53",
      "begin" : 2499,
      "end" : 2502,
      "text" : "the",
      "whiteSpace" : false
    }, {
      "id" : "s14-t54",
      "begin" : 2503,
      "end" : 2511,
      "text" : "lateness",
      "whiteSpace" : false
    }, {
      "id" : "s14-t55",
      "begin" : 2512,
      "end" : 2514,
      "text" : "of",
      "whiteSpace" : false
    }, {
      "id" : "s14-t56",
      "begin" : 2515,
      "end" : 2518,
      "text" : "att",
      "whiteSpace" : false
    }, {
      "id" : "s14-t57",
      "begin" : 2519,
      "end" : 2529,
      "text" : "collecting",
      "whiteSpace" : false
    }, {
      "id" : "s14-t58",
      "begin" : 2530,
      "end" : 2535,
      "text" : "their",
      "whiteSpace" : false
    }, {
      "id" : "s14-t59",
      "begin" : 2536,
      "end" : 2541,
      "text" : "April",
      "whiteSpace" : false
    }, {
      "id" : "s14-t60",
      "begin" : 2542,
      "end" : 2549,
      "text" : "payment",
      "whiteSpace" : false
    }, {
      "id" : "s14-t61",
      "begin" : 2549,
      "end" : 2550,
      "text" : ".",
      "whiteSpace" : false
    } ]
  }, {
    "id" : "s15",
    "begin" : 2551,
    "end" : 2658,
    "text" : "After another long awkward pause he says there is nothing he can do\nand asks if I have any other questions.",
    "tokens" : [ {
      "id" : "s15-t0",
      "begin" : 2551,
      "end" : 2556,
      "text" : "After",
      "whiteSpace" : false
    }, {
      "id" : "s15-t1",
      "begin" : 2557,
      "end" : 2564,
      "text" : "another",
      "whiteSpace" : false
    }, {
      "id" : "s15-t2",
      "begin" : 2565,
      "end" : 2569,
      "text" : "long",
      "whiteSpace" : false
    }, {
      "id" : "s15-t3",
      "begin" : 2570,
      "end" : 2577,
      "text" : "awkward",
      "whiteSpace" : false
    }, {
      "id" : "s15-t4",
      "begin" : 2578,
      "end" : 2583,
      "text" : "pause",
      "whiteSpace" : false
    }, {
      "id" : "s15-t5",
      "begin" : 2584,
      "end" : 2586,
      "text" : "he",
      "whiteSpace" : false
    }, {
      "id" : "s15-t6",
      "begin" : 2587,
      "end" : 2591,
      "text" : "says",
      "whiteSpace" : false
    }, {
      "id" : "s15-t7",
      "begin" : 2592,
      "end" : 2597,
      "text" : "there",
      "whiteSpace" : false
    }, {
      "id" : "s15-t8",
      "begin" : 2598,
      "end" : 2600,
      "text" : "is",
      "whiteSpace" : false
    }, {
      "id" : "s15-t9",
      "begin" : 2601,
      "end" : 2608,
      "text" : "nothing",
      "whiteSpace" : false
    }, {
      "id" : "s15-t10",
      "begin" : 2609,
      "end" : 2611,
      "text" : "he",
      "whiteSpace" : false
    }, {
      "id" : "s15-t11",
      "begin" : 2612,
      "end" : 2615,
      "text" : "can",
      "whiteSpace" : false
    }, {
      "id" : "s15-t12",
      "begin" : 2616,
      "end" : 2618,
      "text" : "do",
      "whiteSpace" : false
    }, {
      "id" : "s15-t13",
      "begin" : 2619,
      "end" : 2622,
      "text" : "and",
      "whiteSpace" : false
    }, {
      "id" : "s15-t14",
      "begin" : 2623,
      "end" : 2627,
      "text" : "asks",
      "whiteSpace" : false
    }, {
      "id" : "s15-t15",
      "begin" : 2628,
      "end" : 2630,
      "text" : "if",
      "whiteSpace" : false
    }, {
      "id" : "s15-t16",
      "begin" : 2631,
      "end" : 2632,
      "text" : "I",
      "whiteSpace" : false
    }, {
      "id" : "s15-t17",
      "begin" : 2633,
      "end" : 2637,
      "text" : "have",
      "whiteSpace" : false
    }, {
      "id" : "s15-t18",
      "begin" : 2638,
      "end" : 2641,
      "text" : "any",
      "whiteSpace" : false
    }, {
      "id" : "s15-t19",
      "begin" : 2642,
      "end" : 2647,
      "text" : "other",
      "whiteSpace" : false
    }, {
      "id" : "s15-t20",
      "begin" : 2648,
      "end" : 2657,
      "text" : "questions",
      "whiteSpace" : false
    }, {
      "id" : "s15-t21",
      "begin" : 2657,
      "end" : 2658,
      "text" : ".",
      "whiteSpace" : false
    } ]
  }, {
    "id" : "s16",
    "begin" : 2659,
    "end" : 2697,
    "text" : "So I say no and thank you and hang up.",
    "tokens" : [ {
      "id" : "s16-t0",
      "begin" : 2659,
      "end" : 2661,
      "text" : "So",
      "whiteSpace" : false
    }, {
      "id" : "s16-t1",
      "begin" : 2662,
      "end" : 2663,
      "text" : "I",
      "whiteSpace" : false
    }, {
      "id" : "s16-t2",
      "begin" : 2664,
      "end" : 2667,
      "text" : "say",
      "whiteSpace" : false
    }, {
      "id" : "s16-t3",
      "begin" : 2668,
      "end" : 2670,
      "text" : "no",
      "whiteSpace" : false
    }, {
      "id" : "s16-t4",
      "begin" : 2671,
      "end" : 2674,
      "text" : "and",
      "whiteSpace" : false
    }, {
      "id" : "s16-t5",
      "begin" : 2675,
      "end" : 2680,
      "text" : "thank",
      "whiteSpace" : false
    }, {
      "id" : "s16-t6",
      "begin" : 2681,
      "end" : 2684,
      "text" : "you",
      "whiteSpace" : false
    }, {
      "id" : "s16-t7",
      "begin" : 2685,
      "end" : 2688,
      "text" : "and",
      "whiteSpace" : false
    }, {
      "id" : "s16-t8",
      "begin" : 2689,
      "end" : 2693,
      "text" : "hang",
      "whiteSpace" : false
    }, {
      "id" : "s16-t9",
      "begin" : 2694,
      "end" : 2696,
      "text" : "up",
      "whiteSpace" : false
    }, {
      "id" : "s16-t10",
      "begin" : 2696,
      "end" : 2697,
      "text" : ".",
      "whiteSpace" : false
    } ]
  }, {
    "id" : "s17",
    "begin" : 2698,
    "end" : 3050,
    "text" : "I guess it is my own fault for taking the word of two different people at att\ntelling me that my bill for April was paid and I had a zero balance i\nshouldn't have taken there word and reassigned that money to something else,\nbut the fact that due to an \"error\" with their billing system I am now pretty\nmuch broke for the next week really ticks me off.",
    "tokens" : [ {
      "id" : "s17-t0",
      "begin" : 2698,
      "end" : 2699,
      "text" : "I",
      "whiteSpace" : false
    }, {
      "id" : "s17-t1",
      "begin" : 2700,
      "end" : 2705,
      "text" : "guess",
      "whiteSpace" : false
    }, {
      "id" : "s17-t2",
      "begin" : 2706,
      "end" : 2708,
      "text" : "it",
      "whiteSpace" : false
    }, {
      "id" : "s17-t3",
      "begin" : 2709,
      "end" : 2711,
      "text" : "is",
      "whiteSpace" : false
    }, {
      "id" : "s17-t4",
      "begin" : 2712,
      "end" : 2714,
      "text" : "my",
      "whiteSpace" : false
    }, {
      "id" : "s17-t5",
      "begin" : 2715,
      "end" : 2718,
      "text" : "own",
      "whiteSpace" : false
    }, {
      "id" : "s17-t6",
      "begin" : 2719,
      "end" : 2724,
      "text" : "fault",
      "whiteSpace" : false
    }, {
      "id" : "s17-t7",
      "begin" : 2725,
      "end" : 2728,
      "text" : "for",
      "whiteSpace" : false
    }, {
      "id" : "s17-t8",
      "begin" : 2729,
      "end" : 2735,
      "text" : "taking",
      "whiteSpace" : false
    }, {
      "id" : "s17-t9",
      "begin" : 2736,
      "end" : 2739,
      "text" : "the",
      "whiteSpace" : false
    }, {
      "id" : "s17-t10",
      "begin" : 2740,
      "end" : 2744,
      "text" : "word",
      "whiteSpace" : false
    }, {
      "id" : "s17-t11",
      "begin" : 2745,
      "end" : 2747,
      "text" : "of",
      "whiteSpace" : false
    }, {
      "id" : "s17-t12",
      "begin" : 2748,
      "end" : 2751,
      "text" : "two",
      "whiteSpace" : false
    }, {
      "id" : "s17-t13",
      "begin" : 2752,
      "end" : 2761,
      "text" : "different",
      "whiteSpace" : false
    }, {
      "id" : "s17-t14",
      "begin" : 2762,
      "end" : 2768,
      "text" : "people",
      "whiteSpace" : false
    }, {
      "id" : "s17-t15",
      "begin" : 2769,
      "end" : 2771,
      "text" : "at",
      "whiteSpace" : false
    }, {
      "id" : "s17-t16",
      "begin" : 2772,
      "end" : 2775,
      "text" : "att",
      "whiteSpace" : false
    }, {
      "id" : "s17-t17",
      "begin" : 2776,
      "end" : 2783,
      "text" : "telling",
      "whiteSpace" : false
    }, {
      "id" : "s17-t18",
      "begin" : 2784,
      "end" : 2786,
      "text" : "me",
      "whiteSpace" : false
    }, {
      "id" : "s17-t19",
      "begin" : 2787,
      "end" : 2791,
      "text" : "that",
      "whiteSpace" : false
    }, {
      "id" : "s17-t20",
      "begin" : 2792,
      "end" : 2794,
      "text" : "my",
      "whiteSpace" : false
    }, {
      "id" : "s17-t21",
      "begin" : 2795,
      "end" : 2799,
      "text" : "bill",
      "whiteSpace" : false
    }, {
      "id" : "s17-t22",
      "begin" : 2800,
      "end" : 2803,
      "text" : "for",
      "whiteSpace" : false
    }, {
      "id" : "s17-t23",
      "begin" : 2804,
      "end" : 2809,
      "text" : "April",
      "whiteSpace" : false
    }, {
      "id" : "s17-t24",
      "begin" : 2810,
      "end" : 2813,
      "text" : "was",
      "whiteSpace" : false
    }, {
      "id" : "s17-t25",
      "begin" : 2814,
      "end" : 2818,
      "text" : "paid",
      "whiteSpace" : false
    }, {
      "id" : "s17-t26",
      "begin" : 2819,
      "end" : 2822,
      "text" : "and",
      "whiteSpace" : false
    }, {
      "id" : "s17-t27",
      "begin" : 2823,
      "end" : 2824,
      "text" : "I",
      "whiteSpace" : false
    }, {
      "id" : "s17-t28",
      "begin" : 2825,
      "end" : 2828,
      "text" : "had",
      "whiteSpace" : false
    }, {
      "id" : "s17-t29",
      "begin" : 2829,
      "end" : 2830,
      "text" : "a",
      "whiteSpace" : false
    }, {
      "id" : "s17-t30",
      "begin" : 2831,
      "end" : 2835,
      "text" : "zero",
      "whiteSpace" : false
    }, {
      "id" : "s17-t31",
      "begin" : 2836,
      "end" : 2843,
      "text" : "balance",
      "whiteSpace" : false
    }, {
      "id" : "s17-t32",
      "begin" : 2844,
      "end" : 2845,
      "text" : "i",
      "whiteSpace" : false
    }, {
      "id" : "s17-t33",
      "begin" : 2846,
      "end" : 2852,
      "text" : "should",
      "whiteSpace" : false
    }, {
      "id" : "s17-t34",
      "begin" : 2852,
      "end" : 2855,
      "text" : "n't",
      "whiteSpace" : false
    }, {
      "id" : "s17-t35",
      "begin" : 2856,
      "end" : 2860,
      "text" : "have",
      "whiteSpace" : false
    }, {
      "id" : "s17-t36",
      "begin" : 2861,
      "end" : 2866,
      "text" : "taken",
      "whiteSpace" : false
    }, {
      "id" : "s17-t37",
      "begin" : 2867,
      "end" : 2872,
      "text" : "there",
      "whiteSpace" : false
    }, {
      "id" : "s17-t38",
      "begin" : 2873,
      "end" : 2877,
      "text" : "word",
      "whiteSpace" : false
    }, {
      "id" : "s17-t39",
      "begin" : 2878,
      "end" : 2881,
      "text" : "and",
      "whiteSpace" : false
    }, {
      "id" : "s17-t40",
      "begin" : 2882,
      "end" : 2892,
      "text" : "reassigned",
      "whiteSpace" : false
    }, {
      "id" : "s17-t41",
      "begin" : 2893,
      "end" : 2897,
      "text" : "that",
      "whiteSpace" : false
    }, {
      "id" : "s17-t42",
      "begin" : 2898,
      "end" : 2903,
      "text" : "money",
      "whiteSpace" : false
    }, {
      "id" : "s17-t43",
      "begin" : 2904,
      "end" : 2906,
      "text" : "to",
      "whiteSpace" : false
    }, {
      "id" : "s17-t44",
      "begin" : 2907,
      "end" : 2916,
      "text" : "something",
      "whiteSpace" : false
    }, {
      "id" : "s17-t45",
      "begin" : 2917,
      "end" : 2921,
      "text" : "else",
      "whiteSpace" : false
    }, {
      "id" : "s17-t46",
      "begin" : 2921,
      "end" : 2922,
      "text" : ",",
      "whiteSpace" : false
    }, {
      "id" : "s17-t47",
      "begin" : 2923,
      "end" : 2926,
      "text" : "but",
      "whiteSpace" : false
    }, {
      "id" : "s17-t48",
      "begin" : 2927,
      "end" : 2930,
      "text" : "the",
      "whiteSpace" : false
    }, {
      "id" : "s17-t49",
      "begin" : 2931,
      "end" : 2935,
      "text" : "fact",
      "whiteSpace" : false
    }, {
      "id" : "s17-t50",
      "begin" : 2936,
      "end" : 2940,
      "text" : "that",
      "whiteSpace" : false
    }, {
      "id" : "s17-t51",
      "begin" : 2941,
      "end" : 2944,
      "text" : "due",
      "whiteSpace" : false
    }, {
      "id" : "s17-t52",
      "begin" : 2945,
      "end" : 2947,
      "text" : "to",
      "whiteSpace" : false
    }, {
      "id" : "s17-t53",
      "begin" : 2948,
      "end" : 2950,
      "text" : "an",
      "whiteSpace" : false
    }, {
      "id" : "s17-t54",
      "begin" : 2951,
      "end" : 2952,
      "text" : "\"",
      "whiteSpace" : false
    }, {
      "id" : "s17-t55",
      "begin" : 2952,
      "end" : 2957,
      "text" : "error",
      "whiteSpace" : false
    }, {
      "id" : "s17-t56",
      "begin" : 2957,
      "end" : 2958,
      "text" : "\"",
      "whiteSpace" : false
    }, {
      "id" : "s17-t57",
      "begin" : 2959,
      "end" : 2963,
      "text" : "with",
      "whiteSpace" : false
    }, {
      "id" : "s17-t58",
      "begin" : 2964,
      "end" : 2969,
      "text" : "their",
      "whiteSpace" : false
    }, {
      "id" : "s17-t59",
      "begin" : 2970,
      "end" : 2977,
      "text" : "billing",
      "whiteSpace" : false
    }, {
      "id" : "s17-t60",
      "begin" : 2978,
      "end" : 2984,
      "text" : "system",
      "whiteSpace" : false
    }, {
      "id" : "s17-t61",
      "begin" : 2985,
      "end" : 2986,
      "text" : "I",
      "whiteSpace" : false
    }, {
      "id" : "s17-t62",
      "begin" : 2987,
      "end" : 2989,
      "text" : "am",
      "whiteSpace" : false
    }, {
      "id" : "s17-t63",
      "begin" : 2990,
      "end" : 2993,
      "text" : "now",
      "whiteSpace" : false
    }, {
      "id" : "s17-t64",
      "begin" : 2994,
      "end" : 3000,
      "text" : "pretty",
      "whiteSpace" : false
    }, {
      "id" : "s17-t65",
      "begin" : 3001,
      "end" : 3005,
      "text" : "much",
      "whiteSpace" : false
    }, {
      "id" : "s17-t66",
      "begin" : 3006,
      "end" : 3011,
      "text" : "broke",
      "whiteSpace" : false
    }, {
      "id" : "s17-t67",
      "begin" : 3012,
      "end" : 3015,
      "text" : "for",
      "whiteSpace" : false
    }, {
      "id" : "s17-t68",
      "begin" : 3016,
      "end" : 3019,
      "text" : "the",
      "whiteSpace" : false
    }, {
      "id" : "s17-t69",
      "begin" : 3020,
      "end" : 3024,
      "text" : "next",
      "whiteSpace" : false
    }, {
      "id" : "s17-t70",
      "begin" : 3025,
      "end" : 3029,
      "text" : "week",
      "whiteSpace" : false
    }, {
      "id" : "s17-t71",
      "begin" : 3030,
      "end" : 3036,
      "text" : "really",
      "whiteSpace" : false
    }, {
      "id" : "s17-t72",
      "begin" : 3037,
      "end" : 3042,
      "text" : "ticks",
      "whiteSpace" : false
    }, {
      "id" : "s17-t73",
      "begin" : 3043,
      "end" : 3045,
      "text" : "me",
      "whiteSpace" : false
    }, {
      "id" : "s17-t74",
      "begin" : 3046,
      "end" : 3049,
      "text" : "off",
      "whiteSpace" : false
    }, {
      "id" : "s17-t75",
      "begin" : 3049,
      "end" : 3050,
      "text" : ".",
      "whiteSpace" : false
    } ]
  }, {
    "id" : "s18",
    "begin" : 3051,
    "end" : 3178,
    "text" : "After nearly ten years of\nbeing a satisfied customer this issue is causing me to reevaluate if att is\nthe right company for me.",
    "tokens" : [ {
      "id" : "s18-t0",
      "begin" : 3051,
      "end" : 3056,
      "text" : "After",
      "whiteSpace" : false
    }, {
      "id" : "s18-t1",
      "begin" : 3057,
      "end" : 3063,
      "text" : "nearly",
      "whiteSpace" : false
    }, {
      "id" : "s18-t2",
      "begin" : 3064,
      "end" : 3067,
      "text" : "ten",
      "whiteSpace" : false
    }, {
      "id" : "s18-t3",
      "begin" : 3068,
      "end" : 3073,
      "text" : "years",
      "whiteSpace" : false
    }, {
      "id" : "s18-t4",
      "begin" : 3074,
      "end" : 3076,
      "text" : "of",
      "whiteSpace" : false
    }, {
      "id" : "s18-t5",
      "begin" : 3077,
      "end" : 3082,
      "text" : "being",
      "whiteSpace" : false
    }, {
      "id" : "s18-t6",
      "begin" : 3083,
      "end" : 3084,
      "text" : "a",
      "whiteSpace" : false
    }, {
      "id" : "s18-t7",
      "begin" : 3085,
      "end" : 3094,
      "text" : "satisfied",
      "whiteSpace" : false
    }, {
      "id" : "s18-t8",
      "begin" : 3095,
      "end" : 3103,
      "text" : "customer",
      "whiteSpace" : false
    }, {
      "id" : "s18-t9",
      "begin" : 3104,
      "end" : 3108,
      "text" : "this",
      "whiteSpace" : false
    }, {
      "id" : "s18-t10",
      "begin" : 3109,
      "end" : 3114,
      "text" : "issue",
      "whiteSpace" : false
    }, {
      "id" : "s18-t11",
      "begin" : 3115,
      "end" : 3117,
      "text" : "is",
      "whiteSpace" : false
    }, {
      "id" : "s18-t12",
      "begin" : 3118,
      "end" : 3125,
      "text" : "causing",
      "whiteSpace" : false
    }, {
      "id" : "s18-t13",
      "begin" : 3126,
      "end" : 3128,
      "text" : "me",
      "whiteSpace" : false
    }, {
      "id" : "s18-t14",
      "begin" : 3129,
      "end" : 3131,
      "text" : "to",
      "whiteSpace" : false
    }, {
      "id" : "s18-t15",
      "begin" : 3132,
      "end" : 3142,
      "text" : "reevaluate",
      "whiteSpace" : false
    }, {
      "id" : "s18-t16",
      "begin" : 3143,
      "end" : 3145,
      "text" : "if",
      "whiteSpace" : false
    }, {
      "id" : "s18-t17",
      "begin" : 3146,
      "end" : 3149,
      "text" : "att",
      "whiteSpace" : false
    }, {
      "id" : "s18-t18",
      "begin" : 3150,
      "end" : 3152,
      "text" : "is",
      "whiteSpace" : false
    }, {
      "id" : "s18-t19",
      "begin" : 3153,
      "end" : 3156,
      "text" : "the",
      "whiteSpace" : false
    }, {
      "id" : "s18-t20",
      "begin" : 3157,
      "end" : 3162,
      "text" : "right",
      "whiteSpace" : false
    }, {
      "id" : "s18-t21",
      "begin" : 3163,
      "end" : 3170,
      "text" : "company",
      "whiteSpace" : false
    }, {
      "id" : "s18-t22",
      "begin" : 3171,
      "end" : 3174,
      "text" : "for",
      "whiteSpace" : false
    }, {
      "id" : "s18-t23",
      "begin" : 3175,
      "end" : 3177,
      "text" : "me",
      "whiteSpace" : false
    }, {
      "id" : "s18-t24",
      "begin" : 3177,
      "end" : 3178,
      "text" : ".",
      "whiteSpace" : false
    } ]
  } ],
  "mentions" : [ {
    "id" : "s1-m0",
    "properties" : {
      "SIRE_MENTION_ROLE" : "Service_Provider",
      "SIRE_MENTION_TYPE" : "NONE",
      "SIRE_ENTITY_SUBTYPE" : "NONE",
      "SIRE_MENTION_CLASS" : "SPC"
    },
    "type" : "Service_Provider",
    "begin" : 34,
    "end" : 37,
    "inCoref" : false
  }, {
    "id" : "s2-m0",
    "properties" : {
      "SIRE_MENTION_ROLE" : "Service_Provider",
      "SIRE_MENTION_TYPE" : "NONE",
      "SIRE_ENTITY_SUBTYPE" : "NONE",
      "SIRE_MENTION_CLASS" : "SPC"
    },
    "type" : "Service_Provider",
    "begin" : 137,
    "end" : 140,
    "inCoref" : false
  }, {
    "id" : "s12-m0",
    "properties" : {
      "SIRE_MENTION_ROLE" : "Service_Provider",
      "SIRE_MENTION_TYPE" : "NONE",
      "SIRE_ENTITY_SUBTYPE" : "NONE",
      "SIRE_MENTION_CLASS" : "SPC"
    },
    "type" : "Service_Provider",
    "begin" : 581,
    "end" : 584,
    "inCoref" : false
  }, {
    "id" : "s21-m0",
    "properties" : {
      "SIRE_MENTION_ROLE" : "Service_Provider",
      "SIRE_MENTION_TYPE" : "NONE",
      "SIRE_ENTITY_SUBTYPE" : "NONE",
      "SIRE_MENTION_CLASS" : "SPC"
    },
    "type" : "Service_Provider",
    "begin" : 1151,
    "end" : 1154,
    "inCoref" : false
  }, {
    "id" : "s24-m0",
    "properties" : {
      "SIRE_MENTION_ROLE" : "Service_Provider",
      "SIRE_MENTION_TYPE" : "NONE",
      "SIRE_ENTITY_SUBTYPE" : "NONE",
      "SIRE_MENTION_CLASS" : "SPC"
    },
    "type" : "Service_Provider",
    "begin" : 1239,
    "end" : 1242,
    "inCoref" : false
  }, {
    "id" : "s29-m0",
    "properties" : {
      "SIRE_MENTION_ROLE" : "Service_Provider",
      "SIRE_MENTION_TYPE" : "NONE",
      "SIRE_ENTITY_SUBTYPE" : "NONE",
      "SIRE_MENTION_CLASS" : "SPC"
    },
    "type" : "Service_Provider",
    "begin" : 1553,
    "end" : 1556,
    "inCoref" : false
  }, {
    "id" : "s30-m0",
    "properties" : {
      "SIRE_MENTION_ROLE" : "Service_Provider",
      "SIRE_MENTION_TYPE" : "NONE",
      "SIRE_ENTITY_SUBTYPE" : "NONE",
      "SIRE_MENTION_CLASS" : "SPC"
    },
    "type" : "Service_Provider",
    "begin" : 1568,
    "end" : 1571,
    "inCoref" : false
  }, {
    "id" : "s12-m1",
    "properties" : {
      "SIRE_MENTION_ROLE" : "Service_Provider",
      "SIRE_ENTITY_SUBTYPE" : "NONE",
      "SIRE_MENTION_TYPE" : "NONE",
      "SIRE_MENTION_CLASS" : "SPC"
    },
    "type" : "Service_Provider",
    "begin" : 1792,
    "end" : 1800,
    "inCoref" : false
  }, {
    "id" : "s44-m0",
    "properties" : {
      "SIRE_MENTION_ROLE" : "Service_Provider",
      "SIRE_MENTION_TYPE" : "NONE",
      "SIRE_ENTITY_SUBTYPE" : "NONE",
      "SIRE_MENTION_CLASS" : "SPC"
    },
    "type" : "Service_Provider",
    "begin" : 2515,
    "end" : 2518,
    "inCoref" : false
  }, {
    "id" : "s49-m0",
    "properties" : {
      "SIRE_MENTION_ROLE" : "Service_Provider",
      "SIRE_MENTION_TYPE" : "NONE",
      "SIRE_ENTITY_SUBTYPE" : "NONE",
      "SIRE_MENTION_CLASS" : "SPC"
    },
    "type" : "Service_Provider",
    "begin" : 2772,
    "end" : 2775,
    "inCoref" : false
  }, {
    "id" : "s55-m0",
    "properties" : {
      "SIRE_MENTION_ROLE" : "Service_Provider",
      "SIRE_MENTION_TYPE" : "NONE",
      "SIRE_ENTITY_SUBTYPE" : "NONE",
      "SIRE_MENTION_CLASS" : "SPC"
    },
    "type" : "Service_Provider",
    "begin" : 3146,
    "end" : 3149,
    "inCoref" : false
  } ],
  "relations" : [ ],
  "corefs" : [ ],
  "typeResolved" : true,
  "userResolved" : false
}