{
  "id" : "d7cce080-fedb-11e6-8c7d-7f6aa37994f5-4",
  "name" : "1beb01cccdd727142f64a84fcc077357.txt",
  "version" : 3,
  "text" : "You shut my phone off.\n\nI work for Uber. I have an unlimited data plan I'm paying about $100 a month.\nThere's an event in my area. At&amp;t; shut my phone down where I could get\nGPS or anything to work. Clearly I would not be able to work for Uber. Or even\nfind out where I'm at if I'm lost in town. This is unacceptable. I should not\nbe forced not to work work to have any communication with people because I\nhave an unlimited data plan.\n\n",
  "docLength" : 0,
  "language" : "EN",
  "status" : "READY",
  "modifiedDate" : 1488752283591,
  "documentSet" : [ ],
  "preannotation" : [ "PRE_LW" ],
  "sentences" : [ {
    "id" : "s0",
    "begin" : 0,
    "end" : 22,
    "text" : "You shut my phone off.",
    "tokens" : [ {
      "id" : "s0-t0",
      "begin" : 0,
      "end" : 3,
      "text" : "You",
      "whiteSpace" : false
    }, {
      "id" : "s0-t1",
      "begin" : 4,
      "end" : 8,
      "text" : "shut",
      "whiteSpace" : false
    }, {
      "id" : "s0-t2",
      "begin" : 9,
      "end" : 11,
      "text" : "my",
      "whiteSpace" : false
    }, {
      "id" : "s0-t3",
      "begin" : 12,
      "end" : 17,
      "text" : "phone",
      "whiteSpace" : false
    }, {
      "id" : "s0-t4",
      "begin" : 18,
      "end" : 21,
      "text" : "off",
      "whiteSpace" : false
    }, {
      "id" : "s0-t5",
      "begin" : 21,
      "end" : 22,
      "text" : ".",
      "whiteSpace" : false
    } ]
  }, {
    "id" : "s1",
    "begin" : 24,
    "end" : 40,
    "text" : "I work for Uber.",
    "tokens" : [ {
      "id" : "s1-t0",
      "begin" : 24,
      "end" : 25,
      "text" : "I",
      "whiteSpace" : false
    }, {
      "id" : "s1-t1",
      "begin" : 26,
      "end" : 30,
      "text" : "work",
      "whiteSpace" : false
    }, {
      "id" : "s1-t2",
      "begin" : 31,
      "end" : 34,
      "text" : "for",
      "whiteSpace" : false
    }, {
      "id" : "s1-t3",
      "begin" : 35,
      "end" : 39,
      "text" : "Uber",
      "whiteSpace" : false
    }, {
      "id" : "s1-t4",
      "begin" : 39,
      "end" : 40,
      "text" : ".",
      "whiteSpace" : false
    } ]
  }, {
    "id" : "s2",
    "begin" : 41,
    "end" : 101,
    "text" : "I have an unlimited data plan I'm paying about $100 a month.",
    "tokens" : [ {
      "id" : "s2-t0",
      "begin" : 41,
      "end" : 42,
      "text" : "I",
      "whiteSpace" : false
    }, {
      "id" : "s2-t1",
      "begin" : 43,
      "end" : 47,
      "text" : "have",
      "whiteSpace" : false
    }, {
      "id" : "s2-t2",
      "begin" : 48,
      "end" : 50,
      "text" : "an",
      "whiteSpace" : false
    }, {
      "id" : "s2-t3",
      "begin" : 51,
      "end" : 60,
      "text" : "unlimited",
      "whiteSpace" : false
    }, {
      "id" : "s2-t4",
      "begin" : 61,
      "end" : 65,
      "text" : "data",
      "whiteSpace" : false
    }, {
      "id" : "s2-t5",
      "begin" : 66,
      "end" : 70,
      "text" : "plan",
      "whiteSpace" : false
    }, {
      "id" : "s2-t6",
      "begin" : 71,
      "end" : 72,
      "text" : "I",
      "whiteSpace" : false
    }, {
      "id" : "s2-t7",
      "begin" : 72,
      "end" : 74,
      "text" : "'m",
      "whiteSpace" : false
    }, {
      "id" : "s2-t8",
      "begin" : 75,
      "end" : 81,
      "text" : "paying",
      "whiteSpace" : false
    }, {
      "id" : "s2-t9",
      "begin" : 82,
      "end" : 87,
      "text" : "about",
      "whiteSpace" : false
    }, {
      "id" : "s2-t10",
      "begin" : 88,
      "end" : 89,
      "text" : "$",
      "whiteSpace" : false
    }, {
      "id" : "s2-t11",
      "begin" : 89,
      "end" : 92,
      "text" : "100",
      "whiteSpace" : false
    }, {
      "id" : "s2-t12",
      "begin" : 93,
      "end" : 94,
      "text" : "a",
      "whiteSpace" : false
    }, {
      "id" : "s2-t13",
      "begin" : 95,
      "end" : 100,
      "text" : "month",
      "whiteSpace" : false
    }, {
      "id" : "s2-t14",
      "begin" : 100,
      "end" : 101,
      "text" : ".",
      "whiteSpace" : false
    } ]
  }, {
    "id" : "s3",
    "begin" : 102,
    "end" : 130,
    "text" : "There's an event in my area.",
    "tokens" : [ {
      "id" : "s3-t0",
      "begin" : 102,
      "end" : 107,
      "text" : "There",
      "whiteSpace" : false
    }, {
      "id" : "s3-t1",
      "begin" : 107,
      "end" : 109,
      "text" : "'s",
      "whiteSpace" : false
    }, {
      "id" : "s3-t2",
      "begin" : 110,
      "end" : 112,
      "text" : "an",
      "whiteSpace" : false
    }, {
      "id" : "s3-t3",
      "begin" : 113,
      "end" : 118,
      "text" : "event",
      "whiteSpace" : false
    }, {
      "id" : "s3-t4",
      "begin" : 119,
      "end" : 121,
      "text" : "in",
      "whiteSpace" : false
    }, {
      "id" : "s3-t5",
      "begin" : 122,
      "end" : 124,
      "text" : "my",
      "whiteSpace" : false
    }, {
      "id" : "s3-t6",
      "begin" : 125,
      "end" : 129,
      "text" : "area",
      "whiteSpace" : false
    }, {
      "id" : "s3-t7",
      "begin" : 129,
      "end" : 130,
      "text" : ".",
      "whiteSpace" : false
    } ]
  }, {
    "id" : "s4",
    "begin" : 131,
    "end" : 202,
    "text" : "At&amp;t; shut my phone down where I could get\nGPS or anything to work.",
    "tokens" : [ {
      "id" : "s4-t0",
      "begin" : 131,
      "end" : 133,
      "text" : "At",
      "whiteSpace" : false
    }, {
      "id" : "s4-t1",
      "begin" : 133,
      "end" : 138,
      "text" : "&amp;",
      "whiteSpace" : false
    }, {
      "id" : "s4-t2",
      "begin" : 138,
      "end" : 140,
      "text" : "t;",
      "whiteSpace" : false
    }, {
      "id" : "s4-t3",
      "begin" : 141,
      "end" : 145,
      "text" : "shut",
      "whiteSpace" : false
    }, {
      "id" : "s4-t4",
      "begin" : 146,
      "end" : 148,
      "text" : "my",
      "whiteSpace" : false
    }, {
      "id" : "s4-t5",
      "begin" : 149,
      "end" : 154,
      "text" : "phone",
      "whiteSpace" : false
    }, {
      "id" : "s4-t6",
      "begin" : 155,
      "end" : 159,
      "text" : "down",
      "whiteSpace" : false
    }, {
      "id" : "s4-t7",
      "begin" : 160,
      "end" : 165,
      "text" : "where",
      "whiteSpace" : false
    }, {
      "id" : "s4-t8",
      "begin" : 166,
      "end" : 167,
      "text" : "I",
      "whiteSpace" : false
    }, {
      "id" : "s4-t9",
      "begin" : 168,
      "end" : 173,
      "text" : "could",
      "whiteSpace" : false
    }, {
      "id" : "s4-t10",
      "begin" : 174,
      "end" : 177,
      "text" : "get",
      "whiteSpace" : false
    }, {
      "id" : "s4-t11",
      "begin" : 178,
      "end" : 181,
      "text" : "GPS",
      "whiteSpace" : false
    }, {
      "id" : "s4-t12",
      "begin" : 182,
      "end" : 184,
      "text" : "or",
      "whiteSpace" : false
    }, {
      "id" : "s4-t13",
      "begin" : 185,
      "end" : 193,
      "text" : "anything",
      "whiteSpace" : false
    }, {
      "id" : "s4-t14",
      "begin" : 194,
      "end" : 196,
      "text" : "to",
      "whiteSpace" : false
    }, {
      "id" : "s4-t15",
      "begin" : 197,
      "end" : 201,
      "text" : "work",
      "whiteSpace" : false
    }, {
      "id" : "s4-t16",
      "begin" : 201,
      "end" : 202,
      "text" : ".",
      "whiteSpace" : false
    } ]
  }, {
    "id" : "s5",
    "begin" : 203,
    "end" : 248,
    "text" : "Clearly I would not be able to work for Uber.",
    "tokens" : [ {
      "id" : "s5-t0",
      "begin" : 203,
      "end" : 210,
      "text" : "Clearly",
      "whiteSpace" : false
    }, {
      "id" : "s5-t1",
      "begin" : 211,
      "end" : 212,
      "text" : "I",
      "whiteSpace" : false
    }, {
      "id" : "s5-t2",
      "begin" : 213,
      "end" : 218,
      "text" : "would",
      "whiteSpace" : false
    }, {
      "id" : "s5-t3",
      "begin" : 219,
      "end" : 222,
      "text" : "not",
      "whiteSpace" : false
    }, {
      "id" : "s5-t4",
      "begin" : 223,
      "end" : 225,
      "text" : "be",
      "whiteSpace" : false
    }, {
      "id" : "s5-t5",
      "begin" : 226,
      "end" : 230,
      "text" : "able",
      "whiteSpace" : false
    }, {
      "id" : "s5-t6",
      "begin" : 231,
      "end" : 233,
      "text" : "to",
      "whiteSpace" : false
    }, {
      "id" : "s5-t7",
      "begin" : 234,
      "end" : 238,
      "text" : "work",
      "whiteSpace" : false
    }, {
      "id" : "s5-t8",
      "begin" : 239,
      "end" : 242,
      "text" : "for",
      "whiteSpace" : false
    }, {
      "id" : "s5-t9",
      "begin" : 243,
      "end" : 247,
      "text" : "Uber",
      "whiteSpace" : false
    }, {
      "id" : "s5-t10",
      "begin" : 247,
      "end" : 248,
      "text" : ".",
      "whiteSpace" : false
    } ]
  }, {
    "id" : "s6",
    "begin" : 249,
    "end" : 299,
    "text" : "Or even\nfind out where I'm at if I'm lost in town.",
    "tokens" : [ {
      "id" : "s6-t0",
      "begin" : 249,
      "end" : 251,
      "text" : "Or",
      "whiteSpace" : false
    }, {
      "id" : "s6-t1",
      "begin" : 252,
      "end" : 256,
      "text" : "even",
      "whiteSpace" : false
    }, {
      "id" : "s6-t2",
      "begin" : 257,
      "end" : 261,
      "text" : "find",
      "whiteSpace" : false
    }, {
      "id" : "s6-t3",
      "begin" : 262,
      "end" : 265,
      "text" : "out",
      "whiteSpace" : false
    }, {
      "id" : "s6-t4",
      "begin" : 266,
      "end" : 271,
      "text" : "where",
      "whiteSpace" : false
    }, {
      "id" : "s6-t5",
      "begin" : 272,
      "end" : 273,
      "text" : "I",
      "whiteSpace" : false
    }, {
      "id" : "s6-t6",
      "begin" : 273,
      "end" : 275,
      "text" : "'m",
      "whiteSpace" : false
    }, {
      "id" : "s6-t7",
      "begin" : 276,
      "end" : 278,
      "text" : "at",
      "whiteSpace" : false
    }, {
      "id" : "s6-t8",
      "begin" : 279,
      "end" : 281,
      "text" : "if",
      "whiteSpace" : false
    }, {
      "id" : "s6-t9",
      "begin" : 282,
      "end" : 283,
      "text" : "I",
      "whiteSpace" : false
    }, {
      "id" : "s6-t10",
      "begin" : 283,
      "end" : 285,
      "text" : "'m",
      "whiteSpace" : false
    }, {
      "id" : "s6-t11",
      "begin" : 286,
      "end" : 290,
      "text" : "lost",
      "whiteSpace" : false
    }, {
      "id" : "s6-t12",
      "begin" : 291,
      "end" : 293,
      "text" : "in",
      "whiteSpace" : false
    }, {
      "id" : "s6-t13",
      "begin" : 294,
      "end" : 298,
      "text" : "town",
      "whiteSpace" : false
    }, {
      "id" : "s6-t14",
      "begin" : 298,
      "end" : 299,
      "text" : ".",
      "whiteSpace" : false
    } ]
  }, {
    "id" : "s7",
    "begin" : 300,
    "end" : 321,
    "text" : "This is unacceptable.",
    "tokens" : [ {
      "id" : "s7-t0",
      "begin" : 300,
      "end" : 304,
      "text" : "This",
      "whiteSpace" : false
    }, {
      "id" : "s7-t1",
      "begin" : 305,
      "end" : 307,
      "text" : "is",
      "whiteSpace" : false
    }, {
      "id" : "s7-t2",
      "begin" : 308,
      "end" : 320,
      "text" : "unacceptable",
      "whiteSpace" : false
    }, {
      "id" : "s7-t3",
      "begin" : 320,
      "end" : 321,
      "text" : ".",
      "whiteSpace" : false
    } ]
  }, {
    "id" : "s8",
    "begin" : 322,
    "end" : 438,
    "text" : "I should not\nbe forced not to work work to have any communication with people because I\nhave an unlimited data plan.",
    "tokens" : [ {
      "id" : "s8-t0",
      "begin" : 322,
      "end" : 323,
      "text" : "I",
      "whiteSpace" : false
    }, {
      "id" : "s8-t1",
      "begin" : 324,
      "end" : 330,
      "text" : "should",
      "whiteSpace" : false
    }, {
      "id" : "s8-t2",
      "begin" : 331,
      "end" : 334,
      "text" : "not",
      "whiteSpace" : false
    }, {
      "id" : "s8-t3",
      "begin" : 335,
      "end" : 337,
      "text" : "be",
      "whiteSpace" : false
    }, {
      "id" : "s8-t4",
      "begin" : 338,
      "end" : 344,
      "text" : "forced",
      "whiteSpace" : false
    }, {
      "id" : "s8-t5",
      "begin" : 345,
      "end" : 348,
      "text" : "not",
      "whiteSpace" : false
    }, {
      "id" : "s8-t6",
      "begin" : 349,
      "end" : 351,
      "text" : "to",
      "whiteSpace" : false
    }, {
      "id" : "s8-t7",
      "begin" : 352,
      "end" : 356,
      "text" : "work",
      "whiteSpace" : false
    }, {
      "id" : "s8-t8",
      "begin" : 357,
      "end" : 361,
      "text" : "work",
      "whiteSpace" : false
    }, {
      "id" : "s8-t9",
      "begin" : 362,
      "end" : 364,
      "text" : "to",
      "whiteSpace" : false
    }, {
      "id" : "s8-t10",
      "begin" : 365,
      "end" : 369,
      "text" : "have",
      "whiteSpace" : false
    }, {
      "id" : "s8-t11",
      "begin" : 370,
      "end" : 373,
      "text" : "any",
      "whiteSpace" : false
    }, {
      "id" : "s8-t12",
      "begin" : 374,
      "end" : 387,
      "text" : "communication",
      "whiteSpace" : false
    }, {
      "id" : "s8-t13",
      "begin" : 388,
      "end" : 392,
      "text" : "with",
      "whiteSpace" : false
    }, {
      "id" : "s8-t14",
      "begin" : 393,
      "end" : 399,
      "text" : "people",
      "whiteSpace" : false
    }, {
      "id" : "s8-t15",
      "begin" : 400,
      "end" : 407,
      "text" : "because",
      "whiteSpace" : false
    }, {
      "id" : "s8-t16",
      "begin" : 408,
      "end" : 409,
      "text" : "I",
      "whiteSpace" : false
    }, {
      "id" : "s8-t17",
      "begin" : 410,
      "end" : 414,
      "text" : "have",
      "whiteSpace" : false
    }, {
      "id" : "s8-t18",
      "begin" : 415,
      "end" : 417,
      "text" : "an",
      "whiteSpace" : false
    }, {
      "id" : "s8-t19",
      "begin" : 418,
      "end" : 427,
      "text" : "unlimited",
      "whiteSpace" : false
    }, {
      "id" : "s8-t20",
      "begin" : 428,
      "end" : 432,
      "text" : "data",
      "whiteSpace" : false
    }, {
      "id" : "s8-t21",
      "begin" : 433,
      "end" : 437,
      "text" : "plan",
      "whiteSpace" : false
    }, {
      "id" : "s8-t22",
      "begin" : 437,
      "end" : 438,
      "text" : ".",
      "whiteSpace" : false
    } ]
  } ],
  "mentions" : [ {
    "id" : "s2-m1",
    "properties" : {
      "SIRE_MENTION_ROLE" : "Service_Plan",
      "SIRE_ENTITY_SUBTYPE" : "NONE",
      "SIRE_MENTION_TYPE" : "NONE",
      "SIRE_MENTION_CLASS" : "SPC"
    },
    "type" : "Service_Plan",
    "begin" : 51,
    "end" : 70,
    "inCoref" : false
  }, {
    "id" : "s5-m0",
    "properties" : {
      "SIRE_MENTION_ROLE" : "Application",
      "SIRE_ENTITY_SUBTYPE" : "NONE",
      "SIRE_MENTION_TYPE" : "NONE",
      "SIRE_MENTION_CLASS" : "SPC"
    },
    "type" : "Application",
    "begin" : 178,
    "end" : 181,
    "inCoref" : false
  }, {
    "id" : "s8-m1",
    "properties" : {
      "SIRE_MENTION_ROLE" : "Service_Plan",
      "SIRE_ENTITY_SUBTYPE" : "NONE",
      "SIRE_MENTION_TYPE" : "NONE",
      "SIRE_MENTION_CLASS" : "SPC"
    },
    "type" : "Service_Plan",
    "begin" : 418,
    "end" : 437,
    "inCoref" : false
  } ],
  "relations" : [ ],
  "corefs" : [ ],
  "typeResolved" : true,
  "userResolved" : false
}