{
  "id" : "d7cce080-fedb-11e6-8c7d-7f6aa37994f5-3",
  "name" : "1beb01cccdd727142f64a84fcc133ba4.txt",
  "version" : 3,
  "text" : "Smart hone on feature phone plan\n\nI am currently using a Freestyle with unlimited data. I have a samsung smart\nphone that would like to use but don't want to switch to internet plan. Can I\nuse a smart phone without switching plans or turning off my internet\naccess?Solved!Go to Solution.\n\n",
  "docLength" : 0,
  "language" : "EN",
  "status" : "READY",
  "modifiedDate" : 1488752263037,
  "documentSet" : [ ],
  "preannotation" : [ "PRE_LW" ],
  "sentences" : [ {
    "id" : "s0",
    "begin" : 0,
    "end" : 32,
    "text" : "Smart hone on feature phone plan",
    "tokens" : [ {
      "id" : "s0-t0",
      "begin" : 0,
      "end" : 5,
      "text" : "Smart",
      "whiteSpace" : false
    }, {
      "id" : "s0-t1",
      "begin" : 6,
      "end" : 10,
      "text" : "hone",
      "whiteSpace" : false
    }, {
      "id" : "s0-t2",
      "begin" : 11,
      "end" : 13,
      "text" : "on",
      "whiteSpace" : false
    }, {
      "id" : "s0-t3",
      "begin" : 14,
      "end" : 21,
      "text" : "feature",
      "whiteSpace" : false
    }, {
      "id" : "s0-t4",
      "begin" : 22,
      "end" : 27,
      "text" : "phone",
      "whiteSpace" : false
    }, {
      "id" : "s0-t5",
      "begin" : 28,
      "end" : 32,
      "text" : "plan",
      "whiteSpace" : false
    } ]
  }, {
    "id" : "s1",
    "begin" : 34,
    "end" : 87,
    "text" : "I am currently using a Freestyle with unlimited data.",
    "tokens" : [ {
      "id" : "s1-t0",
      "begin" : 34,
      "end" : 35,
      "text" : "I",
      "whiteSpace" : false
    }, {
      "id" : "s1-t1",
      "begin" : 36,
      "end" : 38,
      "text" : "am",
      "whiteSpace" : false
    }, {
      "id" : "s1-t2",
      "begin" : 39,
      "end" : 48,
      "text" : "currently",
      "whiteSpace" : false
    }, {
      "id" : "s1-t3",
      "begin" : 49,
      "end" : 54,
      "text" : "using",
      "whiteSpace" : false
    }, {
      "id" : "s1-t4",
      "begin" : 55,
      "end" : 56,
      "text" : "a",
      "whiteSpace" : false
    }, {
      "id" : "s1-t5",
      "begin" : 57,
      "end" : 66,
      "text" : "Freestyle",
      "whiteSpace" : false
    }, {
      "id" : "s1-t6",
      "begin" : 67,
      "end" : 71,
      "text" : "with",
      "whiteSpace" : false
    }, {
      "id" : "s1-t7",
      "begin" : 72,
      "end" : 81,
      "text" : "unlimited",
      "whiteSpace" : false
    }, {
      "id" : "s1-t8",
      "begin" : 82,
      "end" : 86,
      "text" : "data",
      "whiteSpace" : false
    }, {
      "id" : "s1-t9",
      "begin" : 86,
      "end" : 87,
      "text" : ".",
      "whiteSpace" : false
    } ]
  }, {
    "id" : "s2",
    "begin" : 88,
    "end" : 182,
    "text" : "I have a samsung smart\nphone that would like to use but don't want to switch to internet plan.",
    "tokens" : [ {
      "id" : "s2-t0",
      "begin" : 88,
      "end" : 89,
      "text" : "I",
      "whiteSpace" : false
    }, {
      "id" : "s2-t1",
      "begin" : 90,
      "end" : 94,
      "text" : "have",
      "whiteSpace" : false
    }, {
      "id" : "s2-t2",
      "begin" : 95,
      "end" : 96,
      "text" : "a",
      "whiteSpace" : false
    }, {
      "id" : "s2-t3",
      "begin" : 97,
      "end" : 104,
      "text" : "samsung",
      "whiteSpace" : false
    }, {
      "id" : "s2-t4",
      "begin" : 105,
      "end" : 110,
      "text" : "smart",
      "whiteSpace" : false
    }, {
      "id" : "s2-t5",
      "begin" : 111,
      "end" : 116,
      "text" : "phone",
      "whiteSpace" : false
    }, {
      "id" : "s2-t6",
      "begin" : 117,
      "end" : 121,
      "text" : "that",
      "whiteSpace" : false
    }, {
      "id" : "s2-t7",
      "begin" : 122,
      "end" : 127,
      "text" : "would",
      "whiteSpace" : false
    }, {
      "id" : "s2-t8",
      "begin" : 128,
      "end" : 132,
      "text" : "like",
      "whiteSpace" : false
    }, {
      "id" : "s2-t9",
      "begin" : 133,
      "end" : 135,
      "text" : "to",
      "whiteSpace" : false
    }, {
      "id" : "s2-t10",
      "begin" : 136,
      "end" : 139,
      "text" : "use",
      "whiteSpace" : false
    }, {
      "id" : "s2-t11",
      "begin" : 140,
      "end" : 143,
      "text" : "but",
      "whiteSpace" : false
    }, {
      "id" : "s2-t12",
      "begin" : 144,
      "end" : 146,
      "text" : "do",
      "whiteSpace" : false
    }, {
      "id" : "s2-t13",
      "begin" : 146,
      "end" : 149,
      "text" : "n't",
      "whiteSpace" : false
    }, {
      "id" : "s2-t14",
      "begin" : 150,
      "end" : 154,
      "text" : "want",
      "whiteSpace" : false
    }, {
      "id" : "s2-t15",
      "begin" : 155,
      "end" : 157,
      "text" : "to",
      "whiteSpace" : false
    }, {
      "id" : "s2-t16",
      "begin" : 158,
      "end" : 164,
      "text" : "switch",
      "whiteSpace" : false
    }, {
      "id" : "s2-t17",
      "begin" : 165,
      "end" : 167,
      "text" : "to",
      "whiteSpace" : false
    }, {
      "id" : "s2-t18",
      "begin" : 168,
      "end" : 176,
      "text" : "internet",
      "whiteSpace" : false
    }, {
      "id" : "s2-t19",
      "begin" : 177,
      "end" : 181,
      "text" : "plan",
      "whiteSpace" : false
    }, {
      "id" : "s2-t20",
      "begin" : 181,
      "end" : 182,
      "text" : ".",
      "whiteSpace" : false
    } ]
  }, {
    "id" : "s3",
    "begin" : 183,
    "end" : 265,
    "text" : "Can I\nuse a smart phone without switching plans or turning off my internet\naccess?",
    "tokens" : [ {
      "id" : "s3-t0",
      "begin" : 183,
      "end" : 186,
      "text" : "Can",
      "whiteSpace" : false
    }, {
      "id" : "s3-t1",
      "begin" : 187,
      "end" : 188,
      "text" : "I",
      "whiteSpace" : false
    }, {
      "id" : "s3-t2",
      "begin" : 189,
      "end" : 192,
      "text" : "use",
      "whiteSpace" : false
    }, {
      "id" : "s3-t3",
      "begin" : 193,
      "end" : 194,
      "text" : "a",
      "whiteSpace" : false
    }, {
      "id" : "s3-t4",
      "begin" : 195,
      "end" : 200,
      "text" : "smart",
      "whiteSpace" : false
    }, {
      "id" : "s3-t5",
      "begin" : 201,
      "end" : 206,
      "text" : "phone",
      "whiteSpace" : false
    }, {
      "id" : "s3-t6",
      "begin" : 207,
      "end" : 214,
      "text" : "without",
      "whiteSpace" : false
    }, {
      "id" : "s3-t7",
      "begin" : 215,
      "end" : 224,
      "text" : "switching",
      "whiteSpace" : false
    }, {
      "id" : "s3-t8",
      "begin" : 225,
      "end" : 230,
      "text" : "plans",
      "whiteSpace" : false
    }, {
      "id" : "s3-t9",
      "begin" : 231,
      "end" : 233,
      "text" : "or",
      "whiteSpace" : false
    }, {
      "id" : "s3-t10",
      "begin" : 234,
      "end" : 241,
      "text" : "turning",
      "whiteSpace" : false
    }, {
      "id" : "s3-t11",
      "begin" : 242,
      "end" : 245,
      "text" : "off",
      "whiteSpace" : false
    }, {
      "id" : "s3-t12",
      "begin" : 246,
      "end" : 248,
      "text" : "my",
      "whiteSpace" : false
    }, {
      "id" : "s3-t13",
      "begin" : 249,
      "end" : 257,
      "text" : "internet",
      "whiteSpace" : false
    }, {
      "id" : "s3-t14",
      "begin" : 258,
      "end" : 264,
      "text" : "access",
      "whiteSpace" : false
    }, {
      "id" : "s3-t15",
      "begin" : 264,
      "end" : 265,
      "text" : "?",
      "whiteSpace" : false
    } ]
  }, {
    "id" : "s4",
    "begin" : 265,
    "end" : 287,
    "text" : "Solved!Go to Solution.",
    "tokens" : [ {
      "id" : "s4-t0",
      "begin" : 265,
      "end" : 272,
      "text" : "Solved!",
      "whiteSpace" : false
    }, {
      "id" : "s4-t1",
      "begin" : 272,
      "end" : 274,
      "text" : "Go",
      "whiteSpace" : false
    }, {
      "id" : "s4-t2",
      "begin" : 275,
      "end" : 277,
      "text" : "to",
      "whiteSpace" : false
    }, {
      "id" : "s4-t3",
      "begin" : 278,
      "end" : 286,
      "text" : "Solution",
      "whiteSpace" : false
    }, {
      "id" : "s4-t4",
      "begin" : 286,
      "end" : 287,
      "text" : ".",
      "whiteSpace" : false
    } ]
  } ],
  "mentions" : [ {
    "id" : "s0-m1",
    "properties" : {
      "SIRE_MENTION_ROLE" : "Service_Plan",
      "SIRE_ENTITY_SUBTYPE" : "NONE",
      "SIRE_MENTION_TYPE" : "NONE",
      "SIRE_MENTION_CLASS" : "SPC"
    },
    "type" : "Service_Plan",
    "begin" : 22,
    "end" : 32,
    "inCoref" : false
  }, {
    "id" : "s1-m1",
    "properties" : {
      "SIRE_MENTION_ROLE" : "Product",
      "SIRE_ENTITY_SUBTYPE" : "NONE",
      "SIRE_MENTION_TYPE" : "NONE",
      "SIRE_MENTION_CLASS" : "SPC"
    },
    "type" : "Product",
    "begin" : 57,
    "end" : 66,
    "inCoref" : false
  }, {
    "id" : "s1-m2",
    "properties" : {
      "SIRE_MENTION_ROLE" : "Internet_Connectivity",
      "SIRE_ENTITY_SUBTYPE" : "NONE",
      "SIRE_MENTION_TYPE" : "NONE",
      "SIRE_MENTION_CLASS" : "SPC"
    },
    "type" : "Internet_Connectivity",
    "begin" : 72,
    "end" : 86,
    "inCoref" : false
  }, {
    "id" : "s3-m0",
    "properties" : {
      "SIRE_MENTION_ROLE" : "Service_Plan",
      "SIRE_ENTITY_SUBTYPE" : "NONE",
      "SIRE_MENTION_TYPE" : "NONE",
      "SIRE_MENTION_CLASS" : "SPC"
    },
    "type" : "Service_Plan",
    "begin" : 168,
    "end" : 181,
    "inCoref" : false
  }, {
    "id" : "s3-m2",
    "properties" : {
      "SIRE_MENTION_ROLE" : "Service_Plan",
      "SIRE_ENTITY_SUBTYPE" : "NONE",
      "SIRE_MENTION_TYPE" : "NONE",
      "SIRE_MENTION_CLASS" : "SPC"
    },
    "type" : "Service_Plan",
    "begin" : 225,
    "end" : 230,
    "inCoref" : false
  }, {
    "id" : "s5-m0",
    "properties" : {
      "SIRE_MENTION_ROLE" : "Internet_Connectivity",
      "SIRE_ENTITY_SUBTYPE" : "NONE",
      "SIRE_MENTION_TYPE" : "NONE",
      "SIRE_MENTION_CLASS" : "SPC"
    },
    "type" : "Internet_Connectivity",
    "begin" : 249,
    "end" : 257,
    "inCoref" : false
  } ],
  "relations" : [ ],
  "corefs" : [ ],
  "typeResolved" : true,
  "userResolved" : false
}