{
  "id" : "d7cce080-fedb-11e6-8c7d-7f6aa37994f5-8",
  "name" : "078a8af9cdd740ab635bc766b0ee7131.txt",
  "version" : 3,
  "text" : "Pay lots of money for little service\n\nI cant enjoy my tablet nor cellular service because of data usage. Its so\ncostly with ATT and slows to nearly non-functional speed after the data is so\nquickly consumed. Other companies offer unlimited data. I was hoping ATT would\ncatch on but... ATT customer service has also changed, they always appologise\nbut never really fix the issue. I'm realizing their real goal is only the\nmoney and not the customer.\n\n",
  "docLength" : 0,
  "language" : "EN",
  "status" : "READY",
  "modifiedDate" : 1488752592922,
  "documentSet" : [ ],
  "preannotation" : [ "PRE_LW" ],
  "sentences" : [ {
    "id" : "s0",
    "begin" : 0,
    "end" : 36,
    "text" : "Pay lots of money for little service",
    "tokens" : [ {
      "id" : "s0-t0",
      "begin" : 0,
      "end" : 3,
      "text" : "Pay",
      "whiteSpace" : false
    }, {
      "id" : "s0-t1",
      "begin" : 4,
      "end" : 8,
      "text" : "lots",
      "whiteSpace" : false
    }, {
      "id" : "s0-t2",
      "begin" : 9,
      "end" : 11,
      "text" : "of",
      "whiteSpace" : false
    }, {
      "id" : "s0-t3",
      "begin" : 12,
      "end" : 17,
      "text" : "money",
      "whiteSpace" : false
    }, {
      "id" : "s0-t4",
      "begin" : 18,
      "end" : 21,
      "text" : "for",
      "whiteSpace" : false
    }, {
      "id" : "s0-t5",
      "begin" : 22,
      "end" : 28,
      "text" : "little",
      "whiteSpace" : false
    }, {
      "id" : "s0-t6",
      "begin" : 29,
      "end" : 36,
      "text" : "service",
      "whiteSpace" : false
    } ]
  }, {
    "id" : "s1",
    "begin" : 38,
    "end" : 104,
    "text" : "I cant enjoy my tablet nor cellular service because of data usage.",
    "tokens" : [ {
      "id" : "s1-t0",
      "begin" : 38,
      "end" : 39,
      "text" : "I",
      "whiteSpace" : false
    }, {
      "id" : "s1-t1",
      "begin" : 40,
      "end" : 44,
      "text" : "cant",
      "whiteSpace" : false
    }, {
      "id" : "s1-t2",
      "begin" : 45,
      "end" : 50,
      "text" : "enjoy",
      "whiteSpace" : false
    }, {
      "id" : "s1-t3",
      "begin" : 51,
      "end" : 53,
      "text" : "my",
      "whiteSpace" : false
    }, {
      "id" : "s1-t4",
      "begin" : 54,
      "end" : 60,
      "text" : "tablet",
      "whiteSpace" : false
    }, {
      "id" : "s1-t5",
      "begin" : 61,
      "end" : 64,
      "text" : "nor",
      "whiteSpace" : false
    }, {
      "id" : "s1-t6",
      "begin" : 65,
      "end" : 73,
      "text" : "cellular",
      "whiteSpace" : false
    }, {
      "id" : "s1-t7",
      "begin" : 74,
      "end" : 81,
      "text" : "service",
      "whiteSpace" : false
    }, {
      "id" : "s1-t8",
      "begin" : 82,
      "end" : 89,
      "text" : "because",
      "whiteSpace" : false
    }, {
      "id" : "s1-t9",
      "begin" : 90,
      "end" : 92,
      "text" : "of",
      "whiteSpace" : false
    }, {
      "id" : "s1-t10",
      "begin" : 93,
      "end" : 97,
      "text" : "data",
      "whiteSpace" : false
    }, {
      "id" : "s1-t11",
      "begin" : 98,
      "end" : 103,
      "text" : "usage",
      "whiteSpace" : false
    }, {
      "id" : "s1-t12",
      "begin" : 103,
      "end" : 104,
      "text" : ".",
      "whiteSpace" : false
    } ]
  }, {
    "id" : "s2",
    "begin" : 105,
    "end" : 207,
    "text" : "Its so\ncostly with ATT and slows to nearly non-functional speed after the data is so\nquickly consumed.",
    "tokens" : [ {
      "id" : "s2-t0",
      "begin" : 105,
      "end" : 108,
      "text" : "Its",
      "whiteSpace" : false
    }, {
      "id" : "s2-t1",
      "begin" : 109,
      "end" : 111,
      "text" : "so",
      "whiteSpace" : false
    }, {
      "id" : "s2-t2",
      "begin" : 112,
      "end" : 118,
      "text" : "costly",
      "whiteSpace" : false
    }, {
      "id" : "s2-t3",
      "begin" : 119,
      "end" : 123,
      "text" : "with",
      "whiteSpace" : false
    }, {
      "id" : "s2-t4",
      "begin" : 124,
      "end" : 127,
      "text" : "ATT",
      "whiteSpace" : false
    }, {
      "id" : "s2-t5",
      "begin" : 128,
      "end" : 131,
      "text" : "and",
      "whiteSpace" : false
    }, {
      "id" : "s2-t6",
      "begin" : 132,
      "end" : 137,
      "text" : "slows",
      "whiteSpace" : false
    }, {
      "id" : "s2-t7",
      "begin" : 138,
      "end" : 140,
      "text" : "to",
      "whiteSpace" : false
    }, {
      "id" : "s2-t8",
      "begin" : 141,
      "end" : 147,
      "text" : "nearly",
      "whiteSpace" : false
    }, {
      "id" : "s2-t9",
      "begin" : 148,
      "end" : 162,
      "text" : "non-functional",
      "whiteSpace" : false
    }, {
      "id" : "s2-t10",
      "begin" : 163,
      "end" : 168,
      "text" : "speed",
      "whiteSpace" : false
    }, {
      "id" : "s2-t11",
      "begin" : 169,
      "end" : 174,
      "text" : "after",
      "whiteSpace" : false
    }, {
      "id" : "s2-t12",
      "begin" : 175,
      "end" : 178,
      "text" : "the",
      "whiteSpace" : false
    }, {
      "id" : "s2-t13",
      "begin" : 179,
      "end" : 183,
      "text" : "data",
      "whiteSpace" : false
    }, {
      "id" : "s2-t14",
      "begin" : 184,
      "end" : 186,
      "text" : "is",
      "whiteSpace" : false
    }, {
      "id" : "s2-t15",
      "begin" : 187,
      "end" : 189,
      "text" : "so",
      "whiteSpace" : false
    }, {
      "id" : "s2-t16",
      "begin" : 190,
      "end" : 197,
      "text" : "quickly",
      "whiteSpace" : false
    }, {
      "id" : "s2-t17",
      "begin" : 198,
      "end" : 206,
      "text" : "consumed",
      "whiteSpace" : false
    }, {
      "id" : "s2-t18",
      "begin" : 206,
      "end" : 207,
      "text" : ".",
      "whiteSpace" : false
    } ]
  }, {
    "id" : "s3",
    "begin" : 208,
    "end" : 245,
    "text" : "Other companies offer unlimited data.",
    "tokens" : [ {
      "id" : "s3-t0",
      "begin" : 208,
      "end" : 213,
      "text" : "Other",
      "whiteSpace" : false
    }, {
      "id" : "s3-t1",
      "begin" : 214,
      "end" : 223,
      "text" : "companies",
      "whiteSpace" : false
    }, {
      "id" : "s3-t2",
      "begin" : 224,
      "end" : 229,
      "text" : "offer",
      "whiteSpace" : false
    }, {
      "id" : "s3-t3",
      "begin" : 230,
      "end" : 239,
      "text" : "unlimited",
      "whiteSpace" : false
    }, {
      "id" : "s3-t4",
      "begin" : 240,
      "end" : 244,
      "text" : "data",
      "whiteSpace" : false
    }, {
      "id" : "s3-t5",
      "begin" : 244,
      "end" : 245,
      "text" : ".",
      "whiteSpace" : false
    } ]
  }, {
    "id" : "s4",
    "begin" : 246,
    "end" : 378,
    "text" : "I was hoping ATT would\ncatch on but... ATT customer service has also changed, they always appologise\nbut never really fix the issue.",
    "tokens" : [ {
      "id" : "s4-t0",
      "begin" : 246,
      "end" : 247,
      "text" : "I",
      "whiteSpace" : false
    }, {
      "id" : "s4-t1",
      "begin" : 248,
      "end" : 251,
      "text" : "was",
      "whiteSpace" : false
    }, {
      "id" : "s4-t2",
      "begin" : 252,
      "end" : 258,
      "text" : "hoping",
      "whiteSpace" : false
    }, {
      "id" : "s4-t3",
      "begin" : 259,
      "end" : 262,
      "text" : "ATT",
      "whiteSpace" : false
    }, {
      "id" : "s4-t4",
      "begin" : 263,
      "end" : 268,
      "text" : "would",
      "whiteSpace" : false
    }, {
      "id" : "s4-t5",
      "begin" : 269,
      "end" : 274,
      "text" : "catch",
      "whiteSpace" : false
    }, {
      "id" : "s4-t6",
      "begin" : 275,
      "end" : 277,
      "text" : "on",
      "whiteSpace" : false
    }, {
      "id" : "s4-t7",
      "begin" : 278,
      "end" : 281,
      "text" : "but",
      "whiteSpace" : false
    }, {
      "id" : "s4-t8",
      "begin" : 281,
      "end" : 284,
      "text" : "...",
      "whiteSpace" : false
    }, {
      "id" : "s4-t9",
      "begin" : 285,
      "end" : 288,
      "text" : "ATT",
      "whiteSpace" : false
    }, {
      "id" : "s4-t10",
      "begin" : 289,
      "end" : 297,
      "text" : "customer",
      "whiteSpace" : false
    }, {
      "id" : "s4-t11",
      "begin" : 298,
      "end" : 305,
      "text" : "service",
      "whiteSpace" : false
    }, {
      "id" : "s4-t12",
      "begin" : 306,
      "end" : 309,
      "text" : "has",
      "whiteSpace" : false
    }, {
      "id" : "s4-t13",
      "begin" : 310,
      "end" : 314,
      "text" : "also",
      "whiteSpace" : false
    }, {
      "id" : "s4-t14",
      "begin" : 315,
      "end" : 322,
      "text" : "changed",
      "whiteSpace" : false
    }, {
      "id" : "s4-t15",
      "begin" : 322,
      "end" : 323,
      "text" : ",",
      "whiteSpace" : false
    }, {
      "id" : "s4-t16",
      "begin" : 324,
      "end" : 328,
      "text" : "they",
      "whiteSpace" : false
    }, {
      "id" : "s4-t17",
      "begin" : 329,
      "end" : 335,
      "text" : "always",
      "whiteSpace" : false
    }, {
      "id" : "s4-t18",
      "begin" : 336,
      "end" : 346,
      "text" : "appologise",
      "whiteSpace" : false
    }, {
      "id" : "s4-t19",
      "begin" : 347,
      "end" : 350,
      "text" : "but",
      "whiteSpace" : false
    }, {
      "id" : "s4-t20",
      "begin" : 351,
      "end" : 356,
      "text" : "never",
      "whiteSpace" : false
    }, {
      "id" : "s4-t21",
      "begin" : 357,
      "end" : 363,
      "text" : "really",
      "whiteSpace" : false
    }, {
      "id" : "s4-t22",
      "begin" : 364,
      "end" : 367,
      "text" : "fix",
      "whiteSpace" : false
    }, {
      "id" : "s4-t23",
      "begin" : 368,
      "end" : 371,
      "text" : "the",
      "whiteSpace" : false
    }, {
      "id" : "s4-t24",
      "begin" : 372,
      "end" : 377,
      "text" : "issue",
      "whiteSpace" : false
    }, {
      "id" : "s4-t25",
      "begin" : 377,
      "end" : 378,
      "text" : ".",
      "whiteSpace" : false
    } ]
  }, {
    "id" : "s5",
    "begin" : 379,
    "end" : 448,
    "text" : "I'm realizing their real goal is only the\nmoney and not the customer.",
    "tokens" : [ {
      "id" : "s5-t0",
      "begin" : 379,
      "end" : 380,
      "text" : "I",
      "whiteSpace" : false
    }, {
      "id" : "s5-t1",
      "begin" : 380,
      "end" : 382,
      "text" : "'m",
      "whiteSpace" : false
    }, {
      "id" : "s5-t2",
      "begin" : 383,
      "end" : 392,
      "text" : "realizing",
      "whiteSpace" : false
    }, {
      "id" : "s5-t3",
      "begin" : 393,
      "end" : 398,
      "text" : "their",
      "whiteSpace" : false
    }, {
      "id" : "s5-t4",
      "begin" : 399,
      "end" : 403,
      "text" : "real",
      "whiteSpace" : false
    }, {
      "id" : "s5-t5",
      "begin" : 404,
      "end" : 408,
      "text" : "goal",
      "whiteSpace" : false
    }, {
      "id" : "s5-t6",
      "begin" : 409,
      "end" : 411,
      "text" : "is",
      "whiteSpace" : false
    }, {
      "id" : "s5-t7",
      "begin" : 412,
      "end" : 416,
      "text" : "only",
      "whiteSpace" : false
    }, {
      "id" : "s5-t8",
      "begin" : 417,
      "end" : 420,
      "text" : "the",
      "whiteSpace" : false
    }, {
      "id" : "s5-t9",
      "begin" : 421,
      "end" : 426,
      "text" : "money",
      "whiteSpace" : false
    }, {
      "id" : "s5-t10",
      "begin" : 427,
      "end" : 430,
      "text" : "and",
      "whiteSpace" : false
    }, {
      "id" : "s5-t11",
      "begin" : 431,
      "end" : 434,
      "text" : "not",
      "whiteSpace" : false
    }, {
      "id" : "s5-t12",
      "begin" : 435,
      "end" : 438,
      "text" : "the",
      "whiteSpace" : false
    }, {
      "id" : "s5-t13",
      "begin" : 439,
      "end" : 447,
      "text" : "customer",
      "whiteSpace" : false
    }, {
      "id" : "s5-t14",
      "begin" : 447,
      "end" : 448,
      "text" : ".",
      "whiteSpace" : false
    } ]
  } ],
  "mentions" : [ {
    "id" : "s0-m1",
    "properties" : {
      "SIRE_MENTION_ROLE" : "Voice_Text",
      "SIRE_ENTITY_SUBTYPE" : "NONE",
      "SIRE_MENTION_TYPE" : "NONE",
      "SIRE_MENTION_CLASS" : "SPC"
    },
    "type" : "Voice_Text",
    "begin" : 29,
    "end" : 36,
    "inCoref" : false
  }, {
    "id" : "s1-m1",
    "properties" : {
      "SIRE_MENTION_ROLE" : "Voice_Text",
      "SIRE_ENTITY_SUBTYPE" : "NONE",
      "SIRE_MENTION_TYPE" : "NONE",
      "SIRE_MENTION_CLASS" : "SPC"
    },
    "type" : "Voice_Text",
    "begin" : 65,
    "end" : 81,
    "inCoref" : false
  }, {
    "id" : "s1-m2",
    "properties" : {
      "SIRE_MENTION_ROLE" : "Internet_Connectivity",
      "SIRE_ENTITY_SUBTYPE" : "NONE",
      "SIRE_MENTION_TYPE" : "NONE",
      "SIRE_MENTION_CLASS" : "SPC"
    },
    "type" : "Internet_Connectivity",
    "begin" : 93,
    "end" : 103,
    "inCoref" : false
  }, {
    "id" : "s3-m0",
    "properties" : {
      "SIRE_MENTION_ROLE" : "Service_Provider",
      "SIRE_MENTION_TYPE" : "NONE",
      "SIRE_ENTITY_SUBTYPE" : "NONE",
      "SIRE_MENTION_CLASS" : "SPC"
    },
    "type" : "Service_Provider",
    "begin" : 124,
    "end" : 127,
    "inCoref" : false
  }, {
    "id" : "s3-m1",
    "properties" : {
      "SIRE_MENTION_ROLE" : "Internet_Connectivity",
      "SIRE_ENTITY_SUBTYPE" : "NONE",
      "SIRE_MENTION_TYPE" : "NONE",
      "SIRE_MENTION_CLASS" : "SPC"
    },
    "type" : "Internet_Connectivity",
    "begin" : 230,
    "end" : 244,
    "inCoref" : false
  }, {
    "id" : "s6-m0",
    "properties" : {
      "SIRE_MENTION_ROLE" : "Service_Provider",
      "SIRE_MENTION_TYPE" : "NONE",
      "SIRE_ENTITY_SUBTYPE" : "NONE",
      "SIRE_MENTION_CLASS" : "SPC"
    },
    "type" : "Service_Provider",
    "begin" : 259,
    "end" : 262,
    "inCoref" : false
  }, {
    "id" : "s8-m0",
    "properties" : {
      "SIRE_MENTION_ROLE" : "Service_Provider",
      "SIRE_MENTION_TYPE" : "NONE",
      "SIRE_ENTITY_SUBTYPE" : "NONE",
      "SIRE_MENTION_CLASS" : "SPC"
    },
    "type" : "Service_Provider",
    "begin" : 285,
    "end" : 288,
    "inCoref" : false
  } ],
  "relations" : [ ],
  "corefs" : [ ],
  "typeResolved" : true,
  "userResolved" : false
}