{
  "id" : "d7cce080-fedb-11e6-8c7d-7f6aa37994f5-2",
  "name" : "1beb01cccdd727142f64a84fcc05c9a7.txt",
  "version" : 3,
  "text" : "AT&amp;T; Quicksilver won't connect on Windows 7 64bit\n\nFor the past week my Quicksilver won't connect. I've updated the firmware and\nI have the latest CM. I've tried reinstalling and still nothing. I've also\ntried it on two different computers (both Windows 7 64bit) and they post just\nflash gray and say Searching for Network. I've tried swtiching between 3G Only\nand 2G only in the setting and still nothing. I don't know what else to do. I\nalso have a Verizon Aircard, but my 5GB limit is almost up, so I need to use\nAT&amp;T.; Any help would be greatly appreciated. Thanks.Solved!Go to\nSolution.\n\n",
  "docLength" : 0,
  "language" : "EN",
  "status" : "READY",
  "modifiedDate" : 1488752222779,
  "documentSet" : [ ],
  "preannotation" : [ "PRE_LW" ],
  "sentences" : [ {
    "id" : "s0",
    "begin" : 0,
    "end" : 54,
    "text" : "AT&amp;T; Quicksilver won't connect on Windows 7 64bit",
    "tokens" : [ {
      "id" : "s0-t0",
      "begin" : 0,
      "end" : 2,
      "text" : "AT",
      "whiteSpace" : false
    }, {
      "id" : "s0-t1",
      "begin" : 2,
      "end" : 7,
      "text" : "&amp;",
      "whiteSpace" : false
    }, {
      "id" : "s0-t2",
      "begin" : 7,
      "end" : 9,
      "text" : "T;",
      "whiteSpace" : false
    }, {
      "id" : "s0-t3",
      "begin" : 10,
      "end" : 21,
      "text" : "Quicksilver",
      "whiteSpace" : false
    }, {
      "id" : "s0-t4",
      "begin" : 22,
      "end" : 24,
      "text" : "wo",
      "whiteSpace" : false
    }, {
      "id" : "s0-t5",
      "begin" : 24,
      "end" : 27,
      "text" : "n't",
      "whiteSpace" : false
    }, {
      "id" : "s0-t6",
      "begin" : 28,
      "end" : 35,
      "text" : "connect",
      "whiteSpace" : false
    }, {
      "id" : "s0-t7",
      "begin" : 36,
      "end" : 38,
      "text" : "on",
      "whiteSpace" : false
    }, {
      "id" : "s0-t8",
      "begin" : 39,
      "end" : 46,
      "text" : "Windows",
      "whiteSpace" : false
    }, {
      "id" : "s0-t9",
      "begin" : 47,
      "end" : 48,
      "text" : "7",
      "whiteSpace" : false
    }, {
      "id" : "s0-t10",
      "begin" : 49,
      "end" : 54,
      "text" : "64bit",
      "whiteSpace" : false
    } ]
  }, {
    "id" : "s1",
    "begin" : 56,
    "end" : 103,
    "text" : "For the past week my Quicksilver won't connect.",
    "tokens" : [ {
      "id" : "s1-t0",
      "begin" : 56,
      "end" : 59,
      "text" : "For",
      "whiteSpace" : false
    }, {
      "id" : "s1-t1",
      "begin" : 60,
      "end" : 63,
      "text" : "the",
      "whiteSpace" : false
    }, {
      "id" : "s1-t2",
      "begin" : 64,
      "end" : 68,
      "text" : "past",
      "whiteSpace" : false
    }, {
      "id" : "s1-t3",
      "begin" : 69,
      "end" : 73,
      "text" : "week",
      "whiteSpace" : false
    }, {
      "id" : "s1-t4",
      "begin" : 74,
      "end" : 76,
      "text" : "my",
      "whiteSpace" : false
    }, {
      "id" : "s1-t5",
      "begin" : 77,
      "end" : 88,
      "text" : "Quicksilver",
      "whiteSpace" : false
    }, {
      "id" : "s1-t6",
      "begin" : 89,
      "end" : 91,
      "text" : "wo",
      "whiteSpace" : false
    }, {
      "id" : "s1-t7",
      "begin" : 91,
      "end" : 94,
      "text" : "n't",
      "whiteSpace" : false
    }, {
      "id" : "s1-t8",
      "begin" : 95,
      "end" : 102,
      "text" : "connect",
      "whiteSpace" : false
    }, {
      "id" : "s1-t9",
      "begin" : 102,
      "end" : 103,
      "text" : ".",
      "whiteSpace" : false
    } ]
  }, {
    "id" : "s2",
    "begin" : 104,
    "end" : 155,
    "text" : "I've updated the firmware and\nI have the latest CM.",
    "tokens" : [ {
      "id" : "s2-t0",
      "begin" : 104,
      "end" : 105,
      "text" : "I",
      "whiteSpace" : false
    }, {
      "id" : "s2-t1",
      "begin" : 105,
      "end" : 108,
      "text" : "'ve",
      "whiteSpace" : false
    }, {
      "id" : "s2-t2",
      "begin" : 109,
      "end" : 116,
      "text" : "updated",
      "whiteSpace" : false
    }, {
      "id" : "s2-t3",
      "begin" : 117,
      "end" : 120,
      "text" : "the",
      "whiteSpace" : false
    }, {
      "id" : "s2-t4",
      "begin" : 121,
      "end" : 129,
      "text" : "firmware",
      "whiteSpace" : false
    }, {
      "id" : "s2-t5",
      "begin" : 130,
      "end" : 133,
      "text" : "and",
      "whiteSpace" : false
    }, {
      "id" : "s2-t6",
      "begin" : 134,
      "end" : 135,
      "text" : "I",
      "whiteSpace" : false
    }, {
      "id" : "s2-t7",
      "begin" : 136,
      "end" : 140,
      "text" : "have",
      "whiteSpace" : false
    }, {
      "id" : "s2-t8",
      "begin" : 141,
      "end" : 144,
      "text" : "the",
      "whiteSpace" : false
    }, {
      "id" : "s2-t9",
      "begin" : 145,
      "end" : 151,
      "text" : "latest",
      "whiteSpace" : false
    }, {
      "id" : "s2-t10",
      "begin" : 152,
      "end" : 154,
      "text" : "CM",
      "whiteSpace" : false
    }, {
      "id" : "s2-t11",
      "begin" : 154,
      "end" : 155,
      "text" : ".",
      "whiteSpace" : false
    } ]
  }, {
    "id" : "s3",
    "begin" : 156,
    "end" : 198,
    "text" : "I've tried reinstalling and still nothing.",
    "tokens" : [ {
      "id" : "s3-t0",
      "begin" : 156,
      "end" : 157,
      "text" : "I",
      "whiteSpace" : false
    }, {
      "id" : "s3-t1",
      "begin" : 157,
      "end" : 160,
      "text" : "'ve",
      "whiteSpace" : false
    }, {
      "id" : "s3-t2",
      "begin" : 161,
      "end" : 166,
      "text" : "tried",
      "whiteSpace" : false
    }, {
      "id" : "s3-t3",
      "begin" : 167,
      "end" : 179,
      "text" : "reinstalling",
      "whiteSpace" : false
    }, {
      "id" : "s3-t4",
      "begin" : 180,
      "end" : 183,
      "text" : "and",
      "whiteSpace" : false
    }, {
      "id" : "s3-t5",
      "begin" : 184,
      "end" : 189,
      "text" : "still",
      "whiteSpace" : false
    }, {
      "id" : "s3-t6",
      "begin" : 190,
      "end" : 197,
      "text" : "nothing",
      "whiteSpace" : false
    }, {
      "id" : "s3-t7",
      "begin" : 197,
      "end" : 198,
      "text" : ".",
      "whiteSpace" : false
    } ]
  }, {
    "id" : "s4",
    "begin" : 199,
    "end" : 328,
    "text" : "I've also\ntried it on two different computers (both Windows 7 64bit) and they post just\nflash gray and say Searching for Network.",
    "tokens" : [ {
      "id" : "s4-t0",
      "begin" : 199,
      "end" : 200,
      "text" : "I",
      "whiteSpace" : false
    }, {
      "id" : "s4-t1",
      "begin" : 200,
      "end" : 203,
      "text" : "'ve",
      "whiteSpace" : false
    }, {
      "id" : "s4-t2",
      "begin" : 204,
      "end" : 208,
      "text" : "also",
      "whiteSpace" : false
    }, {
      "id" : "s4-t3",
      "begin" : 209,
      "end" : 214,
      "text" : "tried",
      "whiteSpace" : false
    }, {
      "id" : "s4-t4",
      "begin" : 215,
      "end" : 217,
      "text" : "it",
      "whiteSpace" : false
    }, {
      "id" : "s4-t5",
      "begin" : 218,
      "end" : 220,
      "text" : "on",
      "whiteSpace" : false
    }, {
      "id" : "s4-t6",
      "begin" : 221,
      "end" : 224,
      "text" : "two",
      "whiteSpace" : false
    }, {
      "id" : "s4-t7",
      "begin" : 225,
      "end" : 234,
      "text" : "different",
      "whiteSpace" : false
    }, {
      "id" : "s4-t8",
      "begin" : 235,
      "end" : 244,
      "text" : "computers",
      "whiteSpace" : false
    }, {
      "id" : "s4-t9",
      "begin" : 245,
      "end" : 246,
      "text" : "(",
      "whiteSpace" : false
    }, {
      "id" : "s4-t10",
      "begin" : 246,
      "end" : 250,
      "text" : "both",
      "whiteSpace" : false
    }, {
      "id" : "s4-t11",
      "begin" : 251,
      "end" : 258,
      "text" : "Windows",
      "whiteSpace" : false
    }, {
      "id" : "s4-t12",
      "begin" : 259,
      "end" : 260,
      "text" : "7",
      "whiteSpace" : false
    }, {
      "id" : "s4-t13",
      "begin" : 261,
      "end" : 266,
      "text" : "64bit",
      "whiteSpace" : false
    }, {
      "id" : "s4-t14",
      "begin" : 266,
      "end" : 267,
      "text" : ")",
      "whiteSpace" : false
    }, {
      "id" : "s4-t15",
      "begin" : 268,
      "end" : 271,
      "text" : "and",
      "whiteSpace" : false
    }, {
      "id" : "s4-t16",
      "begin" : 272,
      "end" : 276,
      "text" : "they",
      "whiteSpace" : false
    }, {
      "id" : "s4-t17",
      "begin" : 277,
      "end" : 281,
      "text" : "post",
      "whiteSpace" : false
    }, {
      "id" : "s4-t18",
      "begin" : 282,
      "end" : 286,
      "text" : "just",
      "whiteSpace" : false
    }, {
      "id" : "s4-t19",
      "begin" : 287,
      "end" : 292,
      "text" : "flash",
      "whiteSpace" : false
    }, {
      "id" : "s4-t20",
      "begin" : 293,
      "end" : 297,
      "text" : "gray",
      "whiteSpace" : false
    }, {
      "id" : "s4-t21",
      "begin" : 298,
      "end" : 301,
      "text" : "and",
      "whiteSpace" : false
    }, {
      "id" : "s4-t22",
      "begin" : 302,
      "end" : 305,
      "text" : "say",
      "whiteSpace" : false
    }, {
      "id" : "s4-t23",
      "begin" : 306,
      "end" : 315,
      "text" : "Searching",
      "whiteSpace" : false
    }, {
      "id" : "s4-t24",
      "begin" : 316,
      "end" : 319,
      "text" : "for",
      "whiteSpace" : false
    }, {
      "id" : "s4-t25",
      "begin" : 320,
      "end" : 327,
      "text" : "Network",
      "whiteSpace" : false
    }, {
      "id" : "s4-t26",
      "begin" : 327,
      "end" : 328,
      "text" : ".",
      "whiteSpace" : false
    } ]
  }, {
    "id" : "s5",
    "begin" : 329,
    "end" : 411,
    "text" : "I've tried swtiching between 3G Only\nand 2G only in the setting and still nothing.",
    "tokens" : [ {
      "id" : "s5-t0",
      "begin" : 329,
      "end" : 330,
      "text" : "I",
      "whiteSpace" : false
    }, {
      "id" : "s5-t1",
      "begin" : 330,
      "end" : 333,
      "text" : "'ve",
      "whiteSpace" : false
    }, {
      "id" : "s5-t2",
      "begin" : 334,
      "end" : 339,
      "text" : "tried",
      "whiteSpace" : false
    }, {
      "id" : "s5-t3",
      "begin" : 340,
      "end" : 349,
      "text" : "swtiching",
      "whiteSpace" : false
    }, {
      "id" : "s5-t4",
      "begin" : 350,
      "end" : 357,
      "text" : "between",
      "whiteSpace" : false
    }, {
      "id" : "s5-t5",
      "begin" : 358,
      "end" : 360,
      "text" : "3G",
      "whiteSpace" : false
    }, {
      "id" : "s5-t6",
      "begin" : 361,
      "end" : 365,
      "text" : "Only",
      "whiteSpace" : false
    }, {
      "id" : "s5-t7",
      "begin" : 366,
      "end" : 369,
      "text" : "and",
      "whiteSpace" : false
    }, {
      "id" : "s5-t8",
      "begin" : 370,
      "end" : 372,
      "text" : "2G",
      "whiteSpace" : false
    }, {
      "id" : "s5-t9",
      "begin" : 373,
      "end" : 377,
      "text" : "only",
      "whiteSpace" : false
    }, {
      "id" : "s5-t10",
      "begin" : 378,
      "end" : 380,
      "text" : "in",
      "whiteSpace" : false
    }, {
      "id" : "s5-t11",
      "begin" : 381,
      "end" : 384,
      "text" : "the",
      "whiteSpace" : false
    }, {
      "id" : "s5-t12",
      "begin" : 385,
      "end" : 392,
      "text" : "setting",
      "whiteSpace" : false
    }, {
      "id" : "s5-t13",
      "begin" : 393,
      "end" : 396,
      "text" : "and",
      "whiteSpace" : false
    }, {
      "id" : "s5-t14",
      "begin" : 397,
      "end" : 402,
      "text" : "still",
      "whiteSpace" : false
    }, {
      "id" : "s5-t15",
      "begin" : 403,
      "end" : 410,
      "text" : "nothing",
      "whiteSpace" : false
    }, {
      "id" : "s5-t16",
      "begin" : 410,
      "end" : 411,
      "text" : ".",
      "whiteSpace" : false
    } ]
  }, {
    "id" : "s6",
    "begin" : 412,
    "end" : 441,
    "text" : "I don't know what else to do.",
    "tokens" : [ {
      "id" : "s6-t0",
      "begin" : 412,
      "end" : 413,
      "text" : "I",
      "whiteSpace" : false
    }, {
      "id" : "s6-t1",
      "begin" : 414,
      "end" : 416,
      "text" : "do",
      "whiteSpace" : false
    }, {
      "id" : "s6-t2",
      "begin" : 416,
      "end" : 419,
      "text" : "n't",
      "whiteSpace" : false
    }, {
      "id" : "s6-t3",
      "begin" : 420,
      "end" : 424,
      "text" : "know",
      "whiteSpace" : false
    }, {
      "id" : "s6-t4",
      "begin" : 425,
      "end" : 429,
      "text" : "what",
      "whiteSpace" : false
    }, {
      "id" : "s6-t5",
      "begin" : 430,
      "end" : 434,
      "text" : "else",
      "whiteSpace" : false
    }, {
      "id" : "s6-t6",
      "begin" : 435,
      "end" : 437,
      "text" : "to",
      "whiteSpace" : false
    }, {
      "id" : "s6-t7",
      "begin" : 438,
      "end" : 440,
      "text" : "do",
      "whiteSpace" : false
    }, {
      "id" : "s6-t8",
      "begin" : 440,
      "end" : 441,
      "text" : ".",
      "whiteSpace" : false
    } ]
  }, {
    "id" : "s7",
    "begin" : 442,
    "end" : 570,
    "text" : "I\nalso have a Verizon Aircard, but my 5GB limit is almost up, so I need to use\nAT&amp;T.; Any help would be greatly appreciated.",
    "tokens" : [ {
      "id" : "s7-t0",
      "begin" : 442,
      "end" : 443,
      "text" : "I",
      "whiteSpace" : false
    }, {
      "id" : "s7-t1",
      "begin" : 444,
      "end" : 448,
      "text" : "also",
      "whiteSpace" : false
    }, {
      "id" : "s7-t2",
      "begin" : 449,
      "end" : 453,
      "text" : "have",
      "whiteSpace" : false
    }, {
      "id" : "s7-t3",
      "begin" : 454,
      "end" : 455,
      "text" : "a",
      "whiteSpace" : false
    }, {
      "id" : "s7-t4",
      "begin" : 456,
      "end" : 463,
      "text" : "Verizon",
      "whiteSpace" : false
    }, {
      "id" : "s7-t5",
      "begin" : 464,
      "end" : 471,
      "text" : "Aircard",
      "whiteSpace" : false
    }, {
      "id" : "s7-t6",
      "begin" : 471,
      "end" : 472,
      "text" : ",",
      "whiteSpace" : false
    }, {
      "id" : "s7-t7",
      "begin" : 473,
      "end" : 476,
      "text" : "but",
      "whiteSpace" : false
    }, {
      "id" : "s7-t8",
      "begin" : 477,
      "end" : 479,
      "text" : "my",
      "whiteSpace" : false
    }, {
      "id" : "s7-t9",
      "begin" : 480,
      "end" : 483,
      "text" : "5GB",
      "whiteSpace" : false
    }, {
      "id" : "s7-t10",
      "begin" : 484,
      "end" : 489,
      "text" : "limit",
      "whiteSpace" : false
    }, {
      "id" : "s7-t11",
      "begin" : 490,
      "end" : 492,
      "text" : "is",
      "whiteSpace" : false
    }, {
      "id" : "s7-t12",
      "begin" : 493,
      "end" : 499,
      "text" : "almost",
      "whiteSpace" : false
    }, {
      "id" : "s7-t13",
      "begin" : 500,
      "end" : 502,
      "text" : "up",
      "whiteSpace" : false
    }, {
      "id" : "s7-t14",
      "begin" : 502,
      "end" : 503,
      "text" : ",",
      "whiteSpace" : false
    }, {
      "id" : "s7-t15",
      "begin" : 504,
      "end" : 506,
      "text" : "so",
      "whiteSpace" : false
    }, {
      "id" : "s7-t16",
      "begin" : 507,
      "end" : 508,
      "text" : "I",
      "whiteSpace" : false
    }, {
      "id" : "s7-t17",
      "begin" : 509,
      "end" : 513,
      "text" : "need",
      "whiteSpace" : false
    }, {
      "id" : "s7-t18",
      "begin" : 514,
      "end" : 516,
      "text" : "to",
      "whiteSpace" : false
    }, {
      "id" : "s7-t19",
      "begin" : 517,
      "end" : 520,
      "text" : "use",
      "whiteSpace" : false
    }, {
      "id" : "s7-t20",
      "begin" : 521,
      "end" : 523,
      "text" : "AT",
      "whiteSpace" : false
    }, {
      "id" : "s7-t21",
      "begin" : 523,
      "end" : 528,
      "text" : "&amp;",
      "whiteSpace" : false
    }, {
      "id" : "s7-t22",
      "begin" : 528,
      "end" : 530,
      "text" : "T.",
      "whiteSpace" : false
    }, {
      "id" : "s7-t23",
      "begin" : 530,
      "end" : 531,
      "text" : ";",
      "whiteSpace" : false
    }, {
      "id" : "s7-t24",
      "begin" : 532,
      "end" : 535,
      "text" : "Any",
      "whiteSpace" : false
    }, {
      "id" : "s7-t25",
      "begin" : 536,
      "end" : 540,
      "text" : "help",
      "whiteSpace" : false
    }, {
      "id" : "s7-t26",
      "begin" : 541,
      "end" : 546,
      "text" : "would",
      "whiteSpace" : false
    }, {
      "id" : "s7-t27",
      "begin" : 547,
      "end" : 549,
      "text" : "be",
      "whiteSpace" : false
    }, {
      "id" : "s7-t28",
      "begin" : 550,
      "end" : 557,
      "text" : "greatly",
      "whiteSpace" : false
    }, {
      "id" : "s7-t29",
      "begin" : 558,
      "end" : 569,
      "text" : "appreciated",
      "whiteSpace" : false
    }, {
      "id" : "s7-t30",
      "begin" : 569,
      "end" : 570,
      "text" : ".",
      "whiteSpace" : false
    } ]
  }, {
    "id" : "s8",
    "begin" : 571,
    "end" : 600,
    "text" : "Thanks.Solved!Go to\nSolution.",
    "tokens" : [ {
      "id" : "s8-t0",
      "begin" : 571,
      "end" : 585,
      "text" : "Thanks.Solved!",
      "whiteSpace" : false
    }, {
      "id" : "s8-t1",
      "begin" : 585,
      "end" : 587,
      "text" : "Go",
      "whiteSpace" : false
    }, {
      "id" : "s8-t2",
      "begin" : 588,
      "end" : 590,
      "text" : "to",
      "whiteSpace" : false
    }, {
      "id" : "s8-t3",
      "begin" : 591,
      "end" : 599,
      "text" : "Solution",
      "whiteSpace" : false
    }, {
      "id" : "s8-t4",
      "begin" : 599,
      "end" : 600,
      "text" : ".",
      "whiteSpace" : false
    } ]
  } ],
  "mentions" : [ {
    "id" : "s0-m3",
    "properties" : {
      "SIRE_MENTION_ROLE" : "Service_Provider",
      "SIRE_ENTITY_SUBTYPE" : "NONE",
      "SIRE_MENTION_TYPE" : "NONE",
      "SIRE_MENTION_CLASS" : "SPC"
    },
    "type" : "Service_Provider",
    "begin" : 0,
    "end" : 9,
    "inCoref" : false
  }, {
    "id" : "s0-m2",
    "properties" : {
      "SIRE_MENTION_ROLE" : "Product",
      "SIRE_ENTITY_SUBTYPE" : "NONE",
      "SIRE_MENTION_TYPE" : "NONE",
      "SIRE_MENTION_CLASS" : "SPC"
    },
    "type" : "Product",
    "begin" : 10,
    "end" : 21,
    "inCoref" : false
  }, {
    "id" : "s0-m1",
    "properties" : {
      "SIRE_MENTION_ROLE" : "Product",
      "SIRE_ENTITY_SUBTYPE" : "NONE",
      "SIRE_MENTION_TYPE" : "NONE",
      "SIRE_MENTION_CLASS" : "SPC"
    },
    "type" : "Product",
    "begin" : 39,
    "end" : 54,
    "inCoref" : false
  }, {
    "id" : "s1-m1",
    "properties" : {
      "SIRE_MENTION_ROLE" : "Product",
      "SIRE_ENTITY_SUBTYPE" : "NONE",
      "SIRE_MENTION_TYPE" : "NONE",
      "SIRE_MENTION_CLASS" : "SPC"
    },
    "type" : "Product",
    "begin" : 77,
    "end" : 88,
    "inCoref" : false
  }, {
    "id" : "s4-m1",
    "properties" : {
      "SIRE_MENTION_ROLE" : "Product",
      "SIRE_ENTITY_SUBTYPE" : "NONE",
      "SIRE_MENTION_TYPE" : "NONE",
      "SIRE_MENTION_CLASS" : "SPC"
    },
    "type" : "Product",
    "begin" : 251,
    "end" : 266,
    "inCoref" : false
  }, {
    "id" : "s5-m1",
    "properties" : {
      "SIRE_MENTION_ROLE" : "Internet_Connectivity",
      "SIRE_ENTITY_SUBTYPE" : "NONE",
      "SIRE_MENTION_TYPE" : "NONE",
      "SIRE_MENTION_CLASS" : "SPC"
    },
    "type" : "Internet_Connectivity",
    "begin" : 358,
    "end" : 360,
    "inCoref" : false
  }, {
    "id" : "s5-m2",
    "properties" : {
      "SIRE_MENTION_ROLE" : "Internet_Connectivity",
      "SIRE_ENTITY_SUBTYPE" : "NONE",
      "SIRE_MENTION_TYPE" : "NONE",
      "SIRE_MENTION_CLASS" : "SPC"
    },
    "type" : "Internet_Connectivity",
    "begin" : 370,
    "end" : 372,
    "inCoref" : false
  }, {
    "id" : "s7-m2",
    "properties" : {
      "SIRE_MENTION_ROLE" : "Service_Provider",
      "SIRE_ENTITY_SUBTYPE" : "NONE",
      "SIRE_MENTION_TYPE" : "NONE",
      "SIRE_MENTION_CLASS" : "SPC"
    },
    "type" : "Service_Provider",
    "begin" : 456,
    "end" : 463,
    "inCoref" : false
  }, {
    "id" : "s7-m3",
    "properties" : {
      "SIRE_MENTION_ROLE" : "Product",
      "SIRE_ENTITY_SUBTYPE" : "NONE",
      "SIRE_MENTION_TYPE" : "NONE",
      "SIRE_MENTION_CLASS" : "SPC"
    },
    "type" : "Product",
    "begin" : 464,
    "end" : 471,
    "inCoref" : false
  }, {
    "id" : "s7-m5",
    "properties" : {
      "SIRE_MENTION_ROLE" : "Service_Provider",
      "SIRE_ENTITY_SUBTYPE" : "NONE",
      "SIRE_MENTION_TYPE" : "NONE",
      "SIRE_MENTION_CLASS" : "SPC"
    },
    "type" : "Service_Provider",
    "begin" : 521,
    "end" : 529,
    "inCoref" : false
  } ],
  "relations" : [ ],
  "corefs" : [ ],
  "typeResolved" : true,
  "userResolved" : false
}