{
  "id" : "e6215a90-feda-11e6-9179-17f6bbe9bfc7-6",
  "name" : "1067c69d8113357543b74e3caeae8d9d.txt",
  "version" : 3,
  "text" : "Kuparuk, AK Cell Service\n\nI've been here for 2 and a half years with AT&amp;T; and I'm tired of not\nhaving decent enough service to hold a conversation without dropping a call\n5-10 times. I would like to be able to send a text consistently. What, if any,\nare the upgrade intentions to Kuparuk area of the North Slope oilfields? And\nif there are any, what is the timeline?\n\n",
  "docLength" : 0,
  "language" : "EN",
  "status" : "READY",
  "modifiedDate" : 1488750819092,
  "documentSet" : [ ],
  "preannotation" : [ "PRE_LW" ],
  "sentences" : [ {
    "id" : "s0",
    "begin" : 0,
    "end" : 24,
    "text" : "Kuparuk, AK Cell Service",
    "tokens" : [ {
      "id" : "s0-t0",
      "begin" : 0,
      "end" : 7,
      "text" : "Kuparuk",
      "whiteSpace" : false
    }, {
      "id" : "s0-t1",
      "begin" : 7,
      "end" : 8,
      "text" : ",",
      "whiteSpace" : false
    }, {
      "id" : "s0-t2",
      "begin" : 9,
      "end" : 11,
      "text" : "AK",
      "whiteSpace" : false
    }, {
      "id" : "s0-t3",
      "begin" : 12,
      "end" : 16,
      "text" : "Cell",
      "whiteSpace" : false
    }, {
      "id" : "s0-t4",
      "begin" : 17,
      "end" : 24,
      "text" : "Service",
      "whiteSpace" : false
    } ]
  }, {
    "id" : "s1",
    "begin" : 26,
    "end" : 187,
    "text" : "I've been here for 2 and a half years with AT&amp;T; and I'm tired of not\nhaving decent enough service to hold a conversation without dropping a call\n5-10 times.",
    "tokens" : [ {
      "id" : "s1-t0",
      "begin" : 26,
      "end" : 27,
      "text" : "I",
      "whiteSpace" : false
    }, {
      "id" : "s1-t1",
      "begin" : 27,
      "end" : 30,
      "text" : "'ve",
      "whiteSpace" : false
    }, {
      "id" : "s1-t2",
      "begin" : 31,
      "end" : 35,
      "text" : "been",
      "whiteSpace" : false
    }, {
      "id" : "s1-t3",
      "begin" : 36,
      "end" : 40,
      "text" : "here",
      "whiteSpace" : false
    }, {
      "id" : "s1-t4",
      "begin" : 41,
      "end" : 44,
      "text" : "for",
      "whiteSpace" : false
    }, {
      "id" : "s1-t5",
      "begin" : 45,
      "end" : 46,
      "text" : "2",
      "whiteSpace" : false
    }, {
      "id" : "s1-t6",
      "begin" : 47,
      "end" : 50,
      "text" : "and",
      "whiteSpace" : false
    }, {
      "id" : "s1-t7",
      "begin" : 51,
      "end" : 52,
      "text" : "a",
      "whiteSpace" : false
    }, {
      "id" : "s1-t8",
      "begin" : 53,
      "end" : 57,
      "text" : "half",
      "whiteSpace" : false
    }, {
      "id" : "s1-t9",
      "begin" : 58,
      "end" : 63,
      "text" : "years",
      "whiteSpace" : false
    }, {
      "id" : "s1-t10",
      "begin" : 64,
      "end" : 68,
      "text" : "with",
      "whiteSpace" : false
    }, {
      "id" : "s1-t11",
      "begin" : 69,
      "end" : 71,
      "text" : "AT",
      "whiteSpace" : false
    }, {
      "id" : "s1-t12",
      "begin" : 71,
      "end" : 76,
      "text" : "&amp;",
      "whiteSpace" : false
    }, {
      "id" : "s1-t13",
      "begin" : 76,
      "end" : 78,
      "text" : "T;",
      "whiteSpace" : false
    }, {
      "id" : "s1-t14",
      "begin" : 79,
      "end" : 82,
      "text" : "and",
      "whiteSpace" : false
    }, {
      "id" : "s1-t15",
      "begin" : 83,
      "end" : 84,
      "text" : "I",
      "whiteSpace" : false
    }, {
      "id" : "s1-t16",
      "begin" : 84,
      "end" : 86,
      "text" : "'m",
      "whiteSpace" : false
    }, {
      "id" : "s1-t17",
      "begin" : 87,
      "end" : 92,
      "text" : "tired",
      "whiteSpace" : false
    }, {
      "id" : "s1-t18",
      "begin" : 93,
      "end" : 95,
      "text" : "of",
      "whiteSpace" : false
    }, {
      "id" : "s1-t19",
      "begin" : 96,
      "end" : 99,
      "text" : "not",
      "whiteSpace" : false
    }, {
      "id" : "s1-t20",
      "begin" : 100,
      "end" : 106,
      "text" : "having",
      "whiteSpace" : false
    }, {
      "id" : "s1-t21",
      "begin" : 107,
      "end" : 113,
      "text" : "decent",
      "whiteSpace" : false
    }, {
      "id" : "s1-t22",
      "begin" : 114,
      "end" : 120,
      "text" : "enough",
      "whiteSpace" : false
    }, {
      "id" : "s1-t23",
      "begin" : 121,
      "end" : 128,
      "text" : "service",
      "whiteSpace" : false
    }, {
      "id" : "s1-t24",
      "begin" : 129,
      "end" : 131,
      "text" : "to",
      "whiteSpace" : false
    }, {
      "id" : "s1-t25",
      "begin" : 132,
      "end" : 136,
      "text" : "hold",
      "whiteSpace" : false
    }, {
      "id" : "s1-t26",
      "begin" : 137,
      "end" : 138,
      "text" : "a",
      "whiteSpace" : false
    }, {
      "id" : "s1-t27",
      "begin" : 139,
      "end" : 151,
      "text" : "conversation",
      "whiteSpace" : false
    }, {
      "id" : "s1-t28",
      "begin" : 152,
      "end" : 159,
      "text" : "without",
      "whiteSpace" : false
    }, {
      "id" : "s1-t29",
      "begin" : 160,
      "end" : 168,
      "text" : "dropping",
      "whiteSpace" : false
    }, {
      "id" : "s1-t30",
      "begin" : 169,
      "end" : 170,
      "text" : "a",
      "whiteSpace" : false
    }, {
      "id" : "s1-t31",
      "begin" : 171,
      "end" : 175,
      "text" : "call",
      "whiteSpace" : false
    }, {
      "id" : "s1-t32",
      "begin" : 176,
      "end" : 180,
      "text" : "5-10",
      "whiteSpace" : false
    }, {
      "id" : "s1-t33",
      "begin" : 181,
      "end" : 186,
      "text" : "times",
      "whiteSpace" : false
    }, {
      "id" : "s1-t34",
      "begin" : 186,
      "end" : 187,
      "text" : ".",
      "whiteSpace" : false
    } ]
  }, {
    "id" : "s2",
    "begin" : 188,
    "end" : 240,
    "text" : "I would like to be able to send a text consistently.",
    "tokens" : [ {
      "id" : "s2-t0",
      "begin" : 188,
      "end" : 189,
      "text" : "I",
      "whiteSpace" : false
    }, {
      "id" : "s2-t1",
      "begin" : 190,
      "end" : 195,
      "text" : "would",
      "whiteSpace" : false
    }, {
      "id" : "s2-t2",
      "begin" : 196,
      "end" : 200,
      "text" : "like",
      "whiteSpace" : false
    }, {
      "id" : "s2-t3",
      "begin" : 201,
      "end" : 203,
      "text" : "to",
      "whiteSpace" : false
    }, {
      "id" : "s2-t4",
      "begin" : 204,
      "end" : 206,
      "text" : "be",
      "whiteSpace" : false
    }, {
      "id" : "s2-t5",
      "begin" : 207,
      "end" : 211,
      "text" : "able",
      "whiteSpace" : false
    }, {
      "id" : "s2-t6",
      "begin" : 212,
      "end" : 214,
      "text" : "to",
      "whiteSpace" : false
    }, {
      "id" : "s2-t7",
      "begin" : 215,
      "end" : 219,
      "text" : "send",
      "whiteSpace" : false
    }, {
      "id" : "s2-t8",
      "begin" : 220,
      "end" : 221,
      "text" : "a",
      "whiteSpace" : false
    }, {
      "id" : "s2-t9",
      "begin" : 222,
      "end" : 226,
      "text" : "text",
      "whiteSpace" : false
    }, {
      "id" : "s2-t10",
      "begin" : 227,
      "end" : 239,
      "text" : "consistently",
      "whiteSpace" : false
    }, {
      "id" : "s2-t11",
      "begin" : 239,
      "end" : 240,
      "text" : ".",
      "whiteSpace" : false
    } ]
  }, {
    "id" : "s3",
    "begin" : 241,
    "end" : 327,
    "text" : "What, if any,\nare the upgrade intentions to Kuparuk area of the North Slope oilfields?",
    "tokens" : [ {
      "id" : "s3-t0",
      "begin" : 241,
      "end" : 245,
      "text" : "What",
      "whiteSpace" : false
    }, {
      "id" : "s3-t1",
      "begin" : 245,
      "end" : 246,
      "text" : ",",
      "whiteSpace" : false
    }, {
      "id" : "s3-t2",
      "begin" : 247,
      "end" : 249,
      "text" : "if",
      "whiteSpace" : false
    }, {
      "id" : "s3-t3",
      "begin" : 250,
      "end" : 253,
      "text" : "any",
      "whiteSpace" : false
    }, {
      "id" : "s3-t4",
      "begin" : 253,
      "end" : 254,
      "text" : ",",
      "whiteSpace" : false
    }, {
      "id" : "s3-t5",
      "begin" : 255,
      "end" : 258,
      "text" : "are",
      "whiteSpace" : false
    }, {
      "id" : "s3-t6",
      "begin" : 259,
      "end" : 262,
      "text" : "the",
      "whiteSpace" : false
    }, {
      "id" : "s3-t7",
      "begin" : 263,
      "end" : 270,
      "text" : "upgrade",
      "whiteSpace" : false
    }, {
      "id" : "s3-t8",
      "begin" : 271,
      "end" : 281,
      "text" : "intentions",
      "whiteSpace" : false
    }, {
      "id" : "s3-t9",
      "begin" : 282,
      "end" : 284,
      "text" : "to",
      "whiteSpace" : false
    }, {
      "id" : "s3-t10",
      "begin" : 285,
      "end" : 292,
      "text" : "Kuparuk",
      "whiteSpace" : false
    }, {
      "id" : "s3-t11",
      "begin" : 293,
      "end" : 297,
      "text" : "area",
      "whiteSpace" : false
    }, {
      "id" : "s3-t12",
      "begin" : 298,
      "end" : 300,
      "text" : "of",
      "whiteSpace" : false
    }, {
      "id" : "s3-t13",
      "begin" : 301,
      "end" : 304,
      "text" : "the",
      "whiteSpace" : false
    }, {
      "id" : "s3-t14",
      "begin" : 305,
      "end" : 310,
      "text" : "North",
      "whiteSpace" : false
    }, {
      "id" : "s3-t15",
      "begin" : 311,
      "end" : 316,
      "text" : "Slope",
      "whiteSpace" : false
    }, {
      "id" : "s3-t16",
      "begin" : 317,
      "end" : 326,
      "text" : "oilfields",
      "whiteSpace" : false
    }, {
      "id" : "s3-t17",
      "begin" : 326,
      "end" : 327,
      "text" : "?",
      "whiteSpace" : false
    } ]
  }, {
    "id" : "s4",
    "begin" : 328,
    "end" : 371,
    "text" : "And\nif there are any, what is the timeline?",
    "tokens" : [ {
      "id" : "s4-t0",
      "begin" : 328,
      "end" : 331,
      "text" : "And",
      "whiteSpace" : false
    }, {
      "id" : "s4-t1",
      "begin" : 332,
      "end" : 334,
      "text" : "if",
      "whiteSpace" : false
    }, {
      "id" : "s4-t2",
      "begin" : 335,
      "end" : 340,
      "text" : "there",
      "whiteSpace" : false
    }, {
      "id" : "s4-t3",
      "begin" : 341,
      "end" : 344,
      "text" : "are",
      "whiteSpace" : false
    }, {
      "id" : "s4-t4",
      "begin" : 345,
      "end" : 348,
      "text" : "any",
      "whiteSpace" : false
    }, {
      "id" : "s4-t5",
      "begin" : 348,
      "end" : 349,
      "text" : ",",
      "whiteSpace" : false
    }, {
      "id" : "s4-t6",
      "begin" : 350,
      "end" : 354,
      "text" : "what",
      "whiteSpace" : false
    }, {
      "id" : "s4-t7",
      "begin" : 355,
      "end" : 357,
      "text" : "is",
      "whiteSpace" : false
    }, {
      "id" : "s4-t8",
      "begin" : 358,
      "end" : 361,
      "text" : "the",
      "whiteSpace" : false
    }, {
      "id" : "s4-t9",
      "begin" : 362,
      "end" : 370,
      "text" : "timeline",
      "whiteSpace" : false
    }, {
      "id" : "s4-t10",
      "begin" : 370,
      "end" : 371,
      "text" : "?",
      "whiteSpace" : false
    } ]
  } ],
  "mentions" : [ {
    "id" : "s0-m1",
    "properties" : {
      "SIRE_MENTION_ROLE" : "Voice_Text",
      "SIRE_ENTITY_SUBTYPE" : "NONE",
      "SIRE_MENTION_TYPE" : "NONE",
      "SIRE_MENTION_CLASS" : "SPC"
    },
    "type" : "Voice_Text",
    "begin" : 12,
    "end" : 24,
    "inCoref" : false
  }, {
    "id" : "s1-m1",
    "properties" : {
      "SIRE_MENTION_ROLE" : "Service_Provider",
      "SIRE_ENTITY_SUBTYPE" : "NONE",
      "SIRE_MENTION_TYPE" : "NONE",
      "SIRE_MENTION_CLASS" : "SPC"
    },
    "type" : "Service_Provider",
    "begin" : 69,
    "end" : 77,
    "inCoref" : false
  }, {
    "id" : "s1-m3",
    "properties" : {
      "SIRE_MENTION_ROLE" : "Voice_Text",
      "SIRE_ENTITY_SUBTYPE" : "NONE",
      "SIRE_MENTION_TYPE" : "NONE",
      "SIRE_MENTION_CLASS" : "SPC"
    },
    "type" : "Voice_Text",
    "begin" : 121,
    "end" : 128,
    "inCoref" : false
  }, {
    "id" : "s1-m2",
    "properties" : {
      "SIRE_MENTION_ROLE" : "Voice_Text",
      "SIRE_ENTITY_SUBTYPE" : "NONE",
      "SIRE_MENTION_TYPE" : "NONE",
      "SIRE_MENTION_CLASS" : "SPC"
    },
    "type" : "Voice_Text",
    "begin" : 171,
    "end" : 175,
    "inCoref" : false
  }, {
    "id" : "s2-m1",
    "properties" : {
      "SIRE_MENTION_ROLE" : "Voice_Text",
      "SIRE_ENTITY_SUBTYPE" : "NONE",
      "SIRE_MENTION_TYPE" : "NONE",
      "SIRE_MENTION_CLASS" : "SPC"
    },
    "type" : "Voice_Text",
    "begin" : 222,
    "end" : 226,
    "inCoref" : false
  } ],
  "relations" : [ ],
  "corefs" : [ ],
  "typeResolved" : true,
  "userResolved" : false
}