{
  "id" : "e6215a90-feda-11e6-9179-17f6bbe9bfc7-3",
  "name" : "1067c69d8113357543b74e3cae8471e5.txt",
  "version" : 3,
  "text" : "Wifi password randomly disspears\n\nRandomly my wifi password disspearsHave to re-enter and everything works\nnormal for awhile.\n\n",
  "docLength" : 0,
  "language" : "EN",
  "status" : "READY",
  "modifiedDate" : 1488750725686,
  "documentSet" : [ ],
  "preannotation" : [ "PRE_LW" ],
  "sentences" : [ {
    "id" : "s0",
    "begin" : 0,
    "end" : 32,
    "text" : "Wifi password randomly disspears",
    "tokens" : [ {
      "id" : "s0-t0",
      "begin" : 0,
      "end" : 4,
      "text" : "Wifi",
      "whiteSpace" : false
    }, {
      "id" : "s0-t1",
      "begin" : 5,
      "end" : 13,
      "text" : "password",
      "whiteSpace" : false
    }, {
      "id" : "s0-t2",
      "begin" : 14,
      "end" : 22,
      "text" : "randomly",
      "whiteSpace" : false
    }, {
      "id" : "s0-t3",
      "begin" : 23,
      "end" : 32,
      "text" : "disspears",
      "whiteSpace" : false
    } ]
  }, {
    "id" : "s1",
    "begin" : 34,
    "end" : 125,
    "text" : "Randomly my wifi password disspearsHave to re-enter and everything works\nnormal for awhile.",
    "tokens" : [ {
      "id" : "s1-t0",
      "begin" : 34,
      "end" : 42,
      "text" : "Randomly",
      "whiteSpace" : false
    }, {
      "id" : "s1-t1",
      "begin" : 43,
      "end" : 45,
      "text" : "my",
      "whiteSpace" : false
    }, {
      "id" : "s1-t2",
      "begin" : 46,
      "end" : 50,
      "text" : "wifi",
      "whiteSpace" : false
    }, {
      "id" : "s1-t3",
      "begin" : 51,
      "end" : 59,
      "text" : "password",
      "whiteSpace" : false
    }, {
      "id" : "s1-t4",
      "begin" : 60,
      "end" : 73,
      "text" : "disspearsHave",
      "whiteSpace" : false
    }, {
      "id" : "s1-t5",
      "begin" : 74,
      "end" : 76,
      "text" : "to",
      "whiteSpace" : false
    }, {
      "id" : "s1-t6",
      "begin" : 77,
      "end" : 85,
      "text" : "re-enter",
      "whiteSpace" : false
    }, {
      "id" : "s1-t7",
      "begin" : 86,
      "end" : 89,
      "text" : "and",
      "whiteSpace" : false
    }, {
      "id" : "s1-t8",
      "begin" : 90,
      "end" : 100,
      "text" : "everything",
      "whiteSpace" : false
    }, {
      "id" : "s1-t9",
      "begin" : 101,
      "end" : 106,
      "text" : "works",
      "whiteSpace" : false
    }, {
      "id" : "s1-t10",
      "begin" : 107,
      "end" : 113,
      "text" : "normal",
      "whiteSpace" : false
    }, {
      "id" : "s1-t11",
      "begin" : 114,
      "end" : 117,
      "text" : "for",
      "whiteSpace" : false
    }, {
      "id" : "s1-t12",
      "begin" : 118,
      "end" : 124,
      "text" : "awhile",
      "whiteSpace" : false
    }, {
      "id" : "s1-t13",
      "begin" : 124,
      "end" : 125,
      "text" : ".",
      "whiteSpace" : false
    } ]
  } ],
  "mentions" : [ {
    "id" : "s0-m1",
    "properties" : {
      "SIRE_MENTION_ROLE" : "Internet_Connectivity",
      "SIRE_ENTITY_SUBTYPE" : "NONE",
      "SIRE_MENTION_TYPE" : "NONE",
      "SIRE_MENTION_CLASS" : "SPC"
    },
    "type" : "Internet_Connectivity",
    "begin" : 0,
    "end" : 4,
    "inCoref" : false
  }, {
    "id" : "cm1",
    "properties" : {
      "SIRE_MENTION_ROLE" : "Internet_Connectivity",
      "SIRE_ENTITY_SUBTYPE" : "NONE",
      "SIRE_MENTION_TYPE" : "NONE",
      "SIRE_MENTION_CLASS" : "SPC"
    },
    "type" : "Internet_Connectivity",
    "begin" : 46,
    "end" : 50,
    "inCoref" : false
  } ],
  "relations" : [ ],
  "corefs" : [ ],
  "typeResolved" : true,
  "userResolved" : false
}