{
  "id" : "f7c46360-fed9-11e6-8985-6b7b38f81720-2",
  "name" : "085bbb5674bc966ca03ebff165124035.txt",
  "version" : 3,
  "text" : "What is AT&amp;T;'s GSM, HSDPA, LTE bands?\n\nI an going to buy the Sony Xperia Z3(D6653) and this is the bands that the\nZ3(D6653) supports.2G : GSM 850/900/1800/19003G : HSDPA\n850/900/1700/1900/21004G LTE : FDD 700/850/900/1800/2100Will the Z3(D6653)\nwork on AT&amp;T;'s GSM, HSDPA, LTE bands at the Warrenton, Washington\narea?Solved!Go to Solution.\n\n",
  "docLength" : 0,
  "language" : "EN",
  "status" : "READY",
  "modifiedDate" : 1488749929625,
  "documentSet" : [ ],
  "preannotation" : [ "PRE_LW" ],
  "sentences" : [ {
    "id" : "s0",
    "begin" : 0,
    "end" : 42,
    "text" : "What is AT&amp;T;'s GSM, HSDPA, LTE bands?",
    "tokens" : [ {
      "id" : "s0-t0",
      "begin" : 0,
      "end" : 4,
      "text" : "What",
      "whiteSpace" : false
    }, {
      "id" : "s0-t1",
      "begin" : 5,
      "end" : 7,
      "text" : "is",
      "whiteSpace" : false
    }, {
      "id" : "s0-t2",
      "begin" : 8,
      "end" : 10,
      "text" : "AT",
      "whiteSpace" : false
    }, {
      "id" : "s0-t3",
      "begin" : 10,
      "end" : 15,
      "text" : "&amp;",
      "whiteSpace" : false
    }, {
      "id" : "s0-t4",
      "begin" : 15,
      "end" : 17,
      "text" : "T;",
      "whiteSpace" : false
    }, {
      "id" : "s0-t5",
      "begin" : 17,
      "end" : 19,
      "text" : "'s",
      "whiteSpace" : false
    }, {
      "id" : "s0-t6",
      "begin" : 20,
      "end" : 23,
      "text" : "GSM",
      "whiteSpace" : false
    }, {
      "id" : "s0-t7",
      "begin" : 23,
      "end" : 24,
      "text" : ",",
      "whiteSpace" : false
    }, {
      "id" : "s0-t8",
      "begin" : 25,
      "end" : 30,
      "text" : "HSDPA",
      "whiteSpace" : false
    }, {
      "id" : "s0-t9",
      "begin" : 30,
      "end" : 31,
      "text" : ",",
      "whiteSpace" : false
    }, {
      "id" : "s0-t10",
      "begin" : 32,
      "end" : 35,
      "text" : "LTE",
      "whiteSpace" : false
    }, {
      "id" : "s0-t11",
      "begin" : 36,
      "end" : 41,
      "text" : "bands",
      "whiteSpace" : false
    }, {
      "id" : "s0-t12",
      "begin" : 41,
      "end" : 42,
      "text" : "?",
      "whiteSpace" : false
    } ]
  }, {
    "id" : "s1",
    "begin" : 44,
    "end" : 326,
    "text" : "I an going to buy the Sony Xperia Z3(D6653) and this is the bands that the\nZ3(D6653) supports.2G : GSM 850/900/1800/19003G : HSDPA\n850/900/1700/1900/21004G LTE : FDD 700/850/900/1800/2100Will the Z3(D6653)\nwork on AT&amp;T;'s GSM, HSDPA, LTE bands at the Warrenton, Washington\narea?",
    "tokens" : [ {
      "id" : "s1-t0",
      "begin" : 44,
      "end" : 45,
      "text" : "I",
      "whiteSpace" : false
    }, {
      "id" : "s1-t1",
      "begin" : 46,
      "end" : 48,
      "text" : "an",
      "whiteSpace" : false
    }, {
      "id" : "s1-t2",
      "begin" : 49,
      "end" : 54,
      "text" : "going",
      "whiteSpace" : false
    }, {
      "id" : "s1-t3",
      "begin" : 55,
      "end" : 57,
      "text" : "to",
      "whiteSpace" : false
    }, {
      "id" : "s1-t4",
      "begin" : 58,
      "end" : 61,
      "text" : "buy",
      "whiteSpace" : false
    }, {
      "id" : "s1-t5",
      "begin" : 62,
      "end" : 65,
      "text" : "the",
      "whiteSpace" : false
    }, {
      "id" : "s1-t6",
      "begin" : 66,
      "end" : 70,
      "text" : "Sony",
      "whiteSpace" : false
    }, {
      "id" : "s1-t7",
      "begin" : 71,
      "end" : 77,
      "text" : "Xperia",
      "whiteSpace" : false
    }, {
      "id" : "s1-t8",
      "begin" : 78,
      "end" : 80,
      "text" : "Z3",
      "whiteSpace" : false
    }, {
      "id" : "s1-t9",
      "begin" : 80,
      "end" : 81,
      "text" : "(",
      "whiteSpace" : false
    }, {
      "id" : "s1-t10",
      "begin" : 81,
      "end" : 86,
      "text" : "D6653",
      "whiteSpace" : false
    }, {
      "id" : "s1-t11",
      "begin" : 86,
      "end" : 87,
      "text" : ")",
      "whiteSpace" : false
    }, {
      "id" : "s1-t12",
      "begin" : 88,
      "end" : 91,
      "text" : "and",
      "whiteSpace" : false
    }, {
      "id" : "s1-t13",
      "begin" : 92,
      "end" : 96,
      "text" : "this",
      "whiteSpace" : false
    }, {
      "id" : "s1-t14",
      "begin" : 97,
      "end" : 99,
      "text" : "is",
      "whiteSpace" : false
    }, {
      "id" : "s1-t15",
      "begin" : 100,
      "end" : 103,
      "text" : "the",
      "whiteSpace" : false
    }, {
      "id" : "s1-t16",
      "begin" : 104,
      "end" : 109,
      "text" : "bands",
      "whiteSpace" : false
    }, {
      "id" : "s1-t17",
      "begin" : 110,
      "end" : 114,
      "text" : "that",
      "whiteSpace" : false
    }, {
      "id" : "s1-t18",
      "begin" : 115,
      "end" : 118,
      "text" : "the",
      "whiteSpace" : false
    }, {
      "id" : "s1-t19",
      "begin" : 119,
      "end" : 121,
      "text" : "Z3",
      "whiteSpace" : false
    }, {
      "id" : "s1-t20",
      "begin" : 121,
      "end" : 122,
      "text" : "(",
      "whiteSpace" : false
    }, {
      "id" : "s1-t21",
      "begin" : 122,
      "end" : 127,
      "text" : "D6653",
      "whiteSpace" : false
    }, {
      "id" : "s1-t22",
      "begin" : 127,
      "end" : 128,
      "text" : ")",
      "whiteSpace" : false
    }, {
      "id" : "s1-t23",
      "begin" : 129,
      "end" : 140,
      "text" : "supports.2G",
      "whiteSpace" : false
    }, {
      "id" : "s1-t24",
      "begin" : 141,
      "end" : 142,
      "text" : ":",
      "whiteSpace" : false
    }, {
      "id" : "s1-t25",
      "begin" : 143,
      "end" : 146,
      "text" : "GSM",
      "whiteSpace" : false
    }, {
      "id" : "s1-t26",
      "begin" : 147,
      "end" : 166,
      "text" : "850/900/1800/19003G",
      "whiteSpace" : false
    }, {
      "id" : "s1-t27",
      "begin" : 167,
      "end" : 168,
      "text" : ":",
      "whiteSpace" : false
    }, {
      "id" : "s1-t28",
      "begin" : 169,
      "end" : 174,
      "text" : "HSDPA",
      "whiteSpace" : false
    }, {
      "id" : "s1-t29",
      "begin" : 175,
      "end" : 199,
      "text" : "850/900/1700/1900/21004G",
      "whiteSpace" : false
    }, {
      "id" : "s1-t30",
      "begin" : 200,
      "end" : 203,
      "text" : "LTE",
      "whiteSpace" : false
    }, {
      "id" : "s1-t31",
      "begin" : 204,
      "end" : 205,
      "text" : ":",
      "whiteSpace" : false
    }, {
      "id" : "s1-t32",
      "begin" : 206,
      "end" : 209,
      "text" : "FDD",
      "whiteSpace" : false
    }, {
      "id" : "s1-t33",
      "begin" : 210,
      "end" : 235,
      "text" : "700/850/900/1800/2100Will",
      "whiteSpace" : false
    }, {
      "id" : "s1-t34",
      "begin" : 236,
      "end" : 239,
      "text" : "the",
      "whiteSpace" : false
    }, {
      "id" : "s1-t35",
      "begin" : 240,
      "end" : 242,
      "text" : "Z3",
      "whiteSpace" : false
    }, {
      "id" : "s1-t36",
      "begin" : 242,
      "end" : 243,
      "text" : "(",
      "whiteSpace" : false
    }, {
      "id" : "s1-t37",
      "begin" : 243,
      "end" : 248,
      "text" : "D6653",
      "whiteSpace" : false
    }, {
      "id" : "s1-t38",
      "begin" : 248,
      "end" : 249,
      "text" : ")",
      "whiteSpace" : false
    }, {
      "id" : "s1-t39",
      "begin" : 250,
      "end" : 254,
      "text" : "work",
      "whiteSpace" : false
    }, {
      "id" : "s1-t40",
      "begin" : 255,
      "end" : 257,
      "text" : "on",
      "whiteSpace" : false
    }, {
      "id" : "s1-t41",
      "begin" : 258,
      "end" : 260,
      "text" : "AT",
      "whiteSpace" : false
    }, {
      "id" : "s1-t42",
      "begin" : 260,
      "end" : 265,
      "text" : "&amp;",
      "whiteSpace" : false
    }, {
      "id" : "s1-t43",
      "begin" : 265,
      "end" : 267,
      "text" : "T;",
      "whiteSpace" : false
    }, {
      "id" : "s1-t44",
      "begin" : 267,
      "end" : 269,
      "text" : "'s",
      "whiteSpace" : false
    }, {
      "id" : "s1-t45",
      "begin" : 270,
      "end" : 273,
      "text" : "GSM",
      "whiteSpace" : false
    }, {
      "id" : "s1-t46",
      "begin" : 273,
      "end" : 274,
      "text" : ",",
      "whiteSpace" : false
    }, {
      "id" : "s1-t47",
      "begin" : 275,
      "end" : 280,
      "text" : "HSDPA",
      "whiteSpace" : false
    }, {
      "id" : "s1-t48",
      "begin" : 280,
      "end" : 281,
      "text" : ",",
      "whiteSpace" : false
    }, {
      "id" : "s1-t49",
      "begin" : 282,
      "end" : 285,
      "text" : "LTE",
      "whiteSpace" : false
    }, {
      "id" : "s1-t50",
      "begin" : 286,
      "end" : 291,
      "text" : "bands",
      "whiteSpace" : false
    }, {
      "id" : "s1-t51",
      "begin" : 292,
      "end" : 294,
      "text" : "at",
      "whiteSpace" : false
    }, {
      "id" : "s1-t52",
      "begin" : 295,
      "end" : 298,
      "text" : "the",
      "whiteSpace" : false
    }, {
      "id" : "s1-t53",
      "begin" : 299,
      "end" : 308,
      "text" : "Warrenton",
      "whiteSpace" : false
    }, {
      "id" : "s1-t54",
      "begin" : 308,
      "end" : 309,
      "text" : ",",
      "whiteSpace" : false
    }, {
      "id" : "s1-t55",
      "begin" : 310,
      "end" : 320,
      "text" : "Washington",
      "whiteSpace" : false
    }, {
      "id" : "s1-t56",
      "begin" : 321,
      "end" : 325,
      "text" : "area",
      "whiteSpace" : false
    }, {
      "id" : "s1-t57",
      "begin" : 325,
      "end" : 326,
      "text" : "?",
      "whiteSpace" : false
    } ]
  }, {
    "id" : "s2",
    "begin" : 326,
    "end" : 348,
    "text" : "Solved!Go to Solution.",
    "tokens" : [ {
      "id" : "s2-t0",
      "begin" : 326,
      "end" : 333,
      "text" : "Solved!",
      "whiteSpace" : false
    }, {
      "id" : "s2-t1",
      "begin" : 333,
      "end" : 335,
      "text" : "Go",
      "whiteSpace" : false
    }, {
      "id" : "s2-t2",
      "begin" : 336,
      "end" : 338,
      "text" : "to",
      "whiteSpace" : false
    }, {
      "id" : "s2-t3",
      "begin" : 339,
      "end" : 347,
      "text" : "Solution",
      "whiteSpace" : false
    }, {
      "id" : "s2-t4",
      "begin" : 347,
      "end" : 348,
      "text" : ".",
      "whiteSpace" : false
    } ]
  } ],
  "mentions" : [ {
    "id" : "cm1",
    "properties" : {
      "SIRE_MENTION_ROLE" : "Service_Provider",
      "SIRE_ENTITY_SUBTYPE" : "NONE",
      "SIRE_MENTION_TYPE" : "NONE",
      "SIRE_MENTION_CLASS" : "SPC"
    },
    "type" : "Service_Provider",
    "begin" : 8,
    "end" : 16,
    "inCoref" : false
  }, {
    "id" : "s0-m6",
    "properties" : {
      "SIRE_MENTION_ROLE" : "Internet_Connectivity",
      "SIRE_ENTITY_SUBTYPE" : "NONE",
      "SIRE_MENTION_TYPE" : "NONE",
      "SIRE_MENTION_CLASS" : "SPC"
    },
    "type" : "Internet_Connectivity",
    "begin" : 20,
    "end" : 23,
    "inCoref" : false
  }, {
    "id" : "s0-m5",
    "properties" : {
      "SIRE_MENTION_ROLE" : "Internet_Connectivity",
      "SIRE_ENTITY_SUBTYPE" : "NONE",
      "SIRE_MENTION_TYPE" : "NONE",
      "SIRE_MENTION_CLASS" : "SPC"
    },
    "type" : "Internet_Connectivity",
    "begin" : 25,
    "end" : 30,
    "inCoref" : false
  }, {
    "id" : "s0-m4",
    "properties" : {
      "SIRE_MENTION_ROLE" : "Internet_Connectivity",
      "SIRE_ENTITY_SUBTYPE" : "NONE",
      "SIRE_MENTION_TYPE" : "NONE",
      "SIRE_MENTION_CLASS" : "SPC"
    },
    "type" : "Internet_Connectivity",
    "begin" : 32,
    "end" : 35,
    "inCoref" : false
  }, {
    "id" : "s1-m1",
    "properties" : {
      "SIRE_MENTION_ROLE" : "Product",
      "SIRE_MENTION_TYPE" : "NONE",
      "SIRE_ENTITY_SUBTYPE" : "NONE",
      "SIRE_MENTION_CLASS" : "SPC"
    },
    "type" : "Product",
    "begin" : 66,
    "end" : 80,
    "inCoref" : false
  }, {
    "id" : "s2-m0",
    "properties" : {
      "SIRE_MENTION_ROLE" : "Internet_Connectivity",
      "SIRE_ENTITY_SUBTYPE" : "NONE",
      "SIRE_MENTION_TYPE" : "NONE",
      "SIRE_MENTION_CLASS" : "SPC"
    },
    "type" : "Internet_Connectivity",
    "begin" : 143,
    "end" : 146,
    "inCoref" : false
  }, {
    "id" : "s1-m8",
    "properties" : {
      "SIRE_MENTION_ROLE" : "Internet_Connectivity",
      "SIRE_ENTITY_SUBTYPE" : "NONE",
      "SIRE_MENTION_TYPE" : "NONE",
      "SIRE_MENTION_CLASS" : "SPC"
    },
    "type" : "Internet_Connectivity",
    "begin" : 169,
    "end" : 174,
    "inCoref" : false
  }, {
    "id" : "s3-m0",
    "properties" : {
      "SIRE_MENTION_ROLE" : "Internet_Connectivity",
      "SIRE_ENTITY_SUBTYPE" : "NONE",
      "SIRE_MENTION_TYPE" : "NONE",
      "SIRE_MENTION_CLASS" : "SPC"
    },
    "type" : "Internet_Connectivity",
    "begin" : 200,
    "end" : 203,
    "inCoref" : false
  }, {
    "id" : "cm2",
    "properties" : {
      "SIRE_MENTION_ROLE" : "Service_Provider",
      "SIRE_ENTITY_SUBTYPE" : "NONE",
      "SIRE_MENTION_TYPE" : "NONE",
      "SIRE_MENTION_CLASS" : "SPC"
    },
    "type" : "Service_Provider",
    "begin" : 258,
    "end" : 266,
    "inCoref" : false
  }, {
    "id" : "s4-m0",
    "properties" : {
      "SIRE_MENTION_ROLE" : "Internet_Connectivity",
      "SIRE_ENTITY_SUBTYPE" : "NONE",
      "SIRE_MENTION_TYPE" : "NONE",
      "SIRE_MENTION_CLASS" : "SPC"
    },
    "type" : "Internet_Connectivity",
    "begin" : 270,
    "end" : 273,
    "inCoref" : false
  }, {
    "id" : "s1-m9",
    "properties" : {
      "SIRE_MENTION_ROLE" : "Internet_Connectivity",
      "SIRE_ENTITY_SUBTYPE" : "NONE",
      "SIRE_MENTION_TYPE" : "NONE",
      "SIRE_MENTION_CLASS" : "SPC"
    },
    "type" : "Internet_Connectivity",
    "begin" : 275,
    "end" : 280,
    "inCoref" : false
  }, {
    "id" : "s4-m1",
    "properties" : {
      "SIRE_MENTION_ROLE" : "Internet_Connectivity",
      "SIRE_ENTITY_SUBTYPE" : "NONE",
      "SIRE_MENTION_TYPE" : "NONE",
      "SIRE_MENTION_CLASS" : "SPC"
    },
    "type" : "Internet_Connectivity",
    "begin" : 282,
    "end" : 285,
    "inCoref" : false
  } ],
  "relations" : [ ],
  "corefs" : [ ],
  "typeResolved" : true,
  "userResolved" : false
}