{
  "id" : "f7c46360-fed9-11e6-8985-6b7b38f81720-7",
  "name" : "0240de21e16fa743a7feaaea98f2eb9d.txt",
  "version" : 3,
  "text" : "All about LTE\n\nHere's some great information about LTE:What does LTE mean?LTE stands for\n\"Long Term Evolution.\" This acronym refers to the ongoing process of improving\nwireless technology standards. LTE technology is the next step in increasing\nbroadband speeds to meet the demands of users and the variety of content\naccessed over mobile networks.What is 4G?4G is a wireless technology term\nmeaning \"Fourth Generation.\" 4G follows 3G as the latest addition to\nAT&amp;T;'s mobile broadband network. When combined with enhanced backhaul, 4G\nmeans faster speeds, where data transfers take less time to complete.What\nabout HSPA+?AT&amp;T; recently upgraded the software of its nationwide mobile\nbroadband network to HSPA+. HSPA stands for \"High Speed Packet Access.\" HSPA+\nprovides extended and improved network speeds. When HSPA+ is combined with\nenhanced backhaul,already fast mobile broadband network delivers even faster\n4G speeds.Ok...now what is backhaul?Backhaul is one of the major pieces of a\ntelecommunications network. Think of it as the limbs connecting AT&amp;T;'s\ncell towers with AT&amp;T;'s world-class backbone network that provides access\nto the Internet. How fast is it?Our 4G strategy, including HSPA+ with enhanced\nbackhaul and LTE, delivers super fast broadband speeds. 4G HSPA+ with enhanced\nbackhaul delivers speeds up to 4X faster than AT&amp;T;'s already fast mobile\nbroadband network.When do I get it?We rapidly expanded 4G LTE coverage to\ncover 70 million people and 15 markets by the end of 2011. That coverage will\ncontinue to expand in the next few year and is planned to be largely complete\nby the end of 2013.Here's a link to some great information about AT&amp;T;'s\n4G network:http://www.att.com/network/--------------As of May 1st, I am no\nlonger serving as the Community Manager for AT&amp;T.; This account will no\nlonger be able to accept private messages.Did a post have a solution that\nworked for you? Help other people find solutions faster by marking posts that\nhelped you as an \"Accepted Solution\". Learn about accepted solutions here. I\nam an AT&amp;T; employee and the postings on this site are my own and dont\nnecessarily represent AT&amp;Ts; position, strategies or opinions.Solved!Go to\nSolution.\n\n",
  "docLength" : 0,
  "language" : "EN",
  "status" : "READY",
  "modifiedDate" : 1488750081487,
  "documentSet" : [ ],
  "preannotation" : [ "PRE_LW" ],
  "sentences" : [ {
    "id" : "s0",
    "begin" : 0,
    "end" : 13,
    "text" : "All about LTE",
    "tokens" : [ {
      "id" : "s0-t0",
      "begin" : 0,
      "end" : 3,
      "text" : "All",
      "whiteSpace" : false
    }, {
      "id" : "s0-t1",
      "begin" : 4,
      "end" : 9,
      "text" : "about",
      "whiteSpace" : false
    }, {
      "id" : "s0-t2",
      "begin" : 10,
      "end" : 13,
      "text" : "LTE",
      "whiteSpace" : false
    } ]
  }, {
    "id" : "s1",
    "begin" : 15,
    "end" : 110,
    "text" : "Here's some great information about LTE:What does LTE mean?LTE stands for\n\"Long Term Evolution.",
    "tokens" : [ {
      "id" : "s1-t0",
      "begin" : 15,
      "end" : 19,
      "text" : "Here",
      "whiteSpace" : false
    }, {
      "id" : "s1-t1",
      "begin" : 19,
      "end" : 21,
      "text" : "'s",
      "whiteSpace" : false
    }, {
      "id" : "s1-t2",
      "begin" : 22,
      "end" : 26,
      "text" : "some",
      "whiteSpace" : false
    }, {
      "id" : "s1-t3",
      "begin" : 27,
      "end" : 32,
      "text" : "great",
      "whiteSpace" : false
    }, {
      "id" : "s1-t4",
      "begin" : 33,
      "end" : 44,
      "text" : "information",
      "whiteSpace" : false
    }, {
      "id" : "s1-t5",
      "begin" : 45,
      "end" : 50,
      "text" : "about",
      "whiteSpace" : false
    }, {
      "id" : "s1-t6",
      "begin" : 51,
      "end" : 59,
      "text" : "LTE:What",
      "whiteSpace" : false
    }, {
      "id" : "s1-t7",
      "begin" : 60,
      "end" : 64,
      "text" : "does",
      "whiteSpace" : false
    }, {
      "id" : "s1-t8",
      "begin" : 65,
      "end" : 68,
      "text" : "LTE",
      "whiteSpace" : false
    }, {
      "id" : "s1-t9",
      "begin" : 69,
      "end" : 77,
      "text" : "mean?LTE",
      "whiteSpace" : false
    }, {
      "id" : "s1-t10",
      "begin" : 78,
      "end" : 84,
      "text" : "stands",
      "whiteSpace" : false
    }, {
      "id" : "s1-t11",
      "begin" : 85,
      "end" : 88,
      "text" : "for",
      "whiteSpace" : false
    }, {
      "id" : "s1-t12",
      "begin" : 89,
      "end" : 90,
      "text" : "\"",
      "whiteSpace" : false
    }, {
      "id" : "s1-t13",
      "begin" : 90,
      "end" : 94,
      "text" : "Long",
      "whiteSpace" : false
    }, {
      "id" : "s1-t14",
      "begin" : 95,
      "end" : 99,
      "text" : "Term",
      "whiteSpace" : false
    }, {
      "id" : "s1-t15",
      "begin" : 100,
      "end" : 109,
      "text" : "Evolution",
      "whiteSpace" : false
    }, {
      "id" : "s1-t16",
      "begin" : 109,
      "end" : 110,
      "text" : ".",
      "whiteSpace" : false
    } ]
  }, {
    "id" : "s2",
    "begin" : 110,
    "end" : 198,
    "text" : "\" This acronym refers to the ongoing process of improving\nwireless technology standards.",
    "tokens" : [ {
      "id" : "s2-t0",
      "begin" : 110,
      "end" : 111,
      "text" : "\"",
      "whiteSpace" : false
    }, {
      "id" : "s2-t1",
      "begin" : 112,
      "end" : 116,
      "text" : "This",
      "whiteSpace" : false
    }, {
      "id" : "s2-t2",
      "begin" : 117,
      "end" : 124,
      "text" : "acronym",
      "whiteSpace" : false
    }, {
      "id" : "s2-t3",
      "begin" : 125,
      "end" : 131,
      "text" : "refers",
      "whiteSpace" : false
    }, {
      "id" : "s2-t4",
      "begin" : 132,
      "end" : 134,
      "text" : "to",
      "whiteSpace" : false
    }, {
      "id" : "s2-t5",
      "begin" : 135,
      "end" : 138,
      "text" : "the",
      "whiteSpace" : false
    }, {
      "id" : "s2-t6",
      "begin" : 139,
      "end" : 146,
      "text" : "ongoing",
      "whiteSpace" : false
    }, {
      "id" : "s2-t7",
      "begin" : 147,
      "end" : 154,
      "text" : "process",
      "whiteSpace" : false
    }, {
      "id" : "s2-t8",
      "begin" : 155,
      "end" : 157,
      "text" : "of",
      "whiteSpace" : false
    }, {
      "id" : "s2-t9",
      "begin" : 158,
      "end" : 167,
      "text" : "improving",
      "whiteSpace" : false
    }, {
      "id" : "s2-t10",
      "begin" : 168,
      "end" : 176,
      "text" : "wireless",
      "whiteSpace" : false
    }, {
      "id" : "s2-t11",
      "begin" : 177,
      "end" : 187,
      "text" : "technology",
      "whiteSpace" : false
    }, {
      "id" : "s2-t12",
      "begin" : 188,
      "end" : 197,
      "text" : "standards",
      "whiteSpace" : false
    }, {
      "id" : "s2-t13",
      "begin" : 197,
      "end" : 198,
      "text" : ".",
      "whiteSpace" : false
    } ]
  }, {
    "id" : "s3",
    "begin" : 199,
    "end" : 348,
    "text" : "LTE technology is the next step in increasing\nbroadband speeds to meet the demands of users and the variety of content\naccessed over mobile networks.",
    "tokens" : [ {
      "id" : "s3-t0",
      "begin" : 199,
      "end" : 202,
      "text" : "LTE",
      "whiteSpace" : false
    }, {
      "id" : "s3-t1",
      "begin" : 203,
      "end" : 213,
      "text" : "technology",
      "whiteSpace" : false
    }, {
      "id" : "s3-t2",
      "begin" : 214,
      "end" : 216,
      "text" : "is",
      "whiteSpace" : false
    }, {
      "id" : "s3-t3",
      "begin" : 217,
      "end" : 220,
      "text" : "the",
      "whiteSpace" : false
    }, {
      "id" : "s3-t4",
      "begin" : 221,
      "end" : 225,
      "text" : "next",
      "whiteSpace" : false
    }, {
      "id" : "s3-t5",
      "begin" : 226,
      "end" : 230,
      "text" : "step",
      "whiteSpace" : false
    }, {
      "id" : "s3-t6",
      "begin" : 231,
      "end" : 233,
      "text" : "in",
      "whiteSpace" : false
    }, {
      "id" : "s3-t7",
      "begin" : 234,
      "end" : 244,
      "text" : "increasing",
      "whiteSpace" : false
    }, {
      "id" : "s3-t8",
      "begin" : 245,
      "end" : 254,
      "text" : "broadband",
      "whiteSpace" : false
    }, {
      "id" : "s3-t9",
      "begin" : 255,
      "end" : 261,
      "text" : "speeds",
      "whiteSpace" : false
    }, {
      "id" : "s3-t10",
      "begin" : 262,
      "end" : 264,
      "text" : "to",
      "whiteSpace" : false
    }, {
      "id" : "s3-t11",
      "begin" : 265,
      "end" : 269,
      "text" : "meet",
      "whiteSpace" : false
    }, {
      "id" : "s3-t12",
      "begin" : 270,
      "end" : 273,
      "text" : "the",
      "whiteSpace" : false
    }, {
      "id" : "s3-t13",
      "begin" : 274,
      "end" : 281,
      "text" : "demands",
      "whiteSpace" : false
    }, {
      "id" : "s3-t14",
      "begin" : 282,
      "end" : 284,
      "text" : "of",
      "whiteSpace" : false
    }, {
      "id" : "s3-t15",
      "begin" : 285,
      "end" : 290,
      "text" : "users",
      "whiteSpace" : false
    }, {
      "id" : "s3-t16",
      "begin" : 291,
      "end" : 294,
      "text" : "and",
      "whiteSpace" : false
    }, {
      "id" : "s3-t17",
      "begin" : 295,
      "end" : 298,
      "text" : "the",
      "whiteSpace" : false
    }, {
      "id" : "s3-t18",
      "begin" : 299,
      "end" : 306,
      "text" : "variety",
      "whiteSpace" : false
    }, {
      "id" : "s3-t19",
      "begin" : 307,
      "end" : 309,
      "text" : "of",
      "whiteSpace" : false
    }, {
      "id" : "s3-t20",
      "begin" : 310,
      "end" : 317,
      "text" : "content",
      "whiteSpace" : false
    }, {
      "id" : "s3-t21",
      "begin" : 318,
      "end" : 326,
      "text" : "accessed",
      "whiteSpace" : false
    }, {
      "id" : "s3-t22",
      "begin" : 327,
      "end" : 331,
      "text" : "over",
      "whiteSpace" : false
    }, {
      "id" : "s3-t23",
      "begin" : 332,
      "end" : 338,
      "text" : "mobile",
      "whiteSpace" : false
    }, {
      "id" : "s3-t24",
      "begin" : 339,
      "end" : 347,
      "text" : "networks",
      "whiteSpace" : false
    }, {
      "id" : "s3-t25",
      "begin" : 347,
      "end" : 348,
      "text" : ".",
      "whiteSpace" : false
    } ]
  }, {
    "id" : "s4",
    "begin" : 348,
    "end" : 419,
    "text" : "What is 4G?4G is a wireless technology term\nmeaning \"Fourth Generation.",
    "tokens" : [ {
      "id" : "s4-t0",
      "begin" : 348,
      "end" : 352,
      "text" : "What",
      "whiteSpace" : false
    }, {
      "id" : "s4-t1",
      "begin" : 353,
      "end" : 355,
      "text" : "is",
      "whiteSpace" : false
    }, {
      "id" : "s4-t2",
      "begin" : 356,
      "end" : 361,
      "text" : "4G?4G",
      "whiteSpace" : false
    }, {
      "id" : "s4-t3",
      "begin" : 362,
      "end" : 364,
      "text" : "is",
      "whiteSpace" : false
    }, {
      "id" : "s4-t4",
      "begin" : 365,
      "end" : 366,
      "text" : "a",
      "whiteSpace" : false
    }, {
      "id" : "s4-t5",
      "begin" : 367,
      "end" : 375,
      "text" : "wireless",
      "whiteSpace" : false
    }, {
      "id" : "s4-t6",
      "begin" : 376,
      "end" : 386,
      "text" : "technology",
      "whiteSpace" : false
    }, {
      "id" : "s4-t7",
      "begin" : 387,
      "end" : 391,
      "text" : "term",
      "whiteSpace" : false
    }, {
      "id" : "s4-t8",
      "begin" : 392,
      "end" : 399,
      "text" : "meaning",
      "whiteSpace" : false
    }, {
      "id" : "s4-t9",
      "begin" : 400,
      "end" : 401,
      "text" : "\"",
      "whiteSpace" : false
    }, {
      "id" : "s4-t10",
      "begin" : 401,
      "end" : 407,
      "text" : "Fourth",
      "whiteSpace" : false
    }, {
      "id" : "s4-t11",
      "begin" : 408,
      "end" : 418,
      "text" : "Generation",
      "whiteSpace" : false
    }, {
      "id" : "s4-t12",
      "begin" : 418,
      "end" : 419,
      "text" : ".",
      "whiteSpace" : false
    } ]
  }, {
    "id" : "s5",
    "begin" : 419,
    "end" : 498,
    "text" : "\" 4G follows 3G as the latest addition to\nAT&amp;T;'s mobile broadband network.",
    "tokens" : [ {
      "id" : "s5-t0",
      "begin" : 419,
      "end" : 420,
      "text" : "\"",
      "whiteSpace" : false
    }, {
      "id" : "s5-t1",
      "begin" : 421,
      "end" : 423,
      "text" : "4G",
      "whiteSpace" : false
    }, {
      "id" : "s5-t2",
      "begin" : 424,
      "end" : 431,
      "text" : "follows",
      "whiteSpace" : false
    }, {
      "id" : "s5-t3",
      "begin" : 432,
      "end" : 434,
      "text" : "3G",
      "whiteSpace" : false
    }, {
      "id" : "s5-t4",
      "begin" : 435,
      "end" : 437,
      "text" : "as",
      "whiteSpace" : false
    }, {
      "id" : "s5-t5",
      "begin" : 438,
      "end" : 441,
      "text" : "the",
      "whiteSpace" : false
    }, {
      "id" : "s5-t6",
      "begin" : 442,
      "end" : 448,
      "text" : "latest",
      "whiteSpace" : false
    }, {
      "id" : "s5-t7",
      "begin" : 449,
      "end" : 457,
      "text" : "addition",
      "whiteSpace" : false
    }, {
      "id" : "s5-t8",
      "begin" : 458,
      "end" : 460,
      "text" : "to",
      "whiteSpace" : false
    }, {
      "id" : "s5-t9",
      "begin" : 461,
      "end" : 463,
      "text" : "AT",
      "whiteSpace" : false
    }, {
      "id" : "s5-t10",
      "begin" : 463,
      "end" : 468,
      "text" : "&amp;",
      "whiteSpace" : false
    }, {
      "id" : "s5-t11",
      "begin" : 468,
      "end" : 470,
      "text" : "T;",
      "whiteSpace" : false
    }, {
      "id" : "s5-t12",
      "begin" : 470,
      "end" : 472,
      "text" : "'s",
      "whiteSpace" : false
    }, {
      "id" : "s5-t13",
      "begin" : 473,
      "end" : 479,
      "text" : "mobile",
      "whiteSpace" : false
    }, {
      "id" : "s5-t14",
      "begin" : 480,
      "end" : 489,
      "text" : "broadband",
      "whiteSpace" : false
    }, {
      "id" : "s5-t15",
      "begin" : 490,
      "end" : 497,
      "text" : "network",
      "whiteSpace" : false
    }, {
      "id" : "s5-t16",
      "begin" : 497,
      "end" : 498,
      "text" : ".",
      "whiteSpace" : false
    } ]
  }, {
    "id" : "s6",
    "begin" : 499,
    "end" : 609,
    "text" : "When combined with enhanced backhaul, 4G\nmeans faster speeds, where data transfers take less time to complete.",
    "tokens" : [ {
      "id" : "s6-t0",
      "begin" : 499,
      "end" : 503,
      "text" : "When",
      "whiteSpace" : false
    }, {
      "id" : "s6-t1",
      "begin" : 504,
      "end" : 512,
      "text" : "combined",
      "whiteSpace" : false
    }, {
      "id" : "s6-t2",
      "begin" : 513,
      "end" : 517,
      "text" : "with",
      "whiteSpace" : false
    }, {
      "id" : "s6-t3",
      "begin" : 518,
      "end" : 526,
      "text" : "enhanced",
      "whiteSpace" : false
    }, {
      "id" : "s6-t4",
      "begin" : 527,
      "end" : 535,
      "text" : "backhaul",
      "whiteSpace" : false
    }, {
      "id" : "s6-t5",
      "begin" : 535,
      "end" : 536,
      "text" : ",",
      "whiteSpace" : false
    }, {
      "id" : "s6-t6",
      "begin" : 537,
      "end" : 539,
      "text" : "4G",
      "whiteSpace" : false
    }, {
      "id" : "s6-t7",
      "begin" : 540,
      "end" : 545,
      "text" : "means",
      "whiteSpace" : false
    }, {
      "id" : "s6-t8",
      "begin" : 546,
      "end" : 552,
      "text" : "faster",
      "whiteSpace" : false
    }, {
      "id" : "s6-t9",
      "begin" : 553,
      "end" : 559,
      "text" : "speeds",
      "whiteSpace" : false
    }, {
      "id" : "s6-t10",
      "begin" : 559,
      "end" : 560,
      "text" : ",",
      "whiteSpace" : false
    }, {
      "id" : "s6-t11",
      "begin" : 561,
      "end" : 566,
      "text" : "where",
      "whiteSpace" : false
    }, {
      "id" : "s6-t12",
      "begin" : 567,
      "end" : 571,
      "text" : "data",
      "whiteSpace" : false
    }, {
      "id" : "s6-t13",
      "begin" : 572,
      "end" : 581,
      "text" : "transfers",
      "whiteSpace" : false
    }, {
      "id" : "s6-t14",
      "begin" : 582,
      "end" : 586,
      "text" : "take",
      "whiteSpace" : false
    }, {
      "id" : "s6-t15",
      "begin" : 587,
      "end" : 591,
      "text" : "less",
      "whiteSpace" : false
    }, {
      "id" : "s6-t16",
      "begin" : 592,
      "end" : 596,
      "text" : "time",
      "whiteSpace" : false
    }, {
      "id" : "s6-t17",
      "begin" : 597,
      "end" : 599,
      "text" : "to",
      "whiteSpace" : false
    }, {
      "id" : "s6-t18",
      "begin" : 600,
      "end" : 608,
      "text" : "complete",
      "whiteSpace" : false
    }, {
      "id" : "s6-t19",
      "begin" : 608,
      "end" : 609,
      "text" : ".",
      "whiteSpace" : false
    } ]
  }, {
    "id" : "s7",
    "begin" : 609,
    "end" : 719,
    "text" : "What\nabout HSPA+?AT&amp;T; recently upgraded the software of its nationwide mobile\nbroadband network to HSPA+.",
    "tokens" : [ {
      "id" : "s7-t0",
      "begin" : 609,
      "end" : 613,
      "text" : "What",
      "whiteSpace" : false
    }, {
      "id" : "s7-t1",
      "begin" : 614,
      "end" : 619,
      "text" : "about",
      "whiteSpace" : false
    }, {
      "id" : "s7-t2",
      "begin" : 620,
      "end" : 624,
      "text" : "HSPA",
      "whiteSpace" : false
    }, {
      "id" : "s7-t3",
      "begin" : 624,
      "end" : 625,
      "text" : "+",
      "whiteSpace" : false
    }, {
      "id" : "s7-t4",
      "begin" : 625,
      "end" : 628,
      "text" : "?AT",
      "whiteSpace" : false
    }, {
      "id" : "s7-t5",
      "begin" : 628,
      "end" : 633,
      "text" : "&amp;",
      "whiteSpace" : false
    }, {
      "id" : "s7-t6",
      "begin" : 633,
      "end" : 635,
      "text" : "T;",
      "whiteSpace" : false
    }, {
      "id" : "s7-t7",
      "begin" : 636,
      "end" : 644,
      "text" : "recently",
      "whiteSpace" : false
    }, {
      "id" : "s7-t8",
      "begin" : 645,
      "end" : 653,
      "text" : "upgraded",
      "whiteSpace" : false
    }, {
      "id" : "s7-t9",
      "begin" : 654,
      "end" : 657,
      "text" : "the",
      "whiteSpace" : false
    }, {
      "id" : "s7-t10",
      "begin" : 658,
      "end" : 666,
      "text" : "software",
      "whiteSpace" : false
    }, {
      "id" : "s7-t11",
      "begin" : 667,
      "end" : 669,
      "text" : "of",
      "whiteSpace" : false
    }, {
      "id" : "s7-t12",
      "begin" : 670,
      "end" : 673,
      "text" : "its",
      "whiteSpace" : false
    }, {
      "id" : "s7-t13",
      "begin" : 674,
      "end" : 684,
      "text" : "nationwide",
      "whiteSpace" : false
    }, {
      "id" : "s7-t14",
      "begin" : 685,
      "end" : 691,
      "text" : "mobile",
      "whiteSpace" : false
    }, {
      "id" : "s7-t15",
      "begin" : 692,
      "end" : 701,
      "text" : "broadband",
      "whiteSpace" : false
    }, {
      "id" : "s7-t16",
      "begin" : 702,
      "end" : 709,
      "text" : "network",
      "whiteSpace" : false
    }, {
      "id" : "s7-t17",
      "begin" : 710,
      "end" : 712,
      "text" : "to",
      "whiteSpace" : false
    }, {
      "id" : "s7-t18",
      "begin" : 713,
      "end" : 717,
      "text" : "HSPA",
      "whiteSpace" : false
    }, {
      "id" : "s7-t19",
      "begin" : 717,
      "end" : 718,
      "text" : "+",
      "whiteSpace" : false
    }, {
      "id" : "s7-t20",
      "begin" : 718,
      "end" : 719,
      "text" : ".",
      "whiteSpace" : false
    } ]
  }, {
    "id" : "s8",
    "begin" : 720,
    "end" : 762,
    "text" : "HSPA stands for \"High Speed Packet Access.",
    "tokens" : [ {
      "id" : "s8-t0",
      "begin" : 720,
      "end" : 724,
      "text" : "HSPA",
      "whiteSpace" : false
    }, {
      "id" : "s8-t1",
      "begin" : 725,
      "end" : 731,
      "text" : "stands",
      "whiteSpace" : false
    }, {
      "id" : "s8-t2",
      "begin" : 732,
      "end" : 735,
      "text" : "for",
      "whiteSpace" : false
    }, {
      "id" : "s8-t3",
      "begin" : 736,
      "end" : 737,
      "text" : "\"",
      "whiteSpace" : false
    }, {
      "id" : "s8-t4",
      "begin" : 737,
      "end" : 741,
      "text" : "High",
      "whiteSpace" : false
    }, {
      "id" : "s8-t5",
      "begin" : 742,
      "end" : 747,
      "text" : "Speed",
      "whiteSpace" : false
    }, {
      "id" : "s8-t6",
      "begin" : 748,
      "end" : 754,
      "text" : "Packet",
      "whiteSpace" : false
    }, {
      "id" : "s8-t7",
      "begin" : 755,
      "end" : 761,
      "text" : "Access",
      "whiteSpace" : false
    }, {
      "id" : "s8-t8",
      "begin" : 761,
      "end" : 762,
      "text" : ".",
      "whiteSpace" : false
    } ]
  }, {
    "id" : "s9",
    "begin" : 762,
    "end" : 816,
    "text" : "\" HSPA+\nprovides extended and improved network speeds.",
    "tokens" : [ {
      "id" : "s9-t0",
      "begin" : 762,
      "end" : 763,
      "text" : "\"",
      "whiteSpace" : false
    }, {
      "id" : "s9-t1",
      "begin" : 764,
      "end" : 768,
      "text" : "HSPA",
      "whiteSpace" : false
    }, {
      "id" : "s9-t2",
      "begin" : 768,
      "end" : 769,
      "text" : "+",
      "whiteSpace" : false
    }, {
      "id" : "s9-t3",
      "begin" : 770,
      "end" : 778,
      "text" : "provides",
      "whiteSpace" : false
    }, {
      "id" : "s9-t4",
      "begin" : 779,
      "end" : 787,
      "text" : "extended",
      "whiteSpace" : false
    }, {
      "id" : "s9-t5",
      "begin" : 788,
      "end" : 791,
      "text" : "and",
      "whiteSpace" : false
    }, {
      "id" : "s9-t6",
      "begin" : 792,
      "end" : 800,
      "text" : "improved",
      "whiteSpace" : false
    }, {
      "id" : "s9-t7",
      "begin" : 801,
      "end" : 808,
      "text" : "network",
      "whiteSpace" : false
    }, {
      "id" : "s9-t8",
      "begin" : 809,
      "end" : 815,
      "text" : "speeds",
      "whiteSpace" : false
    }, {
      "id" : "s9-t9",
      "begin" : 815,
      "end" : 816,
      "text" : ".",
      "whiteSpace" : false
    } ]
  }, {
    "id" : "s10",
    "begin" : 817,
    "end" : 958,
    "text" : "When HSPA+ is combined with\nenhanced backhaul,already fast mobile broadband network delivers even faster\n4G speeds.Ok...now what is backhaul?",
    "tokens" : [ {
      "id" : "s10-t0",
      "begin" : 817,
      "end" : 821,
      "text" : "When",
      "whiteSpace" : false
    }, {
      "id" : "s10-t1",
      "begin" : 822,
      "end" : 826,
      "text" : "HSPA",
      "whiteSpace" : false
    }, {
      "id" : "s10-t2",
      "begin" : 826,
      "end" : 827,
      "text" : "+",
      "whiteSpace" : false
    }, {
      "id" : "s10-t3",
      "begin" : 828,
      "end" : 830,
      "text" : "is",
      "whiteSpace" : false
    }, {
      "id" : "s10-t4",
      "begin" : 831,
      "end" : 839,
      "text" : "combined",
      "whiteSpace" : false
    }, {
      "id" : "s10-t5",
      "begin" : 840,
      "end" : 844,
      "text" : "with",
      "whiteSpace" : false
    }, {
      "id" : "s10-t6",
      "begin" : 845,
      "end" : 853,
      "text" : "enhanced",
      "whiteSpace" : false
    }, {
      "id" : "s10-t7",
      "begin" : 854,
      "end" : 862,
      "text" : "backhaul",
      "whiteSpace" : false
    }, {
      "id" : "s10-t8",
      "begin" : 862,
      "end" : 863,
      "text" : ",",
      "whiteSpace" : false
    }, {
      "id" : "s10-t9",
      "begin" : 863,
      "end" : 870,
      "text" : "already",
      "whiteSpace" : false
    }, {
      "id" : "s10-t10",
      "begin" : 871,
      "end" : 875,
      "text" : "fast",
      "whiteSpace" : false
    }, {
      "id" : "s10-t11",
      "begin" : 876,
      "end" : 882,
      "text" : "mobile",
      "whiteSpace" : false
    }, {
      "id" : "s10-t12",
      "begin" : 883,
      "end" : 892,
      "text" : "broadband",
      "whiteSpace" : false
    }, {
      "id" : "s10-t13",
      "begin" : 893,
      "end" : 900,
      "text" : "network",
      "whiteSpace" : false
    }, {
      "id" : "s10-t14",
      "begin" : 901,
      "end" : 909,
      "text" : "delivers",
      "whiteSpace" : false
    }, {
      "id" : "s10-t15",
      "begin" : 910,
      "end" : 914,
      "text" : "even",
      "whiteSpace" : false
    }, {
      "id" : "s10-t16",
      "begin" : 915,
      "end" : 921,
      "text" : "faster",
      "whiteSpace" : false
    }, {
      "id" : "s10-t17",
      "begin" : 922,
      "end" : 924,
      "text" : "4G",
      "whiteSpace" : false
    }, {
      "id" : "s10-t18",
      "begin" : 925,
      "end" : 940,
      "text" : "speeds.Ok...now",
      "whiteSpace" : false
    }, {
      "id" : "s10-t19",
      "begin" : 941,
      "end" : 945,
      "text" : "what",
      "whiteSpace" : false
    }, {
      "id" : "s10-t20",
      "begin" : 946,
      "end" : 948,
      "text" : "is",
      "whiteSpace" : false
    }, {
      "id" : "s10-t21",
      "begin" : 949,
      "end" : 957,
      "text" : "backhaul",
      "whiteSpace" : false
    }, {
      "id" : "s10-t22",
      "begin" : 957,
      "end" : 958,
      "text" : "?",
      "whiteSpace" : false
    } ]
  }, {
    "id" : "s11",
    "begin" : 958,
    "end" : 1026,
    "text" : "Backhaul is one of the major pieces of a\ntelecommunications network.",
    "tokens" : [ {
      "id" : "s11-t0",
      "begin" : 958,
      "end" : 966,
      "text" : "Backhaul",
      "whiteSpace" : false
    }, {
      "id" : "s11-t1",
      "begin" : 967,
      "end" : 969,
      "text" : "is",
      "whiteSpace" : false
    }, {
      "id" : "s11-t2",
      "begin" : 970,
      "end" : 973,
      "text" : "one",
      "whiteSpace" : false
    }, {
      "id" : "s11-t3",
      "begin" : 974,
      "end" : 976,
      "text" : "of",
      "whiteSpace" : false
    }, {
      "id" : "s11-t4",
      "begin" : 977,
      "end" : 980,
      "text" : "the",
      "whiteSpace" : false
    }, {
      "id" : "s11-t5",
      "begin" : 981,
      "end" : 986,
      "text" : "major",
      "whiteSpace" : false
    }, {
      "id" : "s11-t6",
      "begin" : 987,
      "end" : 993,
      "text" : "pieces",
      "whiteSpace" : false
    }, {
      "id" : "s11-t7",
      "begin" : 994,
      "end" : 996,
      "text" : "of",
      "whiteSpace" : false
    }, {
      "id" : "s11-t8",
      "begin" : 997,
      "end" : 998,
      "text" : "a",
      "whiteSpace" : false
    }, {
      "id" : "s11-t9",
      "begin" : 999,
      "end" : 1017,
      "text" : "telecommunications",
      "whiteSpace" : false
    }, {
      "id" : "s11-t10",
      "begin" : 1018,
      "end" : 1025,
      "text" : "network",
      "whiteSpace" : false
    }, {
      "id" : "s11-t11",
      "begin" : 1025,
      "end" : 1026,
      "text" : ".",
      "whiteSpace" : false
    } ]
  }, {
    "id" : "s12",
    "begin" : 1027,
    "end" : 1170,
    "text" : "Think of it as the limbs connecting AT&amp;T;'s\ncell towers with AT&amp;T;'s world-class backbone network that provides access\nto the Internet.",
    "tokens" : [ {
      "id" : "s12-t0",
      "begin" : 1027,
      "end" : 1032,
      "text" : "Think",
      "whiteSpace" : false
    }, {
      "id" : "s12-t1",
      "begin" : 1033,
      "end" : 1035,
      "text" : "of",
      "whiteSpace" : false
    }, {
      "id" : "s12-t2",
      "begin" : 1036,
      "end" : 1038,
      "text" : "it",
      "whiteSpace" : false
    }, {
      "id" : "s12-t3",
      "begin" : 1039,
      "end" : 1041,
      "text" : "as",
      "whiteSpace" : false
    }, {
      "id" : "s12-t4",
      "begin" : 1042,
      "end" : 1045,
      "text" : "the",
      "whiteSpace" : false
    }, {
      "id" : "s12-t5",
      "begin" : 1046,
      "end" : 1051,
      "text" : "limbs",
      "whiteSpace" : false
    }, {
      "id" : "s12-t6",
      "begin" : 1052,
      "end" : 1062,
      "text" : "connecting",
      "whiteSpace" : false
    }, {
      "id" : "s12-t7",
      "begin" : 1063,
      "end" : 1065,
      "text" : "AT",
      "whiteSpace" : false
    }, {
      "id" : "s12-t8",
      "begin" : 1065,
      "end" : 1070,
      "text" : "&amp;",
      "whiteSpace" : false
    }, {
      "id" : "s12-t9",
      "begin" : 1070,
      "end" : 1072,
      "text" : "T;",
      "whiteSpace" : false
    }, {
      "id" : "s12-t10",
      "begin" : 1072,
      "end" : 1074,
      "text" : "'s",
      "whiteSpace" : false
    }, {
      "id" : "s12-t11",
      "begin" : 1075,
      "end" : 1079,
      "text" : "cell",
      "whiteSpace" : false
    }, {
      "id" : "s12-t12",
      "begin" : 1080,
      "end" : 1086,
      "text" : "towers",
      "whiteSpace" : false
    }, {
      "id" : "s12-t13",
      "begin" : 1087,
      "end" : 1091,
      "text" : "with",
      "whiteSpace" : false
    }, {
      "id" : "s12-t14",
      "begin" : 1092,
      "end" : 1094,
      "text" : "AT",
      "whiteSpace" : false
    }, {
      "id" : "s12-t15",
      "begin" : 1094,
      "end" : 1099,
      "text" : "&amp;",
      "whiteSpace" : false
    }, {
      "id" : "s12-t16",
      "begin" : 1099,
      "end" : 1101,
      "text" : "T;",
      "whiteSpace" : false
    }, {
      "id" : "s12-t17",
      "begin" : 1101,
      "end" : 1103,
      "text" : "'s",
      "whiteSpace" : false
    }, {
      "id" : "s12-t18",
      "begin" : 1104,
      "end" : 1115,
      "text" : "world-class",
      "whiteSpace" : false
    }, {
      "id" : "s12-t19",
      "begin" : 1116,
      "end" : 1124,
      "text" : "backbone",
      "whiteSpace" : false
    }, {
      "id" : "s12-t20",
      "begin" : 1125,
      "end" : 1132,
      "text" : "network",
      "whiteSpace" : false
    }, {
      "id" : "s12-t21",
      "begin" : 1133,
      "end" : 1137,
      "text" : "that",
      "whiteSpace" : false
    }, {
      "id" : "s12-t22",
      "begin" : 1138,
      "end" : 1146,
      "text" : "provides",
      "whiteSpace" : false
    }, {
      "id" : "s12-t23",
      "begin" : 1147,
      "end" : 1153,
      "text" : "access",
      "whiteSpace" : false
    }, {
      "id" : "s12-t24",
      "begin" : 1154,
      "end" : 1156,
      "text" : "to",
      "whiteSpace" : false
    }, {
      "id" : "s12-t25",
      "begin" : 1157,
      "end" : 1160,
      "text" : "the",
      "whiteSpace" : false
    }, {
      "id" : "s12-t26",
      "begin" : 1161,
      "end" : 1169,
      "text" : "Internet",
      "whiteSpace" : false
    }, {
      "id" : "s12-t27",
      "begin" : 1169,
      "end" : 1170,
      "text" : ".",
      "whiteSpace" : false
    } ]
  }, {
    "id" : "s13",
    "begin" : 1171,
    "end" : 1186,
    "text" : "How fast is it?",
    "tokens" : [ {
      "id" : "s13-t0",
      "begin" : 1171,
      "end" : 1174,
      "text" : "How",
      "whiteSpace" : false
    }, {
      "id" : "s13-t1",
      "begin" : 1175,
      "end" : 1179,
      "text" : "fast",
      "whiteSpace" : false
    }, {
      "id" : "s13-t2",
      "begin" : 1180,
      "end" : 1182,
      "text" : "is",
      "whiteSpace" : false
    }, {
      "id" : "s13-t3",
      "begin" : 1183,
      "end" : 1185,
      "text" : "it",
      "whiteSpace" : false
    }, {
      "id" : "s13-t4",
      "begin" : 1185,
      "end" : 1186,
      "text" : "?",
      "whiteSpace" : false
    } ]
  }, {
    "id" : "s14",
    "begin" : 1186,
    "end" : 1288,
    "text" : "Our 4G strategy, including HSPA+ with enhanced\nbackhaul and LTE, delivers super fast broadband speeds.",
    "tokens" : [ {
      "id" : "s14-t0",
      "begin" : 1186,
      "end" : 1189,
      "text" : "Our",
      "whiteSpace" : false
    }, {
      "id" : "s14-t1",
      "begin" : 1190,
      "end" : 1192,
      "text" : "4G",
      "whiteSpace" : false
    }, {
      "id" : "s14-t2",
      "begin" : 1193,
      "end" : 1201,
      "text" : "strategy",
      "whiteSpace" : false
    }, {
      "id" : "s14-t3",
      "begin" : 1201,
      "end" : 1202,
      "text" : ",",
      "whiteSpace" : false
    }, {
      "id" : "s14-t4",
      "begin" : 1203,
      "end" : 1212,
      "text" : "including",
      "whiteSpace" : false
    }, {
      "id" : "s14-t5",
      "begin" : 1213,
      "end" : 1217,
      "text" : "HSPA",
      "whiteSpace" : false
    }, {
      "id" : "s14-t6",
      "begin" : 1217,
      "end" : 1218,
      "text" : "+",
      "whiteSpace" : false
    }, {
      "id" : "s14-t7",
      "begin" : 1219,
      "end" : 1223,
      "text" : "with",
      "whiteSpace" : false
    }, {
      "id" : "s14-t8",
      "begin" : 1224,
      "end" : 1232,
      "text" : "enhanced",
      "whiteSpace" : false
    }, {
      "id" : "s14-t9",
      "begin" : 1233,
      "end" : 1241,
      "text" : "backhaul",
      "whiteSpace" : false
    }, {
      "id" : "s14-t10",
      "begin" : 1242,
      "end" : 1245,
      "text" : "and",
      "whiteSpace" : false
    }, {
      "id" : "s14-t11",
      "begin" : 1246,
      "end" : 1249,
      "text" : "LTE",
      "whiteSpace" : false
    }, {
      "id" : "s14-t12",
      "begin" : 1249,
      "end" : 1250,
      "text" : ",",
      "whiteSpace" : false
    }, {
      "id" : "s14-t13",
      "begin" : 1251,
      "end" : 1259,
      "text" : "delivers",
      "whiteSpace" : false
    }, {
      "id" : "s14-t14",
      "begin" : 1260,
      "end" : 1265,
      "text" : "super",
      "whiteSpace" : false
    }, {
      "id" : "s14-t15",
      "begin" : 1266,
      "end" : 1270,
      "text" : "fast",
      "whiteSpace" : false
    }, {
      "id" : "s14-t16",
      "begin" : 1271,
      "end" : 1280,
      "text" : "broadband",
      "whiteSpace" : false
    }, {
      "id" : "s14-t17",
      "begin" : 1281,
      "end" : 1287,
      "text" : "speeds",
      "whiteSpace" : false
    }, {
      "id" : "s14-t18",
      "begin" : 1287,
      "end" : 1288,
      "text" : ".",
      "whiteSpace" : false
    } ]
  }, {
    "id" : "s15",
    "begin" : 1289,
    "end" : 1408,
    "text" : "4G HSPA+ with enhanced\nbackhaul delivers speeds up to 4X faster than AT&amp;T;'s already fast mobile\nbroadband network.",
    "tokens" : [ {
      "id" : "s15-t0",
      "begin" : 1289,
      "end" : 1291,
      "text" : "4G",
      "whiteSpace" : false
    }, {
      "id" : "s15-t1",
      "begin" : 1292,
      "end" : 1296,
      "text" : "HSPA",
      "whiteSpace" : false
    }, {
      "id" : "s15-t2",
      "begin" : 1296,
      "end" : 1297,
      "text" : "+",
      "whiteSpace" : false
    }, {
      "id" : "s15-t3",
      "begin" : 1298,
      "end" : 1302,
      "text" : "with",
      "whiteSpace" : false
    }, {
      "id" : "s15-t4",
      "begin" : 1303,
      "end" : 1311,
      "text" : "enhanced",
      "whiteSpace" : false
    }, {
      "id" : "s15-t5",
      "begin" : 1312,
      "end" : 1320,
      "text" : "backhaul",
      "whiteSpace" : false
    }, {
      "id" : "s15-t6",
      "begin" : 1321,
      "end" : 1329,
      "text" : "delivers",
      "whiteSpace" : false
    }, {
      "id" : "s15-t7",
      "begin" : 1330,
      "end" : 1336,
      "text" : "speeds",
      "whiteSpace" : false
    }, {
      "id" : "s15-t8",
      "begin" : 1337,
      "end" : 1339,
      "text" : "up",
      "whiteSpace" : false
    }, {
      "id" : "s15-t9",
      "begin" : 1340,
      "end" : 1342,
      "text" : "to",
      "whiteSpace" : false
    }, {
      "id" : "s15-t10",
      "begin" : 1343,
      "end" : 1345,
      "text" : "4X",
      "whiteSpace" : false
    }, {
      "id" : "s15-t11",
      "begin" : 1346,
      "end" : 1352,
      "text" : "faster",
      "whiteSpace" : false
    }, {
      "id" : "s15-t12",
      "begin" : 1353,
      "end" : 1357,
      "text" : "than",
      "whiteSpace" : false
    }, {
      "id" : "s15-t13",
      "begin" : 1358,
      "end" : 1360,
      "text" : "AT",
      "whiteSpace" : false
    }, {
      "id" : "s15-t14",
      "begin" : 1360,
      "end" : 1365,
      "text" : "&amp;",
      "whiteSpace" : false
    }, {
      "id" : "s15-t15",
      "begin" : 1365,
      "end" : 1367,
      "text" : "T;",
      "whiteSpace" : false
    }, {
      "id" : "s15-t16",
      "begin" : 1367,
      "end" : 1369,
      "text" : "'s",
      "whiteSpace" : false
    }, {
      "id" : "s15-t17",
      "begin" : 1370,
      "end" : 1377,
      "text" : "already",
      "whiteSpace" : false
    }, {
      "id" : "s15-t18",
      "begin" : 1378,
      "end" : 1382,
      "text" : "fast",
      "whiteSpace" : false
    }, {
      "id" : "s15-t19",
      "begin" : 1383,
      "end" : 1389,
      "text" : "mobile",
      "whiteSpace" : false
    }, {
      "id" : "s15-t20",
      "begin" : 1390,
      "end" : 1399,
      "text" : "broadband",
      "whiteSpace" : false
    }, {
      "id" : "s15-t21",
      "begin" : 1400,
      "end" : 1407,
      "text" : "network",
      "whiteSpace" : false
    }, {
      "id" : "s15-t22",
      "begin" : 1407,
      "end" : 1408,
      "text" : ".",
      "whiteSpace" : false
    } ]
  }, {
    "id" : "s16",
    "begin" : 1408,
    "end" : 1425,
    "text" : "When do I get it?",
    "tokens" : [ {
      "id" : "s16-t0",
      "begin" : 1408,
      "end" : 1412,
      "text" : "When",
      "whiteSpace" : false
    }, {
      "id" : "s16-t1",
      "begin" : 1413,
      "end" : 1415,
      "text" : "do",
      "whiteSpace" : false
    }, {
      "id" : "s16-t2",
      "begin" : 1416,
      "end" : 1417,
      "text" : "I",
      "whiteSpace" : false
    }, {
      "id" : "s16-t3",
      "begin" : 1418,
      "end" : 1421,
      "text" : "get",
      "whiteSpace" : false
    }, {
      "id" : "s16-t4",
      "begin" : 1422,
      "end" : 1424,
      "text" : "it",
      "whiteSpace" : false
    }, {
      "id" : "s16-t5",
      "begin" : 1424,
      "end" : 1425,
      "text" : "?",
      "whiteSpace" : false
    } ]
  }, {
    "id" : "s17",
    "begin" : 1425,
    "end" : 1522,
    "text" : "We rapidly expanded 4G LTE coverage to\ncover 70 million people and 15 markets by the end of 2011.",
    "tokens" : [ {
      "id" : "s17-t0",
      "begin" : 1425,
      "end" : 1427,
      "text" : "We",
      "whiteSpace" : false
    }, {
      "id" : "s17-t1",
      "begin" : 1428,
      "end" : 1435,
      "text" : "rapidly",
      "whiteSpace" : false
    }, {
      "id" : "s17-t2",
      "begin" : 1436,
      "end" : 1444,
      "text" : "expanded",
      "whiteSpace" : false
    }, {
      "id" : "s17-t3",
      "begin" : 1445,
      "end" : 1447,
      "text" : "4G",
      "whiteSpace" : false
    }, {
      "id" : "s17-t4",
      "begin" : 1448,
      "end" : 1451,
      "text" : "LTE",
      "whiteSpace" : false
    }, {
      "id" : "s17-t5",
      "begin" : 1452,
      "end" : 1460,
      "text" : "coverage",
      "whiteSpace" : false
    }, {
      "id" : "s17-t6",
      "begin" : 1461,
      "end" : 1463,
      "text" : "to",
      "whiteSpace" : false
    }, {
      "id" : "s17-t7",
      "begin" : 1464,
      "end" : 1469,
      "text" : "cover",
      "whiteSpace" : false
    }, {
      "id" : "s17-t8",
      "begin" : 1470,
      "end" : 1472,
      "text" : "70",
      "whiteSpace" : false
    }, {
      "id" : "s17-t9",
      "begin" : 1473,
      "end" : 1480,
      "text" : "million",
      "whiteSpace" : false
    }, {
      "id" : "s17-t10",
      "begin" : 1481,
      "end" : 1487,
      "text" : "people",
      "whiteSpace" : false
    }, {
      "id" : "s17-t11",
      "begin" : 1488,
      "end" : 1491,
      "text" : "and",
      "whiteSpace" : false
    }, {
      "id" : "s17-t12",
      "begin" : 1492,
      "end" : 1494,
      "text" : "15",
      "whiteSpace" : false
    }, {
      "id" : "s17-t13",
      "begin" : 1495,
      "end" : 1502,
      "text" : "markets",
      "whiteSpace" : false
    }, {
      "id" : "s17-t14",
      "begin" : 1503,
      "end" : 1505,
      "text" : "by",
      "whiteSpace" : false
    }, {
      "id" : "s17-t15",
      "begin" : 1506,
      "end" : 1509,
      "text" : "the",
      "whiteSpace" : false
    }, {
      "id" : "s17-t16",
      "begin" : 1510,
      "end" : 1513,
      "text" : "end",
      "whiteSpace" : false
    }, {
      "id" : "s17-t17",
      "begin" : 1514,
      "end" : 1516,
      "text" : "of",
      "whiteSpace" : false
    }, {
      "id" : "s17-t18",
      "begin" : 1517,
      "end" : 1521,
      "text" : "2011",
      "whiteSpace" : false
    }, {
      "id" : "s17-t19",
      "begin" : 1521,
      "end" : 1522,
      "text" : ".",
      "whiteSpace" : false
    } ]
  }, {
    "id" : "s18",
    "begin" : 1523,
    "end" : 1890,
    "text" : "That coverage will\ncontinue to expand in the next few year and is planned to be largely complete\nby the end of 2013.Here's a link to some great information about AT&amp;T;'s\n4G network:http://www.att.com/network/--------------As of May 1st, I am no\nlonger serving as the Community Manager for AT&amp;T.; This account will no\nlonger be able to accept private messages.",
    "tokens" : [ {
      "id" : "s18-t0",
      "begin" : 1523,
      "end" : 1527,
      "text" : "That",
      "whiteSpace" : false
    }, {
      "id" : "s18-t1",
      "begin" : 1528,
      "end" : 1536,
      "text" : "coverage",
      "whiteSpace" : false
    }, {
      "id" : "s18-t2",
      "begin" : 1537,
      "end" : 1541,
      "text" : "will",
      "whiteSpace" : false
    }, {
      "id" : "s18-t3",
      "begin" : 1542,
      "end" : 1550,
      "text" : "continue",
      "whiteSpace" : false
    }, {
      "id" : "s18-t4",
      "begin" : 1551,
      "end" : 1553,
      "text" : "to",
      "whiteSpace" : false
    }, {
      "id" : "s18-t5",
      "begin" : 1554,
      "end" : 1560,
      "text" : "expand",
      "whiteSpace" : false
    }, {
      "id" : "s18-t6",
      "begin" : 1561,
      "end" : 1563,
      "text" : "in",
      "whiteSpace" : false
    }, {
      "id" : "s18-t7",
      "begin" : 1564,
      "end" : 1567,
      "text" : "the",
      "whiteSpace" : false
    }, {
      "id" : "s18-t8",
      "begin" : 1568,
      "end" : 1572,
      "text" : "next",
      "whiteSpace" : false
    }, {
      "id" : "s18-t9",
      "begin" : 1573,
      "end" : 1576,
      "text" : "few",
      "whiteSpace" : false
    }, {
      "id" : "s18-t10",
      "begin" : 1577,
      "end" : 1581,
      "text" : "year",
      "whiteSpace" : false
    }, {
      "id" : "s18-t11",
      "begin" : 1582,
      "end" : 1585,
      "text" : "and",
      "whiteSpace" : false
    }, {
      "id" : "s18-t12",
      "begin" : 1586,
      "end" : 1588,
      "text" : "is",
      "whiteSpace" : false
    }, {
      "id" : "s18-t13",
      "begin" : 1589,
      "end" : 1596,
      "text" : "planned",
      "whiteSpace" : false
    }, {
      "id" : "s18-t14",
      "begin" : 1597,
      "end" : 1599,
      "text" : "to",
      "whiteSpace" : false
    }, {
      "id" : "s18-t15",
      "begin" : 1600,
      "end" : 1602,
      "text" : "be",
      "whiteSpace" : false
    }, {
      "id" : "s18-t16",
      "begin" : 1603,
      "end" : 1610,
      "text" : "largely",
      "whiteSpace" : false
    }, {
      "id" : "s18-t17",
      "begin" : 1611,
      "end" : 1619,
      "text" : "complete",
      "whiteSpace" : false
    }, {
      "id" : "s18-t18",
      "begin" : 1620,
      "end" : 1622,
      "text" : "by",
      "whiteSpace" : false
    }, {
      "id" : "s18-t19",
      "begin" : 1623,
      "end" : 1626,
      "text" : "the",
      "whiteSpace" : false
    }, {
      "id" : "s18-t20",
      "begin" : 1627,
      "end" : 1630,
      "text" : "end",
      "whiteSpace" : false
    }, {
      "id" : "s18-t21",
      "begin" : 1631,
      "end" : 1633,
      "text" : "of",
      "whiteSpace" : false
    }, {
      "id" : "s18-t22",
      "begin" : 1634,
      "end" : 1643,
      "text" : "2013.Here",
      "whiteSpace" : false
    }, {
      "id" : "s18-t23",
      "begin" : 1643,
      "end" : 1645,
      "text" : "'s",
      "whiteSpace" : false
    }, {
      "id" : "s18-t24",
      "begin" : 1646,
      "end" : 1647,
      "text" : "a",
      "whiteSpace" : false
    }, {
      "id" : "s18-t25",
      "begin" : 1648,
      "end" : 1652,
      "text" : "link",
      "whiteSpace" : false
    }, {
      "id" : "s18-t26",
      "begin" : 1653,
      "end" : 1655,
      "text" : "to",
      "whiteSpace" : false
    }, {
      "id" : "s18-t27",
      "begin" : 1656,
      "end" : 1660,
      "text" : "some",
      "whiteSpace" : false
    }, {
      "id" : "s18-t28",
      "begin" : 1661,
      "end" : 1666,
      "text" : "great",
      "whiteSpace" : false
    }, {
      "id" : "s18-t29",
      "begin" : 1667,
      "end" : 1678,
      "text" : "information",
      "whiteSpace" : false
    }, {
      "id" : "s18-t30",
      "begin" : 1679,
      "end" : 1684,
      "text" : "about",
      "whiteSpace" : false
    }, {
      "id" : "s18-t31",
      "begin" : 1685,
      "end" : 1687,
      "text" : "AT",
      "whiteSpace" : false
    }, {
      "id" : "s18-t32",
      "begin" : 1687,
      "end" : 1692,
      "text" : "&amp;",
      "whiteSpace" : false
    }, {
      "id" : "s18-t33",
      "begin" : 1692,
      "end" : 1694,
      "text" : "T;",
      "whiteSpace" : false
    }, {
      "id" : "s18-t34",
      "begin" : 1694,
      "end" : 1696,
      "text" : "'s",
      "whiteSpace" : false
    }, {
      "id" : "s18-t35",
      "begin" : 1697,
      "end" : 1699,
      "text" : "4G",
      "whiteSpace" : false
    }, {
      "id" : "s18-t36",
      "begin" : 1700,
      "end" : 1735,
      "text" : "network:http://www.att.com/network/",
      "whiteSpace" : false
    }, {
      "id" : "s18-t37",
      "begin" : 1735,
      "end" : 1751,
      "text" : "--------------As",
      "whiteSpace" : false
    }, {
      "id" : "s18-t38",
      "begin" : 1752,
      "end" : 1754,
      "text" : "of",
      "whiteSpace" : false
    }, {
      "id" : "s18-t39",
      "begin" : 1755,
      "end" : 1758,
      "text" : "May",
      "whiteSpace" : false
    }, {
      "id" : "s18-t40",
      "begin" : 1759,
      "end" : 1762,
      "text" : "1st",
      "whiteSpace" : false
    }, {
      "id" : "s18-t41",
      "begin" : 1762,
      "end" : 1763,
      "text" : ",",
      "whiteSpace" : false
    }, {
      "id" : "s18-t42",
      "begin" : 1764,
      "end" : 1765,
      "text" : "I",
      "whiteSpace" : false
    }, {
      "id" : "s18-t43",
      "begin" : 1766,
      "end" : 1768,
      "text" : "am",
      "whiteSpace" : false
    }, {
      "id" : "s18-t44",
      "begin" : 1769,
      "end" : 1771,
      "text" : "no",
      "whiteSpace" : false
    }, {
      "id" : "s18-t45",
      "begin" : 1772,
      "end" : 1778,
      "text" : "longer",
      "whiteSpace" : false
    }, {
      "id" : "s18-t46",
      "begin" : 1779,
      "end" : 1786,
      "text" : "serving",
      "whiteSpace" : false
    }, {
      "id" : "s18-t47",
      "begin" : 1787,
      "end" : 1789,
      "text" : "as",
      "whiteSpace" : false
    }, {
      "id" : "s18-t48",
      "begin" : 1790,
      "end" : 1793,
      "text" : "the",
      "whiteSpace" : false
    }, {
      "id" : "s18-t49",
      "begin" : 1794,
      "end" : 1803,
      "text" : "Community",
      "whiteSpace" : false
    }, {
      "id" : "s18-t50",
      "begin" : 1804,
      "end" : 1811,
      "text" : "Manager",
      "whiteSpace" : false
    }, {
      "id" : "s18-t51",
      "begin" : 1812,
      "end" : 1815,
      "text" : "for",
      "whiteSpace" : false
    }, {
      "id" : "s18-t52",
      "begin" : 1816,
      "end" : 1818,
      "text" : "AT",
      "whiteSpace" : false
    }, {
      "id" : "s18-t53",
      "begin" : 1818,
      "end" : 1823,
      "text" : "&amp;",
      "whiteSpace" : false
    }, {
      "id" : "s18-t54",
      "begin" : 1823,
      "end" : 1825,
      "text" : "T.",
      "whiteSpace" : false
    }, {
      "id" : "s18-t55",
      "begin" : 1825,
      "end" : 1826,
      "text" : ";",
      "whiteSpace" : false
    }, {
      "id" : "s18-t56",
      "begin" : 1827,
      "end" : 1831,
      "text" : "This",
      "whiteSpace" : false
    }, {
      "id" : "s18-t57",
      "begin" : 1832,
      "end" : 1839,
      "text" : "account",
      "whiteSpace" : false
    }, {
      "id" : "s18-t58",
      "begin" : 1840,
      "end" : 1844,
      "text" : "will",
      "whiteSpace" : false
    }, {
      "id" : "s18-t59",
      "begin" : 1845,
      "end" : 1847,
      "text" : "no",
      "whiteSpace" : false
    }, {
      "id" : "s18-t60",
      "begin" : 1848,
      "end" : 1854,
      "text" : "longer",
      "whiteSpace" : false
    }, {
      "id" : "s18-t61",
      "begin" : 1855,
      "end" : 1857,
      "text" : "be",
      "whiteSpace" : false
    }, {
      "id" : "s18-t62",
      "begin" : 1858,
      "end" : 1862,
      "text" : "able",
      "whiteSpace" : false
    }, {
      "id" : "s18-t63",
      "begin" : 1863,
      "end" : 1865,
      "text" : "to",
      "whiteSpace" : false
    }, {
      "id" : "s18-t64",
      "begin" : 1866,
      "end" : 1872,
      "text" : "accept",
      "whiteSpace" : false
    }, {
      "id" : "s18-t65",
      "begin" : 1873,
      "end" : 1880,
      "text" : "private",
      "whiteSpace" : false
    }, {
      "id" : "s18-t66",
      "begin" : 1881,
      "end" : 1889,
      "text" : "messages",
      "whiteSpace" : false
    }, {
      "id" : "s18-t67",
      "begin" : 1889,
      "end" : 1890,
      "text" : ".",
      "whiteSpace" : false
    } ]
  }, {
    "id" : "s19",
    "begin" : 1890,
    "end" : 1937,
    "text" : "Did a post have a solution that\nworked for you?",
    "tokens" : [ {
      "id" : "s19-t0",
      "begin" : 1890,
      "end" : 1893,
      "text" : "Did",
      "whiteSpace" : false
    }, {
      "id" : "s19-t1",
      "begin" : 1894,
      "end" : 1895,
      "text" : "a",
      "whiteSpace" : false
    }, {
      "id" : "s19-t2",
      "begin" : 1896,
      "end" : 1900,
      "text" : "post",
      "whiteSpace" : false
    }, {
      "id" : "s19-t3",
      "begin" : 1901,
      "end" : 1905,
      "text" : "have",
      "whiteSpace" : false
    }, {
      "id" : "s19-t4",
      "begin" : 1906,
      "end" : 1907,
      "text" : "a",
      "whiteSpace" : false
    }, {
      "id" : "s19-t5",
      "begin" : 1908,
      "end" : 1916,
      "text" : "solution",
      "whiteSpace" : false
    }, {
      "id" : "s19-t6",
      "begin" : 1917,
      "end" : 1921,
      "text" : "that",
      "whiteSpace" : false
    }, {
      "id" : "s19-t7",
      "begin" : 1922,
      "end" : 1928,
      "text" : "worked",
      "whiteSpace" : false
    }, {
      "id" : "s19-t8",
      "begin" : 1929,
      "end" : 1932,
      "text" : "for",
      "whiteSpace" : false
    }, {
      "id" : "s19-t9",
      "begin" : 1933,
      "end" : 1936,
      "text" : "you",
      "whiteSpace" : false
    }, {
      "id" : "s19-t10",
      "begin" : 1936,
      "end" : 1937,
      "text" : "?",
      "whiteSpace" : false
    } ]
  }, {
    "id" : "s20",
    "begin" : 1938,
    "end" : 2037,
    "text" : "Help other people find solutions faster by marking posts that\nhelped you as an \"Accepted Solution\".",
    "tokens" : [ {
      "id" : "s20-t0",
      "begin" : 1938,
      "end" : 1942,
      "text" : "Help",
      "whiteSpace" : false
    }, {
      "id" : "s20-t1",
      "begin" : 1943,
      "end" : 1948,
      "text" : "other",
      "whiteSpace" : false
    }, {
      "id" : "s20-t2",
      "begin" : 1949,
      "end" : 1955,
      "text" : "people",
      "whiteSpace" : false
    }, {
      "id" : "s20-t3",
      "begin" : 1956,
      "end" : 1960,
      "text" : "find",
      "whiteSpace" : false
    }, {
      "id" : "s20-t4",
      "begin" : 1961,
      "end" : 1970,
      "text" : "solutions",
      "whiteSpace" : false
    }, {
      "id" : "s20-t5",
      "begin" : 1971,
      "end" : 1977,
      "text" : "faster",
      "whiteSpace" : false
    }, {
      "id" : "s20-t6",
      "begin" : 1978,
      "end" : 1980,
      "text" : "by",
      "whiteSpace" : false
    }, {
      "id" : "s20-t7",
      "begin" : 1981,
      "end" : 1988,
      "text" : "marking",
      "whiteSpace" : false
    }, {
      "id" : "s20-t8",
      "begin" : 1989,
      "end" : 1994,
      "text" : "posts",
      "whiteSpace" : false
    }, {
      "id" : "s20-t9",
      "begin" : 1995,
      "end" : 1999,
      "text" : "that",
      "whiteSpace" : false
    }, {
      "id" : "s20-t10",
      "begin" : 2000,
      "end" : 2006,
      "text" : "helped",
      "whiteSpace" : false
    }, {
      "id" : "s20-t11",
      "begin" : 2007,
      "end" : 2010,
      "text" : "you",
      "whiteSpace" : false
    }, {
      "id" : "s20-t12",
      "begin" : 2011,
      "end" : 2013,
      "text" : "as",
      "whiteSpace" : false
    }, {
      "id" : "s20-t13",
      "begin" : 2014,
      "end" : 2016,
      "text" : "an",
      "whiteSpace" : false
    }, {
      "id" : "s20-t14",
      "begin" : 2017,
      "end" : 2018,
      "text" : "\"",
      "whiteSpace" : false
    }, {
      "id" : "s20-t15",
      "begin" : 2018,
      "end" : 2026,
      "text" : "Accepted",
      "whiteSpace" : false
    }, {
      "id" : "s20-t16",
      "begin" : 2027,
      "end" : 2035,
      "text" : "Solution",
      "whiteSpace" : false
    }, {
      "id" : "s20-t17",
      "begin" : 2035,
      "end" : 2036,
      "text" : "\"",
      "whiteSpace" : false
    }, {
      "id" : "s20-t18",
      "begin" : 2036,
      "end" : 2037,
      "text" : ".",
      "whiteSpace" : false
    } ]
  }, {
    "id" : "s21",
    "begin" : 2038,
    "end" : 2074,
    "text" : "Learn about accepted solutions here.",
    "tokens" : [ {
      "id" : "s21-t0",
      "begin" : 2038,
      "end" : 2043,
      "text" : "Learn",
      "whiteSpace" : false
    }, {
      "id" : "s21-t1",
      "begin" : 2044,
      "end" : 2049,
      "text" : "about",
      "whiteSpace" : false
    }, {
      "id" : "s21-t2",
      "begin" : 2050,
      "end" : 2058,
      "text" : "accepted",
      "whiteSpace" : false
    }, {
      "id" : "s21-t3",
      "begin" : 2059,
      "end" : 2068,
      "text" : "solutions",
      "whiteSpace" : false
    }, {
      "id" : "s21-t4",
      "begin" : 2069,
      "end" : 2073,
      "text" : "here",
      "whiteSpace" : false
    }, {
      "id" : "s21-t5",
      "begin" : 2073,
      "end" : 2074,
      "text" : ".",
      "whiteSpace" : false
    } ]
  }, {
    "id" : "s22",
    "begin" : 2075,
    "end" : 2240,
    "text" : "I\nam an AT&amp;T; employee and the postings on this site are my own and dont\nnecessarily represent AT&amp;Ts; position, strategies or opinions.Solved!Go to\nSolution.",
    "tokens" : [ {
      "id" : "s22-t0",
      "begin" : 2075,
      "end" : 2076,
      "text" : "I",
      "whiteSpace" : false
    }, {
      "id" : "s22-t1",
      "begin" : 2077,
      "end" : 2079,
      "text" : "am",
      "whiteSpace" : false
    }, {
      "id" : "s22-t2",
      "begin" : 2080,
      "end" : 2082,
      "text" : "an",
      "whiteSpace" : false
    }, {
      "id" : "s22-t3",
      "begin" : 2083,
      "end" : 2085,
      "text" : "AT",
      "whiteSpace" : false
    }, {
      "id" : "s22-t4",
      "begin" : 2085,
      "end" : 2090,
      "text" : "&amp;",
      "whiteSpace" : false
    }, {
      "id" : "s22-t5",
      "begin" : 2090,
      "end" : 2092,
      "text" : "T;",
      "whiteSpace" : false
    }, {
      "id" : "s22-t6",
      "begin" : 2093,
      "end" : 2101,
      "text" : "employee",
      "whiteSpace" : false
    }, {
      "id" : "s22-t7",
      "begin" : 2102,
      "end" : 2105,
      "text" : "and",
      "whiteSpace" : false
    }, {
      "id" : "s22-t8",
      "begin" : 2106,
      "end" : 2109,
      "text" : "the",
      "whiteSpace" : false
    }, {
      "id" : "s22-t9",
      "begin" : 2110,
      "end" : 2118,
      "text" : "postings",
      "whiteSpace" : false
    }, {
      "id" : "s22-t10",
      "begin" : 2119,
      "end" : 2121,
      "text" : "on",
      "whiteSpace" : false
    }, {
      "id" : "s22-t11",
      "begin" : 2122,
      "end" : 2126,
      "text" : "this",
      "whiteSpace" : false
    }, {
      "id" : "s22-t12",
      "begin" : 2127,
      "end" : 2131,
      "text" : "site",
      "whiteSpace" : false
    }, {
      "id" : "s22-t13",
      "begin" : 2132,
      "end" : 2135,
      "text" : "are",
      "whiteSpace" : false
    }, {
      "id" : "s22-t14",
      "begin" : 2136,
      "end" : 2138,
      "text" : "my",
      "whiteSpace" : false
    }, {
      "id" : "s22-t15",
      "begin" : 2139,
      "end" : 2142,
      "text" : "own",
      "whiteSpace" : false
    }, {
      "id" : "s22-t16",
      "begin" : 2143,
      "end" : 2146,
      "text" : "and",
      "whiteSpace" : false
    }, {
      "id" : "s22-t17",
      "begin" : 2147,
      "end" : 2151,
      "text" : "dont",
      "whiteSpace" : false
    }, {
      "id" : "s22-t18",
      "begin" : 2152,
      "end" : 2163,
      "text" : "necessarily",
      "whiteSpace" : false
    }, {
      "id" : "s22-t19",
      "begin" : 2164,
      "end" : 2173,
      "text" : "represent",
      "whiteSpace" : false
    }, {
      "id" : "s22-t20",
      "begin" : 2174,
      "end" : 2176,
      "text" : "AT",
      "whiteSpace" : false
    }, {
      "id" : "s22-t21",
      "begin" : 2176,
      "end" : 2181,
      "text" : "&amp;",
      "whiteSpace" : false
    }, {
      "id" : "s22-t22",
      "begin" : 2181,
      "end" : 2184,
      "text" : "Ts;",
      "whiteSpace" : false
    }, {
      "id" : "s22-t23",
      "begin" : 2185,
      "end" : 2193,
      "text" : "position",
      "whiteSpace" : false
    }, {
      "id" : "s22-t24",
      "begin" : 2193,
      "end" : 2194,
      "text" : ",",
      "whiteSpace" : false
    }, {
      "id" : "s22-t25",
      "begin" : 2195,
      "end" : 2205,
      "text" : "strategies",
      "whiteSpace" : false
    }, {
      "id" : "s22-t26",
      "begin" : 2206,
      "end" : 2208,
      "text" : "or",
      "whiteSpace" : false
    }, {
      "id" : "s22-t27",
      "begin" : 2209,
      "end" : 2225,
      "text" : "opinions.Solved!",
      "whiteSpace" : false
    }, {
      "id" : "s22-t28",
      "begin" : 2225,
      "end" : 2227,
      "text" : "Go",
      "whiteSpace" : false
    }, {
      "id" : "s22-t29",
      "begin" : 2228,
      "end" : 2230,
      "text" : "to",
      "whiteSpace" : false
    }, {
      "id" : "s22-t30",
      "begin" : 2231,
      "end" : 2239,
      "text" : "Solution",
      "whiteSpace" : false
    }, {
      "id" : "s22-t31",
      "begin" : 2239,
      "end" : 2240,
      "text" : ".",
      "whiteSpace" : false
    } ]
  } ],
  "mentions" : [ {
    "id" : "s0-m0",
    "properties" : {
      "SIRE_MENTION_ROLE" : "Internet_Connectivity",
      "SIRE_ENTITY_SUBTYPE" : "NONE",
      "SIRE_MENTION_TYPE" : "NONE",
      "SIRE_MENTION_CLASS" : "SPC"
    },
    "type" : "Internet_Connectivity",
    "begin" : 10,
    "end" : 13,
    "inCoref" : false
  }, {
    "id" : "s1-m0",
    "properties" : {
      "SIRE_MENTION_ROLE" : "Internet_Connectivity",
      "SIRE_ENTITY_SUBTYPE" : "NONE",
      "SIRE_MENTION_TYPE" : "NONE",
      "SIRE_MENTION_CLASS" : "SPC"
    },
    "type" : "Internet_Connectivity",
    "begin" : 51,
    "end" : 54,
    "inCoref" : false
  }, {
    "id" : "s1-m1",
    "properties" : {
      "SIRE_MENTION_ROLE" : "Internet_Connectivity",
      "SIRE_ENTITY_SUBTYPE" : "NONE",
      "SIRE_MENTION_TYPE" : "NONE",
      "SIRE_MENTION_CLASS" : "SPC"
    },
    "type" : "Internet_Connectivity",
    "begin" : 65,
    "end" : 68,
    "inCoref" : false
  }, {
    "id" : "s1-m2",
    "properties" : {
      "SIRE_MENTION_ROLE" : "Internet_Connectivity",
      "SIRE_ENTITY_SUBTYPE" : "NONE",
      "SIRE_MENTION_TYPE" : "NONE",
      "SIRE_MENTION_CLASS" : "SPC"
    },
    "type" : "Internet_Connectivity",
    "begin" : 74,
    "end" : 77,
    "inCoref" : false
  }, {
    "id" : "s1-m4",
    "properties" : {
      "SIRE_MENTION_ROLE" : "Internet_Connectivity",
      "SIRE_ENTITY_SUBTYPE" : "NONE",
      "SIRE_MENTION_TYPE" : "NONE",
      "SIRE_MENTION_CLASS" : "SPC"
    },
    "type" : "Internet_Connectivity",
    "begin" : 90,
    "end" : 109,
    "inCoref" : false
  }, {
    "id" : "s5-m0",
    "properties" : {
      "SIRE_MENTION_ROLE" : "Internet_Connectivity",
      "SIRE_ENTITY_SUBTYPE" : "NONE",
      "SIRE_MENTION_TYPE" : "NONE",
      "SIRE_MENTION_CLASS" : "SPC"
    },
    "type" : "Internet_Connectivity",
    "begin" : 199,
    "end" : 202,
    "inCoref" : false
  }, {
    "id" : "s3-m2",
    "properties" : {
      "SIRE_MENTION_ROLE" : "Internet_Connectivity",
      "SIRE_ENTITY_SUBTYPE" : "NONE",
      "SIRE_MENTION_TYPE" : "NONE",
      "SIRE_MENTION_CLASS" : "SPC"
    },
    "type" : "Internet_Connectivity",
    "begin" : 332,
    "end" : 347,
    "inCoref" : false
  }, {
    "id" : "cm1",
    "properties" : {
      "SIRE_MENTION_ROLE" : "Internet_Connectivity",
      "SIRE_ENTITY_SUBTYPE" : "NONE",
      "SIRE_MENTION_TYPE" : "NONE",
      "SIRE_MENTION_CLASS" : "SPC"
    },
    "type" : "Internet_Connectivity",
    "begin" : 356,
    "end" : 358,
    "inCoref" : false
  }, {
    "id" : "cm2",
    "properties" : {
      "SIRE_MENTION_ROLE" : "Internet_Connectivity",
      "SIRE_ENTITY_SUBTYPE" : "NONE",
      "SIRE_MENTION_TYPE" : "NONE",
      "SIRE_MENTION_CLASS" : "SPC"
    },
    "type" : "Internet_Connectivity",
    "begin" : 359,
    "end" : 361,
    "inCoref" : false
  }, {
    "id" : "s4-m3",
    "properties" : {
      "SIRE_MENTION_ROLE" : "Internet_Connectivity",
      "SIRE_ENTITY_SUBTYPE" : "NONE",
      "SIRE_MENTION_TYPE" : "NONE",
      "SIRE_MENTION_CLASS" : "SPC"
    },
    "type" : "Internet_Connectivity",
    "begin" : 401,
    "end" : 418,
    "inCoref" : false
  }, {
    "id" : "cm3",
    "properties" : {
      "SIRE_MENTION_ROLE" : "Internet_Connectivity",
      "SIRE_ENTITY_SUBTYPE" : "NONE",
      "SIRE_MENTION_TYPE" : "NONE",
      "SIRE_MENTION_CLASS" : "SPC"
    },
    "type" : "Internet_Connectivity",
    "begin" : 421,
    "end" : 423,
    "inCoref" : false
  }, {
    "id" : "cm10",
    "properties" : {
      "SIRE_MENTION_ROLE" : "Internet_Connectivity",
      "SIRE_ENTITY_SUBTYPE" : "NONE",
      "SIRE_MENTION_TYPE" : "NONE",
      "SIRE_MENTION_CLASS" : "SPC"
    },
    "type" : "Internet_Connectivity",
    "begin" : 432,
    "end" : 434,
    "inCoref" : false
  }, {
    "id" : "cm11",
    "properties" : {
      "SIRE_MENTION_ROLE" : "Service_Provider",
      "SIRE_ENTITY_SUBTYPE" : "NONE",
      "SIRE_MENTION_TYPE" : "NONE",
      "SIRE_MENTION_CLASS" : "SPC"
    },
    "type" : "Service_Provider",
    "begin" : 461,
    "end" : 469,
    "inCoref" : false
  }, {
    "id" : "s5-m4",
    "properties" : {
      "SIRE_MENTION_ROLE" : "Internet_Connectivity",
      "SIRE_ENTITY_SUBTYPE" : "NONE",
      "SIRE_MENTION_TYPE" : "NONE",
      "SIRE_MENTION_CLASS" : "SPC"
    },
    "type" : "Internet_Connectivity",
    "begin" : 473,
    "end" : 497,
    "inCoref" : false
  }, {
    "id" : "cm4",
    "properties" : {
      "SIRE_MENTION_ROLE" : "Internet_Connectivity",
      "SIRE_ENTITY_SUBTYPE" : "NONE",
      "SIRE_MENTION_TYPE" : "NONE",
      "SIRE_MENTION_CLASS" : "SPC"
    },
    "type" : "Internet_Connectivity",
    "begin" : 537,
    "end" : 539,
    "inCoref" : false
  }, {
    "id" : "s7-m2",
    "properties" : {
      "SIRE_MENTION_ROLE" : "Internet_Connectivity",
      "SIRE_ENTITY_SUBTYPE" : "NONE",
      "SIRE_MENTION_TYPE" : "NONE",
      "SIRE_MENTION_CLASS" : "SPC"
    },
    "type" : "Internet_Connectivity",
    "begin" : 620,
    "end" : 625,
    "inCoref" : false
  }, {
    "id" : "cm12",
    "properties" : {
      "SIRE_MENTION_ROLE" : "Service_Provider",
      "SIRE_ENTITY_SUBTYPE" : "NONE",
      "SIRE_MENTION_TYPE" : "NONE",
      "SIRE_MENTION_CLASS" : "SPC"
    },
    "type" : "Service_Provider",
    "begin" : 626,
    "end" : 634,
    "inCoref" : false
  }, {
    "id" : "s7-m4",
    "properties" : {
      "SIRE_MENTION_ROLE" : "Internet_Connectivity",
      "SIRE_ENTITY_SUBTYPE" : "NONE",
      "SIRE_MENTION_TYPE" : "NONE",
      "SIRE_MENTION_CLASS" : "SPC"
    },
    "type" : "Internet_Connectivity",
    "begin" : 685,
    "end" : 709,
    "inCoref" : false
  }, {
    "id" : "s7-m3",
    "properties" : {
      "SIRE_MENTION_ROLE" : "Internet_Connectivity",
      "SIRE_ENTITY_SUBTYPE" : "NONE",
      "SIRE_MENTION_TYPE" : "NONE",
      "SIRE_MENTION_CLASS" : "SPC"
    },
    "type" : "Internet_Connectivity",
    "begin" : 713,
    "end" : 718,
    "inCoref" : false
  }, {
    "id" : "s8-m1",
    "properties" : {
      "SIRE_MENTION_ROLE" : "Internet_Connectivity",
      "SIRE_ENTITY_SUBTYPE" : "NONE",
      "SIRE_MENTION_TYPE" : "NONE",
      "SIRE_MENTION_CLASS" : "SPC"
    },
    "type" : "Internet_Connectivity",
    "begin" : 720,
    "end" : 724,
    "inCoref" : false
  }, {
    "id" : "s9-m1",
    "properties" : {
      "SIRE_MENTION_ROLE" : "Internet_Connectivity",
      "SIRE_ENTITY_SUBTYPE" : "NONE",
      "SIRE_MENTION_TYPE" : "NONE",
      "SIRE_MENTION_CLASS" : "SPC"
    },
    "type" : "Internet_Connectivity",
    "begin" : 764,
    "end" : 769,
    "inCoref" : false
  }, {
    "id" : "s9-m2",
    "properties" : {
      "SIRE_MENTION_ROLE" : "Internet_Connectivity",
      "SIRE_ENTITY_SUBTYPE" : "NONE",
      "SIRE_MENTION_TYPE" : "NONE",
      "SIRE_MENTION_CLASS" : "SPC"
    },
    "type" : "Internet_Connectivity",
    "begin" : 801,
    "end" : 808,
    "inCoref" : false
  }, {
    "id" : "s10-m2",
    "properties" : {
      "SIRE_MENTION_ROLE" : "Internet_Connectivity",
      "SIRE_ENTITY_SUBTYPE" : "NONE",
      "SIRE_MENTION_TYPE" : "NONE",
      "SIRE_MENTION_CLASS" : "SPC"
    },
    "type" : "Internet_Connectivity",
    "begin" : 822,
    "end" : 827,
    "inCoref" : false
  }, {
    "id" : "s10-m3",
    "properties" : {
      "SIRE_MENTION_ROLE" : "Internet_Connectivity",
      "SIRE_ENTITY_SUBTYPE" : "NONE",
      "SIRE_MENTION_TYPE" : "NONE",
      "SIRE_MENTION_CLASS" : "SPC"
    },
    "type" : "Internet_Connectivity",
    "begin" : 883,
    "end" : 900,
    "inCoref" : false
  }, {
    "id" : "cm5",
    "properties" : {
      "SIRE_MENTION_ROLE" : "Internet_Connectivity",
      "SIRE_ENTITY_SUBTYPE" : "NONE",
      "SIRE_MENTION_TYPE" : "NONE",
      "SIRE_MENTION_CLASS" : "SPC"
    },
    "type" : "Internet_Connectivity",
    "begin" : 922,
    "end" : 924,
    "inCoref" : false
  }, {
    "id" : "cm13",
    "properties" : {
      "SIRE_MENTION_ROLE" : "Service_Provider",
      "SIRE_ENTITY_SUBTYPE" : "NONE",
      "SIRE_MENTION_TYPE" : "NONE",
      "SIRE_MENTION_CLASS" : "SPC"
    },
    "type" : "Service_Provider",
    "begin" : 1063,
    "end" : 1071,
    "inCoref" : false
  }, {
    "id" : "cm14",
    "properties" : {
      "SIRE_MENTION_ROLE" : "Service_Provider",
      "SIRE_ENTITY_SUBTYPE" : "NONE",
      "SIRE_MENTION_TYPE" : "NONE",
      "SIRE_MENTION_CLASS" : "SPC"
    },
    "type" : "Service_Provider",
    "begin" : 1092,
    "end" : 1100,
    "inCoref" : false
  }, {
    "id" : "s24-m0",
    "properties" : {
      "SIRE_MENTION_ROLE" : "Internet_Connectivity",
      "SIRE_ENTITY_SUBTYPE" : "NONE",
      "SIRE_MENTION_TYPE" : "NONE",
      "SIRE_MENTION_CLASS" : "SPC"
    },
    "type" : "Internet_Connectivity",
    "begin" : 1161,
    "end" : 1169,
    "inCoref" : false
  }, {
    "id" : "cm6",
    "properties" : {
      "SIRE_MENTION_ROLE" : "Internet_Connectivity",
      "SIRE_ENTITY_SUBTYPE" : "NONE",
      "SIRE_MENTION_TYPE" : "NONE",
      "SIRE_MENTION_CLASS" : "SPC"
    },
    "type" : "Internet_Connectivity",
    "begin" : 1190,
    "end" : 1192,
    "inCoref" : false
  }, {
    "id" : "s14-m3",
    "properties" : {
      "SIRE_MENTION_ROLE" : "Internet_Connectivity",
      "SIRE_ENTITY_SUBTYPE" : "NONE",
      "SIRE_MENTION_TYPE" : "NONE",
      "SIRE_MENTION_CLASS" : "SPC"
    },
    "type" : "Internet_Connectivity",
    "begin" : 1213,
    "end" : 1218,
    "inCoref" : false
  }, {
    "id" : "s26-m0",
    "properties" : {
      "SIRE_MENTION_ROLE" : "Internet_Connectivity",
      "SIRE_ENTITY_SUBTYPE" : "NONE",
      "SIRE_MENTION_TYPE" : "NONE",
      "SIRE_MENTION_CLASS" : "SPC"
    },
    "type" : "Internet_Connectivity",
    "begin" : 1246,
    "end" : 1249,
    "inCoref" : false
  }, {
    "id" : "cm7",
    "properties" : {
      "SIRE_MENTION_ROLE" : "Internet_Connectivity",
      "SIRE_ENTITY_SUBTYPE" : "NONE",
      "SIRE_MENTION_TYPE" : "NONE",
      "SIRE_MENTION_CLASS" : "SPC"
    },
    "type" : "Internet_Connectivity",
    "begin" : 1289,
    "end" : 1291,
    "inCoref" : false
  }, {
    "id" : "s15-m3",
    "properties" : {
      "SIRE_MENTION_ROLE" : "Internet_Connectivity",
      "SIRE_ENTITY_SUBTYPE" : "NONE",
      "SIRE_MENTION_TYPE" : "NONE",
      "SIRE_MENTION_CLASS" : "SPC"
    },
    "type" : "Internet_Connectivity",
    "begin" : 1292,
    "end" : 1297,
    "inCoref" : false
  }, {
    "id" : "cm15",
    "properties" : {
      "SIRE_MENTION_ROLE" : "Service_Provider",
      "SIRE_ENTITY_SUBTYPE" : "NONE",
      "SIRE_MENTION_TYPE" : "NONE",
      "SIRE_MENTION_CLASS" : "SPC"
    },
    "type" : "Service_Provider",
    "begin" : 1358,
    "end" : 1366,
    "inCoref" : false
  }, {
    "id" : "s15-m4",
    "properties" : {
      "SIRE_MENTION_ROLE" : "Internet_Connectivity",
      "SIRE_ENTITY_SUBTYPE" : "NONE",
      "SIRE_MENTION_TYPE" : "NONE",
      "SIRE_MENTION_CLASS" : "SPC"
    },
    "type" : "Internet_Connectivity",
    "begin" : 1383,
    "end" : 1407,
    "inCoref" : false
  }, {
    "id" : "cm8",
    "properties" : {
      "SIRE_MENTION_ROLE" : "Internet_Connectivity",
      "SIRE_ENTITY_SUBTYPE" : "NONE",
      "SIRE_MENTION_TYPE" : "NONE",
      "SIRE_MENTION_CLASS" : "SPC"
    },
    "type" : "Internet_Connectivity",
    "begin" : 1445,
    "end" : 1447,
    "inCoref" : false
  }, {
    "id" : "s29-m0",
    "properties" : {
      "SIRE_MENTION_ROLE" : "Internet_Connectivity",
      "SIRE_ENTITY_SUBTYPE" : "NONE",
      "SIRE_MENTION_TYPE" : "NONE",
      "SIRE_MENTION_CLASS" : "SPC"
    },
    "type" : "Internet_Connectivity",
    "begin" : 1448,
    "end" : 1451,
    "inCoref" : false
  }, {
    "id" : "cm20",
    "properties" : {
      "SIRE_MENTION_ROLE" : "Voice_Text",
      "SIRE_ENTITY_SUBTYPE" : "NONE",
      "SIRE_MENTION_TYPE" : "NONE",
      "SIRE_MENTION_CLASS" : "SPC"
    },
    "type" : "Voice_Text",
    "begin" : 1452,
    "end" : 1460,
    "inCoref" : false
  }, {
    "id" : "cm21",
    "properties" : {
      "SIRE_MENTION_ROLE" : "Voice_Text",
      "SIRE_ENTITY_SUBTYPE" : "NONE",
      "SIRE_MENTION_TYPE" : "NONE",
      "SIRE_MENTION_CLASS" : "SPC"
    },
    "type" : "Voice_Text",
    "begin" : 1528,
    "end" : 1536,
    "inCoref" : false
  }, {
    "id" : "cm16",
    "properties" : {
      "SIRE_MENTION_ROLE" : "Service_Provider",
      "SIRE_ENTITY_SUBTYPE" : "NONE",
      "SIRE_MENTION_TYPE" : "NONE",
      "SIRE_MENTION_CLASS" : "SPC"
    },
    "type" : "Service_Provider",
    "begin" : 1685,
    "end" : 1693,
    "inCoref" : false
  }, {
    "id" : "cm9",
    "properties" : {
      "SIRE_MENTION_ROLE" : "Internet_Connectivity",
      "SIRE_ENTITY_SUBTYPE" : "NONE",
      "SIRE_MENTION_TYPE" : "NONE",
      "SIRE_MENTION_CLASS" : "SPC"
    },
    "type" : "Internet_Connectivity",
    "begin" : 1697,
    "end" : 1699,
    "inCoref" : false
  }, {
    "id" : "s34-m0",
    "properties" : {
      "SIRE_MENTION_ROLE" : "Service_Provider",
      "SIRE_MENTION_TYPE" : "NONE",
      "SIRE_ENTITY_SUBTYPE" : "NONE",
      "SIRE_MENTION_CLASS" : "SPC"
    },
    "type" : "Service_Provider",
    "begin" : 1719,
    "end" : 1722,
    "inCoref" : false
  }, {
    "id" : "cm17",
    "properties" : {
      "SIRE_MENTION_ROLE" : "Service_Provider",
      "SIRE_ENTITY_SUBTYPE" : "NONE",
      "SIRE_MENTION_TYPE" : "NONE",
      "SIRE_MENTION_CLASS" : "SPC"
    },
    "type" : "Service_Provider",
    "begin" : 1816,
    "end" : 1824,
    "inCoref" : false
  }, {
    "id" : "cm18",
    "properties" : {
      "SIRE_MENTION_ROLE" : "Service_Provider",
      "SIRE_ENTITY_SUBTYPE" : "NONE",
      "SIRE_MENTION_TYPE" : "NONE",
      "SIRE_MENTION_CLASS" : "SPC"
    },
    "type" : "Service_Provider",
    "begin" : 2083,
    "end" : 2091,
    "inCoref" : false
  }, {
    "id" : "cm19",
    "properties" : {
      "SIRE_MENTION_ROLE" : "Service_Provider",
      "SIRE_ENTITY_SUBTYPE" : "NONE",
      "SIRE_MENTION_TYPE" : "NONE",
      "SIRE_MENTION_CLASS" : "SPC"
    },
    "type" : "Service_Provider",
    "begin" : 2174,
    "end" : 2182,
    "inCoref" : false
  } ],
  "relations" : [ ],
  "corefs" : [ ],
  "typeResolved" : true,
  "userResolved" : false
}