{
  "id" : "f7c46360-fed9-11e6-8985-6b7b38f81720-6",
  "name" : "0240de21e16fa743a7feaaea98e84394.txt",
  "version" : 3,
  "text" : "I bought a AT&amp;T; prepaid card .\n\nDo I have to contact you besides the info on the back of the card to use it?\nAlso, if I was to use my cell phone directly to call the USA from Canada, how\nmuch would it cost.\n\n",
  "docLength" : 0,
  "language" : "EN",
  "status" : "READY",
  "modifiedDate" : 1488750135053,
  "documentSet" : [ ],
  "preannotation" : [ "PRE_LW" ],
  "sentences" : [ {
    "id" : "s0",
    "begin" : 0,
    "end" : 35,
    "text" : "I bought a AT&amp;T; prepaid card .",
    "tokens" : [ {
      "id" : "s0-t0",
      "begin" : 0,
      "end" : 1,
      "text" : "I",
      "whiteSpace" : false
    }, {
      "id" : "s0-t1",
      "begin" : 2,
      "end" : 8,
      "text" : "bought",
      "whiteSpace" : false
    }, {
      "id" : "s0-t2",
      "begin" : 9,
      "end" : 10,
      "text" : "a",
      "whiteSpace" : false
    }, {
      "id" : "s0-t3",
      "begin" : 11,
      "end" : 13,
      "text" : "AT",
      "whiteSpace" : false
    }, {
      "id" : "s0-t4",
      "begin" : 13,
      "end" : 18,
      "text" : "&amp;",
      "whiteSpace" : false
    }, {
      "id" : "s0-t5",
      "begin" : 18,
      "end" : 20,
      "text" : "T;",
      "whiteSpace" : false
    }, {
      "id" : "s0-t6",
      "begin" : 21,
      "end" : 28,
      "text" : "prepaid",
      "whiteSpace" : false
    }, {
      "id" : "s0-t7",
      "begin" : 29,
      "end" : 33,
      "text" : "card",
      "whiteSpace" : false
    }, {
      "id" : "s0-t8",
      "begin" : 34,
      "end" : 35,
      "text" : ".",
      "whiteSpace" : false
    } ]
  }, {
    "id" : "s1",
    "begin" : 37,
    "end" : 113,
    "text" : "Do I have to contact you besides the info on the back of the card to use it?",
    "tokens" : [ {
      "id" : "s1-t0",
      "begin" : 37,
      "end" : 39,
      "text" : "Do",
      "whiteSpace" : false
    }, {
      "id" : "s1-t1",
      "begin" : 40,
      "end" : 41,
      "text" : "I",
      "whiteSpace" : false
    }, {
      "id" : "s1-t2",
      "begin" : 42,
      "end" : 46,
      "text" : "have",
      "whiteSpace" : false
    }, {
      "id" : "s1-t3",
      "begin" : 47,
      "end" : 49,
      "text" : "to",
      "whiteSpace" : false
    }, {
      "id" : "s1-t4",
      "begin" : 50,
      "end" : 57,
      "text" : "contact",
      "whiteSpace" : false
    }, {
      "id" : "s1-t5",
      "begin" : 58,
      "end" : 61,
      "text" : "you",
      "whiteSpace" : false
    }, {
      "id" : "s1-t6",
      "begin" : 62,
      "end" : 69,
      "text" : "besides",
      "whiteSpace" : false
    }, {
      "id" : "s1-t7",
      "begin" : 70,
      "end" : 73,
      "text" : "the",
      "whiteSpace" : false
    }, {
      "id" : "s1-t8",
      "begin" : 74,
      "end" : 78,
      "text" : "info",
      "whiteSpace" : false
    }, {
      "id" : "s1-t9",
      "begin" : 79,
      "end" : 81,
      "text" : "on",
      "whiteSpace" : false
    }, {
      "id" : "s1-t10",
      "begin" : 82,
      "end" : 85,
      "text" : "the",
      "whiteSpace" : false
    }, {
      "id" : "s1-t11",
      "begin" : 86,
      "end" : 90,
      "text" : "back",
      "whiteSpace" : false
    }, {
      "id" : "s1-t12",
      "begin" : 91,
      "end" : 93,
      "text" : "of",
      "whiteSpace" : false
    }, {
      "id" : "s1-t13",
      "begin" : 94,
      "end" : 97,
      "text" : "the",
      "whiteSpace" : false
    }, {
      "id" : "s1-t14",
      "begin" : 98,
      "end" : 102,
      "text" : "card",
      "whiteSpace" : false
    }, {
      "id" : "s1-t15",
      "begin" : 103,
      "end" : 105,
      "text" : "to",
      "whiteSpace" : false
    }, {
      "id" : "s1-t16",
      "begin" : 106,
      "end" : 109,
      "text" : "use",
      "whiteSpace" : false
    }, {
      "id" : "s1-t17",
      "begin" : 110,
      "end" : 112,
      "text" : "it",
      "whiteSpace" : false
    }, {
      "id" : "s1-t18",
      "begin" : 112,
      "end" : 113,
      "text" : "?",
      "whiteSpace" : false
    } ]
  }, {
    "id" : "s2",
    "begin" : 114,
    "end" : 211,
    "text" : "Also, if I was to use my cell phone directly to call the USA from Canada, how\nmuch would it cost.",
    "tokens" : [ {
      "id" : "s2-t0",
      "begin" : 114,
      "end" : 118,
      "text" : "Also",
      "whiteSpace" : false
    }, {
      "id" : "s2-t1",
      "begin" : 118,
      "end" : 119,
      "text" : ",",
      "whiteSpace" : false
    }, {
      "id" : "s2-t2",
      "begin" : 120,
      "end" : 122,
      "text" : "if",
      "whiteSpace" : false
    }, {
      "id" : "s2-t3",
      "begin" : 123,
      "end" : 124,
      "text" : "I",
      "whiteSpace" : false
    }, {
      "id" : "s2-t4",
      "begin" : 125,
      "end" : 128,
      "text" : "was",
      "whiteSpace" : false
    }, {
      "id" : "s2-t5",
      "begin" : 129,
      "end" : 131,
      "text" : "to",
      "whiteSpace" : false
    }, {
      "id" : "s2-t6",
      "begin" : 132,
      "end" : 135,
      "text" : "use",
      "whiteSpace" : false
    }, {
      "id" : "s2-t7",
      "begin" : 136,
      "end" : 138,
      "text" : "my",
      "whiteSpace" : false
    }, {
      "id" : "s2-t8",
      "begin" : 139,
      "end" : 143,
      "text" : "cell",
      "whiteSpace" : false
    }, {
      "id" : "s2-t9",
      "begin" : 144,
      "end" : 149,
      "text" : "phone",
      "whiteSpace" : false
    }, {
      "id" : "s2-t10",
      "begin" : 150,
      "end" : 158,
      "text" : "directly",
      "whiteSpace" : false
    }, {
      "id" : "s2-t11",
      "begin" : 159,
      "end" : 161,
      "text" : "to",
      "whiteSpace" : false
    }, {
      "id" : "s2-t12",
      "begin" : 162,
      "end" : 166,
      "text" : "call",
      "whiteSpace" : false
    }, {
      "id" : "s2-t13",
      "begin" : 167,
      "end" : 170,
      "text" : "the",
      "whiteSpace" : false
    }, {
      "id" : "s2-t14",
      "begin" : 171,
      "end" : 174,
      "text" : "USA",
      "whiteSpace" : false
    }, {
      "id" : "s2-t15",
      "begin" : 175,
      "end" : 179,
      "text" : "from",
      "whiteSpace" : false
    }, {
      "id" : "s2-t16",
      "begin" : 180,
      "end" : 186,
      "text" : "Canada",
      "whiteSpace" : false
    }, {
      "id" : "s2-t17",
      "begin" : 186,
      "end" : 187,
      "text" : ",",
      "whiteSpace" : false
    }, {
      "id" : "s2-t18",
      "begin" : 188,
      "end" : 191,
      "text" : "how",
      "whiteSpace" : false
    }, {
      "id" : "s2-t19",
      "begin" : 192,
      "end" : 196,
      "text" : "much",
      "whiteSpace" : false
    }, {
      "id" : "s2-t20",
      "begin" : 197,
      "end" : 202,
      "text" : "would",
      "whiteSpace" : false
    }, {
      "id" : "s2-t21",
      "begin" : 203,
      "end" : 205,
      "text" : "it",
      "whiteSpace" : false
    }, {
      "id" : "s2-t22",
      "begin" : 206,
      "end" : 210,
      "text" : "cost",
      "whiteSpace" : false
    }, {
      "id" : "s2-t23",
      "begin" : 210,
      "end" : 211,
      "text" : ".",
      "whiteSpace" : false
    } ]
  } ],
  "mentions" : [ {
    "id" : "cm1",
    "properties" : {
      "SIRE_MENTION_ROLE" : "Service_Provider",
      "SIRE_ENTITY_SUBTYPE" : "NONE",
      "SIRE_MENTION_TYPE" : "NONE",
      "SIRE_MENTION_CLASS" : "SPC"
    },
    "type" : "Service_Provider",
    "begin" : 11,
    "end" : 19,
    "inCoref" : false
  } ],
  "relations" : [ ],
  "corefs" : [ ],
  "typeResolved" : true,
  "userResolved" : false
}