{
  "id" : "fe4eeaa0-fed6-11e6-8000-d92e1a7e5bd1-9",
  "name" : "159f2d7b63f76ef7d222dce979770098.txt",
  "version" : 3,
  "text" : "Switcher program\n\nI submitted every page of my Verizon bill and they still said I didn't have\nenough information to receive my money for switching from Verizon to\natt&amp;t;\n\n",
  "docLength" : 0,
  "language" : "EN",
  "status" : "READY",
  "modifiedDate" : 1488747240079,
  "documentSet" : [ ],
  "preannotation" : [ "PRE_LW" ],
  "sentences" : [ {
    "id" : "s0",
    "begin" : 0,
    "end" : 16,
    "text" : "Switcher program",
    "tokens" : [ {
      "id" : "s0-t0",
      "begin" : 0,
      "end" : 8,
      "text" : "Switcher",
      "whiteSpace" : false
    }, {
      "id" : "s0-t1",
      "begin" : 9,
      "end" : 16,
      "text" : "program",
      "whiteSpace" : false
    } ]
  }, {
    "id" : "s1",
    "begin" : 18,
    "end" : 173,
    "text" : "I submitted every page of my Verizon bill and they still said I didn't have\nenough information to receive my money for switching from Verizon to\natt&amp;t;",
    "tokens" : [ {
      "id" : "s1-t0",
      "begin" : 18,
      "end" : 19,
      "text" : "I",
      "whiteSpace" : false
    }, {
      "id" : "s1-t1",
      "begin" : 20,
      "end" : 29,
      "text" : "submitted",
      "whiteSpace" : false
    }, {
      "id" : "s1-t2",
      "begin" : 30,
      "end" : 35,
      "text" : "every",
      "whiteSpace" : false
    }, {
      "id" : "s1-t3",
      "begin" : 36,
      "end" : 40,
      "text" : "page",
      "whiteSpace" : false
    }, {
      "id" : "s1-t4",
      "begin" : 41,
      "end" : 43,
      "text" : "of",
      "whiteSpace" : false
    }, {
      "id" : "s1-t5",
      "begin" : 44,
      "end" : 46,
      "text" : "my",
      "whiteSpace" : false
    }, {
      "id" : "s1-t6",
      "begin" : 47,
      "end" : 54,
      "text" : "Verizon",
      "whiteSpace" : false
    }, {
      "id" : "s1-t7",
      "begin" : 55,
      "end" : 59,
      "text" : "bill",
      "whiteSpace" : false
    }, {
      "id" : "s1-t8",
      "begin" : 60,
      "end" : 63,
      "text" : "and",
      "whiteSpace" : false
    }, {
      "id" : "s1-t9",
      "begin" : 64,
      "end" : 68,
      "text" : "they",
      "whiteSpace" : false
    }, {
      "id" : "s1-t10",
      "begin" : 69,
      "end" : 74,
      "text" : "still",
      "whiteSpace" : false
    }, {
      "id" : "s1-t11",
      "begin" : 75,
      "end" : 79,
      "text" : "said",
      "whiteSpace" : false
    }, {
      "id" : "s1-t12",
      "begin" : 80,
      "end" : 81,
      "text" : "I",
      "whiteSpace" : false
    }, {
      "id" : "s1-t13",
      "begin" : 82,
      "end" : 85,
      "text" : "did",
      "whiteSpace" : false
    }, {
      "id" : "s1-t14",
      "begin" : 85,
      "end" : 88,
      "text" : "n't",
      "whiteSpace" : false
    }, {
      "id" : "s1-t15",
      "begin" : 89,
      "end" : 93,
      "text" : "have",
      "whiteSpace" : false
    }, {
      "id" : "s1-t16",
      "begin" : 94,
      "end" : 100,
      "text" : "enough",
      "whiteSpace" : false
    }, {
      "id" : "s1-t17",
      "begin" : 101,
      "end" : 112,
      "text" : "information",
      "whiteSpace" : false
    }, {
      "id" : "s1-t18",
      "begin" : 113,
      "end" : 115,
      "text" : "to",
      "whiteSpace" : false
    }, {
      "id" : "s1-t19",
      "begin" : 116,
      "end" : 123,
      "text" : "receive",
      "whiteSpace" : false
    }, {
      "id" : "s1-t20",
      "begin" : 124,
      "end" : 126,
      "text" : "my",
      "whiteSpace" : false
    }, {
      "id" : "s1-t21",
      "begin" : 127,
      "end" : 132,
      "text" : "money",
      "whiteSpace" : false
    }, {
      "id" : "s1-t22",
      "begin" : 133,
      "end" : 136,
      "text" : "for",
      "whiteSpace" : false
    }, {
      "id" : "s1-t23",
      "begin" : 137,
      "end" : 146,
      "text" : "switching",
      "whiteSpace" : false
    }, {
      "id" : "s1-t24",
      "begin" : 147,
      "end" : 151,
      "text" : "from",
      "whiteSpace" : false
    }, {
      "id" : "s1-t25",
      "begin" : 152,
      "end" : 159,
      "text" : "Verizon",
      "whiteSpace" : false
    }, {
      "id" : "s1-t26",
      "begin" : 160,
      "end" : 162,
      "text" : "to",
      "whiteSpace" : false
    }, {
      "id" : "s1-t27",
      "begin" : 163,
      "end" : 166,
      "text" : "att",
      "whiteSpace" : false
    }, {
      "id" : "s1-t28",
      "begin" : 166,
      "end" : 171,
      "text" : "&amp;",
      "whiteSpace" : false
    }, {
      "id" : "s1-t29",
      "begin" : 171,
      "end" : 173,
      "text" : "t;",
      "whiteSpace" : false
    } ]
  } ],
  "mentions" : [ {
    "id" : "cm1",
    "properties" : {
      "SIRE_MENTION_ROLE" : "Service_Provider",
      "SIRE_ENTITY_SUBTYPE" : "NONE",
      "SIRE_MENTION_TYPE" : "NONE",
      "SIRE_MENTION_CLASS" : "SPC"
    },
    "type" : "Service_Provider",
    "begin" : 47,
    "end" : 54,
    "inCoref" : false
  }, {
    "id" : "cm2",
    "properties" : {
      "SIRE_MENTION_ROLE" : "Service_Provider",
      "SIRE_ENTITY_SUBTYPE" : "NONE",
      "SIRE_MENTION_TYPE" : "NONE",
      "SIRE_MENTION_CLASS" : "SPC"
    },
    "type" : "Service_Provider",
    "begin" : 152,
    "end" : 159,
    "inCoref" : false
  }, {
    "id" : "s3-m0",
    "properties" : {
      "SIRE_MENTION_ROLE" : "Service_Provider",
      "SIRE_MENTION_TYPE" : "NONE",
      "SIRE_ENTITY_SUBTYPE" : "NONE",
      "SIRE_MENTION_CLASS" : "SPC"
    },
    "type" : "Service_Provider",
    "begin" : 163,
    "end" : 166,
    "inCoref" : false
  } ],
  "relations" : [ ],
  "corefs" : [ ],
  "typeResolved" : true,
  "userResolved" : false
}