{
  "id" : "fe4eeaa0-fed6-11e6-8000-d92e1a7e5bd1-3",
  "name" : "159f2d7b63f76ef7d222dce97933b21d.txt",
  "version" : 3,
  "text" : "Unlimited data plan price hike again\n\nSo I guess you'll just keep raising the grandfathered unlimited data plan by\nfive dollars until everyone moves over. Way to support your long-term loyal\ncustomers.Thanks At&amp;T;\n\n",
  "docLength" : 0,
  "language" : "EN",
  "status" : "READY",
  "modifiedDate" : 1488747288552,
  "documentSet" : [ ],
  "preannotation" : [ "PRE_LW" ],
  "sentences" : [ {
    "id" : "s0",
    "begin" : 0,
    "end" : 36,
    "text" : "Unlimited data plan price hike again",
    "tokens" : [ {
      "id" : "s0-t0",
      "begin" : 0,
      "end" : 9,
      "text" : "Unlimited",
      "whiteSpace" : false
    }, {
      "id" : "s0-t1",
      "begin" : 10,
      "end" : 14,
      "text" : "data",
      "whiteSpace" : false
    }, {
      "id" : "s0-t2",
      "begin" : 15,
      "end" : 19,
      "text" : "plan",
      "whiteSpace" : false
    }, {
      "id" : "s0-t3",
      "begin" : 20,
      "end" : 25,
      "text" : "price",
      "whiteSpace" : false
    }, {
      "id" : "s0-t4",
      "begin" : 26,
      "end" : 30,
      "text" : "hike",
      "whiteSpace" : false
    }, {
      "id" : "s0-t5",
      "begin" : 31,
      "end" : 36,
      "text" : "again",
      "whiteSpace" : false
    } ]
  }, {
    "id" : "s1",
    "begin" : 38,
    "end" : 154,
    "text" : "So I guess you'll just keep raising the grandfathered unlimited data plan by\nfive dollars until everyone moves over.",
    "tokens" : [ {
      "id" : "s1-t0",
      "begin" : 38,
      "end" : 40,
      "text" : "So",
      "whiteSpace" : false
    }, {
      "id" : "s1-t1",
      "begin" : 41,
      "end" : 42,
      "text" : "I",
      "whiteSpace" : false
    }, {
      "id" : "s1-t2",
      "begin" : 43,
      "end" : 48,
      "text" : "guess",
      "whiteSpace" : false
    }, {
      "id" : "s1-t3",
      "begin" : 49,
      "end" : 52,
      "text" : "you",
      "whiteSpace" : false
    }, {
      "id" : "s1-t4",
      "begin" : 52,
      "end" : 55,
      "text" : "'ll",
      "whiteSpace" : false
    }, {
      "id" : "s1-t5",
      "begin" : 56,
      "end" : 60,
      "text" : "just",
      "whiteSpace" : false
    }, {
      "id" : "s1-t6",
      "begin" : 61,
      "end" : 65,
      "text" : "keep",
      "whiteSpace" : false
    }, {
      "id" : "s1-t7",
      "begin" : 66,
      "end" : 73,
      "text" : "raising",
      "whiteSpace" : false
    }, {
      "id" : "s1-t8",
      "begin" : 74,
      "end" : 77,
      "text" : "the",
      "whiteSpace" : false
    }, {
      "id" : "s1-t9",
      "begin" : 78,
      "end" : 91,
      "text" : "grandfathered",
      "whiteSpace" : false
    }, {
      "id" : "s1-t10",
      "begin" : 92,
      "end" : 101,
      "text" : "unlimited",
      "whiteSpace" : false
    }, {
      "id" : "s1-t11",
      "begin" : 102,
      "end" : 106,
      "text" : "data",
      "whiteSpace" : false
    }, {
      "id" : "s1-t12",
      "begin" : 107,
      "end" : 111,
      "text" : "plan",
      "whiteSpace" : false
    }, {
      "id" : "s1-t13",
      "begin" : 112,
      "end" : 114,
      "text" : "by",
      "whiteSpace" : false
    }, {
      "id" : "s1-t14",
      "begin" : 115,
      "end" : 119,
      "text" : "five",
      "whiteSpace" : false
    }, {
      "id" : "s1-t15",
      "begin" : 120,
      "end" : 127,
      "text" : "dollars",
      "whiteSpace" : false
    }, {
      "id" : "s1-t16",
      "begin" : 128,
      "end" : 133,
      "text" : "until",
      "whiteSpace" : false
    }, {
      "id" : "s1-t17",
      "begin" : 134,
      "end" : 142,
      "text" : "everyone",
      "whiteSpace" : false
    }, {
      "id" : "s1-t18",
      "begin" : 143,
      "end" : 148,
      "text" : "moves",
      "whiteSpace" : false
    }, {
      "id" : "s1-t19",
      "begin" : 149,
      "end" : 153,
      "text" : "over",
      "whiteSpace" : false
    }, {
      "id" : "s1-t20",
      "begin" : 153,
      "end" : 154,
      "text" : ".",
      "whiteSpace" : false
    } ]
  }, {
    "id" : "s2",
    "begin" : 155,
    "end" : 201,
    "text" : "Way to support your long-term loyal\ncustomers.",
    "tokens" : [ {
      "id" : "s2-t0",
      "begin" : 155,
      "end" : 158,
      "text" : "Way",
      "whiteSpace" : false
    }, {
      "id" : "s2-t1",
      "begin" : 159,
      "end" : 161,
      "text" : "to",
      "whiteSpace" : false
    }, {
      "id" : "s2-t2",
      "begin" : 162,
      "end" : 169,
      "text" : "support",
      "whiteSpace" : false
    }, {
      "id" : "s2-t3",
      "begin" : 170,
      "end" : 174,
      "text" : "your",
      "whiteSpace" : false
    }, {
      "id" : "s2-t4",
      "begin" : 175,
      "end" : 184,
      "text" : "long-term",
      "whiteSpace" : false
    }, {
      "id" : "s2-t5",
      "begin" : 185,
      "end" : 190,
      "text" : "loyal",
      "whiteSpace" : false
    }, {
      "id" : "s2-t6",
      "begin" : 191,
      "end" : 200,
      "text" : "customers",
      "whiteSpace" : false
    }, {
      "id" : "s2-t7",
      "begin" : 200,
      "end" : 201,
      "text" : ".",
      "whiteSpace" : false
    } ]
  }, {
    "id" : "s3",
    "begin" : 201,
    "end" : 217,
    "text" : "Thanks At&amp;T;",
    "tokens" : [ {
      "id" : "s3-t0",
      "begin" : 201,
      "end" : 207,
      "text" : "Thanks",
      "whiteSpace" : false
    }, {
      "id" : "s3-t1",
      "begin" : 208,
      "end" : 210,
      "text" : "At",
      "whiteSpace" : false
    }, {
      "id" : "s3-t2",
      "begin" : 210,
      "end" : 215,
      "text" : "&amp;",
      "whiteSpace" : false
    }, {
      "id" : "s3-t3",
      "begin" : 215,
      "end" : 217,
      "text" : "T;",
      "whiteSpace" : false
    } ]
  } ],
  "mentions" : [ {
    "id" : "cm1",
    "properties" : {
      "SIRE_MENTION_ROLE" : "Service_Plan",
      "SIRE_ENTITY_SUBTYPE" : "NONE",
      "SIRE_MENTION_TYPE" : "NONE",
      "SIRE_MENTION_CLASS" : "SPC"
    },
    "type" : "Service_Plan",
    "begin" : 0,
    "end" : 19,
    "inCoref" : false
  }, {
    "id" : "cm3",
    "properties" : {
      "SIRE_MENTION_ROLE" : "Service_Plan",
      "SIRE_ENTITY_SUBTYPE" : "NONE",
      "SIRE_MENTION_TYPE" : "NONE",
      "SIRE_MENTION_CLASS" : "SPC"
    },
    "type" : "Service_Plan",
    "begin" : 15,
    "end" : 19,
    "inCoref" : false
  }, {
    "id" : "cm2",
    "properties" : {
      "SIRE_MENTION_ROLE" : "Service_Plan",
      "SIRE_ENTITY_SUBTYPE" : "NONE",
      "SIRE_MENTION_TYPE" : "NONE",
      "SIRE_MENTION_CLASS" : "SPC"
    },
    "type" : "Service_Plan",
    "begin" : 92,
    "end" : 111,
    "inCoref" : false
  }, {
    "id" : "cm4",
    "properties" : {
      "SIRE_MENTION_ROLE" : "Service_Plan",
      "SIRE_ENTITY_SUBTYPE" : "NONE",
      "SIRE_MENTION_TYPE" : "NONE",
      "SIRE_MENTION_CLASS" : "SPC"
    },
    "type" : "Service_Plan",
    "begin" : 107,
    "end" : 111,
    "inCoref" : false
  }, {
    "id" : "cm5",
    "properties" : {
      "SIRE_MENTION_ROLE" : "Service_Provider",
      "SIRE_ENTITY_SUBTYPE" : "NONE",
      "SIRE_MENTION_TYPE" : "NONE",
      "SIRE_MENTION_CLASS" : "SPC"
    },
    "type" : "Service_Provider",
    "begin" : 208,
    "end" : 216,
    "inCoref" : false
  } ],
  "relations" : [ ],
  "corefs" : [ ],
  "typeResolved" : true,
  "userResolved" : false
}