{
  "id" : "fe4eeaa0-fed6-11e6-8000-d92e1a7e5bd1-8",
  "name" : "159f2d7b63f76ef7d222dce979711077.txt",
  "version" : 3,
  "text" : "was told I was going to receive my deposits back from phones I didn't purchase\n\nwas told I was going to receive my deposits back from phones in march, still\nhaven't received anythingI didn't purchase phonesPurchased these phones with\nmy income tax moneyAnd please help me receive my money back, thx.Spoke with\ncustomer service, they weren't any helpon the phone and no one was any help\n\n",
  "docLength" : 0,
  "language" : "EN",
  "status" : "READY",
  "modifiedDate" : 1488747430035,
  "documentSet" : [ ],
  "preannotation" : [ "PRE_LW" ],
  "sentences" : [ {
    "id" : "s0",
    "begin" : 0,
    "end" : 78,
    "text" : "was told I was going to receive my deposits back from phones I didn't purchase",
    "tokens" : [ {
      "id" : "s0-t0",
      "begin" : 0,
      "end" : 3,
      "text" : "was",
      "whiteSpace" : false
    }, {
      "id" : "s0-t1",
      "begin" : 4,
      "end" : 8,
      "text" : "told",
      "whiteSpace" : false
    }, {
      "id" : "s0-t2",
      "begin" : 9,
      "end" : 10,
      "text" : "I",
      "whiteSpace" : false
    }, {
      "id" : "s0-t3",
      "begin" : 11,
      "end" : 14,
      "text" : "was",
      "whiteSpace" : false
    }, {
      "id" : "s0-t4",
      "begin" : 15,
      "end" : 20,
      "text" : "going",
      "whiteSpace" : false
    }, {
      "id" : "s0-t5",
      "begin" : 21,
      "end" : 23,
      "text" : "to",
      "whiteSpace" : false
    }, {
      "id" : "s0-t6",
      "begin" : 24,
      "end" : 31,
      "text" : "receive",
      "whiteSpace" : false
    }, {
      "id" : "s0-t7",
      "begin" : 32,
      "end" : 34,
      "text" : "my",
      "whiteSpace" : false
    }, {
      "id" : "s0-t8",
      "begin" : 35,
      "end" : 43,
      "text" : "deposits",
      "whiteSpace" : false
    }, {
      "id" : "s0-t9",
      "begin" : 44,
      "end" : 48,
      "text" : "back",
      "whiteSpace" : false
    }, {
      "id" : "s0-t10",
      "begin" : 49,
      "end" : 53,
      "text" : "from",
      "whiteSpace" : false
    }, {
      "id" : "s0-t11",
      "begin" : 54,
      "end" : 60,
      "text" : "phones",
      "whiteSpace" : false
    }, {
      "id" : "s0-t12",
      "begin" : 61,
      "end" : 62,
      "text" : "I",
      "whiteSpace" : false
    }, {
      "id" : "s0-t13",
      "begin" : 63,
      "end" : 66,
      "text" : "did",
      "whiteSpace" : false
    }, {
      "id" : "s0-t14",
      "begin" : 66,
      "end" : 69,
      "text" : "n't",
      "whiteSpace" : false
    }, {
      "id" : "s0-t15",
      "begin" : 70,
      "end" : 78,
      "text" : "purchase",
      "whiteSpace" : false
    } ]
  }, {
    "id" : "s1",
    "begin" : 80,
    "end" : 299,
    "text" : "was told I was going to receive my deposits back from phones in march, still\nhaven't received anythingI didn't purchase phonesPurchased these phones with\nmy income tax moneyAnd please help me receive my money back, thx.",
    "tokens" : [ {
      "id" : "s1-t0",
      "begin" : 80,
      "end" : 83,
      "text" : "was",
      "whiteSpace" : false
    }, {
      "id" : "s1-t1",
      "begin" : 84,
      "end" : 88,
      "text" : "told",
      "whiteSpace" : false
    }, {
      "id" : "s1-t2",
      "begin" : 89,
      "end" : 90,
      "text" : "I",
      "whiteSpace" : false
    }, {
      "id" : "s1-t3",
      "begin" : 91,
      "end" : 94,
      "text" : "was",
      "whiteSpace" : false
    }, {
      "id" : "s1-t4",
      "begin" : 95,
      "end" : 100,
      "text" : "going",
      "whiteSpace" : false
    }, {
      "id" : "s1-t5",
      "begin" : 101,
      "end" : 103,
      "text" : "to",
      "whiteSpace" : false
    }, {
      "id" : "s1-t6",
      "begin" : 104,
      "end" : 111,
      "text" : "receive",
      "whiteSpace" : false
    }, {
      "id" : "s1-t7",
      "begin" : 112,
      "end" : 114,
      "text" : "my",
      "whiteSpace" : false
    }, {
      "id" : "s1-t8",
      "begin" : 115,
      "end" : 123,
      "text" : "deposits",
      "whiteSpace" : false
    }, {
      "id" : "s1-t9",
      "begin" : 124,
      "end" : 128,
      "text" : "back",
      "whiteSpace" : false
    }, {
      "id" : "s1-t10",
      "begin" : 129,
      "end" : 133,
      "text" : "from",
      "whiteSpace" : false
    }, {
      "id" : "s1-t11",
      "begin" : 134,
      "end" : 140,
      "text" : "phones",
      "whiteSpace" : false
    }, {
      "id" : "s1-t12",
      "begin" : 141,
      "end" : 143,
      "text" : "in",
      "whiteSpace" : false
    }, {
      "id" : "s1-t13",
      "begin" : 144,
      "end" : 149,
      "text" : "march",
      "whiteSpace" : false
    }, {
      "id" : "s1-t14",
      "begin" : 149,
      "end" : 150,
      "text" : ",",
      "whiteSpace" : false
    }, {
      "id" : "s1-t15",
      "begin" : 151,
      "end" : 156,
      "text" : "still",
      "whiteSpace" : false
    }, {
      "id" : "s1-t16",
      "begin" : 157,
      "end" : 161,
      "text" : "have",
      "whiteSpace" : false
    }, {
      "id" : "s1-t17",
      "begin" : 161,
      "end" : 164,
      "text" : "n't",
      "whiteSpace" : false
    }, {
      "id" : "s1-t18",
      "begin" : 165,
      "end" : 173,
      "text" : "received",
      "whiteSpace" : false
    }, {
      "id" : "s1-t19",
      "begin" : 174,
      "end" : 183,
      "text" : "anythingI",
      "whiteSpace" : false
    }, {
      "id" : "s1-t20",
      "begin" : 184,
      "end" : 187,
      "text" : "did",
      "whiteSpace" : false
    }, {
      "id" : "s1-t21",
      "begin" : 187,
      "end" : 190,
      "text" : "n't",
      "whiteSpace" : false
    }, {
      "id" : "s1-t22",
      "begin" : 191,
      "end" : 199,
      "text" : "purchase",
      "whiteSpace" : false
    }, {
      "id" : "s1-t23",
      "begin" : 200,
      "end" : 215,
      "text" : "phonesPurchased",
      "whiteSpace" : false
    }, {
      "id" : "s1-t24",
      "begin" : 216,
      "end" : 221,
      "text" : "these",
      "whiteSpace" : false
    }, {
      "id" : "s1-t25",
      "begin" : 222,
      "end" : 228,
      "text" : "phones",
      "whiteSpace" : false
    }, {
      "id" : "s1-t26",
      "begin" : 229,
      "end" : 233,
      "text" : "with",
      "whiteSpace" : false
    }, {
      "id" : "s1-t27",
      "begin" : 234,
      "end" : 236,
      "text" : "my",
      "whiteSpace" : false
    }, {
      "id" : "s1-t28",
      "begin" : 237,
      "end" : 243,
      "text" : "income",
      "whiteSpace" : false
    }, {
      "id" : "s1-t29",
      "begin" : 244,
      "end" : 247,
      "text" : "tax",
      "whiteSpace" : false
    }, {
      "id" : "s1-t30",
      "begin" : 248,
      "end" : 256,
      "text" : "moneyAnd",
      "whiteSpace" : false
    }, {
      "id" : "s1-t31",
      "begin" : 257,
      "end" : 263,
      "text" : "please",
      "whiteSpace" : false
    }, {
      "id" : "s1-t32",
      "begin" : 264,
      "end" : 268,
      "text" : "help",
      "whiteSpace" : false
    }, {
      "id" : "s1-t33",
      "begin" : 269,
      "end" : 271,
      "text" : "me",
      "whiteSpace" : false
    }, {
      "id" : "s1-t34",
      "begin" : 272,
      "end" : 279,
      "text" : "receive",
      "whiteSpace" : false
    }, {
      "id" : "s1-t35",
      "begin" : 280,
      "end" : 282,
      "text" : "my",
      "whiteSpace" : false
    }, {
      "id" : "s1-t36",
      "begin" : 283,
      "end" : 288,
      "text" : "money",
      "whiteSpace" : false
    }, {
      "id" : "s1-t37",
      "begin" : 289,
      "end" : 293,
      "text" : "back",
      "whiteSpace" : false
    }, {
      "id" : "s1-t38",
      "begin" : 293,
      "end" : 294,
      "text" : ",",
      "whiteSpace" : false
    }, {
      "id" : "s1-t39",
      "begin" : 295,
      "end" : 298,
      "text" : "thx",
      "whiteSpace" : false
    }, {
      "id" : "s1-t40",
      "begin" : 298,
      "end" : 299,
      "text" : ".",
      "whiteSpace" : false
    } ]
  }, {
    "id" : "s2",
    "begin" : 299,
    "end" : 385,
    "text" : "Spoke with\ncustomer service, they weren't any helpon the phone and no one was any help",
    "tokens" : [ {
      "id" : "s2-t0",
      "begin" : 299,
      "end" : 304,
      "text" : "Spoke",
      "whiteSpace" : false
    }, {
      "id" : "s2-t1",
      "begin" : 305,
      "end" : 309,
      "text" : "with",
      "whiteSpace" : false
    }, {
      "id" : "s2-t2",
      "begin" : 310,
      "end" : 318,
      "text" : "customer",
      "whiteSpace" : false
    }, {
      "id" : "s2-t3",
      "begin" : 319,
      "end" : 326,
      "text" : "service",
      "whiteSpace" : false
    }, {
      "id" : "s2-t4",
      "begin" : 326,
      "end" : 327,
      "text" : ",",
      "whiteSpace" : false
    }, {
      "id" : "s2-t5",
      "begin" : 328,
      "end" : 332,
      "text" : "they",
      "whiteSpace" : false
    }, {
      "id" : "s2-t6",
      "begin" : 333,
      "end" : 337,
      "text" : "were",
      "whiteSpace" : false
    }, {
      "id" : "s2-t7",
      "begin" : 337,
      "end" : 340,
      "text" : "n't",
      "whiteSpace" : false
    }, {
      "id" : "s2-t8",
      "begin" : 341,
      "end" : 344,
      "text" : "any",
      "whiteSpace" : false
    }, {
      "id" : "s2-t9",
      "begin" : 345,
      "end" : 351,
      "text" : "helpon",
      "whiteSpace" : false
    }, {
      "id" : "s2-t10",
      "begin" : 352,
      "end" : 355,
      "text" : "the",
      "whiteSpace" : false
    }, {
      "id" : "s2-t11",
      "begin" : 356,
      "end" : 361,
      "text" : "phone",
      "whiteSpace" : false
    }, {
      "id" : "s2-t12",
      "begin" : 362,
      "end" : 365,
      "text" : "and",
      "whiteSpace" : false
    }, {
      "id" : "s2-t13",
      "begin" : 366,
      "end" : 368,
      "text" : "no",
      "whiteSpace" : false
    }, {
      "id" : "s2-t14",
      "begin" : 369,
      "end" : 372,
      "text" : "one",
      "whiteSpace" : false
    }, {
      "id" : "s2-t15",
      "begin" : 373,
      "end" : 376,
      "text" : "was",
      "whiteSpace" : false
    }, {
      "id" : "s2-t16",
      "begin" : 377,
      "end" : 380,
      "text" : "any",
      "whiteSpace" : false
    }, {
      "id" : "s2-t17",
      "begin" : 381,
      "end" : 385,
      "text" : "help",
      "whiteSpace" : false
    } ]
  } ],
  "mentions" : [ ],
  "relations" : [ ],
  "corefs" : [ ],
  "typeResolved" : true,
  "userResolved" : false
}