{
  "id" : "fe4eeaa0-fed6-11e6-8000-d92e1a7e5bd1-2",
  "name" : "159f2d7b63f76ef7d222dce97911ba8f.txt",
  "version" : 3,
  "text" : "Moving abroad and suspend line from Mobile Share\n\nI have a 15GB Mobile Share with 10 devices on it.I will be moving abroad, will\nalso be traveling to and from the US a few times a year.Most of the lines are\niPads/tablets, so it's only $10 a month. However if I'm not in the US, it's\nuseless to have. I have about 4 lines that I will be using only a few months\nout of the year, one of them is a smartphone, so I'm looking at\n$30+$10+$10+$10=$60 a month.I'm wondering is there an option to suspend the\nline without canceling it? (basically keep the line, but don't pay for it) I\ncould cancel the line, but then I'd have to pay a $36 activation fee every\ntime; that would defeat the point.-= ranron =-Silver iPhone 5s - AT&amp;T; /\n450 Rollover Minutes + 200 Bonus Minutes / Unlimited Int'l Data / 50 Roaming\nMessages / WorldTraveler / WorldConnectGray iPhone 5s - China Mobile / 1200\nMinutes / 3GB data[Note: I am not affiliated with AT&amp;T;]Solved!Go to\nSolution.\n\n",
  "docLength" : 0,
  "language" : "EN",
  "status" : "READY",
  "modifiedDate" : 1488747187902,
  "documentSet" : [ ],
  "preannotation" : [ "PRE_LW" ],
  "sentences" : [ {
    "id" : "s0",
    "begin" : 0,
    "end" : 48,
    "text" : "Moving abroad and suspend line from Mobile Share",
    "tokens" : [ {
      "id" : "s0-t0",
      "begin" : 0,
      "end" : 6,
      "text" : "Moving",
      "whiteSpace" : false
    }, {
      "id" : "s0-t1",
      "begin" : 7,
      "end" : 13,
      "text" : "abroad",
      "whiteSpace" : false
    }, {
      "id" : "s0-t2",
      "begin" : 14,
      "end" : 17,
      "text" : "and",
      "whiteSpace" : false
    }, {
      "id" : "s0-t3",
      "begin" : 18,
      "end" : 25,
      "text" : "suspend",
      "whiteSpace" : false
    }, {
      "id" : "s0-t4",
      "begin" : 26,
      "end" : 30,
      "text" : "line",
      "whiteSpace" : false
    }, {
      "id" : "s0-t5",
      "begin" : 31,
      "end" : 35,
      "text" : "from",
      "whiteSpace" : false
    }, {
      "id" : "s0-t6",
      "begin" : 36,
      "end" : 42,
      "text" : "Mobile",
      "whiteSpace" : false
    }, {
      "id" : "s0-t7",
      "begin" : 43,
      "end" : 48,
      "text" : "Share",
      "whiteSpace" : false
    } ]
  }, {
    "id" : "s1",
    "begin" : 50,
    "end" : 185,
    "text" : "I have a 15GB Mobile Share with 10 devices on it.I will be moving abroad, will\nalso be traveling to and from the US a few times a year.",
    "tokens" : [ {
      "id" : "s1-t0",
      "begin" : 50,
      "end" : 51,
      "text" : "I",
      "whiteSpace" : false
    }, {
      "id" : "s1-t1",
      "begin" : 52,
      "end" : 56,
      "text" : "have",
      "whiteSpace" : false
    }, {
      "id" : "s1-t2",
      "begin" : 57,
      "end" : 58,
      "text" : "a",
      "whiteSpace" : false
    }, {
      "id" : "s1-t3",
      "begin" : 59,
      "end" : 63,
      "text" : "15GB",
      "whiteSpace" : false
    }, {
      "id" : "s1-t4",
      "begin" : 64,
      "end" : 70,
      "text" : "Mobile",
      "whiteSpace" : false
    }, {
      "id" : "s1-t5",
      "begin" : 71,
      "end" : 76,
      "text" : "Share",
      "whiteSpace" : false
    }, {
      "id" : "s1-t6",
      "begin" : 77,
      "end" : 81,
      "text" : "with",
      "whiteSpace" : false
    }, {
      "id" : "s1-t7",
      "begin" : 82,
      "end" : 84,
      "text" : "10",
      "whiteSpace" : false
    }, {
      "id" : "s1-t8",
      "begin" : 85,
      "end" : 92,
      "text" : "devices",
      "whiteSpace" : false
    }, {
      "id" : "s1-t9",
      "begin" : 93,
      "end" : 95,
      "text" : "on",
      "whiteSpace" : false
    }, {
      "id" : "s1-t10",
      "begin" : 96,
      "end" : 100,
      "text" : "it.I",
      "whiteSpace" : false
    }, {
      "id" : "s1-t11",
      "begin" : 101,
      "end" : 105,
      "text" : "will",
      "whiteSpace" : false
    }, {
      "id" : "s1-t12",
      "begin" : 106,
      "end" : 108,
      "text" : "be",
      "whiteSpace" : false
    }, {
      "id" : "s1-t13",
      "begin" : 109,
      "end" : 115,
      "text" : "moving",
      "whiteSpace" : false
    }, {
      "id" : "s1-t14",
      "begin" : 116,
      "end" : 122,
      "text" : "abroad",
      "whiteSpace" : false
    }, {
      "id" : "s1-t15",
      "begin" : 122,
      "end" : 123,
      "text" : ",",
      "whiteSpace" : false
    }, {
      "id" : "s1-t16",
      "begin" : 124,
      "end" : 128,
      "text" : "will",
      "whiteSpace" : false
    }, {
      "id" : "s1-t17",
      "begin" : 129,
      "end" : 133,
      "text" : "also",
      "whiteSpace" : false
    }, {
      "id" : "s1-t18",
      "begin" : 134,
      "end" : 136,
      "text" : "be",
      "whiteSpace" : false
    }, {
      "id" : "s1-t19",
      "begin" : 137,
      "end" : 146,
      "text" : "traveling",
      "whiteSpace" : false
    }, {
      "id" : "s1-t20",
      "begin" : 147,
      "end" : 149,
      "text" : "to",
      "whiteSpace" : false
    }, {
      "id" : "s1-t21",
      "begin" : 150,
      "end" : 153,
      "text" : "and",
      "whiteSpace" : false
    }, {
      "id" : "s1-t22",
      "begin" : 154,
      "end" : 158,
      "text" : "from",
      "whiteSpace" : false
    }, {
      "id" : "s1-t23",
      "begin" : 159,
      "end" : 162,
      "text" : "the",
      "whiteSpace" : false
    }, {
      "id" : "s1-t24",
      "begin" : 163,
      "end" : 165,
      "text" : "US",
      "whiteSpace" : false
    }, {
      "id" : "s1-t25",
      "begin" : 166,
      "end" : 167,
      "text" : "a",
      "whiteSpace" : false
    }, {
      "id" : "s1-t26",
      "begin" : 168,
      "end" : 171,
      "text" : "few",
      "whiteSpace" : false
    }, {
      "id" : "s1-t27",
      "begin" : 172,
      "end" : 177,
      "text" : "times",
      "whiteSpace" : false
    }, {
      "id" : "s1-t28",
      "begin" : 178,
      "end" : 179,
      "text" : "a",
      "whiteSpace" : false
    }, {
      "id" : "s1-t29",
      "begin" : 180,
      "end" : 184,
      "text" : "year",
      "whiteSpace" : false
    }, {
      "id" : "s1-t30",
      "begin" : 184,
      "end" : 185,
      "text" : ".",
      "whiteSpace" : false
    } ]
  }, {
    "id" : "s2",
    "begin" : 185,
    "end" : 247,
    "text" : "Most of the lines are\niPads/tablets, so it's only $10 a month.",
    "tokens" : [ {
      "id" : "s2-t0",
      "begin" : 185,
      "end" : 189,
      "text" : "Most",
      "whiteSpace" : false
    }, {
      "id" : "s2-t1",
      "begin" : 190,
      "end" : 192,
      "text" : "of",
      "whiteSpace" : false
    }, {
      "id" : "s2-t2",
      "begin" : 193,
      "end" : 196,
      "text" : "the",
      "whiteSpace" : false
    }, {
      "id" : "s2-t3",
      "begin" : 197,
      "end" : 202,
      "text" : "lines",
      "whiteSpace" : false
    }, {
      "id" : "s2-t4",
      "begin" : 203,
      "end" : 206,
      "text" : "are",
      "whiteSpace" : false
    }, {
      "id" : "s2-t5",
      "begin" : 207,
      "end" : 220,
      "text" : "iPads/tablets",
      "whiteSpace" : false
    }, {
      "id" : "s2-t6",
      "begin" : 220,
      "end" : 221,
      "text" : ",",
      "whiteSpace" : false
    }, {
      "id" : "s2-t7",
      "begin" : 222,
      "end" : 224,
      "text" : "so",
      "whiteSpace" : false
    }, {
      "id" : "s2-t8",
      "begin" : 225,
      "end" : 227,
      "text" : "it",
      "whiteSpace" : false
    }, {
      "id" : "s2-t9",
      "begin" : 227,
      "end" : 229,
      "text" : "'s",
      "whiteSpace" : false
    }, {
      "id" : "s2-t10",
      "begin" : 230,
      "end" : 234,
      "text" : "only",
      "whiteSpace" : false
    }, {
      "id" : "s2-t11",
      "begin" : 235,
      "end" : 236,
      "text" : "$",
      "whiteSpace" : false
    }, {
      "id" : "s2-t12",
      "begin" : 236,
      "end" : 238,
      "text" : "10",
      "whiteSpace" : false
    }, {
      "id" : "s2-t13",
      "begin" : 239,
      "end" : 240,
      "text" : "a",
      "whiteSpace" : false
    }, {
      "id" : "s2-t14",
      "begin" : 241,
      "end" : 246,
      "text" : "month",
      "whiteSpace" : false
    }, {
      "id" : "s2-t15",
      "begin" : 246,
      "end" : 247,
      "text" : ".",
      "whiteSpace" : false
    } ]
  }, {
    "id" : "s3",
    "begin" : 248,
    "end" : 299,
    "text" : "However if I'm not in the US, it's\nuseless to have.",
    "tokens" : [ {
      "id" : "s3-t0",
      "begin" : 248,
      "end" : 255,
      "text" : "However",
      "whiteSpace" : false
    }, {
      "id" : "s3-t1",
      "begin" : 256,
      "end" : 258,
      "text" : "if",
      "whiteSpace" : false
    }, {
      "id" : "s3-t2",
      "begin" : 259,
      "end" : 260,
      "text" : "I",
      "whiteSpace" : false
    }, {
      "id" : "s3-t3",
      "begin" : 260,
      "end" : 262,
      "text" : "'m",
      "whiteSpace" : false
    }, {
      "id" : "s3-t4",
      "begin" : 263,
      "end" : 266,
      "text" : "not",
      "whiteSpace" : false
    }, {
      "id" : "s3-t5",
      "begin" : 267,
      "end" : 269,
      "text" : "in",
      "whiteSpace" : false
    }, {
      "id" : "s3-t6",
      "begin" : 270,
      "end" : 273,
      "text" : "the",
      "whiteSpace" : false
    }, {
      "id" : "s3-t7",
      "begin" : 274,
      "end" : 276,
      "text" : "US",
      "whiteSpace" : false
    }, {
      "id" : "s3-t8",
      "begin" : 276,
      "end" : 277,
      "text" : ",",
      "whiteSpace" : false
    }, {
      "id" : "s3-t9",
      "begin" : 278,
      "end" : 280,
      "text" : "it",
      "whiteSpace" : false
    }, {
      "id" : "s3-t10",
      "begin" : 280,
      "end" : 282,
      "text" : "'s",
      "whiteSpace" : false
    }, {
      "id" : "s3-t11",
      "begin" : 283,
      "end" : 290,
      "text" : "useless",
      "whiteSpace" : false
    }, {
      "id" : "s3-t12",
      "begin" : 291,
      "end" : 293,
      "text" : "to",
      "whiteSpace" : false
    }, {
      "id" : "s3-t13",
      "begin" : 294,
      "end" : 298,
      "text" : "have",
      "whiteSpace" : false
    }, {
      "id" : "s3-t14",
      "begin" : 298,
      "end" : 299,
      "text" : ".",
      "whiteSpace" : false
    } ]
  }, {
    "id" : "s4",
    "begin" : 300,
    "end" : 526,
    "text" : "I have about 4 lines that I will be using only a few months\nout of the year, one of them is a smartphone, so I'm looking at\n$30+$10+$10+$10=$60 a month.I'm wondering is there an option to suspend the\nline without canceling it?",
    "tokens" : [ {
      "id" : "s4-t0",
      "begin" : 300,
      "end" : 301,
      "text" : "I",
      "whiteSpace" : false
    }, {
      "id" : "s4-t1",
      "begin" : 302,
      "end" : 306,
      "text" : "have",
      "whiteSpace" : false
    }, {
      "id" : "s4-t2",
      "begin" : 307,
      "end" : 312,
      "text" : "about",
      "whiteSpace" : false
    }, {
      "id" : "s4-t3",
      "begin" : 313,
      "end" : 314,
      "text" : "4",
      "whiteSpace" : false
    }, {
      "id" : "s4-t4",
      "begin" : 315,
      "end" : 320,
      "text" : "lines",
      "whiteSpace" : false
    }, {
      "id" : "s4-t5",
      "begin" : 321,
      "end" : 325,
      "text" : "that",
      "whiteSpace" : false
    }, {
      "id" : "s4-t6",
      "begin" : 326,
      "end" : 327,
      "text" : "I",
      "whiteSpace" : false
    }, {
      "id" : "s4-t7",
      "begin" : 328,
      "end" : 332,
      "text" : "will",
      "whiteSpace" : false
    }, {
      "id" : "s4-t8",
      "begin" : 333,
      "end" : 335,
      "text" : "be",
      "whiteSpace" : false
    }, {
      "id" : "s4-t9",
      "begin" : 336,
      "end" : 341,
      "text" : "using",
      "whiteSpace" : false
    }, {
      "id" : "s4-t10",
      "begin" : 342,
      "end" : 346,
      "text" : "only",
      "whiteSpace" : false
    }, {
      "id" : "s4-t11",
      "begin" : 347,
      "end" : 348,
      "text" : "a",
      "whiteSpace" : false
    }, {
      "id" : "s4-t12",
      "begin" : 349,
      "end" : 352,
      "text" : "few",
      "whiteSpace" : false
    }, {
      "id" : "s4-t13",
      "begin" : 353,
      "end" : 359,
      "text" : "months",
      "whiteSpace" : false
    }, {
      "id" : "s4-t14",
      "begin" : 360,
      "end" : 363,
      "text" : "out",
      "whiteSpace" : false
    }, {
      "id" : "s4-t15",
      "begin" : 364,
      "end" : 366,
      "text" : "of",
      "whiteSpace" : false
    }, {
      "id" : "s4-t16",
      "begin" : 367,
      "end" : 370,
      "text" : "the",
      "whiteSpace" : false
    }, {
      "id" : "s4-t17",
      "begin" : 371,
      "end" : 375,
      "text" : "year",
      "whiteSpace" : false
    }, {
      "id" : "s4-t18",
      "begin" : 375,
      "end" : 376,
      "text" : ",",
      "whiteSpace" : false
    }, {
      "id" : "s4-t19",
      "begin" : 377,
      "end" : 380,
      "text" : "one",
      "whiteSpace" : false
    }, {
      "id" : "s4-t20",
      "begin" : 381,
      "end" : 383,
      "text" : "of",
      "whiteSpace" : false
    }, {
      "id" : "s4-t21",
      "begin" : 384,
      "end" : 388,
      "text" : "them",
      "whiteSpace" : false
    }, {
      "id" : "s4-t22",
      "begin" : 389,
      "end" : 391,
      "text" : "is",
      "whiteSpace" : false
    }, {
      "id" : "s4-t23",
      "begin" : 392,
      "end" : 393,
      "text" : "a",
      "whiteSpace" : false
    }, {
      "id" : "s4-t24",
      "begin" : 394,
      "end" : 404,
      "text" : "smartphone",
      "whiteSpace" : false
    }, {
      "id" : "s4-t25",
      "begin" : 404,
      "end" : 405,
      "text" : ",",
      "whiteSpace" : false
    }, {
      "id" : "s4-t26",
      "begin" : 406,
      "end" : 408,
      "text" : "so",
      "whiteSpace" : false
    }, {
      "id" : "s4-t27",
      "begin" : 409,
      "end" : 410,
      "text" : "I",
      "whiteSpace" : false
    }, {
      "id" : "s4-t28",
      "begin" : 410,
      "end" : 412,
      "text" : "'m",
      "whiteSpace" : false
    }, {
      "id" : "s4-t29",
      "begin" : 413,
      "end" : 420,
      "text" : "looking",
      "whiteSpace" : false
    }, {
      "id" : "s4-t30",
      "begin" : 421,
      "end" : 423,
      "text" : "at",
      "whiteSpace" : false
    }, {
      "id" : "s4-t31",
      "begin" : 424,
      "end" : 425,
      "text" : "$",
      "whiteSpace" : false
    }, {
      "id" : "s4-t32",
      "begin" : 425,
      "end" : 427,
      "text" : "30",
      "whiteSpace" : false
    }, {
      "id" : "s4-t33",
      "begin" : 427,
      "end" : 428,
      "text" : "+",
      "whiteSpace" : false
    }, {
      "id" : "s4-t34",
      "begin" : 428,
      "end" : 431,
      "text" : "$10",
      "whiteSpace" : false
    }, {
      "id" : "s4-t35",
      "begin" : 431,
      "end" : 432,
      "text" : "+",
      "whiteSpace" : false
    }, {
      "id" : "s4-t36",
      "begin" : 432,
      "end" : 435,
      "text" : "$10",
      "whiteSpace" : false
    }, {
      "id" : "s4-t37",
      "begin" : 435,
      "end" : 436,
      "text" : "+",
      "whiteSpace" : false
    }, {
      "id" : "s4-t38",
      "begin" : 436,
      "end" : 439,
      "text" : "$10",
      "whiteSpace" : false
    }, {
      "id" : "s4-t39",
      "begin" : 439,
      "end" : 440,
      "text" : "=",
      "whiteSpace" : false
    }, {
      "id" : "s4-t40",
      "begin" : 440,
      "end" : 443,
      "text" : "$60",
      "whiteSpace" : false
    }, {
      "id" : "s4-t41",
      "begin" : 444,
      "end" : 445,
      "text" : "a",
      "whiteSpace" : false
    }, {
      "id" : "s4-t42",
      "begin" : 446,
      "end" : 453,
      "text" : "month.I",
      "whiteSpace" : false
    }, {
      "id" : "s4-t43",
      "begin" : 453,
      "end" : 455,
      "text" : "'m",
      "whiteSpace" : false
    }, {
      "id" : "s4-t44",
      "begin" : 456,
      "end" : 465,
      "text" : "wondering",
      "whiteSpace" : false
    }, {
      "id" : "s4-t45",
      "begin" : 466,
      "end" : 468,
      "text" : "is",
      "whiteSpace" : false
    }, {
      "id" : "s4-t46",
      "begin" : 469,
      "end" : 474,
      "text" : "there",
      "whiteSpace" : false
    }, {
      "id" : "s4-t47",
      "begin" : 475,
      "end" : 477,
      "text" : "an",
      "whiteSpace" : false
    }, {
      "id" : "s4-t48",
      "begin" : 478,
      "end" : 484,
      "text" : "option",
      "whiteSpace" : false
    }, {
      "id" : "s4-t49",
      "begin" : 485,
      "end" : 487,
      "text" : "to",
      "whiteSpace" : false
    }, {
      "id" : "s4-t50",
      "begin" : 488,
      "end" : 495,
      "text" : "suspend",
      "whiteSpace" : false
    }, {
      "id" : "s4-t51",
      "begin" : 496,
      "end" : 499,
      "text" : "the",
      "whiteSpace" : false
    }, {
      "id" : "s4-t52",
      "begin" : 500,
      "end" : 504,
      "text" : "line",
      "whiteSpace" : false
    }, {
      "id" : "s4-t53",
      "begin" : 505,
      "end" : 512,
      "text" : "without",
      "whiteSpace" : false
    }, {
      "id" : "s4-t54",
      "begin" : 513,
      "end" : 522,
      "text" : "canceling",
      "whiteSpace" : false
    }, {
      "id" : "s4-t55",
      "begin" : 523,
      "end" : 525,
      "text" : "it",
      "whiteSpace" : false
    }, {
      "id" : "s4-t56",
      "begin" : 525,
      "end" : 526,
      "text" : "?",
      "whiteSpace" : false
    } ]
  }, {
    "id" : "s5",
    "begin" : 527,
    "end" : 686,
    "text" : "(basically keep the line, but don't pay for it) I\ncould cancel the line, but then I'd have to pay a $36 activation fee every\ntime; that would defeat the point.",
    "tokens" : [ {
      "id" : "s5-t0",
      "begin" : 527,
      "end" : 528,
      "text" : "(",
      "whiteSpace" : false
    }, {
      "id" : "s5-t1",
      "begin" : 528,
      "end" : 537,
      "text" : "basically",
      "whiteSpace" : false
    }, {
      "id" : "s5-t2",
      "begin" : 538,
      "end" : 542,
      "text" : "keep",
      "whiteSpace" : false
    }, {
      "id" : "s5-t3",
      "begin" : 543,
      "end" : 546,
      "text" : "the",
      "whiteSpace" : false
    }, {
      "id" : "s5-t4",
      "begin" : 547,
      "end" : 551,
      "text" : "line",
      "whiteSpace" : false
    }, {
      "id" : "s5-t5",
      "begin" : 551,
      "end" : 552,
      "text" : ",",
      "whiteSpace" : false
    }, {
      "id" : "s5-t6",
      "begin" : 553,
      "end" : 556,
      "text" : "but",
      "whiteSpace" : false
    }, {
      "id" : "s5-t7",
      "begin" : 557,
      "end" : 559,
      "text" : "do",
      "whiteSpace" : false
    }, {
      "id" : "s5-t8",
      "begin" : 559,
      "end" : 562,
      "text" : "n't",
      "whiteSpace" : false
    }, {
      "id" : "s5-t9",
      "begin" : 563,
      "end" : 566,
      "text" : "pay",
      "whiteSpace" : false
    }, {
      "id" : "s5-t10",
      "begin" : 567,
      "end" : 570,
      "text" : "for",
      "whiteSpace" : false
    }, {
      "id" : "s5-t11",
      "begin" : 571,
      "end" : 573,
      "text" : "it",
      "whiteSpace" : false
    }, {
      "id" : "s5-t12",
      "begin" : 573,
      "end" : 574,
      "text" : ")",
      "whiteSpace" : false
    }, {
      "id" : "s5-t13",
      "begin" : 575,
      "end" : 576,
      "text" : "I",
      "whiteSpace" : false
    }, {
      "id" : "s5-t14",
      "begin" : 577,
      "end" : 582,
      "text" : "could",
      "whiteSpace" : false
    }, {
      "id" : "s5-t15",
      "begin" : 583,
      "end" : 589,
      "text" : "cancel",
      "whiteSpace" : false
    }, {
      "id" : "s5-t16",
      "begin" : 590,
      "end" : 593,
      "text" : "the",
      "whiteSpace" : false
    }, {
      "id" : "s5-t17",
      "begin" : 594,
      "end" : 598,
      "text" : "line",
      "whiteSpace" : false
    }, {
      "id" : "s5-t18",
      "begin" : 598,
      "end" : 599,
      "text" : ",",
      "whiteSpace" : false
    }, {
      "id" : "s5-t19",
      "begin" : 600,
      "end" : 603,
      "text" : "but",
      "whiteSpace" : false
    }, {
      "id" : "s5-t20",
      "begin" : 604,
      "end" : 608,
      "text" : "then",
      "whiteSpace" : false
    }, {
      "id" : "s5-t21",
      "begin" : 609,
      "end" : 610,
      "text" : "I",
      "whiteSpace" : false
    }, {
      "id" : "s5-t22",
      "begin" : 610,
      "end" : 612,
      "text" : "'d",
      "whiteSpace" : false
    }, {
      "id" : "s5-t23",
      "begin" : 613,
      "end" : 617,
      "text" : "have",
      "whiteSpace" : false
    }, {
      "id" : "s5-t24",
      "begin" : 618,
      "end" : 620,
      "text" : "to",
      "whiteSpace" : false
    }, {
      "id" : "s5-t25",
      "begin" : 621,
      "end" : 624,
      "text" : "pay",
      "whiteSpace" : false
    }, {
      "id" : "s5-t26",
      "begin" : 625,
      "end" : 626,
      "text" : "a",
      "whiteSpace" : false
    }, {
      "id" : "s5-t27",
      "begin" : 627,
      "end" : 628,
      "text" : "$",
      "whiteSpace" : false
    }, {
      "id" : "s5-t28",
      "begin" : 628,
      "end" : 630,
      "text" : "36",
      "whiteSpace" : false
    }, {
      "id" : "s5-t29",
      "begin" : 631,
      "end" : 641,
      "text" : "activation",
      "whiteSpace" : false
    }, {
      "id" : "s5-t30",
      "begin" : 642,
      "end" : 645,
      "text" : "fee",
      "whiteSpace" : false
    }, {
      "id" : "s5-t31",
      "begin" : 646,
      "end" : 651,
      "text" : "every",
      "whiteSpace" : false
    }, {
      "id" : "s5-t32",
      "begin" : 652,
      "end" : 656,
      "text" : "time",
      "whiteSpace" : false
    }, {
      "id" : "s5-t33",
      "begin" : 656,
      "end" : 657,
      "text" : ";",
      "whiteSpace" : false
    }, {
      "id" : "s5-t34",
      "begin" : 658,
      "end" : 662,
      "text" : "that",
      "whiteSpace" : false
    }, {
      "id" : "s5-t35",
      "begin" : 663,
      "end" : 668,
      "text" : "would",
      "whiteSpace" : false
    }, {
      "id" : "s5-t36",
      "begin" : 669,
      "end" : 675,
      "text" : "defeat",
      "whiteSpace" : false
    }, {
      "id" : "s5-t37",
      "begin" : 676,
      "end" : 679,
      "text" : "the",
      "whiteSpace" : false
    }, {
      "id" : "s5-t38",
      "begin" : 680,
      "end" : 685,
      "text" : "point",
      "whiteSpace" : false
    }, {
      "id" : "s5-t39",
      "begin" : 685,
      "end" : 686,
      "text" : ".",
      "whiteSpace" : false
    } ]
  }, {
    "id" : "s6",
    "begin" : 686,
    "end" : 964,
    "text" : "-= ranron =-Silver iPhone 5s - AT&amp;T; /\n450 Rollover Minutes + 200 Bonus Minutes / Unlimited Int'l Data / 50 Roaming\nMessages / WorldTraveler / WorldConnectGray iPhone 5s - China Mobile / 1200\nMinutes / 3GB data[Note: I am not affiliated with AT&amp;T;]Solved!Go to\nSolution.",
    "tokens" : [ {
      "id" : "s6-t0",
      "begin" : 686,
      "end" : 687,
      "text" : "-",
      "whiteSpace" : false
    }, {
      "id" : "s6-t1",
      "begin" : 687,
      "end" : 688,
      "text" : "=",
      "whiteSpace" : false
    }, {
      "id" : "s6-t2",
      "begin" : 689,
      "end" : 695,
      "text" : "ranron",
      "whiteSpace" : false
    }, {
      "id" : "s6-t3",
      "begin" : 696,
      "end" : 697,
      "text" : "=",
      "whiteSpace" : false
    }, {
      "id" : "s6-t4",
      "begin" : 697,
      "end" : 704,
      "text" : "-Silver",
      "whiteSpace" : false
    }, {
      "id" : "s6-t5",
      "begin" : 705,
      "end" : 711,
      "text" : "iPhone",
      "whiteSpace" : false
    }, {
      "id" : "s6-t6",
      "begin" : 712,
      "end" : 714,
      "text" : "5s",
      "whiteSpace" : false
    }, {
      "id" : "s6-t7",
      "begin" : 715,
      "end" : 716,
      "text" : "-",
      "whiteSpace" : false
    }, {
      "id" : "s6-t8",
      "begin" : 717,
      "end" : 719,
      "text" : "AT",
      "whiteSpace" : false
    }, {
      "id" : "s6-t9",
      "begin" : 719,
      "end" : 724,
      "text" : "&amp;",
      "whiteSpace" : false
    }, {
      "id" : "s6-t10",
      "begin" : 724,
      "end" : 726,
      "text" : "T;",
      "whiteSpace" : false
    }, {
      "id" : "s6-t11",
      "begin" : 727,
      "end" : 728,
      "text" : "/",
      "whiteSpace" : false
    }, {
      "id" : "s6-t12",
      "begin" : 729,
      "end" : 732,
      "text" : "450",
      "whiteSpace" : false
    }, {
      "id" : "s6-t13",
      "begin" : 733,
      "end" : 741,
      "text" : "Rollover",
      "whiteSpace" : false
    }, {
      "id" : "s6-t14",
      "begin" : 742,
      "end" : 749,
      "text" : "Minutes",
      "whiteSpace" : false
    }, {
      "id" : "s6-t15",
      "begin" : 750,
      "end" : 751,
      "text" : "+",
      "whiteSpace" : false
    }, {
      "id" : "s6-t16",
      "begin" : 752,
      "end" : 755,
      "text" : "200",
      "whiteSpace" : false
    }, {
      "id" : "s6-t17",
      "begin" : 756,
      "end" : 761,
      "text" : "Bonus",
      "whiteSpace" : false
    }, {
      "id" : "s6-t18",
      "begin" : 762,
      "end" : 769,
      "text" : "Minutes",
      "whiteSpace" : false
    }, {
      "id" : "s6-t19",
      "begin" : 770,
      "end" : 771,
      "text" : "/",
      "whiteSpace" : false
    }, {
      "id" : "s6-t20",
      "begin" : 772,
      "end" : 781,
      "text" : "Unlimited",
      "whiteSpace" : false
    }, {
      "id" : "s6-t21",
      "begin" : 782,
      "end" : 787,
      "text" : "Int'l",
      "whiteSpace" : false
    }, {
      "id" : "s6-t22",
      "begin" : 788,
      "end" : 792,
      "text" : "Data",
      "whiteSpace" : false
    }, {
      "id" : "s6-t23",
      "begin" : 793,
      "end" : 794,
      "text" : "/",
      "whiteSpace" : false
    }, {
      "id" : "s6-t24",
      "begin" : 795,
      "end" : 797,
      "text" : "50",
      "whiteSpace" : false
    }, {
      "id" : "s6-t25",
      "begin" : 798,
      "end" : 805,
      "text" : "Roaming",
      "whiteSpace" : false
    }, {
      "id" : "s6-t26",
      "begin" : 806,
      "end" : 814,
      "text" : "Messages",
      "whiteSpace" : false
    }, {
      "id" : "s6-t27",
      "begin" : 815,
      "end" : 816,
      "text" : "/",
      "whiteSpace" : false
    }, {
      "id" : "s6-t28",
      "begin" : 817,
      "end" : 830,
      "text" : "WorldTraveler",
      "whiteSpace" : false
    }, {
      "id" : "s6-t29",
      "begin" : 831,
      "end" : 832,
      "text" : "/",
      "whiteSpace" : false
    }, {
      "id" : "s6-t30",
      "begin" : 833,
      "end" : 849,
      "text" : "WorldConnectGray",
      "whiteSpace" : false
    }, {
      "id" : "s6-t31",
      "begin" : 850,
      "end" : 856,
      "text" : "iPhone",
      "whiteSpace" : false
    }, {
      "id" : "s6-t32",
      "begin" : 857,
      "end" : 859,
      "text" : "5s",
      "whiteSpace" : false
    }, {
      "id" : "s6-t33",
      "begin" : 860,
      "end" : 861,
      "text" : "-",
      "whiteSpace" : false
    }, {
      "id" : "s6-t34",
      "begin" : 862,
      "end" : 867,
      "text" : "China",
      "whiteSpace" : false
    }, {
      "id" : "s6-t35",
      "begin" : 868,
      "end" : 874,
      "text" : "Mobile",
      "whiteSpace" : false
    }, {
      "id" : "s6-t36",
      "begin" : 875,
      "end" : 876,
      "text" : "/",
      "whiteSpace" : false
    }, {
      "id" : "s6-t37",
      "begin" : 877,
      "end" : 881,
      "text" : "1200",
      "whiteSpace" : false
    }, {
      "id" : "s6-t38",
      "begin" : 882,
      "end" : 889,
      "text" : "Minutes",
      "whiteSpace" : false
    }, {
      "id" : "s6-t39",
      "begin" : 890,
      "end" : 891,
      "text" : "/",
      "whiteSpace" : false
    }, {
      "id" : "s6-t40",
      "begin" : 892,
      "end" : 895,
      "text" : "3GB",
      "whiteSpace" : false
    }, {
      "id" : "s6-t41",
      "begin" : 896,
      "end" : 900,
      "text" : "data",
      "whiteSpace" : false
    }, {
      "id" : "s6-t42",
      "begin" : 900,
      "end" : 901,
      "text" : "[",
      "whiteSpace" : false
    }, {
      "id" : "s6-t43",
      "begin" : 901,
      "end" : 905,
      "text" : "Note",
      "whiteSpace" : false
    }, {
      "id" : "s6-t44",
      "begin" : 905,
      "end" : 906,
      "text" : ":",
      "whiteSpace" : false
    }, {
      "id" : "s6-t45",
      "begin" : 907,
      "end" : 908,
      "text" : "I",
      "whiteSpace" : false
    }, {
      "id" : "s6-t46",
      "begin" : 909,
      "end" : 911,
      "text" : "am",
      "whiteSpace" : false
    }, {
      "id" : "s6-t47",
      "begin" : 912,
      "end" : 915,
      "text" : "not",
      "whiteSpace" : false
    }, {
      "id" : "s6-t48",
      "begin" : 916,
      "end" : 926,
      "text" : "affiliated",
      "whiteSpace" : false
    }, {
      "id" : "s6-t49",
      "begin" : 927,
      "end" : 931,
      "text" : "with",
      "whiteSpace" : false
    }, {
      "id" : "s6-t50",
      "begin" : 932,
      "end" : 934,
      "text" : "AT",
      "whiteSpace" : false
    }, {
      "id" : "s6-t51",
      "begin" : 934,
      "end" : 939,
      "text" : "&amp;",
      "whiteSpace" : false
    }, {
      "id" : "s6-t52",
      "begin" : 939,
      "end" : 941,
      "text" : "T;",
      "whiteSpace" : false
    }, {
      "id" : "s6-t53",
      "begin" : 941,
      "end" : 942,
      "text" : "]",
      "whiteSpace" : false
    }, {
      "id" : "s6-t54",
      "begin" : 942,
      "end" : 949,
      "text" : "Solved!",
      "whiteSpace" : false
    }, {
      "id" : "s6-t55",
      "begin" : 949,
      "end" : 951,
      "text" : "Go",
      "whiteSpace" : false
    }, {
      "id" : "s6-t56",
      "begin" : 952,
      "end" : 954,
      "text" : "to",
      "whiteSpace" : false
    }, {
      "id" : "s6-t57",
      "begin" : 955,
      "end" : 963,
      "text" : "Solution",
      "whiteSpace" : false
    }, {
      "id" : "s6-t58",
      "begin" : 963,
      "end" : 964,
      "text" : ".",
      "whiteSpace" : false
    } ]
  } ],
  "mentions" : [ {
    "id" : "s0-m1",
    "properties" : {
      "SIRE_MENTION_ROLE" : "Service_Plan",
      "SIRE_ENTITY_SUBTYPE" : "NONE",
      "SIRE_MENTION_TYPE" : "NONE",
      "SIRE_MENTION_CLASS" : "SPC"
    },
    "type" : "Service_Plan",
    "begin" : 36,
    "end" : 48,
    "inCoref" : false
  }, {
    "id" : "s1-m1",
    "properties" : {
      "SIRE_MENTION_ROLE" : "Service_Plan",
      "SIRE_ENTITY_SUBTYPE" : "NONE",
      "SIRE_MENTION_TYPE" : "NONE",
      "SIRE_MENTION_CLASS" : "SPC"
    },
    "type" : "Service_Plan",
    "begin" : 59,
    "end" : 76,
    "inCoref" : false
  }, {
    "id" : "s2-m3",
    "properties" : {
      "SIRE_MENTION_ROLE" : "Product",
      "SIRE_ENTITY_SUBTYPE" : "NONE",
      "SIRE_MENTION_TYPE" : "NONE",
      "SIRE_MENTION_CLASS" : "SPC"
    },
    "type" : "Product",
    "begin" : 207,
    "end" : 212,
    "inCoref" : false
  }, {
    "id" : "s2-m1",
    "properties" : {
      "SIRE_MENTION_ROLE" : "Product",
      "SIRE_ENTITY_SUBTYPE" : "NONE",
      "SIRE_MENTION_TYPE" : "NONE",
      "SIRE_MENTION_CLASS" : "SPC"
    },
    "type" : "Product",
    "begin" : 213,
    "end" : 220,
    "inCoref" : false
  }, {
    "id" : "s6-m3",
    "properties" : {
      "SIRE_MENTION_ROLE" : "Product",
      "SIRE_ENTITY_SUBTYPE" : "NONE",
      "SIRE_MENTION_TYPE" : "NONE",
      "SIRE_MENTION_CLASS" : "SPC"
    },
    "type" : "Product",
    "begin" : 705,
    "end" : 714,
    "inCoref" : false
  }, {
    "id" : "cm1",
    "properties" : {
      "SIRE_MENTION_ROLE" : "Service_Provider",
      "SIRE_ENTITY_SUBTYPE" : "NONE",
      "SIRE_MENTION_TYPE" : "NONE",
      "SIRE_MENTION_CLASS" : "SPC"
    },
    "type" : "Service_Provider",
    "begin" : 717,
    "end" : 726,
    "inCoref" : false
  }, {
    "id" : "s6-m12",
    "properties" : {
      "SIRE_MENTION_ROLE" : "Voice_Text",
      "SIRE_ENTITY_SUBTYPE" : "NONE",
      "SIRE_MENTION_TYPE" : "NONE",
      "SIRE_MENTION_CLASS" : "SPC"
    },
    "type" : "Voice_Text",
    "begin" : 742,
    "end" : 749,
    "inCoref" : false
  }, {
    "id" : "s6-m13",
    "properties" : {
      "SIRE_MENTION_ROLE" : "Voice_Text",
      "SIRE_ENTITY_SUBTYPE" : "NONE",
      "SIRE_MENTION_TYPE" : "NONE",
      "SIRE_MENTION_CLASS" : "SPC"
    },
    "type" : "Voice_Text",
    "begin" : 762,
    "end" : 769,
    "inCoref" : false
  }, {
    "id" : "s6-m4",
    "properties" : {
      "SIRE_MENTION_ROLE" : "Internet_Connectivity",
      "SIRE_ENTITY_SUBTYPE" : "NONE",
      "SIRE_MENTION_TYPE" : "NONE",
      "SIRE_MENTION_CLASS" : "SPC"
    },
    "type" : "Internet_Connectivity",
    "begin" : 772,
    "end" : 792,
    "inCoref" : false
  }, {
    "id" : "s6-m5",
    "properties" : {
      "SIRE_MENTION_ROLE" : "Voice_Text",
      "SIRE_ENTITY_SUBTYPE" : "NONE",
      "SIRE_MENTION_TYPE" : "NONE",
      "SIRE_MENTION_CLASS" : "SPC"
    },
    "type" : "Voice_Text",
    "begin" : 806,
    "end" : 814,
    "inCoref" : false
  }, {
    "id" : "s6-m6",
    "properties" : {
      "SIRE_MENTION_ROLE" : "Service_Plan",
      "SIRE_ENTITY_SUBTYPE" : "NONE",
      "SIRE_MENTION_TYPE" : "NONE",
      "SIRE_MENTION_CLASS" : "SPC"
    },
    "type" : "Service_Plan",
    "begin" : 817,
    "end" : 830,
    "inCoref" : false
  }, {
    "id" : "s6-m7",
    "properties" : {
      "SIRE_MENTION_ROLE" : "Service_Plan",
      "SIRE_ENTITY_SUBTYPE" : "NONE",
      "SIRE_MENTION_TYPE" : "NONE",
      "SIRE_MENTION_CLASS" : "SPC"
    },
    "type" : "Service_Plan",
    "begin" : 833,
    "end" : 845,
    "inCoref" : false
  }, {
    "id" : "s6-m8",
    "properties" : {
      "SIRE_MENTION_ROLE" : "Product",
      "SIRE_ENTITY_SUBTYPE" : "NONE",
      "SIRE_MENTION_TYPE" : "NONE",
      "SIRE_MENTION_CLASS" : "SPC"
    },
    "type" : "Product",
    "begin" : 850,
    "end" : 859,
    "inCoref" : false
  }, {
    "id" : "s6-m9",
    "properties" : {
      "SIRE_MENTION_ROLE" : "Voice_Text",
      "SIRE_ENTITY_SUBTYPE" : "NONE",
      "SIRE_MENTION_TYPE" : "NONE",
      "SIRE_MENTION_CLASS" : "SPC"
    },
    "type" : "Voice_Text",
    "begin" : 882,
    "end" : 889,
    "inCoref" : false
  }, {
    "id" : "s6-m10",
    "properties" : {
      "SIRE_MENTION_ROLE" : "Internet_Connectivity",
      "SIRE_ENTITY_SUBTYPE" : "NONE",
      "SIRE_MENTION_TYPE" : "NONE",
      "SIRE_MENTION_CLASS" : "SPC"
    },
    "type" : "Internet_Connectivity",
    "begin" : 892,
    "end" : 900,
    "inCoref" : false
  }, {
    "id" : "cm2",
    "properties" : {
      "SIRE_MENTION_ROLE" : "Service_Provider",
      "SIRE_ENTITY_SUBTYPE" : "NONE",
      "SIRE_MENTION_TYPE" : "NONE",
      "SIRE_MENTION_CLASS" : "SPC"
    },
    "type" : "Service_Provider",
    "begin" : 932,
    "end" : 941,
    "inCoref" : false
  } ],
  "relations" : [ ],
  "corefs" : [ ],
  "typeResolved" : true,
  "userResolved" : false
}